detection_count,total_area_ratio,max_area_ratio,avg_area_ratio,max_confidence,avg_confidence,total_bbox_area,max_bbox_area,road_quality_score,traffic_volume,heavy_vehicle_ratio,road_age_years,citizen_complaints_30d,severity_score
1,0.1003904399949702,0.1003904399949702,0.1003904399949702,0.7893418583073992,0.7893418583073992,30839.943166454847,30839.943166454847,0.8241,38248.0,0.321,2.15,0,3.0
4,0.16014324375846076,0.07425309411535233,0.04003581093961519,0.8714076383553266,0.6772373742419584,49196.00448259915,22810.550512236237,0.3332,48558.0,0.36,13.77,3,58.3
2,0.08890789939924927,0.055568274302604255,0.044453949699624636,0.645820161103759,0.6146048879528632,27312.506695449374,17070.573865760027,0.8195,24205.0,0.114,3.82,3,16.1
3,0.08392099850919532,0.0498815860582971,0.027973666169731775,0.47594216755931823,0.4228748207254389,25780.530742024803,15323.62323710887,0.3892,35494.0,0.319,14.27,3,37.0
2,0.3066617212214616,0.2173953118303911,0.1533308606107308,0.7023005112696106,0.700527766842074,94206.48075923302,66783.83979429615,0.7145,22286.0,0.109,5.82,2,43.9
1,0.03784286386433824,0.03784286386433824,0.03784286386433824,0.7009302559750054,0.7009302559750054,11625.327779124707,11625.327779124707,0.3912,20794.0,0.331,14.22,1,19.9
1,0.02044525050660379,0.02044525050660379,0.02044525050660379,0.665658208315119,0.665658208315119,6280.780955628684,6280.780955628684,0.8827,22751.0,0.171,3.17,0,0.0
1,0.025142391938084634,0.025142391938084634,0.025142391938084634,0.9559955286661941,0.9559955286661941,7723.7428033795995,7723.7428033795995,0.2002,13881.0,0.389,16.4,7,35.6
1,0.03237931741259845,0.03237931741259845,0.03237931741259845,0.8278673037961823,0.8278673037961823,9946.926309150245,9946.926309150245,0.419,31664.0,0.246,13.09,3,25.9
1,0.006833656681044452,0.006833656681044452,0.006833656681044452,0.7202160804719586,0.7202160804719586,2099.2993324168556,2099.2993324168556,0.7858,29388.0,0.158,3.49,1,0.0
3,0.07555053146804104,0.04435285385572745,0.025183510489347014,0.9408306666342392,0.7664392207656826,23209.123266982206,13625.196704479473,0.7162,26417.0,0.192,5.17,0,21.8
0,0.0,0.0,0.0,0.0,0.0,0.0,0.0,0.8038,6142.0,0.279,2.95,1,0.0
1,0.058701146138052,0.058701146138052,0.058701146138052,0.4950348142637749,0.4950348142637749,18032.992093609577,18032.992093609577,0.9042,19049.0,0.337,1.15,1,1.4
2,0.08584033224893939,0.05857701073840513,0.042920166124469694,0.4537029250766714,0.41599830764691936,26370.15006687418,17994.857698838056,0.5547,44671.0,0.307,8.11,6,30.6
1,0.10261866348448373,0.10261866348448373,0.10261866348448373,0.5018114622535814,0.5018114622535814,31524.453422433402,31524.453422433402,0.98,8342.0,0.096,2.65,0,0.0
3,0.14915582563154736,0.08769417499279662,0.04971860854384912,0.49468329889927876,0.42883705245365134,45820.66963401135,26939.65055778712,0.3152,25711.0,0.287,12.36,6,54.7
1,0.03964317249860359,0.03964317249860359,0.03964317249860359,0.7676044540410569,0.7676044540410569,12178.382591571024,12178.382591571024,0.208,46301.0,0.039,17.22,6,32.2
1,0.17711088642919376,0.17711088642919376,0.17711088642919376,0.36123717390550225,0.36123717390550225,54408.46431104832,54408.46431104832,0.8467,40003.0,0.116,2.41,2,25.7
1,0.01473170066567581,0.01473170066567581,0.01473170066567581,0.7607165461153838,0.7607165461153838,4525.578444495609,4525.578444495609,0.1993,12994.0,0.118,15.68,5,35.7
1,0.1284892110734569,0.1284892110734569,0.1284892110734569,0.45428498532322525,0.45428498532322525,39471.88564176596,39471.88564176596,0.7429,6482.0,0.038,5.48,0,15.3
2,0.0519154901682482,0.03270530073071714,0.0259577450841241,0.6678515293240049,0.609092960201898,15948.438579685848,10047.068384476304,0.2381,2939.0,0.097,15.81,4,33.4
1,0.11212435114068152,0.11212435114068152,0.11212435114068152,0.41244127919532153,0.41244127919532153,34444.60067041736,34444.60067041736,0.3336,48995.0,0.327,15.26,8,43.1
1,0.02172331264860178,0.02172331264860178,0.02172331264860178,0.6126403022147775,0.6126403022147775,6673.401645650467,6673.401645650467,0.7002,18827.0,0.151,4.57,2,7.6
0,0.0,0.0,0.0,0.0,0.0,0.0,0.0,0.6652,27143.0,0.344,8.92,4,5.8
2,0.1357689221356974,0.12923373944626507,0.0678844610678487,0.7370592365414095,0.5734847789631341,41708.21288008624,39700.60475789263,0.4438,46848.0,0.081,13.2,8,46.4
2,0.09959467004367857,0.05472199478077489,0.049797335021839285,0.853524171402602,0.8423979535533761,30595.48263741806,16810.59679665405,0.4621,46617.0,0.074,9.11,1,29.5
3,0.1492412262917544,0.09591253422222457,0.0497470754305848,0.8303952526545109,0.6434244122081051,45846.90471682695,29464.330513067387,0.7181,8071.0,0.376,6.0,3,29.2
1,0.03148969919543135,0.03148969919543135,0.03148969919543135,0.9715778733023228,0.9715778733023228,9673.63559283651,9673.63559283651,0.4569,6629.0,0.345,13.06,4,25.5
1,0.11769579686977613,0.11769579686977613,0.11769579686977613,0.6286579000527727,0.6286579000527727,36156.148798395225,36156.148798395225,0.7687,39240.0,0.071,5.78,4,17.8
4,0.14554027441473322,0.09201181626011132,0.036385068603683304,0.9237020830924577,0.6337006871561401,44709.97230020604,28266.029955106198,0.98,30612.0,0.327,0.6,0,12.9
3,0.273238088652484,0.09503187814908604,0.09107936288416134,0.8779275377528913,0.576781862073516,83938.74083404308,29193.79296739923,0.8718,37463.0,0.263,2.69,1,34.2
1,0.012738335617690154,0.012738335617690154,0.012738335617690154,0.9675290144861695,0.9675290144861695,3913.216701754415,3913.216701754415,0.5145,31122.0,0.046,11.2,3,12.0
0,0.0,0.0,0.0,0.0,0.0,0.0,0.0,0.6384,32111.0,0.242,8.52,2,0.0
2,0.05879465889926376,0.05084732529585643,0.02939732944963188,0.6702622252215735,0.637401945694128,18061.71921385383,15620.298330887095,0.7246,7397.0,0.133,8.8,2,15.6
1,0.027153597090766285,0.027153597090766285,0.027153597090766285,0.7206329364976751,0.7206329364976751,8341.585026283403,8341.585026283403,0.6975,21385.0,0.205,6.05,2,3.7
2,0.13863621649626937,0.13018931546399173,0.06931810824813468,0.695960961667798,0.6588772123155644,42589.04570765395,39994.15771053826,0.635,26027.0,0.303,11.46,5,32.1
1,0.005785482708468365,0.005785482708468365,0.005785482708468365,0.8804557229548617,0.8804557229548617,1777.3002880414817,1777.3002880414817,0.916,17239.0,0.094,1.47,0,0.0
3,0.2211434252065591,0.1672385211953796,0.07371447506885304,0.728529457005401,0.5779407882265278,67935.26022345496,51375.67371122062,0.3602,38788.0,0.145,17.27,4,65.6
1,0.021888566776200255,0.021888566776200255,0.021888566776200255,0.8768717030466499,0.8768717030466499,6724.167713648719,6724.167713648719,0.1322,42082.0,0.396,17.81,5,40.3
1,0.059878783984993064,0.059878783984993064,0.059878783984993064,0.37812892605379567,0.37812892605379567,18394.76244018987,18394.76244018987,0.8305,24918.0,0.247,4.57,1,0.0
2,0.16583105445836271,0.10395419947334354,0.08291552722918136,0.8306289019949034,0.6086186227397076,50943.29992960903,31934.730078211138,0.7279,17452.0,0.342,6.92,5,28.7
1,0.02336778910317862,0.02336778910317862,0.02336778910317862,0.41613722101452444,0.41613722101452444,7178.584812496471,7178.584812496471,0.6805,31837.0,0.096,7.47,1,4.5
0,0.0,0.0,0.0,0.0,0.0,0.0,0.0,0.6322,30245.0,0.033,8.34,5,2.9
0,0.0,0.0,0.0,0.0,0.0,0.0,0.0,0.3347,39275.0,0.351,13.11,7,25.7
1,0.028012486568227492,0.028012486568227492,0.028012486568227492,0.3757965849800034,0.3757965849800034,8605.435873759485,8605.435873759485,0.3279,49289.0,0.202,14.1,8,24.3
1,0.05045887539892349,0.05045887539892349,0.05045887539892349,0.7993526636763698,0.7993526636763698,15500.966522549297,15500.966522549297,0.3134,37180.0,0.326,14.04,4,29.8
1,0.10900532849736196,0.10900532849736196,0.10900532849736196,0.914249975271729,0.914249975271729,33486.43691438959,33486.43691438959,0.3807,42757.0,0.159,12.25,6,37.6
2,0.10762570110778835,0.0652673257611249,0.053812850553894176,0.7121693156625111,0.5741833604105878,33062.61538031258,20050.12247381757,0.1074,30084.0,0.175,17.96,5,53.0
2,0.03634225933200739,0.020542551395883787,0.018171129666003694,0.9543018418920828,0.8890193042421397,11164.34206679267,6310.671788815499,0.5267,44932.0,0.117,9.96,6,19.8
1,0.04876527847640036,0.04876527847640036,0.04876527847640036,0.5284455679475719,0.5284455679475719,14980.69354795019,14980.69354795019,0.5537,39364.0,0.192,10.33,7,27.1
5,0.41512725797611005,0.300499889728277,0.08302545159522201,0.6751353147919807,0.5510169524032182,127527.093650261,92313.5661245267,0.875,19718.0,0.052,1.39,1,69.1
1,0.00504419383203797,0.00504419383203797,0.00504419383203797,0.42060433372917944,0.42060433372917944,1549.5763452020644,1549.5763452020644,0.2902,25802.0,0.211,15.6,6,21.6
1,0.1200579040088855,0.1200579040088855,0.1200579040088855,0.9361423090811648,0.9361423090811648,36881.788111529626,36881.788111529626,0.8715,35809.0,0.086,1.35,0,5.6
0,0.0,0.0,0.0,0.0,0.0,0.0,0.0,0.98,2339.0,0.071,0.66,0,0.0
2,0.21025191165047993,0.20486004864679264,0.10512595582523997,0.887622759385691,0.8138338919173422,64589.38725902744,62933.0069442947,0.8254,42890.0,0.124,3.35,4,28.1
3,0.10282171849675882,0.045439005994025984,0.034273906165586274,0.5501104496490439,0.43937154748416085,31586.831922204306,13958.862641364782,0.7068,8942.0,0.298,6.56,4,27.9
2,0.021832550405481866,0.012088542175261317,0.010916275202740933,0.9748179198350877,0.6636713554085458,6706.9594845640295,3713.6001562402766,0.98,29564.0,0.077,0.79,1,0.0
1,0.0081042887440877,0.0081042887440877,0.0081042887440877,0.7245775936012445,0.7245775936012445,2489.6375021837416,2489.6375021837416,0.7662,41943.0,0.037,5.66,1,2.5
2,0.20603769975998143,0.14844188295578212,0.10301884987999071,0.8072348698707233,0.7920679754692967,63294.781366266296,45601.346444016264,0.5184,49184.0,0.185,10.42,1,40.1
1,0.010042823837832157,0.010042823837832157,0.010042823837832157,0.9104835456555003,0.9104835456555003,3085.155482982039,3085.155482982039,0.6778,8149.0,0.386,7.41,1,0.0
2,0.07470310064486758,0.06682292651498206,0.03735155032243379,0.8172813386274329,0.7465018076712866,22948.792518103324,20528.00302540249,0.4197,28841.0,0.069,13.29,5,33.0
0,0.0,0.0,0.0,0.0,0.0,0.0,0.0,0.7825,44468.0,0.176,7.1,2,0.0
4,0.12308228738767893,0.07404616900395998,0.030770571846919732,0.7812741062380166,0.5575881533363783,37810.878685494965,22746.983118016506,0.1588,5667.0,0.309,17.21,6,63.9
5,0.35635796428428523,0.23200144561847746,0.07127159285685705,0.9702782231979751,0.9182715283439908,109473.16662813243,71270.84409399627,0.1535,7579.0,0.143,17.18,6,98.4
0,0.0,0.0,0.0,0.0,0.0,0.0,0.0,0.461,15365.0,0.167,10.72,5,10.0
1,0.08367841499912149,0.08367841499912149,0.08367841499912149,0.4630800055780351,0.4630800055780351,25706.00908773012,25706.00908773012,0.6815,12867.0,0.293,7.74,4,10.4
4,0.242292501800561,0.10698956662119578,0.06057312545014025,0.6880378485535662,0.6071394765825218,74432.25655313233,32867.19486603134,0.9042,24516.0,0.383,2.7,0,40.1
1,0.008232622030037015,0.008232622030037015,0.008232622030037015,0.4249405857663331,0.4249405857663331,2529.0614876273708,2529.0614876273708,0.3014,30720.0,0.202,16.54,7,30.6
1,0.011257589368852452,0.011257589368852452,0.011257589368852452,0.8505079292124071,0.8505079292124071,3458.3314541114732,3458.3314541114732,0.4817,39847.0,0.108,11.4,3,10.2
1,0.024959877478663028,0.024959877478663028,0.024959877478663028,0.43128893602468626,0.43128893602468626,7667.674361445283,7667.674361445283,0.8495,20132.0,0.371,3.17,1,0.7
2,0.05654903611114283,0.03961825066299783,0.028274518055571414,0.8829847636239825,0.8300920109891371,17371.863893343078,12170.726603672934,0.8612,44710.0,0.307,1.2,3,12.0
2,0.10571314774313717,0.06640934030174156,0.052856573871568585,0.803462997063574,0.7370457563334636,32475.078986691733,20400.949340695006,0.3053,32636.0,0.157,16.37,3,44.3
2,0.03311035080019871,0.025377574248395825,0.016555175400099355,0.8402353962027278,0.6574277999880109,10171.499765821043,7795.9908091071975,0.23,33658.0,0.078,15.56,5,38.3
5,0.21580361644931578,0.061857436227419474,0.04316072328986316,0.9013177963931823,0.6503210627138133,66294.87097322982,19002.604409063264,0.4584,46848.0,0.346,11.18,5,64.0
0,0.0,0.0,0.0,0.0,0.0,0.0,0.0,0.3326,37454.0,0.313,15.26,6,21.4
1,0.1283638732918794,0.1283638732918794,0.1283638732918794,0.8921590491554569,0.8921590491554569,39433.38187526535,39433.38187526535,0.8405,17338.0,0.325,3.43,1,10.6
1,0.022390034551211968,0.022390034551211968,0.022390034551211968,0.6163642095044799,0.6163642095044799,6878.218614132316,6878.218614132316,0.4494,49056.0,0.056,11.34,5,14.3
1,0.021679076728712873,0.021679076728712873,0.021679076728712873,0.6654826739205753,0.6654826739205753,6659.812371060595,6659.812371060595,0.4422,49608.0,0.4,12.51,4,24.1
1,0.014161525042515614,0.014161525042515614,0.014161525042515614,0.5726027478931347,0.5726027478931347,4350.420493060797,4350.420493060797,0.2696,41205.0,0.184,14.28,7,27.6
1,0.005493831909812523,0.005493831909812523,0.005493831909812523,0.35032680882439443,0.35032680882439443,1687.7051626944071,1687.7051626944071,0.6159,2514.0,0.271,8.14,2,0.0
2,0.08882703158352098,0.07946719662326457,0.04441351579176049,0.8148124603470148,0.7066679083242151,27287.66410245765,24412.322802666877,0.7745,25606.0,0.308,5.01,2,13.5
1,0.005360570450505333,0.005360570450505333,0.005360570450505333,0.461063559963942,0.461063559963942,1646.7672423952383,1646.7672423952383,0.8995,20407.0,0.396,3.57,0,0.0
1,0.04689158784759324,0.04689158784759324,0.04689158784759324,0.9646252568718917,0.9646252568718917,14405.095786780643,14405.095786780643,0.1977,11663.0,0.273,15.78,6,34.1
1,0.012859033460804047,0.012859033460804047,0.012859033460804047,0.6137533350083251,0.6137533350083251,3950.2950791590033,3950.2950791590033,0.2785,28412.0,0.173,13.76,5,25.5
4,0.15533683642388219,0.05688271681859657,0.038834209105970546,0.9393914246208727,0.6155920401050063,47719.47614941661,17474.370606672866,0.4377,34233.0,0.109,10.75,2,50.4
3,0.08768889969117637,0.056625070128479206,0.029229633230392123,0.7346055924253267,0.6088589923147386,26938.02998512938,17395.22154346881,0.8029,46540.0,0.067,4.09,0,9.8
1,0.06955780540049841,0.06955780540049841,0.06955780540049841,0.8251910544108723,0.8251910544108723,21368.157819033113,21368.157819033113,0.3497,49837.0,0.046,14.85,7,34.6
2,0.03768144512952158,0.027432886844135803,0.01884072256476079,0.47172124314043223,0.4433949174889367,11575.739943789029,8427.382838518519,0.2281,18447.0,0.181,15.66,10,40.7
1,0.017949553270788926,0.017949553270788926,0.017949553270788926,0.45461945842080304,0.45461945842080304,5514.102764786358,5514.102764786358,0.4081,11355.0,0.238,13.15,6,28.1
4,0.068751970338664,0.036557434058278805,0.017187992584666,0.8868515623535844,0.694106905519408,21120.60528803758,11230.443742703248,0.63,1069.0,0.321,9.19,4,31.0
1,0.026301712364429342,0.026301712364429342,0.026301712364429342,0.9582120506934934,0.9582120506934934,8079.8860383526935,8079.8860383526935,0.1712,10030.0,0.25,17.36,9,37.0
3,0.13670376387707125,0.07839870597015379,0.04556792129235709,0.9008305814909323,0.6479400316822993,41995.396263036295,24084.082474031246,0.6801,8839.0,0.277,8.61,2,35.8
1,0.026910092873679774,0.026910092873679774,0.026910092873679774,0.4687388108977498,0.4687388108977498,8266.780530794427,8266.780530794427,0.6392,47408.0,0.18,6.52,3,18.1
1,0.02230039656396242,0.02230039656396242,0.02230039656396242,0.3726162981846361,0.3726162981846361,6850.681824449255,6850.681824449255,0.4899,47968.0,0.045,9.86,3,16.8
1,0.00946533526661452,0.00946533526661452,0.00946533526661452,0.8758658285259696,0.8758658285259696,2907.7509939039805,2907.7509939039805,0.8306,45855.0,0.24,3.23,1,0.0
0,0.0,0.0,0.0,0.0,0.0,0.0,0.0,0.7072,14874.0,0.387,5.94,0,0.0
3,0.22749672767240117,0.10486532225697467,0.07583224255746705,0.9163205930819236,0.7674995017510987,69886.99474096164,32214.62699734262,0.2777,24561.0,0.199,17.51,4,67.5
4,0.06414789896180406,0.032982227969687125,0.016036974740451015,0.9647136953654861,0.766803725208953,19706.234561066205,10132.140432287884,0.271,3217.0,0.087,17.6,5,52.4
2,0.05732306315974186,0.032996571977885365,0.02866153157987093,0.5691774887266531,0.4881211478019899,17609.6450026727,10136.546911606385,0.8575,47328.0,0.17,4.45,2,13.2
2,0.04573110915816207,0.038411194383495766,0.022865554579081036,0.8048012710929862,0.6305956436544982,14048.596733387389,11799.9189146099,0.1765,6080.0,0.214,16.89,7,38.0
2,0.09367644557802832,0.08670149189114293,0.04683822278901416,0.91495588410214,0.7802145419400617,28777.4040815703,26634.69830895911,0.5796,41253.0,0.27,8.82,6,33.3
0,0.0,0.0,0.0,0.0,0.0,0.0,0.0,0.7099,40756.0,0.217,6.99,2,0.0
1,0.0388830729169853,0.0388830729169853,0.0388830729169853,0.820779974121004,0.820779974121004,11944.880000097883,11944.880000097883,0.2557,6248.0,0.384,16.16,6,30.0
1,0.01649576138344699,0.01649576138344699,0.01649576138344699,0.5222607123398036,0.5222607123398036,5067.497896994915,5067.497896994915,0.7305,27872.0,0.291,5.9,0,0.0
2,0.16241919111597636,0.0979021255894413,0.08120959555798818,0.8669509620631123,0.6843126984640511,49895.17551082794,30075.532981076365,0.7103,23800.0,0.175,6.81,2,29.1
1,0.04562330347815893,0.04562330347815893,0.04562330347815893,0.5826418900448103,0.5826418900448103,14015.478828490424,14015.478828490424,0.8022,46556.0,0.214,4.63,7,13.7
1,0.059030805623655425,0.059030805623655425,0.059030805623655425,0.6066383043536725,0.6066383043536725,18134.263487586948,18134.263487586948,0.5843,41961.0,0.07,10.44,7,21.9
4,0.1639428633411139,0.1126782418990665,0.04098571583527848,0.9480549194958321,0.6028353809251035,50363.24761839018,34614.75591139323,0.2759,10243.0,0.095,15.1,7,60.3
1,0.13816493315399647,0.13816493315399647,0.13816493315399647,0.5094118924557006,0.5094118924557006,42444.267464907716,42444.267464907716,0.3805,19413.0,0.339,14.08,1,38.5
0,0.0,0.0,0.0,0.0,0.0,0.0,0.0,0.98,26331.0,0.33,1.18,0,0.0
1,0.01972480509006479,0.01972480509006479,0.01972480509006479,0.47316237125985,0.47316237125985,6059.460123667904,6059.460123667904,0.5677,43201.0,0.268,7.68,5,9.4
1,0.06371507313137267,0.06371507313137267,0.06371507313137267,0.476354356932579,0.476354356932579,19573.270465957685,19573.270465957685,0.9115,15040.0,0.325,3.74,2,0.9
1,0.058155663796509285,0.058155663796509285,0.058155663796509285,0.6032901128389536,0.6032901128389536,17865.41991828765,17865.41991828765,0.692,20440.0,0.043,4.43,2,12.2
0,0.0,0.0,0.0,0.0,0.0,0.0,0.0,0.1598,12001.0,0.049,15.39,12,23.5
1,0.029951565233038203,0.029951565233038203,0.029951565233038203,0.6683244610446504,0.6683244610446504,9201.120839589335,9201.120839589335,0.5029,39515.0,0.368,10.7,4,19.2
0,0.0,0.0,0.0,0.0,0.0,0.0,0.0,0.4109,49222.0,0.16,13.13,6,13.2
5,0.26165121480743325,0.13646403088423295,0.05233024296148665,0.8726451077239941,0.6580199427328381,80379.2531888435,41921.750287636365,0.6028,3516.0,0.159,10.36,1,61.3
0,0.0,0.0,0.0,0.0,0.0,0.0,0.0,0.8425,43437.0,0.306,1.39,1,0.0
1,0.019510335938593085,0.019510335938593085,0.019510335938593085,0.36712474410347856,0.36712474410347856,5993.575200335796,5993.575200335796,0.1854,32070.0,0.305,17.27,9,33.5
0,0.0,0.0,0.0,0.0,0.0,0.0,0.0,0.2124,9121.0,0.108,16.63,2,26.1
1,0.0830476676225318,0.0830476676225318,0.0830476676225318,0.7155513365480541,0.7155513365480541,25512.243493641767,25512.243493641767,0.3636,44203.0,0.266,14.05,5,30.1
1,0.03506374380109134,0.03506374380109134,0.03506374380109134,0.880504195616511,0.880504195616511,10771.58209569526,10771.58209569526,0.7548,42935.0,0.059,6.28,2,1.9
0,0.0,0.0,0.0,0.0,0.0,0.0,0.0,0.7088,15060.0,0.235,5.66,3,0.0
2,0.06842935627978654,0.04911021556096292,0.03421467813989327,0.6076921331888097,0.5061601839420126,21021.498249150423,15086.658220327809,0.7454,37351.0,0.118,4.39,4,19.3
0,0.0,0.0,0.0,0.0,0.0,0.0,0.0,0.5985,30418.0,0.303,9.11,1,0.0
0,0.0,0.0,0.0,0.0,0.0,0.0,0.0,0.6573,48140.0,0.197,9.14,1,0.0
1,0.16443282604929083,0.16443282604929083,0.16443282604929083,0.8120838589638966,0.8120838589638966,50513.764162342144,50513.764162342144,0.9322,8391.0,0.378,1.06,0,10.1
2,0.13630796391806002,0.09298938694595374,0.06815398195903001,0.9206488673359838,0.7079883581462671,41873.806515628035,28566.339669796987,0.5819,42607.0,0.4,9.25,2,31.9
6,0.36153904463395026,0.07634691326128458,0.06025650743899171,0.970941293952565,0.7778810585999497,111064.79451154952,23453.771753866622,0.3012,14041.0,0.149,16.36,7,100.0
3,0.30993733321878947,0.26916314987172935,0.10331244440626315,0.6990081092646214,0.5372147048611423,95212.74876481212,82686.91964059525,0.8502,14332.0,0.054,3.6,0,41.8
3,0.13163557904047843,0.06309180658950893,0.043878526346826145,0.8557339176336959,0.6266541918988744,40438.44988123497,19381.80298429714,0.2763,9587.0,0.364,16.13,7,58.5
1,0.05278344430548083,0.05278344430548083,0.05278344430548083,0.37895684708428823,0.37895684708428823,16215.07409064371,16215.07409064371,0.6699,1707.0,0.192,6.66,5,10.6
1,0.007261980383626665,0.007261980383626665,0.007261980383626665,0.4908619021519095,0.4908619021519095,2230.8803738501115,2230.8803738501115,0.6426,9492.0,0.335,8.46,3,9.3
0,0.0,0.0,0.0,0.0,0.0,0.0,0.0,0.9766,48534.0,0.365,0.71,1,0.0
2,0.2249070608689025,0.19426803732892647,0.11245353043445125,0.7102604452082988,0.5785078530162755,69091.44909892684,59679.14106744621,0.323,36705.0,0.344,13.45,6,53.1
4,0.12251546704988184,0.06766541927514079,0.03062886676247046,0.9338024074912076,0.7656035787183217,37636.7514777237,20786.81680132325,0.6986,49376.0,0.086,5.01,0,27.1
1,0.028792223431161997,0.028792223431161997,0.028792223431161997,0.8248755281756921,0.8248755281756921,8844.971038052965,8844.971038052965,0.6439,42408.0,0.222,5.49,4,9.7
1,0.009133038334935794,0.009133038334935794,0.009133038334935794,0.7831463791192192,0.7831463791192192,2805.669376492276,2805.669376492276,0.9538,7678.0,0.193,1.33,0,0.0
1,0.0529076845768821,0.0529076845768821,0.0529076845768821,0.5854423418158814,0.5854423418158814,16253.240702018182,16253.240702018182,0.3455,1478.0,0.122,11.9,6,29.2
1,0.008205410611141647,0.008205410611141647,0.008205410611141647,0.8431769563586464,0.8431769563586464,2520.7021397427143,2520.7021397427143,0.2416,30388.0,0.313,16.99,7,32.1
6,0.26945027780751474,0.09247774261573066,0.04490837963458579,0.9456124406371675,0.5991450009196567,82775.12534246851,28409.162531552458,0.9399,46561.0,0.216,2.09,1,51.2
0,0.0,0.0,0.0,0.0,0.0,0.0,0.0,0.6548,42889.0,0.174,8.34,3,0.0
1,0.023407282687009864,0.023407282687009864,0.023407282687009864,0.46423251902248697,0.46423251902248697,7190.71724144943,7190.71724144943,0.4581,18277.0,0.159,12.31,5,20.7
1,0.05029433847767003,0.05029433847767003,0.05029433847767003,0.428080974297753,0.428080974297753,15450.420780340233,15450.420780340233,0.8097,40502.0,0.377,4.67,4,7.5
2,0.10550913505161802,0.07482975309228732,0.05275456752580901,0.9344310935461596,0.6466648378182793,32412.406287857055,22987.700149950662,0.7463,6126.0,0.119,5.13,1,15.2
1,0.031122299716094887,0.031122299716094887,0.031122299716094887,0.5635748765798139,0.5635748765798139,9560.77047278435,9560.77047278435,0.7408,2040.0,0.105,6.24,5,9.6
3,0.1984473890196056,0.103680993609504,0.06614912967320187,0.9354226137238745,0.7792611250129534,60963.037906822836,31850.80123683963,0.98,38688.0,0.065,2.15,0,26.9
3,0.2463865127147205,0.14497847225775348,0.08212883757157351,0.6109318386033824,0.5038374564569322,75689.93670596214,44537.38667758187,0.6328,20123.0,0.187,8.34,4,51.0
1,0.051034203745560225,0.051034203745560225,0.051034203745560225,0.44563509183966366,0.44563509183966366,15677.7073906361,15677.7073906361,0.6658,21140.0,0.335,6.66,5,14.4
3,0.08002947034283862,0.03245750608676875,0.02667649011427954,0.804255549440037,0.644018692404983,24585.05328932002,9970.945869855359,0.8739,40942.0,0.055,1.53,1,14.7
4,0.17604955024981286,0.07081379962882736,0.044012387562453216,0.8023792720795777,0.573832883890441,54082.42183674252,21753.999245975767,0.2166,43729.0,0.208,18.0,6,65.4
1,0.046837507747056244,0.046837507747056244,0.046837507747056244,0.5095837884445555,0.5095837884445555,14388.482379895679,14388.482379895679,0.4468,2707.0,0.272,12.84,6,23.8
2,0.045575555727549025,0.02831774523207166,0.022787777863774512,0.5823933798646065,0.5463797240398971,14000.81071950306,8699.211335292413,0.5591,13685.0,0.262,7.25,4,22.2
0,0.0,0.0,0.0,0.0,0.0,0.0,0.0,0.5349,39849.0,0.052,9.63,4,3.5
3,0.2995936917171124,0.11436172742035836,0.09986456390570414,0.8253792861269678,0.7691511047896739,92035.18209549694,35131.92266353409,0.2413,2592.0,0.236,15.24,6,74.4
4,0.17403809606149725,0.07098485288101089,0.043509524015374314,0.7961562266582439,0.6532599689887661,53464.503110091966,21806.546805046546,0.851,2924.0,0.032,1.19,3,24.2
1,0.014813220555152527,0.014813220555152527,0.014813220555152527,0.6216251029989024,0.6216251029989024,4550.621354542856,4550.621354542856,0.5344,49754.0,0.059,10.97,3,15.6
1,0.08918237300919721,0.08918237300919721,0.08918237300919721,0.3705332392456191,0.3705332392456191,27396.824988425382,27396.824988425382,0.962,4750.0,0.127,1.67,1,7.3
1,0.015917795364263784,0.015917795364263784,0.015917795364263784,0.5873432252713844,0.5873432252713844,4889.9467359018345,4889.9467359018345,0.3362,21877.0,0.285,14.97,4,28.1
1,0.09254126307490591,0.09254126307490591,0.09254126307490591,0.3918309157972629,0.3918309157972629,28428.676016611098,28428.676016611098,0.2464,5175.0,0.039,15.59,5,45.4
6,0.2463367829100784,0.10110124667110398,0.04105613048501307,0.7816852102006637,0.6353226841624026,75674.65970997608,31058.302977363142,0.7857,13142.0,0.165,6.22,0,47.0
1,0.09364074929390327,0.09364074929390327,0.09364074929390327,0.8840298748387231,0.8840298748387231,28766.438183087084,28766.438183087084,0.8038,1224.0,0.047,4.66,2,13.3
2,0.0863198901744536,0.04418154896967457,0.0431599450872268,0.7249692918390183,0.5409290830693682,26517.47026159214,13572.571843484027,0.1781,10123.0,0.076,17.85,11,50.3
2,0.039762368954208094,0.029812378148944885,0.019881184477104047,0.6824109071808238,0.5907665818662919,12214.999742732725,9158.362567355869,0.971,6893.0,0.103,1.68,0,3.2
0,0.0,0.0,0.0,0.0,0.0,0.0,0.0,0.4303,34839.0,0.264,13.2,9,18.6
0,0.0,0.0,0.0,0.0,0.0,0.0,0.0,0.75,27340.0,0.208,3.31,1,0.0
2,0.16525754898167533,0.1295054415556867,0.08262877449083766,0.847853187895344,0.8010139630000419,50767.11904717066,39784.07164590695,0.515,30625.0,0.067,11.43,4,46.4
2,0.11999339622033085,0.06905321534629723,0.059996698110165426,0.7225584441435771,0.6429355266831949,36861.97131888564,21213.14775438251,0.4826,36387.0,0.222,8.31,2,35.0
4,0.10589569546485292,0.036177825997916344,0.02647392386621323,0.8639103003971658,0.78694976324996,32531.157646802818,11113.828146559901,0.7885,47988.0,0.179,2.44,0,22.4
0,0.0,0.0,0.0,0.0,0.0,0.0,0.0,0.5035,11218.0,0.333,9.64,1,2.3
0,0.0,0.0,0.0,0.0,0.0,0.0,0.0,0.2856,3424.0,0.378,15.01,6,16.3
1,0.018184991447503886,0.018184991447503886,0.018184991447503886,0.6956268573729907,0.6956268573729907,5586.429372673194,5586.429372673194,0.7799,28515.0,0.166,4.26,2,1.2
0,0.0,0.0,0.0,0.0,0.0,0.0,0.0,0.3199,31311.0,0.267,15.01,5,18.4
2,0.10953810031715916,0.06030629700412917,0.05476905015857958,0.6823532709332252,0.594871853126675,33650.1044174313,18526.094439668483,0.7276,9308.0,0.148,7.07,2,20.6
0,0.0,0.0,0.0,0.0,0.0,0.0,0.0,0.8244,2032.0,0.127,5.49,1,0.0
2,0.10770103826138548,0.07794684729465638,0.05385051913069274,0.5995211083054469,0.48775525939229064,33085.75895389762,23945.27148891844,0.9107,49781.0,0.036,2.25,1,15.3
2,0.06316110198104918,0.04110587886697617,0.03158055099052459,0.933494783653164,0.6802685960454699,19403.09052857831,12627.725987935079,0.8483,4576.0,0.102,0.96,0,2.6
1,0.026398356621600356,0.026398356621600356,0.026398356621600356,0.6034936563984759,0.6034936563984759,8109.575154155629,8109.575154155629,0.3755,32906.0,0.076,13.93,6,24.6
3,0.13202390131648456,0.08818795670061357,0.04400796710549485,0.7696129485395635,0.6124637727264372,40557.74248442406,27091.340298428488,0.2458,25048.0,0.316,16.02,10,61.2
1,0.02653782183054484,0.02653782183054484,0.02653782183054484,0.5020280329258431,0.5020280329258431,8152.418866343375,8152.418866343375,0.98,44478.0,0.263,1.94,0,0.0
1,0.04583229588988902,0.04583229588988902,0.04583229588988902,0.47498126686736264,0.47498126686736264,14079.681297373907,14079.681297373907,0.4021,29084.0,0.349,13.04,12,27.6
1,0.02081313431184606,0.02081313431184606,0.02081313431184606,0.5998282153821738,0.5998282153821738,6393.79486059911,6393.79486059911,0.7344,24987.0,0.328,7.4,1,0.0
2,0.05964954684311184,0.030068528243884892,0.02982477342155592,0.716659451116541,0.6819721499735596,18324.340790203954,9237.051876521438,0.6345,41037.0,0.306,9.27,3,18.5
2,0.0634549951647817,0.03467040541468105,0.03172749758239085,0.6720205709608642,0.5913745521385867,19493.37451462094,10650.748543390018,0.2194,43886.0,0.395,17.1,4,43.4
2,0.04733906272354939,0.03237474344580678,0.023669531361774694,0.7970217944873792,0.7210585729226267,14542.560068674371,9945.521186551841,0.3657,9183.0,0.268,16.12,5,34.3
0,0.0,0.0,0.0,0.0,0.0,0.0,0.0,0.9107,26005.0,0.329,0.71,0,0.0
2,0.09393999343343833,0.07903367772290427,0.04696999671671916,0.9125301470784902,0.7552040518455665,28858.365982752257,24279.145796476194,0.9357,28108.0,0.154,0.55,0,6.9
2,0.0717829385744013,0.06298305506237242,0.03589146928720065,0.8819774269243111,0.6453181526825928,22051.71873005608,19348.39451516081,0.8249,18540.0,0.32,3.56,0,8.5
1,0.02206358924675623,0.02206358924675623,0.02206358924675623,0.8061277188761393,0.8061277188761393,6777.934616603515,6777.934616603515,0.2494,44198.0,0.325,15.15,8,36.9
2,0.061356917679319625,0.03731928859207101,0.030678458839659813,0.9090764258261439,0.6449339566210978,18848.84511108699,11464.485455484213,0.3089,32711.0,0.22,13.7,3,34.4
1,0.05122760930313633,0.05122760930313633,0.05122760930313633,0.7827152264328741,0.7827152264328741,15737.12157792348,15737.12157792348,0.4939,19762.0,0.339,9.94,5,19.9
3,0.0683583579804358,0.046017478997983925,0.022786119326811932,0.8105488200834987,0.6239607138821541,20999.68757158988,14136.569548180662,0.8027,3012.0,0.353,3.72,1,13.0
1,0.07654469553246604,0.07654469553246604,0.07654469553246604,0.6238006306790082,0.6238006306790082,23514.530467573568,23514.530467573568,0.2626,34214.0,0.05,16.66,9,45.0
2,0.13660896564479102,0.07508830181986557,0.06830448282239551,0.5841780936926064,0.48147266675886563,41966.2742460798,23067.126319062703,0.3793,22361.0,0.121,14.27,3,42.5
1,0.07646669374523417,0.07646669374523417,0.07646669374523417,0.8634782387470991,0.8634782387470991,23490.568318535938,23490.568318535938,0.7158,47026.0,0.275,6.11,3,11.9
1,0.06697107205551286,0.06697107205551286,0.06697107205551286,0.4280298351114602,0.4280298351114602,20573.513335453554,20573.513335453554,0.592,46591.0,0.043,7.68,2,10.1
1,0.03004280726983446,0.03004280726983446,0.03004280726983446,0.6832948178980008,0.6832948178980008,9229.150393293146,9229.150393293146,0.9442,5403.0,0.233,0.52,0,0.0
1,0.07323687343674415,0.07323687343674415,0.07323687343674415,0.4182341163490662,0.4182341163490662,22498.367519767802,22498.367519767802,0.8694,49079.0,0.259,2.72,2,7.3
2,0.039883776094145645,0.02311687992547426,0.019941888047072823,0.9366832969420614,0.6903483829297115,12252.296016121541,7101.505513105692,0.1886,32720.0,0.388,17.95,6,45.1
1,0.04368259668233527,0.04368259668233527,0.04368259668233527,0.3717167254846405,0.3717167254846405,13419.293700813394,13419.293700813394,0.5077,1168.0,0.09,12.91,3,16.9
2,0.04681450467273643,0.04067411995446467,0.023407252336368214,0.9056015467975244,0.8051884696280718,14381.415835464632,12495.089650011547,0.3362,16622.0,0.062,12.17,1,19.4
3,0.0629167341488381,0.039303232342122234,0.020972244716279367,0.9533468470497165,0.7868944758325468,19328.020730523065,12073.95297549995,0.2991,39013.0,0.085,15.82,4,39.8
0,0.0,0.0,0.0,0.0,0.0,0.0,0.0,0.956,13452.0,0.231,2.26,0,0.0
1,0.04521180004878756,0.04521180004878756,0.04521180004878756,0.7600117269777419,0.7600117269777419,13889.06497498754,13889.06497498754,0.944,25682.0,0.333,2.74,1,3.1
0,0.0,0.0,0.0,0.0,0.0,0.0,0.0,0.5105,5696.0,0.254,11.24,1,8.1
1,0.040501822433651004,0.040501822433651004,0.040501822433651004,0.8482450324438586,0.8482450324438586,12442.159851617589,12442.159851617589,0.3775,27809.0,0.238,14.88,4,29.8
1,0.050819564992082365,0.050819564992082365,0.050819564992082365,0.4032229642765553,0.4032229642765553,15611.770365567703,15611.770365567703,0.3163,6249.0,0.059,14.05,8,35.9
1,0.19736447625901768,0.19736447625901768,0.19736447625901768,0.6487728262979935,0.6487728262979935,60630.36710677023,60630.36710677023,0.5551,7751.0,0.129,10.49,4,38.3
6,0.2776384087191999,0.09883642854052502,0.04627306811986665,0.9645047240105196,0.8038403241775446,85290.51915853821,30362.550847649287,0.4298,13035.0,0.358,11.74,5,80.9
1,0.032838694427458986,0.032838694427458986,0.032838694427458986,0.6283976764593944,0.6283976764593944,10088.0469281154,10088.0469281154,0.7792,19197.0,0.195,4.78,1,9.4
1,0.04947748939123829,0.04947748939123829,0.04947748939123829,0.8639310753051106,0.8639310753051106,15199.484740988402,15199.484740988402,0.3089,45415.0,0.155,13.16,4,26.8
3,0.04721046689410673,0.019865963339618303,0.015736822298035576,0.9290248906201901,0.8415519859214552,14503.055429869588,6102.823937930742,0.126,48257.0,0.202,16.53,3,42.9
0,0.0,0.0,0.0,0.0,0.0,0.0,0.0,0.7714,38233.0,0.267,3.92,2,0.0
0,0.0,0.0,0.0,0.0,0.0,0.0,0.0,0.7315,35789.0,0.273,5.78,2,0.0
1,0.007602758820875594,0.007602758820875594,0.007602758820875594,0.5593975950727836,0.5593975950727836,2335.5675097729827,2335.5675097729827,0.799,10169.0,0.101,6.3,1,0.0
0,0.0,0.0,0.0,0.0,0.0,0.0,0.0,0.6093,5637.0,0.046,7.97,3,0.7
1,0.024872586438517988,0.024872586438517988,0.024872586438517988,0.977489925714592,0.977489925714592,7640.858553912726,7640.858553912726,0.9784,32263.0,0.302,1.61,0,0.0
1,0.14066031663302656,0.14066031663302656,0.14066031663302656,0.5729309427737004,0.5729309427737004,43210.849269665756,43210.849269665756,0.8507,17122.0,0.056,2.67,0,9.0
6,0.28668732228394106,0.11943582378698983,0.047781220380656846,0.9715523777849274,0.6900603598523046,88070.34540562671,36690.68506736327,0.1331,2777.0,0.351,17.73,2,94.0
1,0.015927850034979218,0.015927850034979218,0.015927850034979218,0.38634638314985725,0.38634638314985725,4893.035530745616,4893.035530745616,0.98,43312.0,0.083,1.91,0,0.0
2,0.16425300303456414,0.08855234187722794,0.08212650151728207,0.6996564549421403,0.6470650948712782,50458.52253221811,27203.27942468442,0.9168,46644.0,0.312,2.15,3,18.2
1,0.014316441525154135,0.014316441525154135,0.014316441525154135,0.41007267550520193,0.41007267550520193,4398.01083652735,4398.01083652735,0.7617,39700.0,0.248,6.65,0,10.4
1,0.013029047332712554,0.013029047332712554,0.013029047332712554,0.5227746871874048,0.5227746871874048,4002.5233406092966,4002.5233406092966,0.3245,35021.0,0.081,14.71,6,25.2
1,0.025037137627587656,0.025037137627587656,0.025037137627587656,0.9510882158141047,0.9510882158141047,7691.4086791949285,7691.4086791949285,0.7911,16646.0,0.362,5.49,2,0.0
1,0.02214213403614923,0.02214213403614923,0.02214213403614923,0.9040367476143449,0.9040367476143449,6802.063575905044,6802.063575905044,0.4957,28008.0,0.13,8.77,2,7.4
2,0.029452718787886398,0.02239543532505569,0.014726359393943199,0.788553305296198,0.5918864369622412,9047.875211638702,6879.877731857107,0.516,12022.0,0.1,8.85,7,22.0
2,0.052030597858048665,0.046761760853208156,0.026015298929024332,0.523650082182522,0.44741218138493,15983.79966199255,14365.212934105546,0.8694,32226.0,0.263,2.15,1,7.7
2,0.12344065042471325,0.0729605958156872,0.061720325212356625,0.9587670389740639,0.8077828754131055,37920.96781047191,22413.495034579108,0.2758,24378.0,0.04,13.74,5,40.3
2,0.1327534917708969,0.12537273311119457,0.06637674588544845,0.940251120214287,0.8171325911327887,40781.872672019534,38514.50361175897,0.5313,3947.0,0.303,11.29,1,33.2
1,0.08173061676878889,0.08173061676878889,0.08173061676878889,0.8548498267958216,0.8548498267958216,25107.645471371947,25107.645471371947,0.5487,20800.0,0.344,11.08,4,21.2
1,0.02199834007343159,0.02199834007343159,0.02199834007343159,0.9063699356826318,0.9063699356826318,6757.890070558184,6757.890070558184,0.7644,17535.0,0.334,5.62,1,0.8
3,0.20988027747447452,0.15157466650830909,0.0699600924914915,0.4231425639779806,0.3894148116733745,64475.22124015857,46563.73755135255,0.5889,18331.0,0.237,6.26,4,49.2
1,0.03331321694115167,0.03331321694115167,0.03331321694115167,0.7872483583072727,0.7872483583072727,10233.820244321792,10233.820244321792,0.4789,22499.0,0.36,11.83,2,17.1
1,0.12085459010900564,0.12085459010900564,0.12085459010900564,0.6366028932206125,0.6366028932206125,37126.53008148653,37126.53008148653,0.2767,43421.0,0.371,17.2,7,49.5
0,0.0,0.0,0.0,0.0,0.0,0.0,0.0,0.9143,46405.0,0.058,1.0,0,0.0
1,0.015831779158977394,0.015831779158977394,0.015831779158977394,0.6797570241422821,0.6797570241422821,4863.522557637855,4863.522557637855,0.2593,40775.0,0.221,16.38,4,26.6
1,0.042913140380744334,0.042913140380744334,0.042913140380744334,0.7406198719083523,0.7406198719083523,13182.91672496466,13182.91672496466,0.3972,42634.0,0.348,14.27,4,22.4
0,0.0,0.0,0.0,0.0,0.0,0.0,0.0,0.2914,28476.0,0.236,16.68,4,20.2
2,0.028774511658789748,0.017524962440648554,0.014387255829394874,0.5795477931796351,0.4775099549786137,8839.52998158021,5383.668461767235,0.2612,34210.0,0.31,15.88,4,31.8
0,0.0,0.0,0.0,0.0,0.0,0.0,0.0,0.2971,45193.0,0.038,14.19,3,17.6
3,0.09376094956569585,0.03683952874121557,0.03125364985523195,0.9590612970944805,0.7391513555552155,28803.36370658176,11317.103229301423,0.5738,27991.0,0.19,10.17,9,38.3
1,0.030606125202438654,0.030606125202438654,0.030606125202438654,0.720609189401205,0.720609189401205,9402.201662189154,9402.201662189154,0.8437,30813.0,0.078,0.54,3,1.2
2,0.02604450928802213,0.0209654190879471,0.013022254644011065,0.8024507490406001,0.7548648246492696,8000.873253280399,6440.576743817349,0.6048,34324.0,0.133,9.19,8,22.8
3,0.06688395440497065,0.04802683598036204,0.02229465146832355,0.6223649363975381,0.4958324289244113,20546.750793206986,14753.844013167218,0.3696,3197.0,0.036,15.16,5,41.9
4,0.22977991481916252,0.10761240848767635,0.05744497870479063,0.9785182193257312,0.674942266219475,70588.38983244673,33058.531887414174,0.3848,28017.0,0.157,15.41,8,69.8
5,0.12003816807727984,0.046012794141005224,0.024007633615455968,0.8300273524954304,0.5991653319367765,36875.72523334037,14135.130360116806,0.756,13428.0,0.306,7.27,0,33.7
1,0.09559695207807849,0.09559695207807849,0.09559695207807849,0.9265371943594124,0.9265371943594124,29367.38367838571,29367.38367838571,0.3501,24623.0,0.318,14.51,4,31.9
0,0.0,0.0,0.0,0.0,0.0,0.0,0.0,0.2778,47603.0,0.192,15.72,5,19.5
1,0.034396779692881206,0.034396779692881206,0.034396779692881206,0.7633099911885424,0.7633099911885424,10566.690721653107,10566.690721653107,0.6244,44601.0,0.253,6.23,2,10.3
0,0.0,0.0,0.0,0.0,0.0,0.0,0.0,0.4626,22985.0,0.339,11.38,6,16.4
1,0.057372020637463425,0.057372020637463425,0.057372020637463425,0.3889415354751807,0.3889415354751807,17624.684739828765,17624.684739828765,0.2209,40384.0,0.228,14.89,3,34.5
1,0.016931843158235725,0.016931843158235725,0.016931843158235725,0.505652579986853,0.505652579986853,5201.462218210015,5201.462218210015,0.3367,11141.0,0.144,15.54,3,23.0
1,0.0161847493267267,0.0161847493267267,0.0161847493267267,0.9107092447207507,0.9107092447207507,4971.954993170442,4971.954993170442,0.3566,21455.0,0.108,12.39,5,19.7
3,0.05722716722845439,0.027007896158994297,0.019075722409484797,0.8148500242570571,0.552061014323837,17580.185772581186,8296.825700043048,0.5321,9876.0,0.065,7.95,4,22.2
2,0.1414720035382277,0.08335543681484538,0.07073600176911385,0.5386292417344103,0.4592406545197487,43460.199486943544,25606.7901895205,0.8466,29044.0,0.283,0.93,0,16.0
2,0.10125966917499456,0.07672167701641652,0.05062983458749728,0.8965866553111113,0.8621805947840966,31106.97037055833,23568.899179443157,0.191,42727.0,0.338,17.86,16,66.9
5,0.10580282358797484,0.02905379018392105,0.02116056471759497,0.8895924805680028,0.6554970794022927,32502.627406225867,8925.324344500546,0.3041,10653.0,0.061,15.84,6,61.9
6,0.14695639413774647,0.06148126427820726,0.02449273235629108,0.9555941255514792,0.7922074087644561,45145.00427911572,18887.04438626527,0.3525,24972.0,0.291,14.81,3,69.5
0,0.0,0.0,0.0,0.0,0.0,0.0,0.0,0.7873,46451.0,0.385,4.46,0,0.0
1,0.01789529588513424,0.01789529588513424,0.01789529588513424,0.3646733678029567,0.3646733678029567,5497.4348959132385,5497.4348959132385,0.8908,32932.0,0.27,3.19,1,0.0
1,0.06416928799813748,0.06416928799813748,0.06416928799813748,0.46227031958269327,0.46227031958269327,19712.805273027836,19712.805273027836,0.98,33572.0,0.263,0.85,1,0.0
2,0.08308906100215221,0.056661081788131895,0.04154453050107611,0.6195226998986532,0.6076928180676932,25524.959539861156,17406.284325314118,0.7966,42174.0,0.314,5.4,2,19.9
1,0.03943179407354213,0.03943179407354213,0.03943179407354213,0.9394322754759371,0.9394322754759371,12113.447139392143,12113.447139392143,0.5184,31349.0,0.183,11.43,4,16.7
2,0.09467427380126311,0.06655480860728229,0.04733713690063156,0.954234157983807,0.8436776876124814,29083.93691174803,20445.63720415712,0.4964,35508.0,0.117,9.4,3,28.9
1,0.09584397168923009,0.09584397168923009,0.09584397168923009,0.6256479047660479,0.6256479047660479,29443.268102931484,29443.268102931484,0.3891,23922.0,0.04,12.86,6,35.1
1,0.013324040224211374,0.013324040224211374,0.013324040224211374,0.4255238543927041,0.4255238543927041,4093.1451568777343,4093.1451568777343,0.163,895.0,0.383,17.98,7,28.9
4,0.16453914127572453,0.05515594716826955,0.04113478531893113,0.9325100824444271,0.7246817712552082,50546.42419990257,16943.906970092405,0.6532,10262.0,0.083,7.5,5,44.4
3,0.1459967117521484,0.06819428858437916,0.04866557058404947,0.5994249877956424,0.5783115717239592,44850.189850259994,20949.28545312128,0.6158,33295.0,0.189,9.58,4,43.9
3,0.10605434939871092,0.055419930614601404,0.035351449799570306,0.7192489118660508,0.5877831226501641,32579.89613528399,17025.00268480555,0.587,17660.0,0.27,9.2,2,33.7
2,0.09322589018686872,0.07275995077501085,0.04661294509343436,0.48214921618645024,0.4447810134025356,28638.99346540607,22351.856878083334,0.256,21731.0,0.385,15.83,7,48.2
2,0.09078846375904367,0.06789989535303566,0.04539423187952184,0.6637195620305594,0.5353228271762264,27890.216066778215,20858.847852452553,0.784,7852.0,0.383,3.27,0,9.7
1,0.00891185152490488,0.00891185152490488,0.00891185152490488,0.3845076876559747,0.3845076876559747,2737.7207884507793,2737.7207884507793,0.8075,32869.0,0.062,2.94,2,0.0
1,0.02133401614617111,0.02133401614617111,0.02133401614617111,0.973978572722953,0.973978572722953,6553.809760103765,6553.809760103765,0.1468,21616.0,0.06,17.93,3,40.0
1,0.04664899927259196,0.04664899927259196,0.04664899927259196,0.5749828254148697,0.5749828254148697,14330.57257654025,14330.57257654025,0.4449,27289.0,0.098,15.41,3,24.7
4,0.16679539743824282,0.07438944199347057,0.041698849359560704,0.8044001919320479,0.5836475995431455,51239.54609302819,22852.43658039416,0.7603,45197.0,0.325,3.88,5,44.5
2,0.04207391133991273,0.0338878127161715,0.021036955669956364,0.883505278257013,0.7154501436232676,12925.10556362119,10410.336066407885,0.7544,22566.0,0.309,7.13,0,6.5
1,0.039855922147117105,0.039855922147117105,0.039855922147117105,0.5169986918022322,0.5169986918022322,12243.739283594376,12243.739283594376,0.5653,47520.0,0.278,6.92,6,13.8
0,0.0,0.0,0.0,0.0,0.0,0.0,0.0,0.3806,29638.0,0.074,12.81,6,18.7
1,0.027161817271971558,0.027161817271971558,0.027161817271971558,0.7590016867466098,0.7590016867466098,8344.110265949663,8344.110265949663,0.4726,22974.0,0.167,10.54,6,22.4
1,0.16784674176284006,0.16784674176284006,0.16784674176284006,0.8766302809776106,0.8766302809776106,51562.51906954447,51562.51906954447,0.8443,16702.0,0.249,3.76,3,20.7
1,0.044523011519697786,0.044523011519697786,0.044523011519697786,0.410154549534307,0.410154549534307,13677.46913885116,13677.46913885116,0.5143,45834.0,0.222,12.96,6,18.1
1,0.03074301784699648,0.03074301784699648,0.03074301784699648,0.852873460442194,0.852873460442194,9444.25508259732,9444.25508259732,0.2836,49828.0,0.086,16.02,9,34.3
0,0.0,0.0,0.0,0.0,0.0,0.0,0.0,0.4042,20012.0,0.226,12.91,2,10.4
2,0.07778920570454022,0.05539617534663169,0.03889460285227011,0.6888331513687507,0.5981624032033557,23896.843992434755,17017.705066485254,0.6714,29379.0,0.032,8.17,1,15.8
2,0.12081819047004291,0.0803516697996602,0.06040909523502146,0.7524160001341156,0.6760613477652202,37115.34811239719,24684.032962455614,0.7659,20684.0,0.229,4.86,4,20.8
2,0.12032823626914045,0.07534180868335551,0.060164118134570226,0.9162546421722583,0.861738645022692,36964.834181879945,23145.00362752681,0.8268,24628.0,0.37,2.73,1,15.4
1,0.005533505942729492,0.005533505942729492,0.005533505942729492,0.8059173520420573,0.8059173520420573,1699.8930256064998,1699.8930256064998,0.5868,14566.0,0.222,10.17,2,15.3
3,0.1257381661749237,0.07866697986967316,0.0419127220583079,0.8231811311042088,0.560580869548409,38626.764648936565,24166.496215963598,0.6533,35204.0,0.162,8.35,1,28.0
2,0.0733490761010907,0.05996335509920825,0.03667453805054535,0.7812519965090614,0.6228708121152875,22532.836178255064,18420.742686476773,0.98,8318.0,0.111,0.75,1,0.0
1,0.1667502693410833,0.1667502693410833,0.1667502693410833,0.370637055066128,0.370637055066128,51225.68274158079,51225.68274158079,0.4066,4104.0,0.094,13.32,9,40.7
1,0.060494116831781804,0.060494116831781804,0.060494116831781804,0.5643626734923834,0.5643626734923834,18583.79269072337,18583.79269072337,0.8246,26913.0,0.343,3.12,0,2.8
5,0.3777077818832491,0.20379719795100062,0.07554155637664982,0.8637667362330377,0.756877690915253,116031.83059453411,62606.499210547394,0.3302,43234.0,0.108,13.75,3,95.1
1,0.03608144934083544,0.03608144934083544,0.03608144934083544,0.4317470297455722,0.4317470297455722,11084.221237504646,11084.221237504646,0.2881,45562.0,0.11,16.19,3,24.4
3,0.1822520490511669,0.12850479858899796,0.060750683017055634,0.7834788918538003,0.705506492190637,55987.829468518474,39476.67412654017,0.5368,18035.0,0.035,12.99,2,45.1
2,0.07082421472227157,0.040101562799279816,0.035412107361135786,0.8664352803778866,0.6091818882211326,21757.19876268183,12319.20009193876,0.5571,39563.0,0.346,11.34,4,24.8
1,0.01972181324712542,0.01972181324712542,0.01972181324712542,0.879235915368798,0.879235915368798,6058.541029516929,6058.541029516929,0.3147,47034.0,0.055,16.61,3,26.0
3,0.05942949215877888,0.04075271055391043,0.01980983071959296,0.9482702945513524,0.7519703920680451,18256.739991176873,12519.232682161284,0.3661,26364.0,0.338,13.91,3,38.8
5,0.2186908577229188,0.10576092383308965,0.04373817154458376,0.966649452301636,0.7250318841950183,67181.83149248065,32489.755801525138,0.4804,22053.0,0.135,10.8,2,57.5
2,0.10953366393732157,0.09694824385267817,0.054766831968660785,0.6788583538388137,0.5226851242322816,33648.74156154519,29782.500511542734,0.6652,24003.0,0.342,6.1,2,28.3
1,0.1412514448250167,0.1412514448250167,0.1412514448250167,0.6769261742025489,0.6769261742025489,43392.44385024513,43392.44385024513,0.3633,22404.0,0.097,11.93,5,37.2
2,0.07282929899957985,0.06017877653216655,0.036414649499789925,0.9012646908275911,0.677112571176899,22373.16065267093,18486.920150681563,0.702,37330.0,0.086,7.0,3,18.0
1,0.03445604789192873,0.03445604789192873,0.03445604789192873,0.7365641807611498,0.7365641807611498,10584.897912400505,10584.897912400505,0.7525,19460.0,0.099,4.5,1,0.4
4,0.16321974023899308,0.0769148695864431,0.04080493505974827,0.8721046496920387,0.6119540887117649,50141.10420141867,23628.24793695532,0.9163,43993.0,0.367,1.22,0,30.0
1,0.036496188710892545,0.036496188710892545,0.036496188710892545,0.36276301881118,0.36276301881118,11211.62917198619,11211.62917198619,0.172,32948.0,0.274,15.24,4,29.4
1,0.05330613718000703,0.05330613718000703,0.05330613718000703,0.9606929498801094,0.9606929498801094,16375.645341698159,16375.645341698159,0.8585,8944.0,0.274,3.56,1,2.1
2,0.0583149882511876,0.05246955634642068,0.0291574941255938,0.7623790787557585,0.7251302692030073,17914.36439076483,16118.647709620433,0.8407,48531.0,0.2,4.66,2,15.9
3,0.06163289791825163,0.035789059768466906,0.02054429930608388,0.9775601723123225,0.8480109129441505,18933.626240486905,10994.399160873034,0.9028,18394.0,0.207,2.38,1,10.3
1,0.03896760646345933,0.03896760646345933,0.03896760646345933,0.6400492198686047,0.6400492198686047,11970.848705574706,11970.848705574706,0.8452,21053.0,0.099,2.79,1,0.0
3,0.05385305845383093,0.028110814063373724,0.017951019484610312,0.8308078619090036,0.6635183028473758,16543.65955701686,8635.642080268408,0.8564,21159.0,0.316,4.79,3,11.8
2,0.11848335756523115,0.09276811734035416,0.059241678782615576,0.7620030824316668,0.707667875884255,36398.08744403901,28498.365646956798,0.4775,33578.0,0.35,9.31,2,30.4
0,0.0,0.0,0.0,0.0,0.0,0.0,0.0,0.5268,14324.0,0.393,9.14,3,6.8
2,0.06197510227627118,0.044661599208193174,0.03098755113813559,0.834942605430909,0.8205650829429789,19038.751419270506,13720.043276756944,0.98,49515.0,0.12,0.93,0,0.0
2,0.05852079358662106,0.048215997235055645,0.02926039679331053,0.7128026728776062,0.7058363961323494,17977.58778980999,14811.954350609094,0.7352,8807.0,0.165,5.81,3,17.2
2,0.08585130319756218,0.04979751862265856,0.04292565159878109,0.9681952179687129,0.8707825615087263,26373.520342291104,15297.79772088071,0.3629,45707.0,0.268,13.96,5,44.5
1,0.024432052609648158,0.024432052609648158,0.024432052609648158,0.6003469734075331,0.6003469734075331,7505.526561683914,7505.526561683914,0.4531,49340.0,0.271,11.4,4,16.6
0,0.0,0.0,0.0,0.0,0.0,0.0,0.0,0.6754,23777.0,0.15,5.81,1,0.2
2,0.13591527261388986,0.12162759685941851,0.06795763630694493,0.9167484141515022,0.8345304339198716,41753.17174698696,37363.997755213364,0.8271,10401.0,0.128,2.41,1,12.6
2,0.029477133121275485,0.02129372250977878,0.014738566560637743,0.7845437385424991,0.6226645402947664,9055.375294855829,6541.431555004041,0.7114,846.0,0.205,4.37,0,7.2
0,0.0,0.0,0.0,0.0,0.0,0.0,0.0,0.3103,16052.0,0.202,16.57,5,20.5
2,0.036203095211985274,0.025421176509958038,0.018101547605992637,0.927352946195211,0.7819288002274175,11121.590849121876,7809.385423859109,0.9329,20899.0,0.33,1.95,0,1.0
1,0.04803658880472675,0.04803658880472675,0.04803658880472675,0.7658741093456793,0.7658741093456793,14756.840080812057,14756.840080812057,0.6797,7313.0,0.059,2.99,2,5.5
6,0.3433376665155876,0.08336635737031863,0.0572229444192646,0.8883519268665836,0.6959596858194589,105473.33115358853,25610.14498416188,0.5791,38966.0,0.392,8.87,3,83.2
1,0.009299448149415824,0.009299448149415824,0.009299448149415824,0.5682362499638774,0.5682362499638774,2856.790471500541,2856.790471500541,0.3913,30905.0,0.363,14.39,5,24.4
1,0.06026301113853499,0.06026301113853499,0.06026301113853499,0.39420086267568216,0.39420086267568216,18512.79702175795,18512.79702175795,0.6836,13557.0,0.254,6.39,3,1.6
0,0.0,0.0,0.0,0.0,0.0,0.0,0.0,0.4195,3237.0,0.079,13.55,4,15.8
1,0.12691441914095042,0.12691441914095042,0.12691441914095042,0.8973976970368358,0.8973976970368358,38988.10956009997,38988.10956009997,0.8184,26866.0,0.165,2.44,3,18.6
4,0.3326212398057398,0.21396912309436214,0.08315530995143496,0.7650545630949751,0.6554488126200135,102181.24486832327,65731.31461458805,0.8324,32489.0,0.177,4.25,0,50.5
1,0.09943947993728308,0.09943947993728308,0.09943947993728308,0.40160952703675645,0.40160952703675645,30547.808236733363,30547.808236733363,0.7922,15984.0,0.399,5.32,4,5.0
1,0.006932535857556819,0.006932535857556819,0.006932535857556819,0.5227647881059335,0.5227647881059335,2129.675015441455,2129.675015441455,0.2402,9728.0,0.099,17.22,5,26.1
2,0.08533070924285655,0.0653291039575021,0.04266535462142827,0.7147801491678121,0.6698077286819646,26213.593879405533,20069.100735744647,0.5209,25779.0,0.378,9.56,1,28.9
2,0.10652014344158547,0.05484353056707403,0.05326007172079274,0.7688893177961307,0.6459588238225866,32722.988065255056,16847.932590205142,0.4426,20587.0,0.096,12.82,7,38.6
1,0.009567246569873185,0.009567246569873185,0.009567246569873185,0.4482852591313311,0.4482852591313311,2939.0581462650425,2939.0581462650425,0.2568,14327.0,0.189,15.88,4,25.2
2,0.1355111896093787,0.12678112804579034,0.06775559480468935,0.9482308455118057,0.6764403397666241,41629.03744800114,38947.162535666794,0.6062,1944.0,0.133,8.6,5,29.3
1,0.05827888087086847,0.05827888087086847,0.05827888087086847,0.6230544459703591,0.6230544459703591,17903.272203530796,17903.272203530796,0.8898,29556.0,0.222,4.78,1,0.0
1,0.007226201163998107,0.007226201163998107,0.007226201163998107,0.7260075207667812,0.7260075207667812,2219.8889975802185,2219.8889975802185,0.5198,43105.0,0.343,11.05,4,13.3
1,0.08724556396901982,0.08724556396901982,0.08724556396901982,0.6529721106743327,0.6529721106743327,26801.83725128289,26801.83725128289,0.7971,44528.0,0.323,4.37,1,9.2
0,0.0,0.0,0.0,0.0,0.0,0.0,0.0,0.3331,44068.0,0.075,12.93,4,19.3
3,0.1768151912066948,0.08866656871474725,0.05893839706889827,0.6069924944602455,0.5512940728286005,54317.62673869665,27238.369909170357,0.7569,24140.0,0.156,5.33,1,29.6
3,0.057663670797562155,0.0277388241756232,0.019221223599187386,0.7475477311818186,0.5911976853411701,17714.27966901109,8521.366786751447,0.3921,10043.0,0.348,13.18,6,38.0
1,0.02707871839025422,0.02707871839025422,0.02707871839025422,0.4998832285985284,0.4998832285985284,8318.582289486096,8318.582289486096,0.1486,12445.0,0.348,17.66,5,29.1
1,0.01986726126619342,0.01986726126619342,0.01986726126619342,0.550497849409594,0.550497849409594,6103.2226609746185,6103.2226609746185,0.908,31631.0,0.056,1.05,0,0.0
1,0.02625799018448124,0.02625799018448124,0.02625799018448124,0.4812163964945572,0.4812163964945572,8066.454584672637,8066.454584672637,0.2996,45605.0,0.113,14.71,4,23.2
0,0.0,0.0,0.0,0.0,0.0,0.0,0.0,0.9012,42863.0,0.29,2.3,0,0.0
1,0.0249156435862041,0.0249156435862041,0.0249156435862041,0.5725083327242053,0.5725083327242053,7654.0857096819,7654.0857096819,0.4218,33416.0,0.314,11.27,1,17.8
2,0.1294765925487574,0.10306235609046735,0.0647382962743787,0.6850206712693039,0.5915181823893689,39775.209230978275,31660.75579099157,0.7484,10491.0,0.138,4.08,3,20.4
3,0.10145981524457329,0.036507717467962754,0.03381993841485776,0.7229618190927882,0.6332885390168937,31168.455243132918,11215.170806158158,0.9511,42701.0,0.047,0.95,0,7.2
4,0.122644134263067,0.08081625398885942,0.03066103356576675,0.600708856750273,0.5249371587789654,37676.27804561418,24826.75322537761,0.2501,41667.0,0.089,17.98,6,58.4
2,0.02526992709191764,0.016098064947467978,0.01263496354595882,0.5402922934319867,0.49592170323685303,7762.9216026371,4945.325551862163,0.8164,26037.0,0.261,3.04,1,2.7
1,0.018273979650929063,0.018273979650929063,0.018273979650929063,0.668612222926144,0.668612222926144,5613.7665487654085,5613.7665487654085,0.2615,24808.0,0.085,17.73,5,28.2
3,0.14863326758223264,0.10116207538395401,0.04954442252741088,0.8280844713633504,0.6681000630978464,45660.13980126187,31076.989557950674,0.5229,28136.0,0.285,6.88,5,35.2
1,0.0071380775336305335,0.0071380775336305335,0.0071380775336305335,0.5314917059494537,0.5314917059494537,2192.8174183313,2192.8174183313,0.5421,9250.0,0.256,9.42,6,14.7
1,0.04199892288900473,0.04199892288900473,0.04199892288900473,0.6992078252261467,0.6992078252261467,12902.069111502253,12902.069111502253,0.5518,22423.0,0.109,10.17,4,12.2
0,0.0,0.0,0.0,0.0,0.0,0.0,0.0,0.6006,2762.0,0.114,9.25,5,1.7
0,0.0,0.0,0.0,0.0,0.0,0.0,0.0,0.5855,14419.0,0.274,8.96,2,6.5
1,0.06454976793781192,0.06454976793781192,0.06454976793781192,0.6367951190202291,0.6367951190202291,19829.688710495822,19829.688710495822,0.6382,47025.0,0.076,5.78,4,17.3
2,0.07741679321878364,0.06703505047491704,0.03870839660939182,0.45986678222852057,0.4202091845299297,23782.438876810338,20593.167505894515,0.8264,25607.0,0.225,3.86,2,7.7
3,0.1037101376024051,0.0773661148011996,0.03457004586746837,0.7794148344525655,0.7411286058407244,31859.754271458845,23766.870466928518,0.8513,44113.0,0.39,2.64,1,17.5
1,0.01892127424522991,0.01892127424522991,0.01892127424522991,0.4572450893734285,0.4572450893734285,5812.615448134628,5812.615448134628,0.5735,1770.0,0.049,8.54,2,7.0
5,0.19970459277398958,0.10875622078529804,0.039940918554797915,0.7033427909499244,0.49836715076100246,61349.2509001696,33409.91102524356,0.98,22560.0,0.081,2.3,0,31.6
3,0.13756637968308397,0.08404245855131662,0.04585545989436132,0.798863208768716,0.6699441320931726,42260.391838643394,25817.843266964464,0.9269,28590.0,0.081,2.38,0,20.0
1,0.04298274802785994,0.04298274802785994,0.04298274802785994,0.6709156266780751,0.6709156266780751,13204.300194158574,13204.300194158574,0.9057,41236.0,0.207,4.03,0,0.0
3,0.08066367604334748,0.04114193961012153,0.02688789201444916,0.7600033457562656,0.617001140748708,24779.881280516347,12638.803848229334,0.54,44375.0,0.166,10.74,1,23.9
0,0.0,0.0,0.0,0.0,0.0,0.0,0.0,0.5416,43862.0,0.335,9.08,5,5.3
0,0.0,0.0,0.0,0.0,0.0,0.0,0.0,0.6093,19416.0,0.104,5.8,3,0.0
1,0.04818210610965635,0.04818210610965635,0.04818210610965635,0.7709448804212737,0.7709448804212737,14801.54299688643,14801.54299688643,0.345,49577.0,0.119,13.84,5,28.2
6,0.11898002462368786,0.03675334333266742,0.019830004103947977,0.9283037760224079,0.6381361064269749,36550.663564396906,11290.627071795432,0.7726,32002.0,0.35,6.24,0,37.5
2,0.3517238635457068,0.2437231950669299,0.1758619317728534,0.8324796319259156,0.6995388471440207,108049.57088124112,74871.76552456086,0.3268,8713.0,0.162,13.49,6,79.9
1,0.010295932903505972,0.010295932903505972,0.010295932903505972,0.8057479869923496,0.8057479869923496,3162.9105879570347,3162.9105879570347,0.4053,10826.0,0.368,13.6,10,28.4
0,0.0,0.0,0.0,0.0,0.0,0.0,0.0,0.3246,21850.0,0.32,15.98,4,21.8
2,0.07925036091812551,0.06106315846175016,0.039625180459062756,0.8722941011235599,0.6793129129953785,24345.710874048156,18758.60227944965,0.7278,39344.0,0.1,4.33,2,18.0
4,0.2601728738203186,0.19827809740161934,0.06504321845507965,0.6232530334231137,0.5836125322348348,79925.1068376019,60911.03152177746,0.4654,34345.0,0.104,12.54,4,67.5
3,0.09249861777405174,0.041749554305040834,0.03083287259135058,0.8082043925652815,0.640763090123576,28415.575380188697,12825.463082508544,0.8984,8069.0,0.161,1.05,0,16.5
1,0.017104573258521726,0.017104573258521726,0.017104573258521726,0.756973359927897,0.756973359927897,5254.5249050178745,5254.5249050178745,0.1723,46450.0,0.252,17.14,7,36.4
1,0.07017552274299306,0.07017552274299306,0.07017552274299306,0.865782151452899,0.865782151452899,21557.92058664747,21557.92058664747,0.2737,14111.0,0.336,13.43,3,36.5
1,0.1129136153272002,0.1129136153272002,0.1129136153272002,0.6841517098336574,0.6841517098336574,34687.0626285159,34687.0626285159,0.8594,10243.0,0.054,3.62,1,11.4
1,0.11580066355923517,0.11580066355923517,0.11580066355923517,0.8515737179481314,0.8515737179481314,35573.96384539705,35573.96384539705,0.8723,5554.0,0.264,2.97,0,2.7
2,0.06208118603621522,0.036684871090955896,0.03104059301810761,0.7110505690451552,0.6725744239208393,19071.340350325318,11269.592399141651,0.1708,815.0,0.16,17.98,9,46.5
0,0.0,0.0,0.0,0.0,0.0,0.0,0.0,0.8851,15868.0,0.039,4.88,0,0.0
1,0.024461721254982825,0.024461721254982825,0.024461721254982825,0.9011864144505916,0.9011864144505916,7514.640769530724,7514.640769530724,0.6701,20481.0,0.321,6.84,1,2.8
1,0.01298521239748681,0.01298521239748681,0.01298521239748681,0.9681005194407731,0.9681005194407731,3989.0572485079483,3989.0572485079483,0.7814,7963.0,0.241,3.58,1,0.0
1,0.07688862702529309,0.07688862702529309,0.07688862702529309,0.5429981294219546,0.5429981294219546,23620.186222170036,23620.186222170036,0.8546,40680.0,0.157,3.97,2,0.9
1,0.01287539371479201,0.01287539371479201,0.01287539371479201,0.5827158408174722,0.5827158408174722,3955.3209491841053,3955.3209491841053,0.9112,27842.0,0.251,0.52,1,0.0
0,0.0,0.0,0.0,0.0,0.0,0.0,0.0,0.5195,23176.0,0.137,11.38,2,5.4
0,0.0,0.0,0.0,0.0,0.0,0.0,0.0,0.6988,33782.0,0.085,5.8,2,0.0
0,0.0,0.0,0.0,0.0,0.0,0.0,0.0,0.7246,8483.0,0.102,4.82,2,0.0
0,0.0,0.0,0.0,0.0,0.0,0.0,0.0,0.715,49126.0,0.28,6.2,4,0.0
5,0.20425974856001428,0.0785814132054695,0.04085194971200286,0.8484138677165154,0.6761668429094903,62748.59475763638,24140.21013672023,0.2783,29064.0,0.206,16.52,6,71.1
2,0.05779394729877747,0.04634584805758146,0.028896973649388737,0.760574358185458,0.6456587335999079,17754.30061018444,14237.444523289025,0.5637,22470.0,0.339,11.47,2,20.2
2,0.10010233699366182,0.09472505307591256,0.05005116849683091,0.8342999204129925,0.8236276012117514,30751.437924452912,29099.536304920337,0.9659,21527.0,0.097,1.53,0,0.0
2,0.10456835601628942,0.07063392952470908,0.05228417800814471,0.7045029234174067,0.5424056480339537,32123.398968204114,21698.74314999063,0.6915,39370.0,0.169,7.35,2,19.7
1,0.04158517624325096,0.04158517624325096,0.04158517624325096,0.630287515319104,0.630287515319104,12774.966141926696,12774.966141926696,0.448,15006.0,0.105,10.84,5,21.1
1,0.05399017294635041,0.05399017294635041,0.05399017294635041,0.5119994833989535,0.5119994833989535,16585.781129118845,16585.781129118845,0.2892,41748.0,0.258,16.11,8,42.5
1,0.10791604129837064,0.10791604129837064,0.10791604129837064,0.6149578463235068,0.6149578463235068,33151.80788685946,33151.80788685946,0.98,10408.0,0.315,0.77,1,3.8
3,0.10287544461000915,0.061764001217680616,0.03429181487000305,0.9174294708502131,0.7297820204233328,31603.33658419481,18973.901174071485,0.4027,3914.0,0.311,14.91,5,44.5
6,0.2904367677683128,0.13494406566873612,0.048406127961385464,0.9099543842960873,0.7021970159861968,89222.1750584257,41454.816973435736,0.7445,15497.0,0.132,6.14,3,71.4
2,0.15465607287277103,0.11178151809233972,0.07732803643638551,0.8033322466583932,0.7783734189834091,47510.34558651526,34339.28235796676,0.3642,34259.0,0.055,14.29,4,45.9
3,0.11231237650885613,0.0910675320935956,0.037437458836285374,0.6607218797067098,0.515071803143165,34502.3620635206,27975.945859152565,0.9378,37437.0,0.375,1.9,0,16.4
2,0.22362121885945255,0.21219630455092778,0.11181060942972627,0.90178209386051,0.8783060046882516,68696.43843362383,65186.704758045016,0.8109,11793.0,0.044,4.75,3,39.4
0,0.0,0.0,0.0,0.0,0.0,0.0,0.0,0.5164,12784.0,0.303,8.64,6,1.9
2,0.0820826936960718,0.07222568596295857,0.0410413468480359,0.7655419248288677,0.6825571871172484,25215.803503433257,22187.730727820872,0.7083,38206.0,0.239,7.74,4,21.2
1,0.11440775989496382,0.11440775989496382,0.11440775989496382,0.801420322221224,0.801420322221224,35146.06383973289,35146.06383973289,0.5748,15572.0,0.105,9.66,5,31.8
2,0.04632079746148601,0.03678533884362465,0.023160398730743006,0.848852801212651,0.8107722722066343,14229.748980168504,11300.456092761493,0.8721,32946.0,0.233,5.72,0,0.0
1,0.006688095739607612,0.006688095739607612,0.006688095739607612,0.5875061059514385,0.5875061059514385,2054.583011207458,2054.583011207458,0.7263,28716.0,0.201,6.32,3,4.3
0,0.0,0.0,0.0,0.0,0.0,0.0,0.0,0.276,13162.0,0.046,15.61,6,22.1
2,0.06479367221231415,0.034270511331075636,0.032396836106157074,0.8007927181840138,0.6158100158131544,19904.616103622906,10527.901080906435,0.8244,15039.0,0.074,3.92,0,9.5
2,0.10175550221911438,0.09353166709546039,0.05087775110955719,0.5462816271881953,0.5366597849570791,31259.29028171194,28732.92813172543,0.8517,48023.0,0.212,4.41,0,11.6
3,0.14763807429811615,0.07766709839016761,0.04921269143270538,0.8838308921240876,0.6424539864648092,45354.41642438128,23859.33262545949,0.1546,42166.0,0.226,14.1,3,53.8
4,0.14187483328984468,0.0861762904763572,0.03546870832246117,0.95553860626491,0.6441390101743769,43583.948786640285,26473.356434336933,0.8459,40058.0,0.318,5.12,1,27.7
2,0.05059533006400005,0.026915948659216343,0.025297665032000025,0.866221689494627,0.6614404335834404,15542.885395660815,8268.579428111261,0.329,3060.0,0.397,14.8,4,30.9
2,0.2696344702441532,0.1830097258730597,0.1348172351220766,0.7244233922160136,0.5837461933084435,82831.70925900385,56220.587788203935,0.2705,13798.0,0.051,14.78,6,68.3
2,0.04990992273134348,0.04201721113008137,0.02495496136567174,0.5445835355966144,0.4518387306736992,15332.328263068717,12907.687259160995,0.7402,16072.0,0.287,3.22,2,5.8
1,0.006637938688502759,0.006637938688502759,0.006637938688502759,0.6873306782670949,0.6873306782670949,2039.1747651080475,2039.1747651080475,0.241,11674.0,0.31,17.92,7,36.6
1,0.1241319982087214,0.1241319982087214,0.1241319982087214,0.6544553637157027,0.6544553637157027,38133.34984971921,38133.34984971921,0.8041,48198.0,0.366,2.39,2,17.2
0,0.0,0.0,0.0,0.0,0.0,0.0,0.0,0.2637,6648.0,0.241,14.83,4,20.4
0,0.0,0.0,0.0,0.0,0.0,0.0,0.0,0.5196,1299.0,0.262,13.8,1,4.9
2,0.07056567980665207,0.047220159970018355,0.035282839903326035,0.9127689114156087,0.673256161765559,21677.776836603516,14506.033142789638,0.3256,43657.0,0.086,15.87,4,44.4
0,0.0,0.0,0.0,0.0,0.0,0.0,0.0,0.267,14801.0,0.111,15.84,2,16.0
0,0.0,0.0,0.0,0.0,0.0,0.0,0.0,0.5471,20123.0,0.066,9.75,5,8.1
1,0.009334728009813543,0.009334728009813543,0.009334728009813543,0.8591564303238926,0.8591564303238926,2867.62844461472,2867.62844461472,0.2801,20635.0,0.087,16.02,6,31.1
1,0.012578475203416123,0.012578475203416123,0.012578475203416123,0.8608506312836942,0.8608506312836942,3864.107582489433,3864.107582489433,0.5597,18400.0,0.055,9.66,2,12.2
1,0.04158210391714856,0.04158210391714856,0.04158210391714856,0.6597140412703371,0.6597140412703371,12774.022323348037,12774.022323348037,0.6756,36679.0,0.055,4.73,1,0.0
0,0.0,0.0,0.0,0.0,0.0,0.0,0.0,0.6426,27247.0,0.266,7.05,2,0.0
1,0.20044795922306677,0.20044795922306677,0.20044795922306677,0.9672575409033372,0.9672575409033372,61577.61307332611,61577.61307332611,0.98,30336.0,0.061,2.76,0,15.4
0,0.0,0.0,0.0,0.0,0.0,0.0,0.0,0.6606,19826.0,0.079,7.7,1,0.0
2,0.027679214375649203,0.01651557624162183,0.013839607187824602,0.5502392212525138,0.527288581208158,8503.054656199434,5073.585021426226,0.98,6539.0,0.136,0.59,0,0.0
1,0.030134240728838663,0.030134240728838663,0.030134240728838663,0.9528398181992009,0.9528398181992009,9257.238751899236,9257.238751899236,0.8071,22696.0,0.1,3.83,0,3.6
2,0.14854237658721864,0.11661592120375687,0.07427118829360932,0.9286069521755106,0.7421062501174167,45632.218087593574,35824.41099379411,0.4268,36271.0,0.163,13.33,3,44.4
4,0.26566142220842054,0.1443642944075694,0.06641535555210513,0.911692739093149,0.7605461797651621,81611.18890242679,44348.711242005316,0.7391,49064.0,0.187,6.55,2,43.9
1,0.021500026927599343,0.021500026927599343,0.021500026927599343,0.6214020625887551,0.6214020625887551,6604.808272158518,6604.808272158518,0.91,40720.0,0.274,1.14,0,0.0
1,0.023261754951912152,0.023261754951912152,0.023261754951912152,0.7348978908668198,0.7348978908668198,7146.011121227413,7146.011121227413,0.3055,10386.0,0.21,15.2,3,20.6
0,0.0,0.0,0.0,0.0,0.0,0.0,0.0,0.6137,8040.0,0.281,9.35,2,0.0
2,0.07953443750188921,0.04560335512452734,0.039767218750944605,0.5060371404348023,0.4769694650805042,24432.97920058037,14009.350694254797,0.5963,10418.0,0.191,9.83,3,24.7
1,0.06523757822295774,0.06523757822295774,0.06523757822295774,0.634915164011367,0.634915164011367,20040.98403009262,20040.98403009262,0.5835,24905.0,0.333,8.09,2,18.2
3,0.06780735415700827,0.03480830257765226,0.022602451385669423,0.848763531461709,0.5591458020789287,20830.419197032938,10693.110551854774,0.964,48205.0,0.258,2.1,0,6.2
1,0.052398294533630194,0.052398294533630194,0.052398294533630194,0.9250009941672594,0.9250009941672594,16096.756080731195,16096.756080731195,0.2297,6248.0,0.208,16.6,3,29.7
3,0.05358579395893331,0.0347526976577424,0.017861931319644437,0.6406289235905487,0.49924218119838404,16461.55590418431,10676.028720458466,0.4891,2541.0,0.299,10.89,3,29.2
1,0.015208572636255774,0.015208572636255774,0.015208572636255774,0.8783368895198572,0.8783368895198572,4672.073513857774,4672.073513857774,0.5301,48453.0,0.154,10.31,9,13.2
1,0.10377472795180456,0.10377472795180456,0.10377472795180456,0.45195248724670445,0.45195248724670445,31879.59642679436,31879.59642679436,0.3319,34900.0,0.344,13.14,6,37.4
2,0.032245974197079155,0.0185712785518156,0.016122987098539578,0.8951014205450463,0.6571700014417645,9905.963273342717,5705.096771117753,0.483,42450.0,0.244,10.96,5,21.2
1,0.02717705650465613,0.02717705650465613,0.02717705650465613,0.4450794458575166,0.4450794458575166,8348.791758230363,8348.791758230363,0.3225,45355.0,0.356,12.99,11,30.5
1,0.02413588859213025,0.02413588859213025,0.02413588859213025,0.7528264038837083,0.7528264038837083,7414.544975502413,7414.544975502413,0.5599,43565.0,0.163,9.6,5,19.6
1,0.01960551671711008,0.01960551671711008,0.01960551671711008,0.5365353887523967,0.5365353887523967,6022.814735496217,6022.814735496217,0.2408,23571.0,0.291,15.83,7,29.4
2,0.02274871916877182,0.012817590124847119,0.01137435958438591,0.8281606931500083,0.778433498498005,6988.406528646703,3937.563686353035,0.3361,28198.0,0.331,14.38,2,25.5
2,0.1389503969730367,0.127923124238362,0.06947519848651836,0.7589311174110256,0.6211934140649439,42685.56195011688,39297.98376602481,0.9467,22153.0,0.38,0.82,0,12.1
1,0.0641054207299076,0.0641054207299076,0.0641054207299076,0.7852690039591406,0.7852690039591406,19693.185248227615,19693.185248227615,0.6721,33738.0,0.32,6.47,1,6.2
1,0.00850573181496373,0.00850573181496373,0.00850573181496373,0.6090264768767513,0.6090264768767513,2612.960813556858,2612.960813556858,0.5042,45900.0,0.252,8.23,5,16.0
3,0.11450939994310133,0.07691007074491643,0.03816979998103378,0.8291951562300033,0.7517262622959647,35177.28766252073,23626.773732838326,0.7095,24949.0,0.131,5.67,4,32.1
2,0.09923763696108638,0.06811882043185608,0.04961881848054319,0.888846350760873,0.7945540375580916,30485.80207444574,20926.101636666186,0.6816,47735.0,0.351,4.87,4,22.5
1,0.05306681002253226,0.05306681002253226,0.05306681002253226,0.8271449059242649,0.8271449059242649,16302.124038921911,16302.124038921911,0.5521,36958.0,0.39,8.64,3,25.6
2,0.0640852061187567,0.04125754263822377,0.03204260305937835,0.8841639859706019,0.62093937770941,19686.97531968206,12674.317098462341,0.5189,19205.0,0.247,8.23,5,28.0
2,0.04668177113054249,0.03254303729277363,0.023340885565271245,0.46300334699950335,0.4532612348321796,14340.640091302652,9997.221056340059,0.4021,23897.0,0.301,13.66,5,28.5
6,0.15314501102643288,0.05798208757855506,0.02552416850440548,0.8180059481187701,0.6207799613673656,47046.147387320176,17812.097304132116,0.1608,46211.0,0.222,16.12,5,82.4
3,0.07702514308891631,0.040676602598762976,0.025675047696305436,0.9015260910703722,0.7435566147210327,23662.12395691509,12495.852318339987,0.7794,18155.0,0.074,4.52,3,19.4
4,0.12025771936588037,0.03696354758252367,0.03006442984147009,0.8272970580593048,0.7058034298153222,36943.171389198455,11355.201817351272,0.1875,41180.0,0.253,17.46,4,62.0
0,0.0,0.0,0.0,0.0,0.0,0.0,0.0,0.5657,34894.0,0.191,9.49,4,2.5
1,0.010228573539600588,0.010228573539600588,0.010228573539600588,0.5211683207817823,0.5211683207817823,3142.2177913653004,3142.2177913653004,0.904,5996.0,0.35,3.3,0,0.0
2,0.21219708471725585,0.1822467687900457,0.10609854235862792,0.970736431638837,0.6955272705211476,65186.944425140995,55986.20737230204,0.8505,42701.0,0.121,2.69,0,24.3
1,0.01830237598380598,0.01830237598380598,0.01830237598380598,0.3578971820974392,0.3578971820974392,5622.4899022251975,5622.4899022251975,0.2311,29484.0,0.105,16.42,7,37.3
1,0.005940722077241005,0.005940722077241005,0.005940722077241005,0.8655000355319347,0.8655000355319347,1824.9898221284368,1824.9898221284368,0.7608,31709.0,0.067,4.11,0,0.0
0,0.0,0.0,0.0,0.0,0.0,0.0,0.0,0.7091,49470.0,0.278,5.95,3,0.0
1,0.024955894166438813,0.024955894166438813,0.024955894166438813,0.9066248636625664,0.9066248636625664,7666.450687930003,7666.450687930003,0.7507,13350.0,0.295,2.88,2,5.8
1,0.015126637437652732,0.015126637437652732,0.015126637437652732,0.6241043318954681,0.6241043318954681,4646.903020846919,4646.903020846919,0.4406,22236.0,0.36,12.45,2,16.0
3,0.16314067421096887,0.10881917777999281,0.05438022473698962,0.9081643212483923,0.7530774510510095,50116.81511760964,33429.251414013794,0.6551,44705.0,0.333,8.39,2,28.8
2,0.10450626267067993,0.08241190779515603,0.052253131335339965,0.966915034980634,0.6970119851653135,32104.323892432876,25316.938074671933,0.5443,9006.0,0.227,8.52,2,30.8
2,0.09174137359377751,0.06880265674078515,0.04587068679688876,0.879563153066115,0.8478483853709874,28182.949968008455,21136.176150769195,0.4149,20163.0,0.17,11.44,3,31.2
3,0.16356635011804527,0.0661806238028873,0.05452211670601509,0.8880727722494185,0.7171714413960385,50247.58275626352,20330.68763224698,0.1777,30164.0,0.323,17.6,4,63.0
2,0.05144509874460685,0.03520382744271568,0.025722549372303425,0.785910529629523,0.5732554979736828,15803.934334343225,10814.615790402257,0.7533,45571.0,0.192,5.24,0,6.6
0,0.0,0.0,0.0,0.0,0.0,0.0,0.0,0.7513,2963.0,0.249,7.74,3,0.0
3,0.10527763061429932,0.06770531655929636,0.03509254353809977,0.9655805098904824,0.7612194299535853,32341.28812471275,20799.073247015844,0.7083,27759.0,0.161,7.24,3,29.6
2,0.12547640705782692,0.1124428430369353,0.06273820352891346,0.8831443439498493,0.8554227433064558,38546.35224816443,34542.441380946526,0.8237,35946.0,0.245,7.06,3,19.5
1,0.12012175326702036,0.12012175326702036,0.12012175326702036,0.6606351132379273,0.6606351132379273,36901.40260362865,36901.40260362865,0.6646,38823.0,0.225,7.14,3,18.9
1,0.026641259815068326,0.026641259815068326,0.026641259815068326,0.4711238844996922,0.4711238844996922,8184.19501518899,8184.19501518899,0.4148,6877.0,0.389,11.6,4,18.9
3,0.1143060936147832,0.04339115379438506,0.03810203120492773,0.9634673936942477,0.7384223207701414,35114.83195846139,13329.76244563509,0.6335,3551.0,0.265,7.51,7,44.4
1,0.08437994633485313,0.08437994633485313,0.08437994633485313,0.9772264418491291,0.9772264418491291,25921.51951406688,25921.51951406688,0.5992,20862.0,0.082,6.99,2,21.7
1,0.021061893284089576,0.021061893284089576,0.021061893284089576,0.40368965573921306,0.40368965573921306,6470.213616872318,6470.213616872318,0.6892,18242.0,0.222,6.18,0,1.1
2,0.1070543432597548,0.0859777610104294,0.0535271716298774,0.5705891716452719,0.5316216707040654,32887.09424939667,26412.36818240391,0.5501,16949.0,0.281,9.25,1,25.3
3,0.27811419170159857,0.1992666640059016,0.09270473056719952,0.7457615433347888,0.6652381166786068,85436.67969073108,61214.71918261297,0.5496,3937.0,0.108,11.39,1,60.3
2,0.04896262124543477,0.0405955414612748,0.024481310622717384,0.7883437079893505,0.7352077520840009,15041.31724659756,12470.95033690362,0.7607,41001.0,0.306,6.05,4,11.1
2,0.17714015206267356,0.1585684985893044,0.08857007603133678,0.7616932543505037,0.6441381131282614,54417.454713653315,48712.242766634314,0.5036,39717.0,0.185,10.9,3,43.1
5,0.17999394182056838,0.047836590112490994,0.035998788364113674,0.9204946405143392,0.6668193575262495,55294.138927278604,14695.400482557234,0.3302,27789.0,0.251,12.89,9,66.7
1,0.04120208870840374,0.04120208870840374,0.04120208870840374,0.5797910385831426,0.5797910385831426,12657.28165122163,12657.28165122163,0.1668,9445.0,0.243,16.41,5,33.5
1,0.0088469961612973,0.0088469961612973,0.0088469961612973,0.9492685287915885,0.9492685287915885,2717.7972207505304,2717.7972207505304,0.5235,41179.0,0.103,10.32,7,13.5
1,0.014307419886559192,0.014307419886559192,0.014307419886559192,0.43060348994499686,0.43060348994499686,4395.239389150984,4395.239389150984,0.7353,26317.0,0.325,5.01,5,3.8
2,0.10565567660057705,0.05996982742665316,0.052827838300288525,0.861289538498171,0.6226063727892,32457.42385169727,18422.73098546785,0.98,4422.0,0.391,0.52,0,11.5
5,0.09191748532817393,0.03917488249648455,0.018383497065634784,0.7278120074004121,0.5964685465303928,28237.05149281503,12034.523902920053,0.4653,847.0,0.115,11.21,2,44.8
2,0.06778103508718036,0.03984107837081977,0.03389051754359018,0.7659107630214115,0.6201352508602948,20822.333978781804,12239.179275515835,0.9486,48128.0,0.386,1.99,0,7.0
1,0.061978023192563604,0.061978023192563604,0.061978023192563604,0.4893694757154837,0.4893694757154837,19039.648724755538,19039.648724755538,0.6545,6953.0,0.172,6.96,3,12.2
1,0.018164846146887837,0.018164846146887837,0.018164846146887837,0.5873641369169431,0.5873641369169431,5580.240736323944,5580.240736323944,0.2697,47411.0,0.188,14.68,7,26.1
5,0.2923184732127838,0.14016952170102673,0.05846369464255676,0.826752381844087,0.6376886616936364,89800.23497096717,43060.07706655541,0.4977,41978.0,0.315,8.9,4,71.2
1,0.060604881455187935,0.060604881455187935,0.060604881455187935,0.38925011527873865,0.38925011527873865,18617.819583033735,18617.819583033735,0.7169,32358.0,0.24,5.23,1,8.0
2,0.17672897195577025,0.13675692667749376,0.08836448597788513,0.9147194312153164,0.7529135368409116,54291.140184812626,42011.72787532608,0.3068,32871.0,0.178,12.58,3,53.4
1,0.023197121806085817,0.023197121806085817,0.023197121806085817,0.5418957013366658,0.5418957013366658,7126.155818829563,7126.155818829563,0.6068,7219.0,0.186,8.38,2,0.8
1,0.022838906168866857,0.022838906168866857,0.022838906168866857,0.7991148549183498,0.7991148549183498,7016.111975075899,7016.111975075899,0.4548,42718.0,0.298,13.9,12,28.8
1,0.027173403961986833,0.027173403961986833,0.027173403961986833,0.8527669227258704,0.8527669227258704,8347.669697122356,8347.669697122356,0.1961,36122.0,0.103,16.81,5,28.7
1,0.10105681312002886,0.10105681312002886,0.10105681312002886,0.9310698897386427,0.9310698897386427,31044.652990472863,31044.652990472863,0.7062,22272.0,0.285,6.19,1,12.7
1,0.015169056752089231,0.015169056752089231,0.015169056752089231,0.7650692437507578,0.7650692437507578,4659.934234241812,4659.934234241812,0.5673,28050.0,0.212,9.72,6,10.0
6,0.192819308863341,0.051951085828070745,0.0321365514772235,0.8636173937123475,0.711729591533785,59234.09168281836,15959.373566383332,0.3502,14338.0,0.102,12.59,3,71.2
1,0.010662010473665415,0.010662010473665415,0.010662010473665415,0.47087162595181586,0.47087162595181586,3275.369617510016,3275.369617510016,0.2222,11726.0,0.103,17.8,9,36.4
6,0.4076575634002121,0.18379137039662494,0.06794292723336869,0.9220661840886698,0.7077553968066811,125232.40347654515,56460.70898584318,0.4733,44292.0,0.336,12.96,1,90.5
1,0.023438691028555052,0.023438691028555052,0.023438691028555052,0.9251352428457699,0.9251352428457699,7200.365883972112,7200.365883972112,0.7426,45983.0,0.038,6.76,3,6.3
2,0.048707250351008716,0.03322795593870488,0.024353625175504358,0.4496976139922384,0.4416578583828037,14962.867307829878,10207.62806437014,0.2561,40033.0,0.073,16.82,5,39.1
0,0.0,0.0,0.0,0.0,0.0,0.0,0.0,0.3463,45466.0,0.268,12.52,6,15.4
1,0.0437743602120397,0.0437743602120397,0.0437743602120397,0.5264256990146449,0.5264256990146449,13447.483457138595,13447.483457138595,0.8077,16120.0,0.094,7.54,3,3.2
1,0.14912863485740258,0.14912863485740258,0.14912863485740258,0.8103463823429855,0.8103463823429855,45812.31662819407,45812.31662819407,0.7579,21895.0,0.132,6.61,1,19.5
2,0.06618595625951931,0.0427307306161534,0.033092978129759656,0.754699873580847,0.7061492822290328,20332.325762924334,13126.880445282324,0.8855,27703.0,0.135,2.81,1,8.3
1,0.04355035923793158,0.04355035923793158,0.04355035923793158,0.5165192389685198,0.5165192389685198,13378.67035789258,13378.67035789258,0.8531,8556.0,0.383,2.78,1,0.0
1,0.02919382487930079,0.02919382487930079,0.02919382487930079,0.7632183353881643,0.7632183353881643,8968.343002921203,8968.343002921203,0.6115,44938.0,0.335,8.88,1,6.3
4,0.17850415256097313,0.05309923434590067,0.04462603814024328,0.8683588644593706,0.6014124401989167,54836.47566673094,16312.084791060686,0.2667,18046.0,0.162,17.25,3,66.3
1,0.0059327719005074254,0.0059327719005074254,0.0059327719005074254,0.4912676394159132,0.4912676394159132,1822.547527835881,1822.547527835881,0.7451,11432.0,0.303,5.06,3,3.5
1,0.05362225681951709,0.05362225681951709,0.05362225681951709,0.6915122394681729,0.6915122394681729,16472.757294955652,16472.757294955652,0.8906,29120.0,0.248,0.74,0,0.0
1,0.056751396947165245,0.056751396947165245,0.056751396947165245,0.7646620595578243,0.7646620595578243,17434.02914216916,17434.02914216916,0.4127,43980.0,0.201,15.12,2,26.6
2,0.1231815346391399,0.0972649145955275,0.06159076731956995,0.9352324745989441,0.8314202971319484,37841.367441143775,29879.781763746047,0.2865,36002.0,0.08,15.07,2,40.1
4,0.11676641723270856,0.04491767204683963,0.02919160430817714,0.7619493504484562,0.6199451886923893,35870.64337388807,13798.708852789134,0.6383,12604.0,0.146,8.77,6,40.0
2,0.07708180550874198,0.06025381881046936,0.03854090275437099,0.9502540142325335,0.6512238130769195,23679.53065228554,18509.973138576188,0.8408,39240.0,0.251,4.22,0,12.6
1,0.029169179044087095,0.029169179044087095,0.029169179044087095,0.6784695300579746,0.6784695300579746,8960.771802343555,8960.771802343555,0.6117,21688.0,0.366,8.9,6,15.0
1,0.10605438646687862,0.10605438646687862,0.10605438646687862,0.9799855228631473,0.9799855228631473,32579.90752262511,32579.90752262511,0.3271,45028.0,0.305,13.84,3,34.6
1,0.04814884039749676,0.04814884039749676,0.04814884039749676,0.685493981386508,0.685493981386508,14791.323770111005,14791.323770111005,0.3246,42535.0,0.26,13.37,6,38.8
1,0.005524095220514336,0.005524095220514336,0.005524095220514336,0.3872718372935384,0.3872718372935384,1697.002051742004,1697.002051742004,0.6359,9010.0,0.1,6.66,3,7.6
1,0.046094322861503806,0.046094322861503806,0.046094322861503806,0.3786917329923052,0.3786917329923052,14160.175983053969,14160.175983053969,0.7941,25769.0,0.334,6.34,0,3.5
0,0.0,0.0,0.0,0.0,0.0,0.0,0.0,0.6506,48825.0,0.234,7.21,2,3.4
4,0.1282362062807169,0.06557188254333682,0.03205905157017923,0.9293052008147279,0.7271291809908268,39394.162569436245,20143.68231731307,0.2233,15223.0,0.075,16.13,7,64.4
1,0.005251614258576925,0.005251614258576925,0.005251614258576925,0.9681457764802156,0.9681457764802156,1613.2959002348316,1613.2959002348316,0.2144,1692.0,0.166,16.3,6,34.9
1,0.013480521732927027,0.013480521732927027,0.013480521732927027,0.9206087852974388,0.9206087852974388,4141.216276355182,4141.216276355182,0.2891,31117.0,0.359,14.87,11,35.6
0,0.0,0.0,0.0,0.0,0.0,0.0,0.0,0.2791,33662.0,0.184,13.95,8,23.0
1,0.03404392519185125,0.03404392519185125,0.03404392519185125,0.9181943606208971,0.9181943606208971,10458.293818936705,10458.293818936705,0.8714,25837.0,0.29,1.36,2,0.0
4,0.14520625584283764,0.06939994537548257,0.03630156396070941,0.7940097628285105,0.6618585720404028,44607.36179491972,21319.663219348244,0.9171,16403.0,0.289,1.62,1,26.3
1,0.09879967418254783,0.09879967418254783,0.09879967418254783,0.8498409419081157,0.8498409419081157,30351.259908878692,30351.259908878692,0.3821,27911.0,0.186,14.09,8,27.4
4,0.14742810718023247,0.059389339289622055,0.03685702679505812,0.9780593304919994,0.9555826679419687,45289.91452576741,18244.405029771897,0.5351,42656.0,0.039,12.22,5,47.5
1,0.02941480434006381,0.02941480434006381,0.02941480434006381,0.7180079356787823,0.7180079356787823,9036.227893267602,9036.227893267602,0.6782,6280.0,0.244,6.06,2,5.5
2,0.04664163891058157,0.025438419222931004,0.023320819455290784,0.769662595932278,0.6773358705308405,14328.311473330657,7814.6823852844045,0.6599,21759.0,0.117,8.11,1,16.4
3,0.1401893662371234,0.07753892787884427,0.046729788745707795,0.8896675397018892,0.6256499693426179,43066.1733080443,23819.95864438096,0.5864,13885.0,0.252,7.38,3,41.5
1,0.009877733017700166,0.009877733017700166,0.009877733017700166,0.6274237713615523,0.6274237713615523,3034.439583037491,3034.439583037491,0.9452,25778.0,0.199,2.11,2,0.0
2,0.17683449303284043,0.13762496703457525,0.08841724651642022,0.8898143518903063,0.7040805823474298,54323.55625968859,42278.389873021515,0.1716,21685.0,0.366,16.3,2,56.7
4,0.08475014211702696,0.04104461248687388,0.02118753552925674,0.9659811566152765,0.7869352393890262,26035.243658350686,12608.904955967657,0.8287,5138.0,0.382,1.41,2,27.1
2,0.058073971951144374,0.036613030551300774,0.029036985975572187,0.6680962844175047,0.5792897661390464,17840.324183391553,11247.522985359597,0.6109,34902.0,0.343,7.13,4,23.0
2,0.09748556061370475,0.06050988518078819,0.048742780306852376,0.589117197457047,0.5549666648647393,29947.564220530097,18588.63672753813,0.7908,18225.0,0.209,3.91,1,13.0
4,0.13003888279928988,0.06832898372480434,0.03250972069982247,0.6990762247416018,0.6141636587027076,39947.94479594185,20990.663800259892,0.5144,23220.0,0.27,12.04,4,45.3
3,0.27145691244904824,0.19196839122648848,0.09048563748301608,0.7867015852591768,0.6412523864424422,83391.5635043476,58972.68978477726,0.7002,36163.0,0.304,6.41,2,50.8
1,0.014323693524737724,0.014323693524737724,0.014323693524737724,0.6695274276205159,0.6695274276205159,4400.238650799429,4400.238650799429,0.7022,35397.0,0.232,5.51,3,1.7
1,0.09551991244695147,0.09551991244695147,0.09551991244695147,0.816951291209403,0.816951291209403,29343.717103703493,29343.717103703493,0.4532,7061.0,0.215,11.23,2,23.5
2,0.011574955735555765,0.0059048423394140945,0.005787477867777883,0.5146253727375086,0.45861572041552223,3555.8264019627313,1813.9675666680098,0.4552,32692.0,0.318,9.98,3,15.9
1,0.030318029091649153,0.030318029091649153,0.030318029091649153,0.5377617649545514,0.5377617649545514,9313.69853695462,9313.69853695462,0.7731,33228.0,0.228,4.34,1,0.0
2,0.10694981554868117,0.08660376581314232,0.05347490777434059,0.9538076263602745,0.7479992303654756,32854.983336554855,26604.67685779732,0.7537,47302.0,0.275,6.78,2,24.0
1,0.035179702158868204,0.035179702158868204,0.035179702158868204,0.4388220244498961,0.4388220244498961,10807.204503204312,10807.204503204312,0.5265,45104.0,0.393,7.69,3,13.3
3,0.12961757023144063,0.06015668982937012,0.043205856743813546,0.6274373849984158,0.4823234026734557,39818.51757509856,18480.1351155825,0.3905,28219.0,0.056,12.62,3,46.7
2,0.06355186821212332,0.03975559579837977,0.03177593410606166,0.7833687253238749,0.7284907457264473,19523.133914764287,12212.919029262266,0.5015,46690.0,0.183,10.95,5,26.6
1,0.02713435820593124,0.02713435820593124,0.02713435820593124,0.4160277169253813,0.4160277169253813,8335.674840862077,8335.674840862077,0.2434,13564.0,0.286,16.97,6,32.0
2,0.031035454777006727,0.024674017739848994,0.015517727388503363,0.9167040072124559,0.8976000736249787,9534.091707496467,7579.858249681611,0.2018,22646.0,0.177,17.27,13,51.1
1,0.04735925656149625,0.04735925656149625,0.04735925656149625,0.9498055989804182,0.9498055989804182,14548.763615691647,14548.763615691647,0.5558,14480.0,0.04,10.29,9,23.8
3,0.12316431034702818,0.06628708614915615,0.04105477011567606,0.9468670991585728,0.6453278914553823,37836.07613860705,20363.39286502077,0.7728,24766.0,0.173,7.73,4,30.5
1,0.22943595279866694,0.22943595279866694,0.22943595279866694,0.6205497738786743,0.6205497738786743,70482.72469975048,70482.72469975048,0.641,41986.0,0.093,9.11,4,46.4
0,0.0,0.0,0.0,0.0,0.0,0.0,0.0,0.4955,20147.0,0.308,10.12,9,17.3
4,0.09449078846124928,0.04576420043223524,0.02362269711531232,0.9676702148782246,0.6910554738733657,29027.570215295782,14058.762372782665,0.5852,24843.0,0.033,8.36,4,31.9
1,0.026031609725189205,0.026031609725189205,0.026031609725189205,0.941932242189414,0.941932242189414,7996.9105075781235,7996.9105075781235,0.9386,5821.0,0.155,3.53,0,0.0
0,0.0,0.0,0.0,0.0,0.0,0.0,0.0,0.98,4611.0,0.226,1.28,0,0.0
1,0.025606442556145897,0.025606442556145897,0.025606442556145897,0.807203268053223,0.807203268053223,7866.299153248019,7866.299153248019,0.4052,13590.0,0.341,12.74,6,27.8
1,0.04480847595729587,0.04480847595729587,0.04480847595729587,0.8070048415221495,0.8070048415221495,13765.16381408129,13765.16381408129,0.6314,35757.0,0.102,7.08,5,12.0
0,0.0,0.0,0.0,0.0,0.0,0.0,0.0,0.387,13514.0,0.185,14.5,3,15.8
1,0.02074141323531362,0.02074141323531362,0.02074141323531362,0.7310394715879802,0.7310394715879802,6371.762145888344,6371.762145888344,0.5118,10956.0,0.336,10.71,3,14.0
5,0.1453341259740733,0.042839704896493386,0.029066825194814662,0.7733745613240337,0.6097195166172276,44646.64349923532,13160.357344202768,0.4695,10759.0,0.175,12.54,6,54.8
1,0.05648595273400007,0.05648595273400007,0.05648595273400007,0.825852850760725,0.825852850760725,17352.48467988482,17352.48467988482,0.5498,20435.0,0.374,9.42,6,22.6
0,0.0,0.0,0.0,0.0,0.0,0.0,0.0,0.6383,22839.0,0.105,9.59,0,0.0
2,0.029156938789654096,0.017007513759684678,0.014578469394827048,0.6005897819068331,0.5808346113207152,8957.01159618174,5224.708226975134,0.3969,21889.0,0.39,11.65,3,30.5
1,0.026607624265967737,0.026607624265967737,0.026607624265967737,0.5456656410237108,0.5456656410237108,8173.862174505289,8173.862174505289,0.4108,46107.0,0.129,14.21,5,18.1
0,0.0,0.0,0.0,0.0,0.0,0.0,0.0,0.5102,6223.0,0.372,11.14,3,8.6
0,0.0,0.0,0.0,0.0,0.0,0.0,0.0,0.7533,9052.0,0.087,6.88,0,0.0
1,0.0062941746065936595,0.0062941746065936595,0.0062941746065936595,0.8102325112109632,0.8102325112109632,1933.5704391455722,1933.5704391455722,0.4058,10664.0,0.314,15.08,4,21.8
0,0.0,0.0,0.0,0.0,0.0,0.0,0.0,0.3826,46758.0,0.102,12.15,6,20.6
2,0.050807816755826844,0.035393700014510934,0.025403908377913422,0.7237207708858617,0.6856979132512631,15608.161307390006,10872.944644457759,0.6606,6001.0,0.092,7.38,3,20.2
0,0.0,0.0,0.0,0.0,0.0,0.0,0.0,0.6183,34657.0,0.184,8.53,2,7.1
1,0.018053641840163524,0.018053641840163524,0.018053641840163524,0.642324324404484,0.642324324404484,5546.078773298234,5546.078773298234,0.275,34834.0,0.277,13.67,5,29.0
4,0.07724772447194378,0.02934725601668203,0.019311931117985945,0.9413218847243328,0.7300587594830469,23730.500957781125,9015.47704832472,0.8819,28747.0,0.327,4.25,1,18.2
2,0.06855090478665166,0.055014418337338354,0.03427545239332583,0.8716671918887083,0.6453338856682069,21058.83795045939,16900.429313230343,0.7497,8854.0,0.24,7.5,3,16.3
1,0.008815666887654708,0.008815666887654708,0.008815666887654708,0.9194696933648759,0.9194696933648759,2708.1728678875265,2708.1728678875265,0.2309,10621.0,0.224,15.95,5,26.1
1,0.04723963510655936,0.04723963510655936,0.04723963510655936,0.9682803196842301,0.9682803196842301,14512.015904735035,14512.015904735035,0.8804,17249.0,0.073,2.59,1,0.0
2,0.1427624708988643,0.13459650352444053,0.07138123544943215,0.8769348557505627,0.7423466323826341,43856.631060131105,41348.04588270813,0.7511,28665.0,0.07,7.9,1,23.9
0,0.0,0.0,0.0,0.0,0.0,0.0,0.0,0.4494,28644.0,0.278,10.7,3,12.8
3,0.36707753471915794,0.22593442943300518,0.12235917823971931,0.8756082986289921,0.6843227379701373,112766.2186657253,69407.05672181919,0.3122,10097.0,0.294,16.82,6,81.4
0,0.0,0.0,0.0,0.0,0.0,0.0,0.0,0.2299,5402.0,0.134,15.49,9,27.9
0,0.0,0.0,0.0,0.0,0.0,0.0,0.0,0.4688,39374.0,0.186,11.79,5,13.0
0,0.0,0.0,0.0,0.0,0.0,0.0,0.0,0.9348,34258.0,0.071,0.89,2,0.0
0,0.0,0.0,0.0,0.0,0.0,0.0,0.0,0.7884,47648.0,0.36,3.96,4,0.0
2,0.09177045131675415,0.04976129135097567,0.04588522565837708,0.6791615489249325,0.6282428170147156,28191.882644506877,15286.668703019726,0.6004,21292.0,0.039,8.34,3,23.6
1,0.013114893966407214,0.013114893966407214,0.013114893966407214,0.8709815362193539,0.8709815362193539,4028.895426480296,4028.895426480296,0.5262,42038.0,0.379,10.14,3,11.0
4,0.21824649720635514,0.11417351141814598,0.054561624301588785,0.8399085411613699,0.5639907547842146,67045.3239417923,35074.10270765445,0.9154,34309.0,0.133,3.33,1,37.8
0,0.0,0.0,0.0,0.0,0.0,0.0,0.0,0.7178,25431.0,0.385,5.54,3,0.0
2,0.07695025980788216,0.042594064166361606,0.03847512990394108,0.6117077841235716,0.5237529978874235,23639.1198129814,13084.896511906285,0.3546,34987.0,0.307,15.09,3,38.8
1,0.007436260598080537,0.007436260598080537,0.007436260598080537,0.947819250267156,0.947819250267156,2284.419255730341,2284.419255730341,0.8831,9786.0,0.033,2.46,0,0.0
2,0.08314184444995308,0.056604885427668505,0.04157092222497654,0.8184626496697531,0.7926466233148889,25541.174615025586,17389.020803379764,0.5104,40119.0,0.293,11.15,4,21.7
3,0.18882915134438763,0.14954694899592316,0.06294305044812921,0.9157789482117116,0.7799973637699149,58008.31529299588,45940.822731547596,0.3447,47230.0,0.327,14.4,3,56.3
1,0.04764895536502212,0.04764895536502212,0.04764895536502212,0.5778067540537437,0.5778067540537437,14637.759088134797,14637.759088134797,0.5539,42542.0,0.164,9.85,3,17.7
3,0.08253112758139382,0.053226969957138236,0.027510375860464606,0.765897283833333,0.7146663005904488,25353.562393004184,16351.325170832866,0.6278,3289.0,0.141,7.68,4,28.8
1,0.03395602290925284,0.03395602290925284,0.03395602290925284,0.754970460201892,0.754970460201892,10431.290237722473,10431.290237722473,0.98,31985.0,0.241,1.72,0,0.0
4,0.10059114731186233,0.04613388754209048,0.025147786827965583,0.9205186142285832,0.6127652610586315,30901.600454204105,14172.330252930196,0.2863,26235.0,0.032,15.63,5,52.9
6,0.18459623039842563,0.07119733186471702,0.030766038399737603,0.9671937600138892,0.7149352440073065,56707.96197839635,21871.82034884107,0.8242,9990.0,0.212,6.52,1,45.7
6,0.280998924878324,0.09149607357814692,0.046833154146387335,0.9708612992386183,0.6230999117736885,86322.86972262114,28107.59380320673,0.4216,33876.0,0.317,13.26,5,82.4
1,0.006254147829332206,0.006254147829332206,0.006254147829332206,0.8698845450990617,0.8698845450990617,1921.2742131708537,1921.2742131708537,0.6516,1362.0,0.043,9.35,2,13.4
1,0.03269655176749168,0.03269655176749168,0.03269655176749168,0.6961903849013104,0.6961903849013104,10044.380702973443,10044.380702973443,0.9305,24314.0,0.185,4.18,0,0.0
1,0.04713973396607066,0.04713973396607066,0.04713973396607066,0.4326908381994405,0.4326908381994405,14481.326274376906,14481.326274376906,0.2632,994.0,0.04,14.27,3,31.7
2,0.04783157928250342,0.03384507624342219,0.02391578964125171,0.9738516875288441,0.9534151497842639,14693.861155585051,10397.207421979296,0.6909,18671.0,0.113,6.79,3,16.8
1,0.09440267696193755,0.09440267696193755,0.09440267696193755,0.7529080784168487,0.7529080784168487,29000.502362707215,29000.502362707215,0.9359,9172.0,0.298,0.65,0,1.3
3,0.179941303710245,0.12880797958001092,0.05998043457008167,0.8723026917223754,0.776718439191527,55277.96849978727,39569.811326979354,0.9776,14083.0,0.091,2.9,0,25.6
1,0.01456193420096127,0.01456193420096127,0.01456193420096127,0.7692780069462047,0.7692780069462047,4473.426186535302,4473.426186535302,0.6309,40058.0,0.394,7.47,1,1.5
0,0.0,0.0,0.0,0.0,0.0,0.0,0.0,0.4387,34048.0,0.096,12.39,5,6.6
2,0.0526174268412996,0.04314861316211221,0.0263087134206498,0.7653365134242736,0.6611231093003839,16164.073525647236,13255.25396340087,0.3191,42869.0,0.152,14.83,6,36.3
1,0.01334654733013576,0.01334654733013576,0.01334654733013576,0.842615431146261,0.842615431146261,4100.059339817705,4100.059339817705,0.5641,39595.0,0.367,10.12,11,20.5
2,0.04266708010445132,0.024587425263925926,0.02133354005222566,0.9528424500275593,0.8786432066954515,13107.327008087446,7553.2570410780445,0.884,3958.0,0.236,3.63,0,0.0
1,0.07820415285159509,0.07820415285159509,0.07820415285159509,0.8106547397623903,0.8106547397623903,24024.31575601001,24024.31575601001,0.9015,9609.0,0.081,3.55,0,3.7
2,0.09622004337572311,0.05317791332903529,0.048110021687861555,0.9652091757139794,0.908760780771763,29558.79732502214,16336.254974679641,0.6465,7462.0,0.251,7.34,4,20.0
1,0.0837182906782976,0.0837182906782976,0.0837182906782976,0.7254551842629042,0.7254551842629042,25718.258896373023,25718.258896373023,0.9647,5244.0,0.18,1.68,0,0.8
3,0.04128981387021153,0.02700048465486057,0.01376327129007051,0.9041877770531249,0.7436170990499407,12684.23082092898,8294.548885973167,0.7626,36318.0,0.377,3.51,1,2.2
2,0.06670768080765761,0.05928022836310798,0.033353840403828806,0.8436612407082773,0.8193428024947639,20492.599544112418,18210.88615314677,0.5159,20165.0,0.074,13.66,3,27.1
0,0.0,0.0,0.0,0.0,0.0,0.0,0.0,0.4023,47424.0,0.118,14.22,5,19.7
1,0.013895009043177146,0.013895009043177146,0.013895009043177146,0.6872687980029694,0.6872687980029694,4268.546778064019,4268.546778064019,0.7707,37570.0,0.182,4.34,1,0.0
1,0.015673908766155126,0.015673908766155126,0.015673908766155126,0.9565686793638797,0.9565686793638797,4815.0247729628545,4815.0247729628545,0.5851,30837.0,0.134,7.15,4,11.3
4,0.12517091195987817,0.07454193620719493,0.03129272798996954,0.8451337163151296,0.7056165363434406,38452.50415407457,22899.282802850284,0.6537,15320.0,0.215,8.35,3,42.6
1,0.027175251143510975,0.027175251143510975,0.027175251143510975,0.5035744541044912,0.5035744541044912,8348.237151286572,8348.237151286572,0.7969,28223.0,0.166,7.07,0,0.8
4,0.2520540124787219,0.14073800957350588,0.06301350311968047,0.5378149861078494,0.4231559215361975,77430.99263346336,43234.716540981004,0.216,31555.0,0.227,16.58,7,79.9
0,0.0,0.0,0.0,0.0,0.0,0.0,0.0,0.8431,18779.0,0.188,3.66,4,0.0
1,0.005423648308631216,0.005423648308631216,0.005423648308631216,0.35559452175786277,0.35559452175786277,1666.1447604115094,1666.1447604115094,0.4886,27752.0,0.288,12.85,1,15.7
0,0.0,0.0,0.0,0.0,0.0,0.0,0.0,0.8071,42351.0,0.271,5.74,3,1.0
0,0.0,0.0,0.0,0.0,0.0,0.0,0.0,0.6964,26581.0,0.312,9.0,1,0.0
4,0.2586040365862029,0.14250821988234183,0.06465100914655073,0.917406465329372,0.6439276419756473,79443.16003928153,43778.52514785541,0.882,18750.0,0.255,2.44,0,34.8
1,0.06409792221904835,0.06409792221904835,0.06409792221904835,0.4061931138108897,0.4061931138108897,19690.881705691652,19690.881705691652,0.4805,39505.0,0.339,10.67,5,25.9
3,0.07836302987729982,0.04148872359664701,0.02612100995909994,0.7756031195097292,0.6899485931589554,24073.122778306504,12745.33588888996,0.8331,33467.0,0.28,4.28,1,20.4
1,0.022839796140104156,0.022839796140104156,0.022839796140104156,0.6440280912210805,0.6440280912210805,7016.385374239997,7016.385374239997,0.5778,11001.0,0.039,6.81,1,2.7
1,0.06889599101945132,0.06889599101945132,0.06889599101945132,0.6911516530047532,0.6911516530047532,21164.848441175447,21164.848441175447,0.8118,11748.0,0.252,2.8,1,1.6
0,0.0,0.0,0.0,0.0,0.0,0.0,0.0,0.7166,24434.0,0.295,6.0,3,1.7
6,0.2323812206009802,0.09673414421019236,0.0387302034334967,0.9548128191063018,0.8202819602404275,71387.51096862112,29716.729101371093,0.7308,47957.0,0.125,6.6,2,53.5
1,0.047572142238863684,0.047572142238863684,0.047572142238863684,0.3662933135898038,0.3662933135898038,14614.162095778924,14614.162095778924,0.4655,31562.0,0.147,12.67,3,17.9
2,0.13698075341913932,0.12200393650352852,0.06849037670956966,0.5816844533747076,0.5013869348323208,42080.4874503596,37479.60929388396,0.551,26488.0,0.39,6.55,3,29.9
1,0.1088088777456636,0.1088088777456636,0.1088088777456636,0.7775467293838274,0.7775467293838274,33426.08724346786,33426.08724346786,0.569,20346.0,0.257,10.62,1,26.1
2,0.019041573570463637,0.011839330468362958,0.009520786785231819,0.9784521833799147,0.9485476461820803,5849.571400846429,3637.042319881101,0.6498,38851.0,0.043,9.03,1,12.7
0,0.0,0.0,0.0,0.0,0.0,0.0,0.0,0.3076,37506.0,0.255,13.69,7,21.7
1,0.03686448468360687,0.03686448468360687,0.03686448468360687,0.45239153940359583,0.45239153940359583,11324.76969480403,11324.76969480403,0.256,18132.0,0.041,17.34,7,30.7
2,0.17823623660720786,0.12266471185741883,0.08911811830360393,0.9659569572252665,0.7090663687758869,54754.17188573426,37682.599482599064,0.8097,34617.0,0.048,6.24,4,27.4
2,0.04827669698637243,0.03946334854479568,0.024138348493186215,0.7804662163831556,0.6788397966144446,14830.60131421361,12123.140672961234,0.3071,15334.0,0.213,14.29,2,36.2
1,0.08472615751294836,0.08472615751294836,0.08472615751294836,0.8720278765837102,0.8720278765837102,26027.875587977738,26027.875587977738,0.7255,35482.0,0.318,4.73,2,11.6
1,0.04241993047286245,0.04241993047286245,0.04241993047286245,0.4212231670004784,0.4212231670004784,13031.402641263345,13031.402641263345,0.3381,8219.0,0.294,12.85,9,35.4
1,0.050533878729208316,0.050533878729208316,0.050533878729208316,0.9483394399195927,0.9483394399195927,15524.007545612794,15524.007545612794,0.1338,9530.0,0.211,17.86,5,36.4
1,0.013715814854781544,0.013715814854781544,0.013715814854781544,0.5971543491457278,0.5971543491457278,4213.498323388891,4213.498323388891,0.8732,32893.0,0.065,2.27,1,0.0
1,0.06179508299873058,0.06179508299873058,0.06179508299873058,0.8815971456499568,0.8815971456499568,18983.449497210033,18983.449497210033,0.1571,32408.0,0.114,16.74,8,37.0
1,0.013350784257674428,0.013350784257674428,0.013350784257674428,0.6459782952262152,0.6459782952262152,4101.360923957584,4101.360923957584,0.5373,3725.0,0.049,9.78,2,10.7
2,0.12403237865420902,0.09337947457405403,0.06201618932710451,0.7144930366335549,0.7049477193780727,38102.74672257301,28686.1745891494,0.6957,1008.0,0.339,5.96,2,21.5
2,0.16367211360320932,0.15514862614976785,0.08183605680160466,0.6694092553411102,0.6190157037316518,50280.0732989059,47661.65795320868,0.4303,16081.0,0.394,13.22,3,40.3
2,0.03180707755059416,0.021009288103354697,0.01590353877529708,0.8644561395414324,0.8284075232846988,9771.134223542524,6454.053305350563,0.3807,44515.0,0.061,13.89,6,32.9
1,0.04034805948275269,0.04034805948275269,0.04034805948275269,0.9346295420349207,0.9346295420349207,12394.923873101627,12394.923873101627,0.5885,44425.0,0.333,8.87,1,11.4
2,0.09191760655020564,0.0776290438815982,0.04595880327510282,0.7718097480451,0.7388901233062442,28237.088732223176,23847.642280426968,0.2441,33663.0,0.276,15.61,8,42.6
1,0.041549516069758166,0.041549516069758166,0.041549516069758166,0.8919268586072953,0.8919268586072953,12764.011336629708,12764.011336629708,0.5463,37052.0,0.225,10.32,2,11.9
2,0.168219979811058,0.1560628163687142,0.084109989905529,0.7838602625730937,0.7057217219062482,51677.17779795702,47942.497188469,0.2294,10943.0,0.247,15.09,8,53.3
2,0.08285342660402994,0.06894425282776616,0.04142671330201497,0.6817553311861582,0.5938057924502973,25452.572652757997,21179.674468689765,0.7286,13129.0,0.326,6.59,2,14.5
2,0.12981617337639229,0.08533553194687733,0.06490808668819614,0.5224477734112782,0.44417822982845595,39879.52846122771,26215.075414080715,0.9301,12392.0,0.104,3.25,1,15.8
1,0.006636164312625351,0.006636164312625351,0.006636164312625351,0.4019213181449985,0.4019213181449985,2038.6296768385077,2038.6296768385077,0.6436,27725.0,0.309,6.89,5,4.4
2,0.11672638095288222,0.05930318728490946,0.05836319047644111,0.9199452801073947,0.7599245087150968,35858.344228725415,18217.939133924185,0.2133,29847.0,0.06,17.07,2,47.3
2,0.1163473734247365,0.1004106991899416,0.05817368671236825,0.714988354462304,0.5976059371039014,35741.91311607906,30846.16679115006,0.4384,9959.0,0.298,11.45,3,39.1
4,0.14499905053577106,0.0615842993714962,0.036249762633942764,0.9272865240383922,0.678646220755303,44543.708324588864,18918.696766923633,0.8308,25841.0,0.061,2.0,1,30.1
5,0.357246294787704,0.12329996145393131,0.0714492589575408,0.9712117247107053,0.7504648110579811,109746.06175878269,37877.7481586477,0.4487,14332.0,0.28,9.67,4,82.7
1,0.005965367035928226,0.005965367035928226,0.005965367035928226,0.5789193728297585,0.5789193728297585,1832.5607534371509,1832.5607534371509,0.4559,33987.0,0.28,11.69,1,13.0
2,0.01943990079406399,0.010355189309520715,0.009719950397031996,0.7483564272724563,0.5730193085175491,5971.937523936459,3181.114155884764,0.8552,21352.0,0.296,2.61,0,0.0
2,0.024136709419834604,0.015059432275817498,0.012068354709917302,0.7992673628556759,0.5946462408168469,7414.797133773191,4626.2575951311355,0.8788,40637.0,0.346,4.43,0,0.3
1,0.012349912194941663,0.012349912194941663,0.012349912194941663,0.4114164001186324,0.4114164001186324,3793.893026286079,3793.893026286079,0.2405,25071.0,0.209,16.48,6,30.9
4,0.20007370099306138,0.08779168344999032,0.050018425248265344,0.7878029775153523,0.6042357074931617,61462.64094506845,26969.605155837027,0.628,30090.0,0.298,8.16,5,56.3
4,0.30213781242232984,0.1608726910465171,0.07553445310558246,0.7562250412857348,0.5960252172264057,92816.73597613972,49420.090689490055,0.3767,15333.0,0.298,14.65,4,73.5
1,0.02062203560788403,0.02062203560788403,0.02062203560788403,0.8853234840161549,0.8853234840161549,6335.089338741975,6335.089338741975,0.3151,33932.0,0.347,14.52,5,27.1
3,0.07953751482858229,0.04773791134758138,0.026512504942860764,0.9773343420307293,0.9359704680923763,24433.924555340483,14665.086365977,0.7059,46453.0,0.228,5.38,1,24.8
1,0.02956434745172618,0.02956434745172618,0.02956434745172618,0.7111861761500113,0.7111861761500113,9082.167537170282,9082.167537170282,0.98,15063.0,0.082,0.99,0,0.0
0,0.0,0.0,0.0,0.0,0.0,0.0,0.0,0.8902,22837.0,0.099,2.17,1,0.0
1,0.08391123945646586,0.08391123945646586,0.08391123945646586,0.4464902849968318,0.4464902849968318,25777.532761026312,25777.532761026312,0.779,6472.0,0.392,4.35,1,7.6
4,0.2931063541125185,0.16941255060177893,0.07327658852812963,0.8914833337008331,0.6882367599631011,90042.2719833657,52043.535544866485,0.6657,42433.0,0.033,5.13,5,66.1
2,0.058036293760308055,0.030210138528025444,0.029018146880154028,0.9757999799199824,0.7815777088771303,17828.749443166635,9280.554555809416,0.7738,29816.0,0.039,3.58,1,10.9
1,0.019265187528174348,0.019265187528174348,0.019265187528174348,0.7553330244109404,0.7553330244109404,5918.26560865516,5918.26560865516,0.366,33508.0,0.361,14.56,5,19.3
2,0.06095258072092094,0.05198867156511389,0.03047629036046047,0.9059899663597136,0.7050715205601112,18724.632797466915,15970.919904802988,0.98,15164.0,0.197,1.16,0,0.0
2,0.04005981662918736,0.03131849723011156,0.02002990831459368,0.8189576997599637,0.8117946812299384,12306.375668486357,9621.042349090272,0.58,6096.0,0.074,10.03,5,12.9
2,0.024351420192486078,0.014986953402994555,0.012175710096243039,0.9188540297900172,0.7025737400877565,7480.756283131723,4603.992085399927,0.7164,2530.0,0.047,4.64,2,6.2
1,0.011091404120872044,0.011091404120872044,0.011091404120872044,0.7327513192711216,0.7327513192711216,3407.279345931892,3407.279345931892,0.5097,11838.0,0.351,12.55,2,14.1
1,0.03296342859698116,0.03296342859698116,0.03296342859698116,0.3849529544730156,0.3849529544730156,10126.365264992613,10126.365264992613,0.1658,2112.0,0.032,17.42,7,39.7
1,0.025455166168751205,0.025455166168751205,0.025455166168751205,0.8503173464119462,0.8503173464119462,7819.82704704037,7819.82704704037,0.8654,35770.0,0.344,4.43,0,0.0
3,0.23666406452847902,0.1344086220964641,0.078888021509493,0.7528496910113485,0.5671605373427667,72703.20062314875,41290.32870803377,0.5041,19979.0,0.17,10.18,1,54.6
1,0.00960677694354436,0.00960677694354436,0.00960677694354436,0.4098836282349466,0.4098836282349466,2951.2018770568275,2951.2018770568275,0.5543,26311.0,0.215,12.03,2,10.1
1,0.005046854090805174,0.005046854090805174,0.005046854090805174,0.8452747764334441,0.8452747764334441,1550.3935766953496,1550.3935766953496,0.8114,2964.0,0.334,3.41,1,0.0
3,0.10909549374811645,0.05146699620390107,0.03636516458270548,0.7572631141432247,0.5613825600045067,33514.13567942137,15810.66123383841,0.7448,43407.0,0.307,6.55,1,23.1
2,0.03830636580172234,0.032510478278665524,0.01915318290086117,0.8698466812745372,0.7812488388403588,11767.715574289105,9987.21892720605,0.4094,34892.0,0.371,11.97,5,27.0
1,0.0866511696470481,0.0866511696470481,0.0866511696470481,0.41783610234312846,0.41783610234312846,26619.239315573173,26619.239315573173,0.4673,13233.0,0.151,11.6,3,24.6
2,0.020039061942966067,0.013105917398638766,0.010019530971483033,0.9621645175706175,0.686231641996425,6155.999828879176,4026.137824861829,0.4223,39875.0,0.218,12.13,3,23.5
1,0.040860911835828836,0.040860911835828836,0.040860911835828836,0.8334971395661023,0.8334971395661023,12552.472115966619,12552.472115966619,0.3954,12083.0,0.321,12.86,2,24.4
2,0.033161738979950166,0.027966027163694257,0.016580869489975083,0.9764364868620503,0.9197319905080656,10187.28621464069,8591.163544686875,0.6391,24248.0,0.305,9.01,2,23.3
1,0.09712720704135411,0.09712720704135411,0.09712720704135411,0.35976004995652067,0.35976004995652067,29837.47800310398,29837.47800310398,0.8797,31323.0,0.096,0.68,2,8.7
2,0.047613967662049506,0.03559791140355094,0.023806983831024753,0.8794874986493662,0.6479085691588291,14627.010865781609,10935.678383170849,0.904,1387.0,0.395,2.7,1,0.0
3,0.08512261753657063,0.0409232145410338,0.028374205845523543,0.5827905196567058,0.5298037245445203,26149.668107234495,12571.611507005584,0.7496,16020.0,0.091,6.73,2,25.8
1,0.008530490157992862,0.008530490157992862,0.008530490157992862,0.448995872061139,0.448995872061139,2620.566576535407,2620.566576535407,0.5934,9709.0,0.148,7.43,2,7.7
0,0.0,0.0,0.0,0.0,0.0,0.0,0.0,0.9046,39782.0,0.128,2.31,1,0.0
6,0.27414450102961013,0.09685269471082397,0.045690750171601686,0.9796636495562141,0.781138525269082,84217.19071629623,29753.147815165124,0.176,26521.0,0.228,16.19,4,83.8
1,0.0702525681610356,0.0702525681610356,0.0702525681610356,0.7944285292067601,0.7944285292067601,21581.588939070138,21581.588939070138,0.96,34763.0,0.183,0.52,1,0.0
2,0.12266664896303489,0.06378847252918464,0.061333324481517446,0.8620748884137109,0.7585209469670542,37683.19456144432,19595.81876096552,0.9721,46275.0,0.177,1.73,1,8.0
4,0.24771292132101624,0.12179765797761719,0.06192823033025406,0.8023949671456934,0.6908122465489446,76097.4094298162,37416.240530724,0.5059,7309.0,0.384,9.52,6,60.5
2,0.0893036129264545,0.059210038845751295,0.04465180646322725,0.9613727377669035,0.6670908851221156,27434.06989100682,18189.3239334148,0.7477,48768.0,0.315,2.94,4,20.2
0,0.0,0.0,0.0,0.0,0.0,0.0,0.0,0.5675,15447.0,0.151,6.79,1,0.0
0,0.0,0.0,0.0,0.0,0.0,0.0,0.0,0.4517,16169.0,0.057,10.0,2,7.9
1,0.07138251144827291,0.07138251144827291,0.07138251144827291,0.42800602838649393,0.42800602838649393,21928.70751690944,21928.70751690944,0.6698,6043.0,0.209,7.21,4,24.8
1,0.11458072645201976,0.11458072645201976,0.11458072645201976,0.5525811377822132,0.5525811377822132,35199.19916606047,35199.19916606047,0.8445,46105.0,0.033,2.91,0,9.0
1,0.044478437881798616,0.044478437881798616,0.044478437881798616,0.3777732699886112,0.3777732699886112,13663.776117288535,13663.776117288535,0.8199,17534.0,0.21,6.45,2,2.9
1,0.19258318754912748,0.19258318754912748,0.19258318754912748,0.41788234273451713,0.41788234273451713,59161.55521509196,59161.55521509196,0.203,41459.0,0.36,17.19,5,52.4
2,0.07866688781477169,0.06083123398295814,0.03933344390738584,0.9000138054072161,0.8170344852726301,24166.46793669786,18687.35507956474,0.7811,2995.0,0.063,4.22,2,19.0
0,0.0,0.0,0.0,0.0,0.0,0.0,0.0,0.8358,23997.0,0.03,2.58,1,0.0
3,0.06485560508166777,0.0295913507402405,0.02161853502722259,0.7920471243635843,0.7193465967319298,19923.64188108834,9090.462947401882,0.4421,13499.0,0.163,9.45,0,25.8
2,0.06247347683191554,0.03313929678437834,0.03123673841595777,0.7869175831190718,0.5684629396547413,19191.852082764453,10180.391972161025,0.98,40303.0,0.296,1.54,0,5.5
2,0.07808543949517653,0.06779825343656416,0.039042719747588266,0.5775055642345466,0.4836833208380801,23987.84701291823,20827.62345571251,0.5628,17268.0,0.132,9.73,3,20.0
1,0.005168035979870396,0.005168035979870396,0.005168035979870396,0.4983708324273861,0.4983708324273861,1587.6206530161858,1587.6206530161858,0.6072,39449.0,0.048,6.41,1,6.5
6,0.4900177779639925,0.21398345561224472,0.08166962966066542,0.95884053861951,0.7073083945271779,150533.4613905385,65735.71756408158,0.7687,24078.0,0.138,5.77,2,84.6
1,0.016635004366041293,0.016635004366041293,0.016635004366041293,0.43463810247432844,0.43463810247432844,5110.273341247886,5110.273341247886,0.4778,3079.0,0.394,13.52,5,19.4
0,0.0,0.0,0.0,0.0,0.0,0.0,0.0,0.5798,15817.0,0.309,9.23,2,3.9
1,0.021311863695457692,0.021311863695457692,0.021311863695457692,0.9720440434401725,0.9720440434401725,6547.004527244603,6547.004527244603,0.6994,30859.0,0.233,4.79,3,7.2
1,0.035251874162615535,0.035251874162615535,0.035251874162615535,0.7106405214530713,0.7106405214530713,10829.375742755492,10829.375742755492,0.2865,42551.0,0.158,17.98,7,33.9
1,0.015874855109166294,0.015874855109166294,0.015874855109166294,0.9098160493998515,0.9098160493998515,4876.755489535885,4876.755489535885,0.6384,28136.0,0.033,7.29,4,5.1
5,0.20999507565732378,0.08835742958390373,0.041999015131464756,0.8719377319382644,0.6661031273054211,64510.48724192986,27143.402368175226,0.4889,24004.0,0.282,10.3,6,67.2
1,0.15504233559261335,0.15504233559261335,0.15504233559261335,0.6240941909279416,0.6240941909279416,47629.00549405082,47629.00549405082,0.6637,12370.0,0.037,9.22,1,18.2
2,0.08221887279706898,0.062028739752646445,0.04110943639853449,0.7795345939273316,0.5694789270828551,25257.63772325959,19055.228852012988,0.5003,40997.0,0.312,11.25,3,30.7
4,0.17424712375995188,0.07232214028423388,0.04356178093998797,0.9171588923742705,0.6895502968658379,53528.71641905722,22217.361495316647,0.1965,25693.0,0.246,16.73,7,69.4
1,0.09086127118393916,0.09086127118393916,0.09086127118393916,0.6470353756582167,0.6470353756582167,27912.58250770611,27912.58250770611,0.8986,36483.0,0.093,1.96,0,0.2
2,0.0725226768281468,0.05724030292194553,0.0362613384140734,0.8443867341829525,0.7313389062319644,22278.9663216067,17584.221057621668,0.4866,31619.0,0.135,11.19,6,29.4
6,0.21634424837026336,0.10470561001429009,0.03605737472837723,0.9140320448027723,0.6656012429355663,66460.95309934492,32165.563396389916,0.3786,9385.0,0.177,14.15,3,79.7
3,0.09450894784625659,0.061680593911018614,0.03150298261541886,0.7111549344873005,0.5734990653531332,29033.14877837002,18948.278449464917,0.4498,20365.0,0.055,13.93,5,44.1
1,0.02418527124452692,0.02418527124452692,0.02418527124452692,0.4310452107605889,0.4310452107605889,7429.71532631867,7429.71532631867,0.7814,32109.0,0.124,1.71,3,6.4
2,0.1579742458438205,0.12448902749123023,0.07898712292191025,0.5805353734885158,0.4817221837711697,48529.68832322165,38243.02924530592,0.7574,38935.0,0.31,3.49,1,22.1
2,0.051037608031004045,0.03306398638911351,0.025518804015502022,0.929076650859123,0.7678766242224717,15678.753187124443,10157.25661873567,0.9088,32951.0,0.25,3.5,3,10.0
0,0.0,0.0,0.0,0.0,0.0,0.0,0.0,0.5969,32902.0,0.07,8.09,2,0.0
1,0.019277586777630803,0.019277586777630803,0.019277586777630803,0.7846435031543574,0.7846435031543574,5922.074658088182,5922.074658088182,0.371,47877.0,0.372,14.07,6,24.3
4,0.171737776470648,0.10403725352246523,0.042934444117662,0.929390922348286,0.6951541688294638,52757.844931783075,31960.24428210132,0.382,26315.0,0.33,15.25,5,56.1
2,0.045926939528478684,0.026478373025688035,0.022963469764239342,0.8653187531473755,0.8210721441618174,14108.755823148651,8134.156193491364,0.4121,13663.0,0.062,14.04,8,32.2
3,0.1683563103153683,0.08524490186161747,0.05611877010512276,0.6476754794995122,0.5926107876322261,51719.058528881134,26187.233851888886,0.9075,36763.0,0.311,1.74,2,30.4
4,0.2748408084647461,0.1695511712706828,0.06871020211618653,0.9042560518548538,0.6624920634767858,84431.09636037001,52086.11981435376,0.6918,48011.0,0.318,5.79,4,51.6
1,0.02327947376983355,0.02327947376983355,0.02327947376983355,0.7325748714406578,0.7325748714406578,7151.454342092867,7151.454342092867,0.8055,49505.0,0.265,3.39,1,1.5
0,0.0,0.0,0.0,0.0,0.0,0.0,0.0,0.4993,35144.0,0.338,10.09,6,5.7
1,0.04587480677407812,0.04587480677407812,0.04587480677407812,0.440520659280163,0.440520659280163,14092.740640996797,14092.740640996797,0.7286,35135.0,0.311,6.37,2,1.4
0,0.0,0.0,0.0,0.0,0.0,0.0,0.0,0.2184,31458.0,0.139,14.11,2,13.4
1,0.10550606138432775,0.10550606138432775,0.10550606138432775,0.9477834095509456,0.9477834095509456,32411.462057265486,32411.462057265486,0.5832,37706.0,0.066,10.55,8,23.8
0,0.0,0.0,0.0,0.0,0.0,0.0,0.0,0.2935,4209.0,0.113,15.81,8,21.7
2,0.13740429413274727,0.11956385641974943,0.06870214706637363,0.7768725473071896,0.7667866868406357,42210.599157579956,36730.01669214702,0.3448,25277.0,0.095,15.03,4,46.9
1,0.007083757914364452,0.007083757914364452,0.007083757914364452,0.45676153891711835,0.45676153891711835,2176.1304312927596,2176.1304312927596,0.2919,36217.0,0.256,17.77,6,32.9
1,0.08321811451829783,0.08321811451829783,0.08321811451829783,0.5883947655463115,0.5883947655463115,25564.604780021094,25564.604780021094,0.2175,2160.0,0.333,16.97,7,44.0
2,0.0838833016570643,0.04410316474292056,0.04194165082853215,0.9357764787787112,0.795662843502858,25768.950269050154,13548.492209025195,0.2909,34559.0,0.109,16.26,7,40.4
2,0.07276097404661619,0.046514879867320356,0.036380487023308095,0.9079261229578139,0.7790755282042066,22352.171227120496,14289.371095240813,0.361,23677.0,0.26,13.52,5,34.6
4,0.13658734748114276,0.057920604844746905,0.03414683687028569,0.9422850619468321,0.6632574499521338,41959.63314620706,17793.20980830625,0.2297,13078.0,0.25,15.69,4,62.2
0,0.0,0.0,0.0,0.0,0.0,0.0,0.0,0.5747,15637.0,0.29,7.31,1,0.0
1,0.012049637751889494,0.012049637751889494,0.012049637751889494,0.953074115839678,0.953074115839678,3701.6487173804526,3701.6487173804526,0.9575,21958.0,0.134,2.33,0,0.0
2,0.16812629453356967,0.15872866177726402,0.08406314726678484,0.547121542093205,0.46182179786817745,51648.39768071261,48761.44489797551,0.3993,4664.0,0.158,12.48,5,48.5
4,0.15036906827529967,0.059613520982975184,0.03759226706882492,0.8064844554932655,0.6971880633570781,46193.377774172055,18313.273645969977,0.2427,31834.0,0.284,16.18,7,66.4
2,0.07452958405518006,0.04230631632204725,0.03726479202759003,0.8653924226334924,0.6540204658759374,22895.488221751315,12996.500374132915,0.8343,28513.0,0.116,5.08,1,9.9
3,0.16907649637971672,0.1047716925240265,0.05635883212657224,0.8854509987048177,0.6861482285709966,51940.29968784897,32185.86394338094,0.6328,15148.0,0.12,7.1,6,46.6
1,0.14519308595764707,0.14519308595764707,0.14519308595764707,0.6505200111613203,0.6505200111613203,44603.31600618918,44603.31600618918,0.8322,34134.0,0.039,4.79,4,19.4
0,0.0,0.0,0.0,0.0,0.0,0.0,0.0,0.2674,31160.0,0.327,17.38,0,13.5
2,0.04617771566717842,0.031342420039396246,0.02308885783358921,0.7014237959031913,0.5830868064204868,14185.79425295721,9628.391436102527,0.2309,18510.0,0.125,16.59,9,45.9
1,0.23534210123685748,0.23534210123685748,0.23534210123685748,0.9546685997934259,0.9546685997934259,72297.09349996262,72297.09349996262,0.1764,23550.0,0.108,17.31,11,61.1
2,0.061357699645700425,0.044442404342115945,0.030678849822850213,0.9448593267185796,0.8373404302141214,18849.08533115917,13652.706613898019,0.6906,44398.0,0.368,7.58,2,19.4
2,0.08241058384059317,0.05943507308711803,0.04120529192029659,0.5214345294023484,0.48329033079008155,25316.531355830222,18258.45445236266,0.7989,11705.0,0.074,2.94,3,19.4
1,0.08925856993123213,0.08925856993123213,0.08925856993123213,0.871622842886674,0.871622842886674,27420.23268287451,27420.23268287451,0.6856,27518.0,0.366,6.62,1,13.5
0,0.0,0.0,0.0,0.0,0.0,0.0,0.0,0.2969,40523.0,0.27,13.49,9,23.5
1,0.1132560836547251,0.1132560836547251,0.1132560836547251,0.9580112162299059,0.9580112162299059,34792.26889873155,34792.26889873155,0.422,36026.0,0.038,13.93,9,35.4
3,0.20701801717574095,0.1039627230592157,0.06900600572524698,0.8570174405775104,0.7072345924363445,63595.93487638762,31937.34852379106,0.318,18992.0,0.124,16.01,5,66.2
4,0.1325404606360714,0.08515550035466347,0.03313511515901785,0.9160586256994224,0.6250814952392897,40716.429507401124,26159.76970895262,0.6007,19820.0,0.387,8.05,2,35.3
1,0.0684636237277192,0.0684636237277192,0.0684636237277192,0.4935553149652435,0.4935553149652435,21032.02520915534,21032.02520915534,0.4206,34574.0,0.102,13.68,8,31.5
1,0.10458859149945515,0.10458859149945515,0.10458859149945515,0.38268009498870736,0.38268009498870736,32129.615308632623,32129.615308632623,0.4148,22082.0,0.348,12.27,4,32.3
1,0.03490047545988795,0.03490047545988795,0.03490047545988795,0.5929117121034282,0.5929117121034282,10721.426061277578,10721.426061277578,0.4856,21713.0,0.271,9.6,3,17.3
0,0.0,0.0,0.0,0.0,0.0,0.0,0.0,0.6109,4598.0,0.383,10.13,2,0.0
1,0.029587602649726714,0.029587602649726714,0.029587602649726714,0.46453165426195175,0.46453165426195175,9089.311533996046,9089.311533996046,0.1802,46551.0,0.349,17.56,6,34.6
1,0.014146945926138958,0.014146945926138958,0.014146945926138958,0.41880555370505024,0.41880555370505024,4345.941788509888,4345.941788509888,0.4215,7998.0,0.115,12.59,2,15.9
0,0.0,0.0,0.0,0.0,0.0,0.0,0.0,0.8182,10077.0,0.296,3.73,1,0.0
1,0.036683790384240675,0.036683790384240675,0.036683790384240675,0.8084898373155092,0.8084898373155092,11269.260406038735,11269.260406038735,0.3728,35661.0,0.328,14.29,8,26.8
0,0.0,0.0,0.0,0.0,0.0,0.0,0.0,0.9454,47050.0,0.216,1.65,0,0.0
1,0.07495067300914025,0.07495067300914025,0.07495067300914025,0.7230635273282602,0.7230635273282602,23024.846748407886,23024.846748407886,0.357,1620.0,0.095,11.84,3,26.7
1,0.00879233126048656,0.00879233126048656,0.00879233126048656,0.6702941776189526,0.6702941776189526,2701.004163221471,2701.004163221471,0.3474,7125.0,0.258,11.8,3,24.5
0,0.0,0.0,0.0,0.0,0.0,0.0,0.0,0.6837,38619.0,0.167,7.09,1,2.3
1,0.04831119930526162,0.04831119930526162,0.04831119930526162,0.8020777964487764,0.8020777964487764,14841.20042657637,14841.20042657637,0.5575,3838.0,0.398,12.3,3,22.5
2,0.11952895813250328,0.06680671420802821,0.05976447906625164,0.6653440695409769,0.5324174889625025,36719.295938305004,20523.022604706264,0.4062,23585.0,0.118,11.79,5,34.1
1,0.013910215875920347,0.013910215875920347,0.013910215875920347,0.5728340959382459,0.5728340959382459,4273.21831708273,4273.21831708273,0.5755,28383.0,0.355,9.03,2,10.3
2,0.035937046908183036,0.02304062651741423,0.017968523454091518,0.5514570585947165,0.5512391295604779,11039.860810193828,7078.080466149651,0.1635,3876.0,0.161,17.27,4,42.5
1,0.022572792958202033,0.022572792958202033,0.022572792958202033,0.5293692266737696,0.5293692266737696,6934.361996759664,6934.361996759664,0.2982,22158.0,0.115,17.32,9,33.9
0,0.0,0.0,0.0,0.0,0.0,0.0,0.0,0.2716,38946.0,0.244,17.29,2,22.3
2,0.05308044154920334,0.036333483250592144,0.02654022077460167,0.4900672243787262,0.4530450451306256,16306.311643915267,11161.646054581906,0.7078,34869.0,0.122,6.6,2,24.4
1,0.03218197955913397,0.03218197955913397,0.03218197955913397,0.37786579036667517,0.37786579036667517,9886.304120565956,9886.304120565956,0.4435,30696.0,0.384,15.02,3,11.3
2,0.11133249052945664,0.08069114614455408,0.05566624526472832,0.555513018369533,0.5098363597588587,34201.341090649075,24788.320095607014,0.748,26215.0,0.302,3.92,0,13.5
0,0.0,0.0,0.0,0.0,0.0,0.0,0.0,0.9099,2788.0,0.084,1.44,0,0.0
4,0.1055064329502118,0.04631060861983749,0.02637660823755295,0.9316875392100484,0.7814838425972288,32411.576202305067,14226.618968014078,0.8783,31871.0,0.331,3.5,0,24.1
5,0.28221762436383163,0.1229419543219807,0.056443524872766326,0.7587177766453449,0.6172541782362279,86697.25420456908,37767.76836771247,0.715,7698.0,0.291,6.34,1,55.3
2,0.1942308095371303,0.15145919059708052,0.09711540476856514,0.8782466311620134,0.8282557942663649,59667.70468980643,46528.263351423135,0.3903,48914.0,0.321,13.04,4,47.6
2,0.06741526532399933,0.05718492249678477,0.033707632661999665,0.8663727620860879,0.6320144816080685,20709.969507532594,17567.208191012283,0.5593,37675.0,0.314,10.22,5,38.1
2,0.048158612075273124,0.03457242301063178,0.024079306037636562,0.9085094233409876,0.6526115231797979,14794.325629523904,10620.648348866082,0.8538,36276.0,0.344,2.81,1,0.0
3,0.1172980500110107,0.04941315205052903,0.03909935000367023,0.52707726564944,0.47588705410563525,36033.96096338249,15179.720309922517,0.9404,13392.0,0.285,0.95,0,10.8
0,0.0,0.0,0.0,0.0,0.0,0.0,0.0,0.6488,37683.0,0.038,6.93,1,0.0
1,0.04242333342549205,0.04242333342549205,0.04242333342549205,0.7612291386653278,0.7612291386653278,13032.448028311159,13032.448028311159,0.7211,18415.0,0.332,5.57,2,8.8
1,0.006094897394261774,0.006094897394261774,0.006094897394261774,0.44630960074869197,0.44630960074869197,1872.352479517217,1872.352479517217,0.2774,42402.0,0.261,15.5,7,36.3
1,0.005736819246239068,0.005736819246239068,0.005736819246239068,0.45725528505734775,0.45725528505734775,1762.3508724446417,1762.3508724446417,0.3741,1584.0,0.396,12.66,7,18.3
3,0.04137344460367669,0.017799794924607783,0.013791148201225562,0.9712178301585119,0.6870104372664126,12709.92218224948,5468.097000839511,0.6664,28831.0,0.18,8.04,0,11.0
4,0.15258787218606049,0.08283044074265243,0.03814696804651512,0.7294534562600712,0.5530429002857513,46874.994335557785,25445.511396142825,0.3018,12699.0,0.215,13.23,5,63.3
2,0.23100908209835264,0.20998963390136394,0.11550454104917632,0.7612281480226262,0.6426815951747966,70965.99002061393,64508.815534499,0.8122,29161.0,0.071,2.84,2,25.9
2,0.08929687891472543,0.058281812362338925,0.044648439457362715,0.6281264857697294,0.5487390037409878,27432.00120260365,17904.17275771052,0.8079,23234.0,0.301,3.18,4,17.0
1,0.037002923431395204,0.037002923431395204,0.037002923431395204,0.4879970646956615,0.4879970646956615,11367.298078124606,11367.298078124606,0.4787,25147.0,0.313,12.13,6,18.5
1,0.10677170753438274,0.10677170753438274,0.10677170753438274,0.7725554281134873,0.7725554281134873,32800.268554562375,32800.268554562375,0.6153,19529.0,0.206,7.79,3,20.2
0,0.0,0.0,0.0,0.0,0.0,0.0,0.0,0.8978,32210.0,0.175,3.83,0,0.0
2,0.10140889844352019,0.08532412267313312,0.050704449221760095,0.890230438835198,0.6657376199979167,31152.8136018494,26211.570485186494,0.6964,14905.0,0.119,6.4,4,21.0
5,0.28360330526285815,0.18065243280656704,0.05672066105257163,0.8372210567681224,0.6804480162166788,87122.93537675001,55496.427358177396,0.1958,36610.0,0.058,16.46,7,92.7
2,0.06085400609012201,0.03959451841875007,0.030427003045061005,0.7276556187838745,0.6442342462093349,18694.35067088548,12163.436058240022,0.4648,49710.0,0.316,11.96,7,36.6
2,0.11245855307031617,0.06734874662168977,0.056229276535158086,0.48589790214756257,0.41960588990815717,34547.26750320113,20689.534962183097,0.8048,25747.0,0.165,5.69,1,13.9
0,0.0,0.0,0.0,0.0,0.0,0.0,0.0,0.188,10592.0,0.129,15.27,6,20.7
2,0.05006721768090058,0.035540814176800474,0.02503360884045029,0.8423054911170745,0.7189501707823851,15380.64927157266,10918.138115113106,0.8105,6617.0,0.188,4.11,1,9.8
2,0.019305858678016576,0.012380362492389491,0.009652929339008288,0.8808920054371465,0.7261232201944426,5930.759785886692,3803.2473576620514,0.2419,36169.0,0.244,15.72,5,32.0
2,0.14529001354336654,0.12837903089866823,0.07264500677168327,0.8905224488336454,0.7390673885972923,44633.0921605222,39438.03829207088,0.103,41954.0,0.366,17.38,11,65.1
3,0.11715663756150614,0.060687125605660204,0.03905221252050205,0.9544645062679128,0.8328575416504047,35990.519058894686,18643.084986058813,0.7225,29396.0,0.189,6.56,1,26.4
0,0.0,0.0,0.0,0.0,0.0,0.0,0.0,0.98,37925.0,0.034,1.7,0,0.0
1,0.06022432482218368,0.06022432482218368,0.06022432482218368,0.49263043586794897,0.49263043586794897,18500.912585374826,18500.912585374826,0.9545,17799.0,0.164,0.95,1,0.0
2,0.02240885553743651,0.015974583076108877,0.011204427768718255,0.7480703342476773,0.6505873681292542,6884.000421100496,4907.391920980647,0.3874,36037.0,0.261,14.03,6,28.5
1,0.06657001870777741,0.06657001870777741,0.06657001870777741,0.8162575347490466,0.8162575347490466,20450.309747029223,20450.309747029223,0.3874,30852.0,0.222,12.3,9,35.8
3,0.09188025549535374,0.046699393765628865,0.03062675183178458,0.78819105164508,0.6547792208379851,28225.61448817267,14346.053764801187,0.8057,7037.0,0.108,3.68,2,14.5
4,0.0927426760182704,0.03820335534952335,0.0231856690045676,0.8346090037306804,0.6992504480601162,28490.550072812668,11736.070763373573,0.8126,7008.0,0.123,3.58,2,29.6
2,0.23475035517092552,0.16883392488413415,0.11737517758546276,0.9770881511220982,0.9633789206943852,72115.30910850831,51865.78172440601,0.3738,18810.0,0.245,15.15,4,53.1
1,0.0641642694527628,0.0641642694527628,0.0641642694527628,0.5874309592485576,0.5874309592485576,19711.26357588873,19711.26357588873,0.3066,3189.0,0.259,14.37,7,35.9
1,0.006888891790649597,0.006888891790649597,0.006888891790649597,0.7272828733486809,0.7272828733486809,2116.267558087556,2116.267558087556,0.3164,8858.0,0.157,14.47,4,19.2
1,0.13536327687455302,0.13536327687455302,0.13536327687455302,0.7392416208701191,0.7392416208701191,41583.59865586269,41583.59865586269,0.3095,30650.0,0.361,14.72,13,46.8
2,0.08138434393525662,0.048557071777307274,0.04069217196762831,0.8467670694709117,0.7861342067431203,25001.270456910832,14916.732449988795,0.8685,44443.0,0.268,2.95,2,6.5
1,0.0100073217095468,0.0100073217095468,0.0100073217095468,0.5049261954774366,0.5049261954774366,3074.2492291727767,3074.2492291727767,0.8359,7789.0,0.19,3.74,1,0.0
1,0.3874536709467797,0.3874536709467797,0.3874536709467797,0.7658273958057799,0.7658273958057799,119025.76771485072,119025.76771485072,0.3783,38483.0,0.107,13.74,4,65.3
1,0.015021493259040286,0.015021493259040286,0.015021493259040286,0.5593134411412347,0.5593134411412347,4614.602729177176,4614.602729177176,0.4478,47089.0,0.149,14.06,2,19.8
4,0.18935081080981953,0.10497005839533714,0.04733770270245488,0.5394135761840697,0.4722727385187665,58168.56908077655,32246.80193904757,0.2648,46118.0,0.125,16.92,4,63.9
2,0.11056853388103738,0.072453133898938,0.05528426694051869,0.9743123512026162,0.6857987621735344,33966.65360825468,22257.602733753753,0.8403,12407.0,0.366,3.56,3,15.5
1,0.00777473174646374,0.00777473174646374,0.00777473174646374,0.9793504648073417,0.9793504648073417,2388.397592513661,2388.397592513661,0.3153,11518.0,0.132,16.5,2,23.5
4,0.1796345494171573,0.07290999249285186,0.04490863735428933,0.8351207161578018,0.6441183610860901,55183.733580950735,22397.949693804094,0.2815,26966.0,0.297,15.69,4,60.0
2,0.03414201478406367,0.018715070733268082,0.017071007392031837,0.793103297840667,0.7304617344128262,10488.426941664362,5749.269729259955,0.9292,22392.0,0.371,2.95,0,0.0
0,0.0,0.0,0.0,0.0,0.0,0.0,0.0,0.6715,6532.0,0.303,7.3,4,0.0
2,0.0806545192401937,0.07006667649087678,0.04032725962009685,0.5801536196732086,0.4786616783667865,24777.06831058751,21524.483017997347,0.455,21950.0,0.396,10.24,4,28.3
0,0.0,0.0,0.0,0.0,0.0,0.0,0.0,0.3678,8307.0,0.057,13.92,5,16.8
1,0.11354292149496957,0.11354292149496957,0.11354292149496957,0.7337670715201994,0.7337670715201994,34880.38548325465,34880.38548325465,0.8325,21302.0,0.252,3.06,3,9.8
1,0.009015866613451877,0.009015866613451877,0.009015866613451877,0.8126259660130716,0.8126259660130716,2769.6742236524165,2769.6742236524165,0.8385,15889.0,0.171,3.42,1,0.0
2,0.1407733159127616,0.12718139491376426,0.0703866579563808,0.9785900302603197,0.9222517094884772,43245.562648400366,39070.12451750838,0.7133,4891.0,0.352,5.74,1,27.7
3,0.1701301315481996,0.09580579706442263,0.056710043849399865,0.8704994621866896,0.7648475418812025,52263.97641160691,29431.540858190634,0.3652,8267.0,0.174,11.73,3,49.0
4,0.18288996261751506,0.11102061368359063,0.045722490654378764,0.9678342496248298,0.7691276142167975,56183.796516100636,34105.532523599046,0.962,9250.0,0.296,0.89,0,34.2
6,0.19909085025598333,0.0496823728458242,0.03318180837599722,0.9099523881373129,0.681279378697914,61160.70919863807,15262.424938237193,0.2434,31483.0,0.174,16.78,1,73.2
2,0.018134512653033855,0.010064124358219337,0.009067256326516927,0.5910263491339707,0.5489553134018734,5570.922287012001,3091.6990028449804,0.876,13405.0,0.229,3.05,3,0.0
2,0.18397530877563595,0.11889195411699317,0.09198765438781797,0.5589784210605896,0.5012091542696671,56517.214855875354,36523.6083047403,0.3183,33995.0,0.35,14.44,5,56.3
2,0.039563462003535395,0.033998956267053224,0.019781731001767697,0.49024211042068033,0.42420583517043925,12153.895527486075,10444.47936523875,0.5711,30790.0,0.215,9.42,2,20.2
0,0.0,0.0,0.0,0.0,0.0,0.0,0.0,0.468,48512.0,0.313,12.45,7,16.0
1,0.007694528025062089,0.007694528025062089,0.007694528025062089,0.8289735449664204,0.8289735449664204,2363.7590092990736,2363.7590092990736,0.9779,45308.0,0.29,0.93,0,0.0
1,0.05346926606075219,0.05346926606075219,0.05346926606075219,0.6390434084590149,0.6390434084590149,16425.758533863074,16425.758533863074,0.9076,5868.0,0.218,4.04,0,0.0
3,0.07750662008687033,0.051802924548929145,0.025835540028956775,0.9444900743463946,0.7961721545874596,23810.03369068657,15913.858421431034,0.4656,33106.0,0.045,12.13,6,35.8
2,0.03169315426965158,0.023405183375969096,0.01584657713482579,0.7629154121882993,0.7546028275145682,9736.136991636966,7190.072333097706,0.2102,10753.0,0.084,13.87,8,41.7
0,0.0,0.0,0.0,0.0,0.0,0.0,0.0,0.6133,24575.0,0.28,9.22,5,4.5
1,0.03442022317594506,0.03442022317594506,0.03442022317594506,0.46379206111142857,0.46379206111142857,10573.892559650321,10573.892559650321,0.5286,11806.0,0.238,10.79,4,10.9
2,0.05556558314439816,0.033620663432140804,0.02778279157219908,0.9458908851754549,0.789149749569513,17069.747141959113,10328.267806353655,0.9002,40166.0,0.185,2.28,0,1.6
0,0.0,0.0,0.0,0.0,0.0,0.0,0.0,0.8627,25562.0,0.201,4.59,1,0.0
0,0.0,0.0,0.0,0.0,0.0,0.0,0.0,0.7466,49715.0,0.049,4.67,1,0.6
0,0.0,0.0,0.0,0.0,0.0,0.0,0.0,0.2102,11297.0,0.231,16.2,4,24.1
1,0.033113344367663826,0.033113344367663826,0.033113344367663826,0.8413986194785581,0.8413986194785581,10172.419389746326,10172.419389746326,0.7417,21570.0,0.317,4.95,2,7.2
3,0.1186104310626544,0.07605219464210006,0.03953681035421813,0.8311805171086044,0.5369345505457929,36437.124422447436,23363.234194053137,0.7611,19233.0,0.065,7.08,4,26.0
2,0.04092255899711742,0.033823785555352856,0.02046127949855871,0.7804978993306543,0.7516409150674033,12571.410123914473,10390.666922604398,0.3877,47494.0,0.263,14.17,2,28.4
1,0.01643117994351907,0.01643117994351907,0.01643117994351907,0.6543716729713777,0.6543716729713777,5047.658478649058,5047.658478649058,0.9212,2233.0,0.271,0.69,2,0.0
0,0.0,0.0,0.0,0.0,0.0,0.0,0.0,0.8034,35970.0,0.216,2.48,0,0.0
1,0.13555966170720724,0.13555966170720724,0.13555966170720724,0.7546524522068652,0.7546524522068652,41643.92807645406,41643.92807645406,0.5222,24437.0,0.09,8.06,7,30.4
0,0.0,0.0,0.0,0.0,0.0,0.0,0.0,0.8279,39975.0,0.079,4.49,2,0.0
3,0.1034276952322957,0.06068345860765338,0.03447589841076523,0.8118250605660848,0.5939373380659861,31772.98797536124,18641.95848427112,0.7884,30165.0,0.285,4.28,3,27.2
1,0.06680334922615894,0.06680334922615894,0.06680334922615894,0.7181647812645855,0.7181647812645855,20521.988882276026,20521.988882276026,0.4903,22325.0,0.356,11.94,1,20.5
3,0.19196562247580248,0.07075487285291145,0.06398854082526749,0.5962135904629335,0.5264621440592895,58971.83922456653,21735.896940414397,0.3541,12742.0,0.358,13.38,5,57.5
1,0.023687416400708077,0.023687416400708077,0.023687416400708077,0.6708679319321593,0.6708679319321593,7276.774318297521,7276.774318297521,0.3744,16907.0,0.068,13.58,6,27.9
2,0.018091209748456974,0.010286843533276357,0.009045604874228487,0.7021118089881837,0.6443105414553363,5557.619634725982,3160.118333422497,0.5885,47711.0,0.138,8.75,5,19.2
3,0.11262932827681008,0.07767804189990854,0.037543109425603356,0.6865147571663446,0.6233169609296851,34599.72964663605,23862.694471651903,0.4674,46882.0,0.181,11.5,3,38.5
2,0.1713599500215606,0.13497653415711658,0.0856799750107803,0.6150012798652749,0.5440793724571924,52641.77664662342,41464.79129306621,0.7761,23622.0,0.281,6.66,2,20.4
1,0.04137300749861781,0.04137300749861781,0.04137300749861781,0.5255123385647571,0.5255123385647571,12709.78790357539,12709.78790357539,0.5647,9584.0,0.253,8.71,3,17.5
3,0.11046931942013778,0.05163313875276111,0.03682310647337926,0.8207905135567297,0.716531004726062,33936.17492586633,15861.700224848213,0.227,32695.0,0.175,17.25,10,64.1
2,0.09527245455458645,0.0871261185309412,0.047636227277293226,0.7009698752802098,0.6756980623158837,29267.698039168958,26765.143612705135,0.8123,36331.0,0.318,5.32,4,17.3
2,0.13285011988261441,0.07531757915855912,0.06642505994130721,0.9502052580533398,0.7884844716119789,40811.556827939145,23137.56031750936,0.9545,1269.0,0.321,2.2,0,6.2
2,0.10126585870369403,0.07600941475745485,0.05063292935184702,0.913792847606807,0.7627151238999306,31108.871793774808,23350.09221349013,0.8928,10261.0,0.188,2.87,0,10.1
2,0.05883598304830613,0.03549071716518291,0.029417991524153066,0.810040918069703,0.643016666975877,18074.413992439644,10902.74831314419,0.2679,47695.0,0.15,17.09,4,41.2
4,0.14388383750425016,0.06044165127738329,0.03597095937606254,0.7630548120620746,0.5451691996162982,44201.11488130565,18567.675272412147,0.7495,48987.0,0.147,4.58,0,29.9
1,0.13844768917010494,0.13844768917010494,0.13844768917010494,0.5367599630425708,0.5367599630425708,42531.130113056235,42531.130113056235,0.8668,15618.0,0.243,3.05,1,11.9
2,0.16976624689946698,0.15692749957034394,0.08488312344973349,0.6901470928104472,0.688933110394437,52152.19104751626,48208.12786800966,0.3632,33767.0,0.171,13.08,4,48.1
2,0.061595939970315455,0.040329066571728425,0.030797969985157728,0.6786878741110304,0.5957387602536375,18922.272758880907,12389.089250834972,0.414,12255.0,0.139,13.33,1,30.8
1,0.11732230035214095,0.11732230035214095,0.11732230035214095,0.7680082985031325,0.7680082985031325,36041.4106681777,36041.4106681777,0.645,46801.0,0.067,8.13,4,18.2
2,0.09445262983087138,0.07795626187665183,0.04722631491543569,0.7160039482603784,0.5977781504662772,29015.847884043687,23948.16364850744,0.2951,42663.0,0.157,15.27,5,39.6
1,0.02706457776465915,0.02706457776465915,0.02706457776465915,0.5903546566164868,0.5903546566164868,8314.238289303292,8314.238289303292,0.5744,28575.0,0.188,7.59,3,12.3
1,0.04039603880132736,0.04039603880132736,0.04039603880132736,0.5198540762295021,0.5198540762295021,12409.663119767765,12409.663119767765,0.3936,23876.0,0.049,12.67,1,15.8
1,0.07384858052581232,0.07384858052581232,0.07384858052581232,0.7180430182681686,0.7180430182681686,22686.283937529544,22686.283937529544,0.7039,17326.0,0.293,9.33,4,10.5
1,0.07695100248327282,0.07695100248327282,0.07695100248327282,0.9008477482779715,0.9008477482779715,23639.347962861408,23639.347962861408,0.973,32129.0,0.375,1.36,0,0.0
2,0.10630099767782814,0.07179777147467431,0.05315049883891407,0.9476531918990444,0.9388430641970763,32655.666486628805,22056.27539701995,0.7928,33420.0,0.043,5.63,1,10.7
0,0.0,0.0,0.0,0.0,0.0,0.0,0.0,0.3522,26878.0,0.101,15.3,5,18.9
1,0.008494840524908218,0.008494840524908218,0.008494840524908218,0.6747880400823093,0.6747880400823093,2609.6150092518046,2609.6150092518046,0.9486,14139.0,0.077,1.37,1,0.0
0,0.0,0.0,0.0,0.0,0.0,0.0,0.0,0.5085,46546.0,0.112,10.42,4,15.2
5,0.18510604684532528,0.09128890348888684,0.037021209369065056,0.9043153552861097,0.7123180634700228,56864.57759088393,28043.951151786037,0.7677,30999.0,0.356,4.72,2,45.0
0,0.0,0.0,0.0,0.0,0.0,0.0,0.0,0.8684,38927.0,0.164,2.56,1,0.0
1,0.006486450175081883,0.006486450175081883,0.006486450175081883,0.7831225108511554,0.7831225108511554,1992.6374937851547,1992.6374937851547,0.8652,46017.0,0.344,6.08,0,0.0
0,0.0,0.0,0.0,0.0,0.0,0.0,0.0,0.7024,41496.0,0.133,8.43,1,0.5
2,0.10162622367234328,0.05496512148176464,0.05081311183617164,0.8067507645740204,0.6547054637485654,31219.575912143853,16885.285319198098,0.4002,8061.0,0.359,14.25,3,37.2
1,0.027076600442362146,0.027076600442362146,0.027076600442362146,0.44637040199352174,0.44637040199352174,8317.931655893652,8317.931655893652,0.2295,42043.0,0.135,16.85,6,33.0
1,0.07358525640753288,0.07358525640753288,0.07358525640753288,0.697361816157057,0.697361816157057,22605.390768394103,22605.390768394103,0.6334,37324.0,0.397,10.53,2,16.5
2,0.1296090147357219,0.06935814032550014,0.06480450736786095,0.8722796848670865,0.773068329013118,39815.88932681376,21306.820707993644,0.5796,26183.0,0.127,8.82,3,29.9
0,0.0,0.0,0.0,0.0,0.0,0.0,0.0,0.7244,20803.0,0.388,5.76,2,0.0
1,0.022426034780719598,0.022426034780719598,0.022426034780719598,0.7176595646735797,0.7176595646735797,6889.27788463706,6889.27788463706,0.7861,18979.0,0.053,4.03,3,2.9
1,0.02814109750497462,0.02814109750497462,0.02814109750497462,0.8574836591712187,0.8574836591712187,8644.945153528204,8644.945153528204,0.7044,37676.0,0.255,4.29,3,5.1
1,0.03806056887198116,0.03806056887198116,0.03806056887198116,0.5956871907357537,0.5956871907357537,11692.206757472612,11692.206757472612,0.7768,19472.0,0.358,3.83,2,3.0
3,0.12051665956409766,0.0700983345608638,0.040172219854699216,0.8273276134188617,0.7213441492886391,37022.7178180908,21534.20837709736,0.6094,30582.0,0.395,7.5,2,27.4
1,0.03413451534952419,0.03413451534952419,0.03413451534952419,0.9114171777641031,0.9114171777641031,10486.123115373832,10486.123115373832,0.5706,6336.0,0.07,8.26,1,6.4
1,0.005267293743872783,0.005267293743872783,0.005267293743872783,0.5711857331146787,0.5711857331146787,1618.112638117719,1618.112638117719,0.8801,1022.0,0.288,2.59,2,0.0
0,0.0,0.0,0.0,0.0,0.0,0.0,0.0,0.722,36260.0,0.386,8.69,4,0.0
1,0.034030142335593774,0.034030142335593774,0.034030142335593774,0.5273445313144927,0.5273445313144927,10454.059725494408,10454.059725494408,0.7488,28660.0,0.178,4.76,3,0.7
1,0.059583701581028395,0.059583701581028395,0.059583701581028395,0.8712486783732045,0.8712486783732045,18304.11312569192,18304.11312569192,0.9301,33322.0,0.084,1.53,0,4.1
3,0.2489565707619768,0.12177111515183928,0.0829855235873256,0.9760343144391533,0.7404339470513089,76479.45853807929,37408.08657464503,0.7533,24717.0,0.3,5.43,1,50.5
1,0.05043722249127485,0.05043722249127485,0.05043722249127485,0.6602138309536354,0.6602138309536354,15494.314749319634,15494.314749319634,0.3814,27153.0,0.051,13.82,3,26.3
2,0.1852251098566282,0.11137750991314097,0.0926125549283141,0.8905781699959026,0.7277471184727508,56901.153747956196,34215.17104531691,0.341,21232.0,0.066,14.51,1,50.6
2,0.035726007163200235,0.01906051496049914,0.017863003581600118,0.6905660429992362,0.5783954692588734,10975.029400535112,5855.390195865336,0.6317,46749.0,0.103,7.24,3,16.4
1,0.03810663648508801,0.03810663648508801,0.03810663648508801,0.42328660620004505,0.42328660620004505,11706.358728219036,11706.358728219036,0.1246,11052.0,0.14,16.79,3,33.5
1,0.06286170073686441,0.06286170073686441,0.06286170073686441,0.44527673515255406,0.44527673515255406,19311.114466364746,19311.114466364746,0.4744,37083.0,0.317,9.43,7,27.0
3,0.08637497393657825,0.04187911880115008,0.02879165797885942,0.644155018087611,0.5503970944699107,26534.391993316844,12865.265295713303,0.915,8842.0,0.344,4.49,0,12.7
2,0.06876598136810852,0.034970517876155426,0.03438299068405426,0.9541316564144218,0.798030446506666,21124.909476282937,10742.943091554947,0.1875,9827.0,0.251,16.75,3,40.9
5,0.13983311994419428,0.06951180255407961,0.027966623988838858,0.875905232277438,0.6123466344783457,42956.734446856484,21354.025744613256,0.5469,21108.0,0.186,9.84,6,53.2
1,0.16735305196080227,0.16735305196080227,0.16735305196080227,0.7156674313787071,0.7156674313787071,51410.85756235846,51410.85756235846,0.4756,28081.0,0.277,11.21,5,36.3
1,0.032845877809289506,0.032845877809289506,0.032845877809289506,0.7737650049026321,0.7737650049026321,10090.253663013737,10090.253663013737,0.3178,10972.0,0.071,11.93,3,18.9
0,0.0,0.0,0.0,0.0,0.0,0.0,0.0,0.8866,46100.0,0.386,3.25,0,0.0
3,0.05130329834842953,0.03156157202142014,0.01710109944947651,0.7935250489202472,0.5988428288288264,15760.373252637553,9695.714924980266,0.3963,44952.0,0.164,12.69,3,33.4
1,0.08288617281669433,0.08288617281669433,0.08288617281669433,0.8424706972022826,0.8424706972022826,25462.6322892885,25462.6322892885,0.6452,44732.0,0.112,5.77,5,13.5
6,0.27162902683021123,0.07763309227553596,0.04527150447170187,0.9798055469097926,0.6808637226259439,83444.43704224088,23848.885947044644,0.6899,12020.0,0.22,4.99,6,71.1
1,0.012561815824929228,0.012561815824929228,0.012561815824929228,0.7113715036431216,0.7113715036431216,3858.989821418259,3858.989821418259,0.4425,39079.0,0.095,12.43,4,15.2
3,0.21352237947640684,0.08847369616215457,0.07117412649213561,0.9220817144347567,0.608191326026898,65594.07497515218,27179.119461013885,0.5758,22993.0,0.199,9.42,3,55.4
1,0.009894333886753367,0.009894333886753367,0.009894333886753367,0.4108041165485751,0.4108041165485751,3039.5393700106342,3039.5393700106342,0.9794,8530.0,0.344,1.58,0,0.0
2,0.08142272621242366,0.04491865895897099,0.04071136310621183,0.8139693640532082,0.8126727363618702,25013.061492456553,13799.01203219589,0.2901,11281.0,0.061,14.57,3,40.3
0,0.0,0.0,0.0,0.0,0.0,0.0,0.0,0.6101,20650.0,0.141,7.13,2,0.0
2,0.1291156762210642,0.08335598432032458,0.0645578381105321,0.8178664430644778,0.6487325368408807,39664.33573511092,25606.95838320371,0.4586,13572.0,0.197,14.38,1,37.5
1,0.026368525236448292,0.026368525236448292,0.026368525236448292,0.6622788031868978,0.6622788031868978,8100.410952636916,8100.410952636916,0.1683,43565.0,0.316,17.91,3,32.8
1,0.02923129604026589,0.02923129604026589,0.02923129604026589,0.6437320456435671,0.6437320456435671,8979.854143569682,8979.854143569682,0.6423,4494.0,0.211,6.82,2,11.2
1,0.05461629220121909,0.05461629220121909,0.05461629220121909,0.5220295008035603,0.5220295008035603,16778.124964214505,16778.124964214505,0.7563,44142.0,0.177,4.61,1,4.9
6,0.24618628155304328,0.07987831924340394,0.041031046925507214,0.9606060203923459,0.7934539207937626,75628.42569309489,24538.61967157369,0.5041,15629.0,0.151,9.22,2,68.5
1,0.05066942226580453,0.05066942226580453,0.05066942226580453,0.9473998459960583,0.9473998459960583,15565.646520055152,15565.646520055152,0.8799,3854.0,0.183,2.71,1,0.0
2,0.02648441008505645,0.015334257380838604,0.013242205042528226,0.7177876454685418,0.6857024389022095,8136.010778129342,4710.683867393619,0.9164,34137.0,0.058,1.46,0,5.2
1,0.10339034946364176,0.10339034946364176,0.10339034946364176,0.8091702734010008,0.8091702734010008,31761.51535523075,31761.51535523075,0.9375,22749.0,0.249,1.4,0,0.4
4,0.12850599321048842,0.0583902697304817,0.032126498302622104,0.8997173775179863,0.627624542359026,39477.04111426204,17937.490861203976,0.6557,10059.0,0.318,9.65,4,41.6
2,0.06530033634172057,0.051700977138002605,0.032650168170860285,0.706880399359389,0.601566987272117,20060.263324176558,15882.5401767944,0.8445,7398.0,0.319,2.73,0,8.9
1,0.030619060152247204,0.030619060152247204,0.030619060152247204,0.6714674380203468,0.6714674380203468,9406.17527877034,9406.17527877034,0.7436,17536.0,0.068,4.02,3,2.3
1,0.009305736722388184,0.009305736722388184,0.009305736722388184,0.8136323022188449,0.8136323022188449,2858.72232111765,2858.72232111765,0.7957,30170.0,0.321,2.35,0,0.0
0,0.0,0.0,0.0,0.0,0.0,0.0,0.0,0.5848,37586.0,0.364,10.51,2,8.9
1,0.012369354459661395,0.012369354459661395,0.012369354459661395,0.8563161993385583,0.8563161993385583,3799.8656900079804,3799.8656900079804,0.255,16820.0,0.133,17.72,5,30.3
0,0.0,0.0,0.0,0.0,0.0,0.0,0.0,0.2149,1905.0,0.055,15.42,8,21.5
0,0.0,0.0,0.0,0.0,0.0,0.0,0.0,0.4571,41592.0,0.182,12.41,6,13.0
0,0.0,0.0,0.0,0.0,0.0,0.0,0.0,0.6348,33178.0,0.222,8.76,0,0.0
1,0.04695405930119311,0.04695405930119311,0.04695405930119311,0.6442062725703765,0.6442062725703765,14424.287017326524,14424.287017326524,0.7022,17694.0,0.26,6.17,1,4.7
1,0.08946596964657141,0.08946596964657141,0.08946596964657141,0.3571882970300248,0.3571882970300248,27483.94587542674,27483.94587542674,0.2116,15501.0,0.37,17.46,7,41.2
2,0.08181920280062185,0.053661723820252964,0.04090960140031093,0.8015699311796018,0.7693620707724027,25134.85910035103,16484.88155758171,0.748,23284.0,0.091,5.85,2,15.7
1,0.010174623447089085,0.010174623447089085,0.010174623447089085,0.8885931961890705,0.8885931961890705,3125.644322945767,3125.644322945767,0.8592,37161.0,0.18,2.97,0,0.0
2,0.05989254058878871,0.0485538369403298,0.029946270294394357,0.8521769379922393,0.745391318093779,18398.988468875894,14915.738708069315,0.7027,19584.0,0.153,5.15,2,6.5
2,0.12234897358397616,0.09292324734053568,0.06117448679198808,0.8426991233000167,0.7262293539877022,37585.60468499748,28546.021583012563,0.6463,46407.0,0.261,5.82,4,24.4
0,0.0,0.0,0.0,0.0,0.0,0.0,0.0,0.5009,27233.0,0.054,9.08,2,12.5
1,0.014083677507863816,0.014083677507863816,0.014083677507863816,0.5537699757624008,0.5537699757624008,4326.505730415764,4326.505730415764,0.7107,996.0,0.285,7.38,1,7.9
1,0.010568091403938069,0.010568091403938069,0.010568091403938069,0.5032565378588725,0.5032565378588725,3246.5176792897746,3246.5176792897746,0.98,15835.0,0.065,1.57,0,0.0
1,0.026036372550506677,0.026036372550506677,0.026036372550506677,0.9446105879729403,0.9446105879729403,7998.373647515651,7998.373647515651,0.9411,30343.0,0.393,3.28,0,0.0
2,0.06367829460873146,0.03926126847532743,0.03183914730436573,0.6807304836743573,0.5432935223835156,19561.972103802305,12061.061675620587,0.7291,37585.0,0.344,4.65,3,13.6
1,0.034675629115164884,0.034675629115164884,0.034675629115164884,0.8275372572070492,0.8275372572070492,10652.353264178653,10652.353264178653,0.372,25921.0,0.167,15.09,10,35.6
2,0.11037763411264973,0.09780080644811995,0.05518881705632486,0.8954476031832497,0.713260630614713,33908.00919940599,30044.407740862447,0.1951,10278.0,0.186,16.94,8,60.1
0,0.0,0.0,0.0,0.0,0.0,0.0,0.0,0.6887,26524.0,0.354,7.42,3,0.0
6,0.2527189687713956,0.08361099373506285,0.042119828128565934,0.8928207967056117,0.6628128866906668,77635.26720657272,25685.297275411307,0.7872,3179.0,0.175,4.85,0,58.9
3,0.18610810160392185,0.11488049399118455,0.062036033867973954,0.5441913085666515,0.42692929640870236,57172.408812724796,35291.28775409189,0.5704,5267.0,0.29,11.16,6,48.0
0,0.0,0.0,0.0,0.0,0.0,0.0,0.0,0.2308,42431.0,0.065,16.43,4,27.0
1,0.032216889097773864,0.032216889097773864,0.032216889097773864,0.8149379581542993,0.8149379581542993,9897.02833083613,9897.02833083613,0.3213,19099.0,0.217,14.31,6,27.9
3,0.08931891805417919,0.0561754161977955,0.029772972684726395,0.5778770381843444,0.5213928973163119,27438.771626243848,17257.087855962778,0.5434,16377.0,0.218,10.48,5,38.8
4,0.3548710302054101,0.1343688774577971,0.08871775755135253,0.6806610924542903,0.5461100762285476,109016.380479102,41278.11915503527,0.4872,34972.0,0.102,14.16,7,84.4
0,0.0,0.0,0.0,0.0,0.0,0.0,0.0,0.3357,9199.0,0.309,16.02,6,19.7
4,0.09017697010217984,0.03224597192907301,0.02254424252554496,0.9003102474657276,0.6121513413609805,27702.365215389647,9905.96257661123,0.1852,4059.0,0.238,17.99,11,61.6
2,0.10651569441625262,0.06029216019075699,0.05325784720812631,0.8867219509798464,0.7490835109609564,32721.621324672804,18521.751610600546,0.8112,44734.0,0.315,6.22,2,14.1
3,0.07713173733897374,0.04079579929815686,0.02571057911299125,0.9203214528842951,0.8947610421866917,23694.869710532737,12532.469544393787,0.3656,31752.0,0.114,15.08,6,42.2
0,0.0,0.0,0.0,0.0,0.0,0.0,0.0,0.7043,11955.0,0.326,7.89,2,0.0
3,0.3507276923355138,0.20641663086698905,0.11690923077850461,0.9225666321643907,0.7229344652101358,107743.54708546985,63411.18900233904,0.3905,48877.0,0.17,14.63,5,82.5
1,0.01502225920373907,0.01502225920373907,0.01502225920373907,0.5231524858490068,0.5231524858490068,4614.838027388642,4614.838027388642,0.5,23749.0,0.244,8.46,3,20.1
0,0.0,0.0,0.0,0.0,0.0,0.0,0.0,0.1559,31984.0,0.361,17.63,10,33.2
2,0.12486303075993369,0.07515154020150105,0.06243151537996684,0.8106123098909144,0.8101943818996088,38357.92304945162,23086.553149901123,0.3748,34772.0,0.118,13.68,8,49.9
0,0.0,0.0,0.0,0.0,0.0,0.0,0.0,0.3472,49652.0,0.377,14.76,3,12.7
1,0.006291898178478241,0.006291898178478241,0.006291898178478241,0.6760771917260107,0.6760771917260107,1932.8711204285155,1932.8711204285155,0.6162,6008.0,0.087,7.09,3,0.0
0,0.0,0.0,0.0,0.0,0.0,0.0,0.0,0.3878,37397.0,0.296,13.74,6,15.4
1,0.007921977700979086,0.007921977700979086,0.007921977700979086,0.5641834029380741,0.5641834029380741,2433.631549740775,2433.631549740775,0.7605,17178.0,0.033,7.08,0,3.3
1,0.028044596323213534,0.028044596323213534,0.028044596323213534,0.9380658786186934,0.9380658786186934,8615.299990491198,8615.299990491198,0.4686,19532.0,0.324,11.97,3,20.9
0,0.0,0.0,0.0,0.0,0.0,0.0,0.0,0.2581,16577.0,0.314,17.85,7,22.7
0,0.0,0.0,0.0,0.0,0.0,0.0,0.0,0.911,14243.0,0.206,0.91,0,0.0
2,0.057114096614400825,0.04193320051983037,0.028557048307200412,0.9180849527411938,0.8182725929573288,17545.450479943935,12881.87919969189,0.7902,47912.0,0.344,5.58,3,5.0
3,0.16058527378528628,0.13213111168759387,0.05352842459509543,0.8775826646247452,0.811709260638522,49331.796106839945,40590.67751042884,0.6572,32697.0,0.327,6.9,3,37.5
2,0.11101214310337974,0.06997209348666766,0.05550607155168987,0.9466680539764739,0.8052857869235014,34102.93036135826,21495.427119104308,0.605,35323.0,0.068,11.43,6,40.7
1,0.02108431635528654,0.02108431635528654,0.02108431635528654,0.695598019278292,0.695598019278292,6477.1019843440245,6477.1019843440245,0.4195,4781.0,0.21,14.8,5,25.6
3,0.10662270601153687,0.0628348715527265,0.035540902003845624,0.9172790842200915,0.8902503794025395,32754.495286744124,19302.87254099758,0.7459,46867.0,0.251,3.83,5,26.7
0,0.0,0.0,0.0,0.0,0.0,0.0,0.0,0.8401,39863.0,0.222,1.36,0,0.0
1,0.07753722402968231,0.07753722402968231,0.07753722402968231,0.767082968135566,0.767082968135566,23819.435221918407,23819.435221918407,0.405,21834.0,0.148,13.36,4,32.7
1,0.024687149491992362,0.024687149491992362,0.024687149491992362,0.4876328822738222,0.4876328822738222,7583.892323940054,7583.892323940054,0.4038,10498.0,0.195,14.42,3,18.5
3,0.09376715633020874,0.04277080378764822,0.03125571877673625,0.717891220121591,0.5597446444638855,28805.270424640123,13139.190923565533,0.7339,1546.0,0.366,8.37,1,32.6
3,0.1090938994422593,0.06224013799458714,0.03636463314741977,0.7861685912250538,0.6419150690013182,33513.64590866206,19120.17039193717,0.3996,31847.0,0.229,15.07,9,54.0
2,0.13369481081665768,0.105738815080749,0.06684740540832884,0.7008248147749898,0.5747789526236287,41071.04588287724,32482.963992806093,0.8301,19120.0,0.357,2.25,1,16.9
1,0.0097833961582681,0.0097833961582681,0.0097833961582681,0.7033856664472093,0.7033856664472093,3005.45929981996,3005.45929981996,0.2547,31603.0,0.133,17.25,6,31.3
1,0.08805305618308362,0.08805305618308362,0.08805305618308362,0.4028480560308562,0.4028480560308562,27049.89885944329,27049.89885944329,0.4268,31362.0,0.226,11.28,7,36.2
1,0.018532400436107682,0.018532400436107682,0.018532400436107682,0.39874203525054674,0.39874203525054674,5693.15341397228,5693.15341397228,0.8878,6865.0,0.189,1.1,1,0.0
1,0.009388674017228012,0.009388674017228012,0.009388674017228012,0.5933763627245473,0.5933763627245473,2884.2006580924453,2884.2006580924453,0.6987,1347.0,0.358,6.48,2,2.9
1,0.12197825404212341,0.12197825404212341,0.12197825404212341,0.8390167914102612,0.8390167914102612,37471.71964174031,37471.71964174031,0.9159,7009.0,0.198,3.04,0,7.3
0,0.0,0.0,0.0,0.0,0.0,0.0,0.0,0.5157,38999.0,0.354,10.51,6,13.3
1,0.029448198591688225,0.029448198591688225,0.029448198591688225,0.9203402114677126,0.9203402114677126,9046.486607366622,9046.486607366622,0.5245,21618.0,0.292,9.09,1,11.2
1,0.026326459432897385,0.026326459432897385,0.026326459432897385,0.3826386897471691,0.3826386897471691,8087.488337786077,8087.488337786077,0.4038,22707.0,0.361,12.41,4,17.8
1,0.039507165146675106,0.039507165146675106,0.039507165146675106,0.8151387513173738,0.8151387513173738,12136.601133058593,12136.601133058593,0.2313,16179.0,0.264,16.77,3,34.7
1,0.0259767935940646,0.0259767935940646,0.0259767935940646,0.8904004627862911,0.8904004627862911,7980.070992096646,7980.070992096646,0.4062,11063.0,0.371,13.47,5,26.8
2,0.10910891898023922,0.06963881503205235,0.05455445949011961,0.8374509426330476,0.607812115093451,33518.25991072949,21393.043977846482,0.9327,19086.0,0.292,3.07,0,7.9
1,0.04305002882770449,0.04305002882770449,0.04305002882770449,0.5621660397397272,0.5621660397397272,13224.96885587082,13224.96885587082,0.3837,31384.0,0.3,12.82,5,27.3
2,0.12262532614773156,0.09009381362205844,0.06131266307386578,0.7639804548549205,0.7492157272473602,37670.50019258313,27676.819544696355,0.8005,33471.0,0.078,4.92,0,18.0
0,0.0,0.0,0.0,0.0,0.0,0.0,0.0,0.7364,7768.0,0.042,6.21,3,0.0
3,0.20858854472172278,0.11498309548195448,0.06952951490724092,0.7764335043556037,0.6327060594657035,64078.40093851323,35322.80693205642,0.289,5391.0,0.313,14.78,9,64.2
4,0.159510217358933,0.07077452236467045,0.03987755433973325,0.9600425097221122,0.8974937434045323,49001.538772664215,21741.93327042676,0.4553,27981.0,0.255,11.8,2,46.3
1,0.0423954781309849,0.0423954781309849,0.0423954781309849,0.8546740807434758,0.8546740807434758,13023.89088183856,13023.89088183856,0.212,47315.0,0.357,17.38,3,33.4
4,0.25368371090470976,0.12766086151258846,0.06342092772617744,0.9656801828604286,0.7473053933129166,77931.63598992683,39217.41665666718,0.5399,2656.0,0.062,10.2,0,53.5
1,0.08054308434102035,0.08054308434102035,0.08054308434102035,0.7367127793149841,0.7367127793149841,24742.835509561453,24742.835509561453,0.4621,42105.0,0.084,12.29,8,32.5
0,0.0,0.0,0.0,0.0,0.0,0.0,0.0,0.2508,12660.0,0.115,17.64,4,19.9
1,0.05817829043812085,0.05817829043812085,0.05817829043812085,0.7636718889857843,0.7636718889857843,17872.370822590725,17872.370822590725,0.3822,36764.0,0.136,14.3,8,34.1
2,0.08441542255253692,0.04361644922203209,0.04220771127626846,0.9335958716354316,0.8179695142375907,25932.417808139344,13398.973201008257,0.1854,12092.0,0.227,16.04,4,44.5
1,0.03865860792818667,0.03865860792818667,0.03865860792818667,0.7983613032139021,0.7983613032139021,11875.924355538946,11875.924355538946,0.677,30854.0,0.223,7.62,5,7.2
1,0.005811053496612715,0.005811053496612715,0.005811053496612715,0.8781216021158178,0.8781216021158178,1785.1556341594262,1785.1556341594262,0.2981,32543.0,0.303,14.76,9,24.0
0,0.0,0.0,0.0,0.0,0.0,0.0,0.0,0.4053,6165.0,0.191,11.9,2,15.3
1,0.03294495047199885,0.03294495047199885,0.03294495047199885,0.7569924547813944,0.7569924547813944,10120.688784998047,10120.688784998047,0.6219,26015.0,0.036,8.78,1,13.7
1,0.07214012405650969,0.07214012405650969,0.07214012405650969,0.4729659549022611,0.4729659549022611,22161.446110159777,22161.446110159777,0.5183,47664.0,0.063,9.94,7,25.4
0,0.0,0.0,0.0,0.0,0.0,0.0,0.0,0.7613,38470.0,0.353,4.44,1,0.0
3,0.21037069082370352,0.11895609776693077,0.07012356360790117,0.961984364732384,0.7651802289872451,64625.87622104172,36543.31323400113,0.4227,1625.0,0.104,11.99,1,55.5
2,0.03173000857762949,0.01845541355801337,0.015865004288814745,0.9276950529532113,0.6971250011667561,9747.45863504778,5669.503045021706,0.4197,26932.0,0.304,12.03,3,19.9
1,0.024054642869859873,0.024054642869859873,0.024054642869859873,0.6852110256102846,0.6852110256102846,7389.586289620953,7389.586289620953,0.9254,25005.0,0.306,2.46,0,0.0
2,0.06934677739722288,0.05229022105086734,0.03467338869861144,0.6681451244416566,0.6188806980647612,21303.33001642687,16063.555906826448,0.2679,25758.0,0.316,14.27,9,43.6
0,0.0,0.0,0.0,0.0,0.0,0.0,0.0,0.3284,44444.0,0.042,14.54,5,20.8
1,0.016867539707712147,0.016867539707712147,0.016867539707712147,0.551327351826216,0.551327351826216,5181.708198209171,5181.708198209171,0.7222,23236.0,0.141,5.35,1,1.8
4,0.13769301796301056,0.06834375345487219,0.03442325449075264,0.8941541670025834,0.6975193522212726,42299.29511823684,20995.201061336735,0.355,28252.0,0.313,16.05,8,65.4
1,0.011534853981517521,0.011534853981517521,0.011534853981517521,0.7321510162506961,0.7321510162506961,3543.5071431221827,3543.5071431221827,0.3878,1078.0,0.243,13.31,0,13.2
3,0.04733407656892716,0.03382381133194028,0.01577802552297572,0.9438138713154011,0.8166754178915645,14541.028321974423,10390.674841172055,0.736,29519.0,0.171,6.72,4,24.7
0,0.0,0.0,0.0,0.0,0.0,0.0,0.0,0.7127,43757.0,0.116,7.93,3,0.0
1,0.014274869560970703,0.014274869560970703,0.014274869560970703,0.5610197117631545,0.5610197117631545,4385.2399291302,4385.2399291302,0.52,9049.0,0.108,11.28,2,5.5
2,0.0618002187058628,0.03289755227676498,0.0309001093529314,0.7372400216346771,0.7363439973369702,18985.027186441053,10106.128059422203,0.7324,24158.0,0.118,4.22,2,10.9
1,0.005111607660555709,0.005111607660555709,0.005111607660555709,0.6916945416305944,0.6916945416305944,1570.2858733227138,1570.2858733227138,0.7034,46823.0,0.352,5.72,4,0.9
1,0.07199575685043724,0.07199575685043724,0.07199575685043724,0.40349746044853907,0.40349746044853907,22117.09650445432,22117.09650445432,0.9195,34724.0,0.238,2.37,2,9.9
1,0.06498416879878074,0.06498416879878074,0.06498416879878074,0.611809276122378,0.611809276122378,19963.136654985447,19963.136654985447,0.2533,6264.0,0.045,15.8,5,35.5
1,0.028091738463835746,0.028091738463835746,0.028091738463835746,0.7547841518958223,0.7547841518958223,8629.782056090342,8629.782056090342,0.7832,30994.0,0.179,5.03,0,6.1
1,0.051803948372220465,0.051803948372220465,0.051803948372220465,0.644151930192149,0.644151930192149,15914.172939946127,15914.172939946127,0.5791,19658.0,0.118,8.78,2,17.2
1,0.007794750923968944,0.007794750923968944,0.007794750923968944,0.47563955995242535,0.47563955995242535,2394.5474838432597,2394.5474838432597,0.4237,45185.0,0.04,15.03,3,20.0
0,0.0,0.0,0.0,0.0,0.0,0.0,0.0,0.4091,39997.0,0.193,11.86,1,15.5
3,0.09831278937410652,0.054144752104490025,0.03277092979136884,0.8077202009841584,0.6157645604661264,30201.68889572553,16633.267846499337,0.7212,14743.0,0.117,6.12,1,20.5
2,0.16076651719726054,0.10374760219640537,0.08038325859863027,0.9557350739846308,0.9045228986931,49387.47408299844,31871.26339473573,0.3306,22066.0,0.341,13.48,6,46.9
0,0.0,0.0,0.0,0.0,0.0,0.0,0.0,0.5254,41405.0,0.349,11.74,4,10.4
3,0.17326407686773984,0.12990619443952783,0.057754692289246616,0.8899244940809079,0.6667485050901106,53226.724413769676,39907.18293182295,0.9153,40490.0,0.213,2.3,0,24.3
0,0.0,0.0,0.0,0.0,0.0,0.0,0.0,0.6795,8331.0,0.143,8.06,6,0.0
0,0.0,0.0,0.0,0.0,0.0,0.0,0.0,0.2526,33757.0,0.332,16.27,7,21.0
1,0.03353642161893764,0.03353642161893764,0.03353642161893764,0.38502049393051035,0.38502049393051035,10302.388721337644,10302.388721337644,0.639,20855.0,0.334,7.35,1,9.4
0,0.0,0.0,0.0,0.0,0.0,0.0,0.0,0.8746,33240.0,0.393,2.14,3,0.0
0,0.0,0.0,0.0,0.0,0.0,0.0,0.0,0.4156,44078.0,0.072,14.54,5,9.8
1,0.03137740905803985,0.03137740905803985,0.03137740905803985,0.3629585053978151,0.3629585053978151,9639.140062629842,9639.140062629842,0.2374,31544.0,0.241,16.04,7,34.3
3,0.16665277384244948,0.14532911174272703,0.05555092461414982,0.7515206946655348,0.6620335587641561,51195.73212440048,44645.10312736574,0.8306,29020.0,0.384,4.22,3,29.7
2,0.05798910702092472,0.04992070291498274,0.02899455351046236,0.7605721981547391,0.70038749005665,17814.253676828073,15335.639935482697,0.8213,42607.0,0.107,4.66,3,9.1
4,0.13564709378035641,0.050651572612315184,0.033911773445089104,0.8533416503373947,0.6652562461511252,41670.78720932549,15560.163106503225,0.3292,9419.0,0.186,15.21,6,56.5
4,0.04896802593208922,0.015588819764288712,0.012242006483022304,0.9557195415415823,0.8493472457834252,15042.97756633781,4788.885431589492,0.98,41928.0,0.109,1.12,0,7.5
1,0.04364855190801745,0.04364855190801745,0.04364855190801745,0.44266925208806585,0.44266925208806585,13408.83514614296,13408.83514614296,0.7416,25762.0,0.102,2.57,1,0.0
1,0.04189116868125,0.04189116868125,0.04189116868125,0.5904895705197578,0.5904895705197578,12868.967018880001,12868.967018880001,0.3491,44750.0,0.129,15.31,2,28.4
3,0.17840077858033182,0.12433518574609267,0.05946692619344394,0.8662378443805984,0.576822556146651,54804.719179877946,38195.76906119967,0.925,16933.0,0.151,3.58,0,22.4
4,0.0631191361626114,0.02229262095996862,0.01577978404065285,0.8417433701844828,0.6639700814592954,19390.198629154227,6848.29315890236,0.4222,43093.0,0.146,12.19,6,42.1
1,0.03554861275541755,0.03554861275541755,0.03554861275541755,0.4661347125452012,0.4661347125452012,10920.533838464271,10920.533838464271,0.505,25455.0,0.231,11.82,3,17.4
4,0.11278742015064916,0.05107840392840777,0.02819685503766229,0.81159419662156,0.7146573508807094,34648.29547027942,15691.285686806867,0.5466,5242.0,0.385,11.07,5,43.6
3,0.04691259112012339,0.024594211314817305,0.015637530373374463,0.7981600306720112,0.5799997105736865,14411.547992101903,7555.341715911876,0.7859,47108.0,0.21,3.47,1,11.3
1,0.005385082751223613,0.005385082751223613,0.005385082751223613,0.41487721473957473,0.41487721473957473,1654.297421175894,1654.297421175894,0.725,4096.0,0.281,6.07,2,0.0
0,0.0,0.0,0.0,0.0,0.0,0.0,0.0,0.1565,6889.0,0.38,17.59,7,32.5
2,0.09453960290607531,0.07419388805437671,0.047269801453037656,0.4736187880454654,0.44625655858485813,29042.566012746334,22792.362410304526,0.8956,6845.0,0.104,1.88,1,14.3
1,0.027994429318907832,0.027994429318907832,0.027994429318907832,0.7521096877674356,0.7521096877674356,8599.888686768485,8599.888686768485,0.8054,43430.0,0.165,5.54,2,2.4
1,0.04550238306113247,0.04550238306113247,0.04550238306113247,0.7329179470666376,0.7329179470666376,13978.332076379895,13978.332076379895,0.6814,46349.0,0.147,6.22,1,9.9
3,0.23370036340031652,0.17280126187691996,0.07790012113343885,0.7402013126820909,0.5319794815653447,71792.75163657723,53084.54764858981,0.8064,29010.0,0.107,4.09,2,37.3
0,0.0,0.0,0.0,0.0,0.0,0.0,0.0,0.6701,23487.0,0.134,7.92,3,3.1
1,0.020414474790192247,0.020414474790192247,0.020414474790192247,0.7717072533468741,0.7717072533468741,6271.326655547058,6271.326655547058,0.8287,24287.0,0.278,5.58,4,0.4
3,0.11260260630066175,0.05632304149742952,0.037534202100220584,0.9505798752168912,0.774662462353643,34591.52065556329,17302.43834801035,0.973,14360.0,0.363,1.14,1,10.5
1,0.05263918046660266,0.05263918046660266,0.05263918046660266,0.4280356834239579,0.4280356834239579,16170.756239340337,16170.756239340337,0.6088,42813.0,0.235,8.72,3,16.6
1,0.014736075133514676,0.014736075133514676,0.014736075133514676,0.45382728888637747,0.45382728888637747,4526.922281015709,4526.922281015709,0.4074,44808.0,0.119,12.52,3,14.4
2,0.04427701724650898,0.023257008420256988,0.02213850862325449,0.8722820467179232,0.7464126020069379,13601.89969812756,7144.552986702946,0.7163,33275.0,0.104,6.28,1,11.4
4,0.2009857600322259,0.0906043162730144,0.050246440008056475,0.935456943619307,0.7618402100495165,61742.825481899796,27833.645959070025,0.619,25641.0,0.383,7.18,4,48.0
2,0.18493962916958248,0.13404370773484997,0.09246981458479124,0.5599832505257769,0.5386755834741985,56813.45408089573,41178.22701614591,0.4511,11126.0,0.381,12.05,7,48.0
4,0.06501303991833568,0.026043815773485926,0.01625325997958392,0.9123401306019001,0.7397101677631062,19972.005862912723,8000.660205614877,0.5713,40193.0,0.071,9.82,1,27.9
1,0.0059409393183623305,0.0059409393183623305,0.0059409393183623305,0.8703238112069459,0.8703238112069459,1825.056558600908,1825.056558600908,0.731,18119.0,0.362,2.57,1,0.0
1,0.08227208338586693,0.08227208338586693,0.08227208338586693,0.8023235703766187,0.8023235703766187,25273.98401613832,25273.98401613832,0.6389,8491.0,0.25,5.81,5,19.9
1,0.007700617737710585,0.007700617737710585,0.007700617737710585,0.7291013161769544,0.7291013161769544,2365.629769024692,2365.629769024692,0.2763,14017.0,0.241,17.97,5,28.1
2,0.08450639943889704,0.06034105212041558,0.04225319971944852,0.6708694481786059,0.6004473765003437,25960.36590762917,18536.771211391668,0.255,5505.0,0.38,17.19,3,45.0
0,0.0,0.0,0.0,0.0,0.0,0.0,0.0,0.6859,11996.0,0.23,6.94,3,0.0
2,0.06523815387730744,0.04717969677477635,0.03261907693865372,0.7789128025929294,0.7695482341577036,20041.16087110885,14493.602849211295,0.3766,13041.0,0.051,10.57,8,31.0
1,0.05306090897907322,0.05306090897907322,0.05306090897907322,0.5235409641549444,0.5235409641549444,16300.311238371294,16300.311238371294,0.3835,15979.0,0.397,13.66,3,31.1
1,0.022123285695909763,0.022123285695909763,0.022123285695909763,0.7437884261898314,0.7437884261898314,6796.27336578348,6796.27336578348,0.9224,7549.0,0.325,2.27,0,0.0
1,0.04360238908332283,0.04360238908332283,0.04360238908332283,0.37195175495680755,0.37195175495680755,13394.653926396775,13394.653926396775,0.98,34676.0,0.277,1.12,0,0.0
1,0.060384782782079656,0.060384782782079656,0.060384782782079656,0.6171821444878001,0.6171821444878001,18550.20527065487,18550.20527065487,0.7975,11485.0,0.239,4.68,0,1.8
1,0.034235946617282506,0.034235946617282506,0.034235946617282506,0.8226986349034271,0.8226986349034271,10517.282800829185,10517.282800829185,0.286,11068.0,0.143,17.23,4,32.8
2,0.12575702104151026,0.06766625136736454,0.06287851052075513,0.7509428271946428,0.7156349550300347,38632.55686395195,20787.072420054385,0.8778,37926.0,0.371,2.84,1,12.0
1,0.030619526440431317,0.030619526440431317,0.030619526440431317,0.5677087560186033,0.5677087560186033,9406.3185225005,9406.3185225005,0.98,7879.0,0.215,0.57,0,0.0
2,0.12351304099894501,0.07647578378524922,0.06175652049947251,0.5507518686346446,0.46106117548616843,37943.20619487591,23493.36077882856,0.3517,39220.0,0.282,11.14,10,46.8
2,0.07418115281438462,0.06400730189808695,0.03709057640719231,0.860424501390007,0.65722558911198,22788.45014457895,19663.043143092313,0.8321,36847.0,0.27,0.77,1,9.1
1,0.1808930248294409,0.1808930248294409,0.1808930248294409,0.5401724467051878,0.5401724467051878,55570.33722760424,55570.33722760424,0.7338,5028.0,0.089,4.96,5,22.5
4,0.23111594956935008,0.11333655034666364,0.05777898739233752,0.9649159347953311,0.6630167650678608,70998.81970770434,34816.98826649507,0.98,21168.0,0.189,0.52,0,39.1
1,0.12576830390799626,0.12576830390799626,0.12576830390799626,0.6545276210982336,0.6545276210982336,38636.02296053645,38636.02296053645,0.5958,1672.0,0.348,12.27,4,24.7
0,0.0,0.0,0.0,0.0,0.0,0.0,0.0,0.6372,9191.0,0.287,7.79,4,0.0
2,0.2207311303580746,0.1712172901036041,0.1103655651790373,0.4633065416651501,0.43094904232024006,67808.60324600051,52597.95151982718,0.5886,26097.0,0.162,9.81,2,43.1
1,0.02264729741059842,0.02264729741059842,0.02264729741059842,0.39000549596749406,0.39000549596749406,6957.249764535834,6957.249764535834,0.3911,15489.0,0.398,12.88,4,25.9
2,0.05641721429634399,0.05130963298452539,0.028208607148171996,0.775274952311882,0.6000092979266317,17331.368231836874,15762.3192528462,0.6681,4318.0,0.396,8.51,2,15.6
1,0.08297342969528308,0.08297342969528308,0.08297342969528308,0.35805723633448144,0.35805723633448144,25489.437602390964,25489.437602390964,0.2463,24427.0,0.32,17.99,6,37.2
4,0.19394030208533064,0.07661896280047252,0.04848507552133266,0.8699925438479225,0.7265926767673643,59578.46080061356,23537.345372305157,0.8881,33037.0,0.261,1.46,0,36.3
3,0.08259187853065995,0.06701544379963643,0.02753062617688665,0.8360925717831938,0.7318498563269337,25372.225084618738,20587.14433524831,0.6176,18888.0,0.258,9.55,3,25.2
4,0.10603897712321417,0.06235333971686576,0.026509744280803542,0.9474480937611633,0.8309619111909448,32575.173772251394,19154.945961021163,0.5255,4912.0,0.374,11.04,2,33.1
0,0.0,0.0,0.0,0.0,0.0,0.0,0.0,0.6888,40424.0,0.186,6.62,3,0.0
0,0.0,0.0,0.0,0.0,0.0,0.0,0.0,0.685,20881.0,0.389,7.03,1,3.4
1,0.024567843559423253,0.024567843559423253,0.024567843559423253,0.4962873825232583,0.4962873825232583,7547.241541454823,7547.241541454823,0.3103,33509.0,0.387,17.13,6,29.2
2,0.1575960848204928,0.10935113131442611,0.0787980424102464,0.9509200014951807,0.6784533593482447,48413.51725685539,33592.6675397917,0.9704,31809.0,0.156,2.26,0,13.0
1,0.009071967497887646,0.009071967497887646,0.009071967497887646,0.382957837595213,0.382957837595213,2786.908415351085,2786.908415351085,0.5787,16475.0,0.341,9.09,2,6.6
1,0.014359787623888669,0.014359787623888669,0.014359787623888669,0.9440526774215837,0.9440526774215837,4411.326758058599,4411.326758058599,0.4867,32426.0,0.382,11.59,2,13.6
0,0.0,0.0,0.0,0.0,0.0,0.0,0.0,0.9196,5092.0,0.259,0.53,2,0.0
1,0.02363727428262659,0.02363727428262659,0.02363727428262659,0.6630909731859849,0.6630909731859849,7261.370659622888,7261.370659622888,0.8216,16269.0,0.031,1.86,3,0.6
1,0.029548951834851428,0.029548951834851428,0.029548951834851428,0.4971774012845417,0.4971774012845417,9077.438003666359,9077.438003666359,0.802,14670.0,0.121,4.16,2,0.0
1,0.16699980870119466,0.16699980870119466,0.16699980870119466,0.803131418295391,0.803131418295391,51302.341233007,51302.341233007,0.4352,6929.0,0.309,11.89,7,40.0
2,0.08942726295407491,0.06264404890607297,0.044713631477037455,0.7447245203307817,0.7163273519698642,27472.055179491814,19244.25182394562,0.6064,4536.0,0.393,8.7,0,24.6
1,0.049079773147370255,0.049079773147370255,0.049079773147370255,0.44700530780079273,0.44700530780079273,15077.306310872142,15077.306310872142,0.368,3972.0,0.2,13.16,4,30.5
0,0.0,0.0,0.0,0.0,0.0,0.0,0.0,0.6799,18790.0,0.114,6.47,1,0.0
1,0.07525059192786165,0.07525059192786165,0.07525059192786165,0.7999666163405423,0.7999666163405423,23116.9818402391,23116.9818402391,0.7361,36144.0,0.114,6.67,1,9.9
2,0.10136539635689634,0.0844961770513261,0.05068269817844817,0.9567785530961537,0.8564320826435752,31139.449760838557,25957.225590167378,0.1587,49965.0,0.262,17.9,7,55.0
1,0.09302717564208078,0.09302717564208078,0.09302717564208078,0.6593695492176206,0.6593695492176206,28577.948357247216,28577.948357247216,0.8028,40066.0,0.265,3.83,1,9.2
2,0.19010478285686933,0.11224522504387843,0.09505239142843466,0.7973442869753729,0.707113931858484,58400.18929363026,34481.73313347946,0.2475,37206.0,0.314,17.31,7,64.1
1,0.005441068911136928,0.005441068911136928,0.005441068911136928,0.620381820329099,0.620381820329099,1671.4963695012643,1671.4963695012643,0.7322,33704.0,0.21,8.45,0,5.2
1,0.024218259722000247,0.024218259722000247,0.024218259722000247,0.7913625405317872,0.7913625405317872,7439.849386598476,7439.849386598476,0.5432,38016.0,0.228,12.68,1,14.2
1,0.09978027292129614,0.09978027292129614,0.09978027292129614,0.45977132121593817,0.45977132121593817,30652.499841422174,30652.499841422174,0.9112,15856.0,0.176,1.07,0,1.3
0,0.0,0.0,0.0,0.0,0.0,0.0,0.0,0.3845,15928.0,0.165,12.65,7,18.9
0,0.0,0.0,0.0,0.0,0.0,0.0,0.0,0.9273,10843.0,0.399,0.91,2,0.0
1,0.038622985330601455,0.038622985330601455,0.038622985330601455,0.8495942285967342,0.8495942285967342,11864.981093560767,11864.981093560767,0.2485,20028.0,0.198,15.96,3,30.7
3,0.06066231972531695,0.04328004948658992,0.02022077324177232,0.6970626020730477,0.5843567435761189,18635.464619617367,13295.631202280423,0.277,11520.0,0.064,17.92,3,47.2
1,0.037520749456946,0.037520749456946,0.037520749456946,0.8724023430599107,0.8724023430599107,11526.374233173812,11526.374233173812,0.7663,45480.0,0.385,4.94,1,0.0
1,0.009286294171282034,0.009286294171282034,0.009286294171282034,0.7318742698397367,0.7318742698397367,2852.749569417841,2852.749569417841,0.3269,46730.0,0.323,14.58,2,24.9
2,0.11839238025128729,0.09654073334086002,0.059196190125643644,0.9381296677764465,0.9347394812276476,36370.139213195456,29657.3132823122,0.3238,3118.0,0.04,13.44,5,40.9
0,0.0,0.0,0.0,0.0,0.0,0.0,0.0,0.4484,29118.0,0.238,14.17,3,10.6
2,0.08735517465204912,0.06464818909834172,0.04367758732602456,0.9493150732662253,0.7512165402779138,26835.509653109486,19859.923691010576,0.4719,37057.0,0.216,11.62,1,32.9
2,0.07346015674880885,0.043895726960923254,0.03673007837440442,0.7099409177668179,0.6052223979359586,22566.96015323408,13484.767322395623,0.5776,41322.0,0.19,9.58,5,22.3
1,0.024536277419553366,0.024536277419553366,0.024536277419553366,0.8790663265798433,0.8790663265798433,7537.544423286794,7537.544423286794,0.4118,47663.0,0.233,9.16,3,20.0
1,0.06683960775345889,0.06683960775345889,0.06683960775345889,0.8632220178825509,0.8632220178825509,20533.12750186257,20533.12750186257,0.7683,23448.0,0.056,3.53,1,10.8
3,0.1797432045358653,0.13158296747881698,0.059914401511955095,0.9542713201760052,0.7601212833187979,55217.11243341781,40422.287609492574,0.7177,9401.0,0.332,5.39,3,37.8
1,0.015395702941495362,0.015395702941495362,0.015395702941495362,0.9399554605248953,0.9399554605248953,4729.559943627375,4729.559943627375,0.5047,49224.0,0.329,12.46,5,15.8
1,0.010511767020288162,0.010511767020288162,0.010511767020288162,0.5198621276039571,0.5198621276039571,3229.214828632523,3229.214828632523,0.4188,21749.0,0.089,11.86,5,21.8
0,0.0,0.0,0.0,0.0,0.0,0.0,0.0,0.3585,23855.0,0.385,13.79,10,23.8
1,0.018936889660286074,0.018936889660286074,0.018936889660286074,0.43893464408452315,0.43893464408452315,5817.412503639882,5817.412503639882,0.5416,32076.0,0.084,9.2,1,16.5
0,0.0,0.0,0.0,0.0,0.0,0.0,0.0,0.419,17047.0,0.071,14.13,5,14.5
1,0.018454065160251044,0.018454065160251044,0.018454065160251044,0.8696083937199137,0.8696083937199137,5669.088817229121,5669.088817229121,0.2201,1790.0,0.212,17.98,8,31.2
0,0.0,0.0,0.0,0.0,0.0,0.0,0.0,0.5765,2635.0,0.185,8.58,3,2.1
0,0.0,0.0,0.0,0.0,0.0,0.0,0.0,0.4741,40990.0,0.091,11.87,2,2.8
3,0.07311827990779028,0.036021082722474757,0.024372759969263427,0.7603052101907867,0.6073271186574676,22461.93558767317,11065.676612344245,0.6301,45323.0,0.208,9.08,2,25.7
2,0.06421740169814665,0.04986333979723095,0.03210870084907332,0.864617859720836,0.7830791044106307,19727.585801670648,15318.017985709346,0.5616,15760.0,0.174,9.08,4,27.3
2,0.11281572784516872,0.06085672014153142,0.05640786392258436,0.6247537498161155,0.5308016657098424,34656.99159403583,18695.184427478453,0.2404,30744.0,0.208,17.77,4,46.3
1,0.040881870152640956,0.040881870152640956,0.040881870152640956,0.9197937439231513,0.9197937439231513,12558.9105108913,12558.9105108913,0.7442,23447.0,0.37,3.45,2,2.3
3,0.16619844299013586,0.06803227555676855,0.05539948099671196,0.5273507644468719,0.4575306741423743,51056.16168656974,20899.5150510393,0.2429,10892.0,0.206,13.92,8,62.5
3,0.1697660516852459,0.07760510023268904,0.05658868389508196,0.8428214447011861,0.6516253489617746,52152.13107770754,23840.286791482074,0.7261,26017.0,0.32,4.25,3,31.8
2,0.06137546215575358,0.03235520259146538,0.03068773107787679,0.946597318210406,0.843542130647694,18854.5419742475,9939.518236098165,0.193,19274.0,0.2,17.72,4,45.3
6,0.3054042710944489,0.1189657549496537,0.05090071184907482,0.8501718039586107,0.5844167633429901,93820.19208021469,36546.27992053361,0.815,38463.0,0.075,3.41,2,53.6
3,0.11483598314265145,0.07179792520289827,0.03827866104755048,0.6722232781612414,0.6001469184930228,35277.61402142252,22056.322622330346,0.8187,2632.0,0.242,2.07,0,21.3
0,0.0,0.0,0.0,0.0,0.0,0.0,0.0,0.7285,20953.0,0.356,5.62,1,0.0
1,0.07885528543496459,0.07885528543496459,0.07885528543496459,0.9342642011397966,0.9342642011397966,24224.343685621123,24224.343685621123,0.519,24546.0,0.111,9.19,6,29.2
1,0.005687683922449345,0.005687683922449345,0.005687683922449345,0.8255182984439429,0.8255182984439429,1747.2565009764387,1747.2565009764387,0.7235,25835.0,0.392,6.76,1,1.8
0,0.0,0.0,0.0,0.0,0.0,0.0,0.0,0.9473,36287.0,0.29,1.45,0,0.0
1,0.008375459823850778,0.008375459823850778,0.008375459823850778,0.6382737505338101,0.6382737505338101,2572.9412578869587,2572.9412578869587,0.929,43399.0,0.035,1.2,2,0.0
0,0.0,0.0,0.0,0.0,0.0,0.0,0.0,0.3476,44333.0,0.292,14.45,4,20.0
2,0.051610389321233435,0.03625865734437985,0.025805194660616718,0.43072688519544056,0.4258050233195114,15854.711599482913,11138.65953619349,0.3567,48042.0,0.133,11.45,3,34.8
1,0.04547481156672775,0.04547481156672775,0.04547481156672775,0.7472895312869814,0.7472895312869814,13969.862113298765,13969.862113298765,0.2004,39140.0,0.288,15.9,3,37.0
2,0.02016175770612723,0.014336290502394558,0.010080878853063614,0.4496625427949496,0.4045939796617794,6193.691967322285,4404.108442335608,0.966,28311.0,0.178,0.85,2,0.0
1,0.07424058589058923,0.07424058589058923,0.07424058589058923,0.772020963630643,0.772020963630643,22806.70798558901,22806.70798558901,0.3946,35488.0,0.137,11.72,6,29.1
1,0.11542298230449417,0.11542298230449417,0.11542298230449417,0.6252710065788813,0.6252710065788813,35457.94016394061,35457.94016394061,0.9766,12837.0,0.219,2.03,0,7.2
2,0.08821626575484352,0.044637332307456964,0.04410813287742176,0.9515208672874063,0.9376932523834267,27100.03683988793,13712.58848485078,0.7354,26225.0,0.37,2.46,3,14.5
1,0.07194515354399927,0.07194515354399927,0.07194515354399927,0.6081009672784914,0.6081009672784914,22101.551168716578,22101.551168716578,0.3956,14099.0,0.219,14.43,5,28.1
1,0.02872669161177556,0.02872669161177556,0.02872669161177556,0.9395011811685363,0.9395011811685363,8824.839663137453,8824.839663137453,0.7357,5760.0,0.272,7.12,2,9.4
2,0.06483680180379583,0.032614329219972114,0.03241840090189792,0.6938144662737937,0.6670003467553944,19917.865514126082,10019.121936375434,0.9138,26888.0,0.132,2.44,1,8.9
1,0.02310251102665933,0.02310251102665933,0.02310251102665933,0.8595496569402827,0.8595496569402827,7097.091387389746,7097.091387389746,0.583,10315.0,0.354,8.06,3,22.0
4,0.2891469452994321,0.14447591257745682,0.07228673632485802,0.9087231174007879,0.8023373849047604,88825.94159598553,44383.00034379473,0.8292,5859.0,0.381,1.82,2,47.1
2,0.1426395837152394,0.08545252345478921,0.0713197918576197,0.6812181721527065,0.5952225015313237,43818.88011732155,26251.015205311243,0.7369,44801.0,0.311,8.58,1,23.7
0,0.0,0.0,0.0,0.0,0.0,0.0,0.0,0.8905,21717.0,0.085,2.72,3,0.0
0,0.0,0.0,0.0,0.0,0.0,0.0,0.0,0.4839,26221.0,0.044,12.32,2,6.1
2,0.08743371432894809,0.08030253421008363,0.04371685716447404,0.8184680601963985,0.6607554423454193,26859.637041852857,24668.93850933769,0.5062,21997.0,0.248,11.78,6,36.2
2,0.08712873721105382,0.07955796033945922,0.04356436860552691,0.7436531127864598,0.5622302703170614,26765.948071235733,24440.20541628187,0.4012,46544.0,0.376,12.03,8,38.0
2,0.08855808901094911,0.08163886006801746,0.044279044505474555,0.8304123118273953,0.7954123367615065,27205.04494416357,25079.457812894965,0.7283,7240.0,0.335,5.31,3,15.4
0,0.0,0.0,0.0,0.0,0.0,0.0,0.0,0.7109,15556.0,0.273,5.84,2,0.0
1,0.02119672949935875,0.02119672949935875,0.02119672949935875,0.6912192990304163,0.6912192990304163,6511.635302203008,6511.635302203008,0.9349,39929.0,0.176,1.43,0,0.0
3,0.10236790146621803,0.07865222243056214,0.03412263382207268,0.8998342790741004,0.6557125553287332,31447.41933042218,24161.96273066869,0.595,3682.0,0.268,7.37,5,32.0
1,0.016580742140185636,0.016580742140185636,0.016580742140185636,0.48583809019772395,0.48583809019772395,5093.603985465027,5093.603985465027,0.98,14864.0,0.227,1.17,0,0.0
0,0.0,0.0,0.0,0.0,0.0,0.0,0.0,0.8769,8480.0,0.152,2.01,0,0.0
3,0.07009558427337467,0.0319842710948106,0.023365194757791558,0.8921568388246942,0.6445846310433999,21533.3634887807,9825.568080325816,0.8486,22397.0,0.361,5.19,2,22.4
3,0.213668020214588,0.14019595492787346,0.07122267340486267,0.4376500346227595,0.40328840647177594,65638.81580992143,43068.19735384273,0.8146,41041.0,0.303,3.38,3,35.9
4,0.09457032724018422,0.047228509530265375,0.023642581810046054,0.8861593197787991,0.7917686256455665,29052.004528184596,14508.598127697524,0.8279,29828.0,0.112,1.98,5,27.8
0,0.0,0.0,0.0,0.0,0.0,0.0,0.0,0.423,42534.0,0.264,14.97,3,15.2
0,0.0,0.0,0.0,0.0,0.0,0.0,0.0,0.3758,44379.0,0.251,12.47,3,12.0
5,0.15662681661818675,0.07257555299501763,0.03132536332363735,0.9483632307958695,0.80794467092782,48115.75806510697,22295.209880069415,0.7929,29433.0,0.21,3.2,0,37.4
2,0.07190236564762513,0.04749176867900598,0.035951182823812565,0.7810608951186935,0.7752193949778976,22088.406726950438,14589.471338190637,0.7664,47328.0,0.309,5.23,1,15.5
1,0.026395806940704435,0.026395806940704435,0.026395806940704435,0.6700468418131655,0.6700468418131655,8108.791892184403,8108.791892184403,0.8598,23952.0,0.266,3.85,0,0.0
5,0.2886020339483842,0.1679850468962331,0.05772040678967684,0.7691439624288543,0.5674243682687719,88658.54482894362,51605.00640652281,0.434,45693.0,0.128,14.48,4,75.6
3,0.1263772538345237,0.09527254176616932,0.04212575127817456,0.8509879262652211,0.7667179856434414,38823.09237796568,29267.72483056722,0.8354,35138.0,0.398,2.97,0,18.0
1,0.04251581515884177,0.04251581515884177,0.04251581515884177,0.5256781504886365,0.5256781504886365,13060.858416796193,13060.858416796193,0.3879,24500.0,0.104,12.63,9,31.3
1,0.016097896289988395,0.016097896289988395,0.016097896289988395,0.9765895839054898,0.9765895839054898,4945.273740284435,4945.273740284435,0.8099,14504.0,0.181,4.86,1,0.0
1,0.0529271971573299,0.0529271971573299,0.0529271971573299,0.5776989516879917,0.5776989516879917,16259.234966731745,16259.234966731745,0.587,44682.0,0.169,7.9,4,17.5
1,0.036902851595597044,0.036902851595597044,0.036902851595597044,0.8185202057329843,0.8185202057329843,11336.556010167413,11336.556010167413,0.7412,43118.0,0.388,5.98,4,8.2
0,0.0,0.0,0.0,0.0,0.0,0.0,0.0,0.949,29543.0,0.225,0.56,1,0.0
3,0.12604541389568938,0.10867711793093388,0.04201513796522979,0.8417460530131395,0.6436624651095294,38721.15114875577,33385.610628382885,0.4078,15076.0,0.381,10.81,3,39.7
4,0.16150453384309543,0.10096291540398872,0.04037613346077386,0.9008985026323153,0.6392345786229524,49614.192796598916,31015.807612105335,0.9615,3923.0,0.287,1.37,2,30.8
3,0.04835620757523096,0.023436333019469416,0.01611873585841032,0.9773403405737073,0.7812124421344712,14855.026967110949,7199.641503581004,0.3051,29515.0,0.325,16.56,5,50.2
1,0.030069833800601423,0.030069833800601423,0.030069833800601423,0.8023256304590728,0.8023256304590728,9237.452943544757,9237.452943544757,0.695,19154.0,0.163,6.68,3,0.5
3,0.057649989911823754,0.026178389162995884,0.019216663303941253,0.96129315633262,0.644785654246429,17710.076900912256,8042.0011508723355,0.877,26104.0,0.128,2.89,0,7.1
0,0.0,0.0,0.0,0.0,0.0,0.0,0.0,0.4001,20156.0,0.365,10.47,3,7.1
0,0.0,0.0,0.0,0.0,0.0,0.0,0.0,0.3042,43797.0,0.3,16.17,8,29.5
1,0.007439952828046703,0.007439952828046703,0.007439952828046703,0.5154059675207845,0.5154059675207845,2285.553508775947,2285.553508775947,0.4036,20612.0,0.232,12.99,7,18.0
1,0.005550667987068515,0.005550667987068515,0.005550667987068515,0.49556085788909976,0.49556085788909976,1705.165205627448,1705.165205627448,0.5869,33047.0,0.333,11.1,1,7.5
3,0.23283431132019772,0.11909918155301036,0.07761143710673257,0.7877375048291799,0.6975114014217757,71526.70043756474,36587.26857308478,0.8134,34073.0,0.26,6.2,1,33.3
2,0.015089149269542978,0.009850676704590139,0.007544574634771489,0.8405049839700574,0.8291551766472012,4635.386655603603,3026.1278836500906,0.98,22316.0,0.271,0.68,0,0.0
0,0.0,0.0,0.0,0.0,0.0,0.0,0.0,0.56,2191.0,0.051,7.01,2,0.0
2,0.12414177220318764,0.08638295712933604,0.06207088610159382,0.7453515785378423,0.7143070381766969,38136.35242081925,26536.84443013203,0.8466,1309.0,0.379,3.89,1,16.7
1,0.035005708750727144,0.035005708750727144,0.035005708750727144,0.677807426786035,0.677807426786035,10753.753728223379,10753.753728223379,0.6188,45637.0,0.147,8.51,5,15.8
4,0.18337210796603529,0.08638517112374342,0.04584302699150882,0.9666312091573798,0.6361921896367755,56331.91156716604,26537.524569213976,0.747,42313.0,0.217,5.26,0,37.0
1,0.03333045542859814,0.03333045542859814,0.03333045542859814,0.879281103797048,0.879281103797048,10239.115907665348,10239.115907665348,0.945,46147.0,0.263,0.97,0,0.0
1,0.01636495308456045,0.01636495308456045,0.01636495308456045,0.7174976201889847,0.7174976201889847,5027.31358757697,5027.31358757697,0.9676,33077.0,0.198,0.52,0,0.0
2,0.08502670556740918,0.06965644001459767,0.04251335278370459,0.9793223582817973,0.8579757791911551,26120.2039503081,21398.458372484405,0.5372,31434.0,0.355,10.74,2,24.3
1,0.022922287886151083,0.022922287886151083,0.022922287886151083,0.36294987988897237,0.36294987988897237,7041.726838625613,7041.726838625613,0.4819,23952.0,0.193,11.04,9,21.2
1,0.006865864453791326,0.006865864453791326,0.006865864453791326,0.8167390827256213,0.8167390827256213,2109.193560204695,2109.193560204695,0.3473,48831.0,0.232,12.5,3,20.3
3,0.16414302612853,0.08726841374834993,0.05471434204284333,0.831033517412048,0.6649591889555359,50424.73762668441,26808.856703493097,0.6716,12918.0,0.15,5.54,4,39.9
1,0.01379613620222329,0.01379613620222329,0.01379613620222329,0.8421772222251467,0.8421772222251467,4238.173041322995,4238.173041322995,0.9682,28473.0,0.265,1.32,0,0.0
0,0.0,0.0,0.0,0.0,0.0,0.0,0.0,0.2554,29379.0,0.147,16.76,3,22.0
1,0.04086235128218084,0.04086235128218084,0.04086235128218084,0.441875140982115,0.441875140982115,12552.914313885954,12552.914313885954,0.3221,12585.0,0.26,15.83,7,31.5
0,0.0,0.0,0.0,0.0,0.0,0.0,0.0,0.9193,46134.0,0.302,1.56,1,0.0
1,0.02822285063477812,0.02822285063477812,0.02822285063477812,0.4957660003902318,0.4957660003902318,8670.059715003837,8670.059715003837,0.4473,7841.0,0.164,11.44,6,23.1
2,0.1145395289588698,0.05903716939216834,0.0572697644794349,0.6032322298532347,0.4989411625730556,35186.543296164804,18136.218437274114,0.709,46417.0,0.04,3.29,2,22.6
1,0.03073190583621248,0.03073190583621248,0.03073190583621248,0.5149204457844534,0.5149204457844534,9440.841472884475,9440.841472884475,0.2189,6091.0,0.12,16.62,7,37.3
3,0.07011035333540044,0.032201902763171544,0.023370117778466815,0.7341612907717936,0.6536938828378244,21537.900544635017,9892.424528846299,0.9477,25364.0,0.26,0.64,0,10.6
4,0.11882045990963569,0.04299616168382167,0.029705114977408922,0.8258432516646593,0.559233402218796,36501.64528424009,13208.420869270018,0.4653,10101.0,0.229,13.81,4,45.5
2,0.032773460066009084,0.01673284396746782,0.016386730033004542,0.5784947007792104,0.506613021919101,10068.006932277991,5140.329666806114,0.6954,3744.0,0.356,7.5,1,11.5
3,0.16438202938362498,0.08188819475328138,0.05479400979454166,0.6645406223665452,0.5852464745896647,50498.159426649596,25156.05342820804,0.9108,23928.0,0.096,2.84,1,31.4
3,0.14212285283274112,0.08938953739015336,0.04737428427758037,0.9671340455542428,0.6811611438571012,43660.140390218075,27460.46588625511,0.6704,49890.0,0.347,6.37,0,33.9
2,0.09487448908093414,0.05922594856816249,0.04743724454046707,0.9237256601947718,0.8123300808456372,29145.443045662967,18194.211400139517,0.7414,47304.0,0.082,6.47,2,16.2
1,0.014010666323137948,0.014010666323137948,0.014010666323137948,0.8804730894056193,0.8804730894056193,4304.076694467978,4304.076694467978,0.8464,21101.0,0.043,2.72,1,0.0
2,0.023277590560672065,0.013589493796463271,0.011638795280336033,0.8633975206947955,0.6673995713746428,7150.875820238458,4174.692494273517,0.5491,35724.0,0.183,12.36,9,26.5
0,0.0,0.0,0.0,0.0,0.0,0.0,0.0,0.4121,47497.0,0.216,15.75,4,12.7
1,0.042355774813362626,0.042355774813362626,0.042355774813362626,0.40558443912562026,0.40558443912562026,13011.694022664999,13011.694022664999,0.3655,36959.0,0.249,15.33,2,30.5
1,0.027632607593560975,0.027632607593560975,0.027632607593560975,0.4838844443383163,0.4838844443383163,8488.737052741932,8488.737052741932,0.8801,23563.0,0.22,4.41,2,0.0
2,0.07927540497256988,0.06261910368518318,0.03963770248628494,0.7493848954727538,0.7343336213410927,24353.404407573464,19236.588652088274,0.6234,21543.0,0.188,9.4,4,21.6
1,0.00609604258151584,0.00609604258151584,0.00609604258151584,0.9663936453058357,0.9663936453058357,1872.704281041666,1872.704281041666,0.6167,39914.0,0.297,10.3,4,7.1
2,0.0738924819480435,0.06424849155873136,0.03694624097402175,0.9506209757627228,0.8774904563392654,22699.770454438963,19737.136606842272,0.5656,25934.0,0.26,8.82,4,29.7
2,0.03088213439755525,0.02357394146249521,0.015441067198777626,0.7868977325421449,0.6361565925281106,9486.991686928974,7241.914817278528,0.3212,23339.0,0.179,17.33,5,29.8
2,0.046323099216430956,0.0355834889334395,0.023161549608215478,0.9077389859785546,0.6813525000932901,14230.45607928759,10931.247800352616,0.6096,46152.0,0.303,8.44,3,16.0
1,0.08066510404900837,0.08066510404900837,0.08066510404900837,0.5795352537544204,0.5795352537544204,24780.31996385537,24780.31996385537,0.1621,2342.0,0.263,16.02,7,44.7
0,0.0,0.0,0.0,0.0,0.0,0.0,0.0,0.617,12062.0,0.326,7.92,3,0.0
4,0.23388642441166094,0.15790892174641463,0.058471606102915234,0.8752204499226359,0.5907273743758958,71849.90957926224,48509.620760498576,0.2242,15541.0,0.082,15.79,7,77.8
1,0.03794794441333021,0.03794794441333021,0.03794794441333021,0.48383604644651745,0.48383604644651745,11657.60852377504,11657.60852377504,0.2716,43931.0,0.206,14.19,8,32.6
2,0.04400965277147611,0.023705278293399277,0.022004826385738054,0.6652622206129162,0.6462006613349129,13519.76533139746,7282.261491732258,0.5806,8117.0,0.222,7.51,3,23.0
2,0.08622136792492853,0.07539496837814598,0.043110683962464265,0.8448531756387101,0.7650521246952804,26487.204226538044,23161.334285766447,0.3336,46068.0,0.059,13.62,4,32.5
1,0.017088000855688443,0.017088000855688443,0.017088000855688443,0.7536454006001352,0.7536454006001352,5249.43386286749,5249.43386286749,0.8099,44072.0,0.332,1.96,0,0.0
0,0.0,0.0,0.0,0.0,0.0,0.0,0.0,0.5363,10372.0,0.283,10.98,5,6.2
4,0.10835642144247942,0.052406131075930555,0.027089105360619856,0.688770310981405,0.5705023533042485,33287.09266712968,16099.163466525866,0.3748,42608.0,0.169,14.56,4,47.6
0,0.0,0.0,0.0,0.0,0.0,0.0,0.0,0.8379,21943.0,0.212,3.11,2,0.0
2,0.15441226800078614,0.1031339747410119,0.07720613400039307,0.933356288567859,0.8791362025654559,47435.448729841504,31682.757040438853,0.3977,49648.0,0.203,13.31,5,43.9
0,0.0,0.0,0.0,0.0,0.0,0.0,0.0,0.5199,21253.0,0.173,9.18,5,12.8
1,0.008206164963127354,0.008206164963127354,0.008206164963127354,0.7575807764132507,0.7575807764132507,2520.9338766727233,2520.9338766727233,0.6555,26796.0,0.078,7.34,0,10.8
3,0.07737852583435871,0.04987452758379775,0.025792841944786236,0.9580805019227846,0.8957039862167773,23770.683136314998,15321.454873742668,0.9517,49533.0,0.115,2.06,0,5.0
2,0.11210324736443047,0.07037370466365542,0.05605162368221524,0.9177994699272685,0.7582407456025583,34438.117590353046,21618.802072674946,0.6282,45853.0,0.234,8.04,1,21.3
1,0.13926256365295914,0.13926256365295914,0.13926256365295914,0.9297907411787548,0.9297907411787548,42781.459554189045,42781.459554189045,0.3259,48848.0,0.354,16.03,7,47.5
3,0.07011943254437882,0.04445855933793351,0.023373144181459606,0.528690115721856,0.4565275518854845,21540.68967763317,13657.669428613173,0.5631,43044.0,0.146,11.66,5,35.6
1,0.010155075401755923,0.010155075401755923,0.010155075401755923,0.8308150048885665,0.8308150048885665,3119.6391634194197,3119.6391634194197,0.3467,3731.0,0.055,15.61,11,33.9
2,0.15876532013394284,0.12165832209509866,0.07938266006697142,0.9241520886905541,0.7093138135073203,48772.706345147235,37373.43654761431,0.6388,27530.0,0.262,7.94,2,28.6
1,0.05399269886130322,0.05399269886130322,0.05399269886130322,0.4261754875912316,0.4261754875912316,16586.55709019235,16586.55709019235,0.9248,31544.0,0.219,2.21,1,0.0
1,0.018558181375173934,0.018558181375173934,0.018558181375173934,0.40013270804435175,0.40013270804435175,5701.073318453432,5701.073318453432,0.658,41181.0,0.306,8.17,0,0.0
2,0.11825563537334083,0.09139654665409584,0.059127817686670414,0.9334940041360268,0.8040963790570761,36328.131186690305,28077.019132138244,0.8348,47936.0,0.163,5.1,1,19.3
1,0.03032072569399551,0.03032072569399551,0.03032072569399551,0.9726573911718801,0.9726573911718801,9314.52693319542,9314.52693319542,0.3988,48060.0,0.284,16.12,5,26.7
1,0.06999532215818119,0.06999532215818119,0.06999532215818119,0.6072817677290971,0.6072817677290971,21502.56296699326,21502.56296699326,0.7921,27246.0,0.319,2.71,1,2.9
1,0.020422341592276645,0.020422341592276645,0.020422341592276645,0.7605371276265863,0.7605371276265863,6273.743337147385,6273.743337147385,0.9557,30132.0,0.338,2.47,1,0.0
1,0.008423173970316729,0.008423173970316729,0.008423173970316729,0.5248801985272789,0.5248801985272789,2587.599043681299,2587.599043681299,0.9795,35367.0,0.286,2.89,0,0.0
2,0.10539836757034028,0.06458830111215147,0.05269918378517014,0.9671319123084596,0.7402983119700155,32378.378517608537,19841.526101652933,0.4993,1183.0,0.097,9.9,4,29.9
2,0.10592913014271624,0.05547892091820561,0.05296456507135812,0.8582016785238459,0.6920130484777631,32541.428779842427,17043.124506072763,0.4261,43441.0,0.296,15.34,1,37.8
1,0.06815550640424739,0.06815550640424739,0.06815550640424739,0.8051393909937925,0.8051393909937925,20937.3715673848,20937.3715673848,0.2521,39458.0,0.304,17.51,5,34.3
2,0.15575013088140668,0.13134731757286897,0.07787506544070334,0.9258901076149384,0.7574014787470638,47846.44020676813,40349.89595838534,0.98,22775.0,0.339,1.04,0,11.2
2,0.11158613817865543,0.09674290446837719,0.05579306908932771,0.5782073845048914,0.5081425235551992,34279.26164848295,29719.42025268547,0.5536,41667.0,0.375,10.22,1,28.8
1,0.0062119805773209625,0.0062119805773209625,0.0062119805773209625,0.3915883602025734,0.3915883602025734,1908.3204333529998,1908.3204333529998,0.2382,41344.0,0.143,15.17,2,19.6
4,0.16557679551524668,0.13785760074196987,0.04139419887881167,0.9100338996715123,0.6964346181381729,50865.19158228378,42349.85494793314,0.4754,19553.0,0.117,12.23,6,47.7
2,0.08520190376683079,0.07339175919636719,0.042600951883415394,0.8425016688024481,0.8321752751075919,26174.02483717042,22545.948425124,0.3382,32841.0,0.267,11.71,2,31.1
1,0.021988340984978292,0.021988340984978292,0.021988340984978292,0.8440848271325871,0.8440848271325871,6754.818350585331,6754.818350585331,0.3763,46355.0,0.136,12.82,3,18.9
1,0.05974641070421593,0.05974641070421593,0.05974641070421593,0.5438173248843641,0.5438173248843641,18354.097368335133,18354.097368335133,0.4215,38232.0,0.254,13.42,5,26.0
6,0.21710328162647954,0.09852878974405997,0.036183880271079924,0.9429822983171289,0.5804353761880278,66694.12811565452,30268.044209375224,0.4553,22920.0,0.335,14.1,2,63.5
0,0.0,0.0,0.0,0.0,0.0,0.0,0.0,0.8201,46869.0,0.129,6.45,2,0.0
1,0.029177831909016853,0.029177831909016853,0.029177831909016853,0.8199054878943464,0.8199054878943464,8963.429962449976,8963.429962449976,0.2802,14188.0,0.184,13.44,4,28.7
1,0.06011978665767025,0.06011978665767025,0.06011978665767025,0.5706798714554024,0.5706798714554024,18468.798461236303,18468.798461236303,0.9772,30310.0,0.332,0.62,0,0.0
1,0.0662919447923562,0.0662919447923562,0.0662919447923562,0.5250284132122887,0.5250284132122887,20364.885440211823,20364.885440211823,0.6458,39244.0,0.159,6.32,3,15.8
1,0.049382053006266455,0.049382053006266455,0.049382053006266455,0.8191933310102231,0.8191933310102231,15170.166683525054,15170.166683525054,0.8483,36894.0,0.13,3.85,2,3.7
3,0.1302940008756936,0.08173551262663586,0.043431333625231196,0.5014811222138429,0.40559281362419314,40026.317069013065,25109.14947890254,0.7945,30455.0,0.254,2.54,0,18.8
1,0.05108976034540725,0.05108976034540725,0.05108976034540725,0.6788633788288827,0.6788633788288827,15694.774378109107,15694.774378109107,0.98,33808.0,0.113,1.1,1,0.0
2,0.14330765140803428,0.07949165456691053,0.07165382570401714,0.9182172655033319,0.6778810557947846,44024.11051254813,24419.836282954915,0.9429,30720.0,0.253,1.9,0,10.1
3,0.18689111622942373,0.09101889079642257,0.06229703874314124,0.9293803295681238,0.6620490272194354,57412.95090567897,27961.003252661016,0.4115,23295.0,0.364,15.14,4,62.0
1,0.02913956672030777,0.02913956672030777,0.02913956672030777,0.4141821310660554,0.4141821310660554,8951.674896478547,8951.674896478547,0.5013,31534.0,0.394,11.4,0,14.5
1,0.03549089581228917,0.03549089581228917,0.03549089581228917,0.8497223967384734,0.8497223967384734,10902.803193535232,10902.803193535232,0.9177,2272.0,0.285,2.29,0,0.0
4,0.22693503442770824,0.13326552154324972,0.05673375860692706,0.8909370084725617,0.7550013020542452,69714.44257619197,40939.16821808631,0.4002,45764.0,0.11,11.19,3,58.7
1,0.08291884112498811,0.08291884112498811,0.08291884112498811,0.39315647448790314,0.39315647448790314,25472.667993596348,25472.667993596348,0.5656,7547.0,0.374,8.0,8,25.7
1,0.017083128447786117,0.017083128447786117,0.017083128447786117,0.655466425360796,0.655466425360796,5247.937059159895,5247.937059159895,0.8666,42903.0,0.184,5.19,1,0.6
2,0.09113772681448516,0.06841685130915935,0.04556886340724258,0.8033510810119715,0.7555707399454344,27997.509677409842,21017.656722173753,0.8818,18952.0,0.197,2.5,2,5.5
2,0.02650068536219985,0.01673203583744875,0.013250342681099925,0.9141092257202734,0.6356949973237473,8141.010543267795,5140.081409264256,0.2599,35033.0,0.064,16.52,9,41.7
5,0.24379147335984358,0.07653378502794063,0.04875829467196872,0.9590214051378058,0.7792920926011953,74892.74061614394,23511.17876058336,0.7321,46247.0,0.078,7.46,2,57.2
1,0.008976540983881023,0.008976540983881023,0.008976540983881023,0.8970627354629507,0.8970627354629507,2757.59339024825,2757.59339024825,0.6882,15861.0,0.329,6.25,3,10.8
3,0.20774266245702722,0.13170180103233634,0.0692475541523424,0.794171872464295,0.7078262511600489,63818.54590679876,40458.79327713372,0.7572,34992.0,0.344,6.38,2,35.0
1,0.09601687875686854,0.09601687875686854,0.09601687875686854,0.5449534953336692,0.5449534953336692,29496.385154110016,29496.385154110016,0.98,30365.0,0.262,0.61,0,1.9
3,0.13166163036459927,0.058771333979714596,0.04388721012153309,0.7585931313291634,0.7141922932191425,40446.4528480049,18054.553798568322,0.9423,17286.0,0.113,2.0,1,23.6
1,0.0069293911178845815,0.0069293911178845815,0.0069293911178845815,0.3763366317392067,0.3763366317392067,2128.7089514141435,2128.7089514141435,0.9056,16893.0,0.145,2.16,0,0.0
1,0.012154469575542257,0.012154469575542257,0.012154469575542257,0.5494514019275423,0.5494514019275423,3733.8530536065814,3733.8530536065814,0.8069,46173.0,0.127,3.09,0,0.0
1,0.09181319134704842,0.09181319134704842,0.09181319134704842,0.8006660722678789,0.8006660722678789,28205.012381813274,28205.012381813274,0.1043,29545.0,0.284,17.6,4,38.1
3,0.07280599618624269,0.05706588373455974,0.024268665395414227,0.7200074279508313,0.626294123060271,22366.002028413757,17530.639483256753,0.5508,9825.0,0.328,8.08,3,28.6
3,0.21494410627944754,0.17271252580863466,0.07164803542648251,0.7936255075990358,0.5747925345505244,66030.82944904629,53057.28792841257,0.5089,17209.0,0.361,11.14,2,52.8
1,0.026838885953755165,0.026838885953755165,0.026838885953755165,0.7340169135474699,0.7340169135474699,8244.905764993586,8244.905764993586,0.4032,18359.0,0.224,14.91,4,23.4
3,0.17742177205034215,0.0760040362015138,0.05914059068344738,0.7689068599058688,0.6831666897426322,54503.96837386511,23348.43992110504,0.2192,31628.0,0.088,17.33,7,61.5
2,0.030664607192419306,0.022602292926518504,0.015332303596209653,0.7707527311321263,0.6633021895736382,9420.16732951121,6943.4243870264845,0.6477,40485.0,0.133,8.75,3,16.4
0,0.0,0.0,0.0,0.0,0.0,0.0,0.0,0.839,21897.0,0.232,5.21,0,0.0
1,0.036212074805794935,0.036212074805794935,0.036212074805794935,0.37566699172390583,0.37566699172390583,11124.349380340203,11124.349380340203,0.6296,44668.0,0.215,9.9,1,12.4
0,0.0,0.0,0.0,0.0,0.0,0.0,0.0,0.3797,42149.0,0.065,14.38,6,17.9
0,0.0,0.0,0.0,0.0,0.0,0.0,0.0,0.241,11673.0,0.286,16.66,3,23.4
0,0.0,0.0,0.0,0.0,0.0,0.0,0.0,0.5887,20923.0,0.158,8.2,2,6.3
0,0.0,0.0,0.0,0.0,0.0,0.0,0.0,0.8631,32447.0,0.209,0.88,0,0.0
2,0.05259788271716484,0.045607015163751964,0.02629894135858242,0.6189038142784093,0.579074129624785,16158.069570713038,14010.475058304602,0.6017,44278.0,0.282,9.72,4,20.0
1,0.02191176009081351,0.02191176009081351,0.02191176009081351,0.35897845099594106,0.35897845099594106,6731.29269989791,6731.29269989791,0.6099,47821.0,0.096,6.08,1,7.8
1,0.03243926573137897,0.03243926573137897,0.03243926573137897,0.889070005415281,0.889070005415281,9965.342432679621,9965.342432679621,0.5336,31701.0,0.398,9.09,3,10.2
1,0.01626743598320869,0.01626743598320869,0.01626743598320869,0.44384367212492737,0.44384367212492737,4997.3563340417095,4997.3563340417095,0.7043,27489.0,0.331,6.72,0,0.0
3,0.14557303667923222,0.07594269347254719,0.048524345559744074,0.922688602888737,0.8119477374657834,44720.03686786013,23329.595434766496,0.8198,40154.0,0.132,2.19,3,28.1
1,0.1720270580277608,0.1720270580277608,0.1720270580277608,0.6229997236536884,0.6229997236536884,52846.71222612812,52846.71222612812,0.2419,40395.0,0.225,15.85,4,48.0
1,0.019230022539118003,0.019230022539118003,0.019230022539118003,0.42736012567272097,0.42736012567272097,5907.462924017051,5907.462924017051,0.7766,43287.0,0.362,5.78,1,0.0
2,0.16181776184869967,0.09232662164483262,0.08090888092434984,0.7006480879749437,0.6815242941564204,49710.41643992054,28362.73816929258,0.1063,40345.0,0.293,17.31,7,62.9
1,0.02993748522672058,0.02993748522672058,0.02993748522672058,0.6903304057001407,0.6903304057001407,9196.795461648562,9196.795461648562,0.9522,3461.0,0.056,1.87,0,0.0
2,0.07373056683942582,0.04429258122120878,0.03686528341971291,0.7149502539995276,0.5828888442550655,22650.03013307161,13606.680951155337,0.4506,4041.0,0.256,12.51,8,36.0
3,0.07590260070706009,0.03378107183653717,0.025300866902353364,0.6820525059125481,0.5422371458977597,23317.27893720886,10377.545268184218,0.8583,49323.0,0.324,1.91,1,7.3
1,0.05321489484386207,0.05321489484386207,0.05321489484386207,0.9350115672103478,0.9350115672103478,16347.615696034427,16347.615696034427,0.93,10370.0,0.1,1.94,0,0.0
3,0.08225637710674993,0.042286460605545514,0.027418792368916645,0.8373948527036719,0.7964177078110065,25269.15904719358,12990.400698023583,0.3345,43443.0,0.127,12.43,5,44.5
1,0.0648667346625972,0.0648667346625972,0.0648667346625972,0.8461451601248877,0.8461451601248877,19927.060888349857,19927.060888349857,0.2598,46284.0,0.043,16.1,3,29.4
1,0.01541859217595758,0.01541859217595758,0.01541859217595758,0.8345733551737322,0.8345733551737322,4736.591516454168,4736.591516454168,0.7319,48543.0,0.311,3.78,2,0.0
1,0.011968748838919584,0.011968748838919584,0.011968748838919584,0.7321650286906202,0.7321650286906202,3676.7996433160965,3676.7996433160965,0.8115,43463.0,0.075,3.89,2,0.0
3,0.14363097657580137,0.07287065675275081,0.04787699219193379,0.6941929083598487,0.5995190312038178,44123.43600408618,22385.86575444505,0.4205,40665.0,0.183,9.75,5,40.2
0,0.0,0.0,0.0,0.0,0.0,0.0,0.0,0.722,38708.0,0.371,5.42,1,0.0
2,0.11085492113918505,0.08537768018601022,0.055427460569592524,0.6609742135715324,0.5651032819661674,34054.63177395765,26228.02335314234,0.5256,9736.0,0.112,11.31,6,30.7
3,0.19881222448527164,0.08315249331269073,0.06627074149509055,0.9717907869638692,0.8676333095705497,61075.115361875454,25544.44594565859,0.8444,29816.0,0.315,4.91,1,27.6
1,0.05198712496819041,0.05198712496819041,0.05198712496819041,0.7132068321044704,0.7132068321044704,15970.444790228095,15970.444790228095,0.6856,28926.0,0.186,5.46,2,8.4
2,0.03133256046076638,0.020896402327681696,0.01566628023038319,0.6305566830466312,0.5903408894570517,9625.36257354743,6419.374795063817,0.414,49688.0,0.169,14.71,9,34.5
2,0.01890911460550207,0.010326061285549583,0.009454557302751035,0.7163194703761894,0.6001121740792119,5808.880006810236,3172.166026920832,0.4788,42161.0,0.159,13.29,6,22.7
1,0.02742965614322786,0.02742965614322786,0.02742965614322786,0.6564867649866755,0.6564867649866755,8426.3903671996,8426.3903671996,0.9719,3296.0,0.184,1.04,0,0.0
1,0.17641965153656003,0.17641965153656003,0.17641965153656003,0.6846482192186404,0.6846482192186404,54196.11695203124,54196.11695203124,0.3434,6721.0,0.164,15.08,3,41.9
2,0.0489318046215768,0.02510058051225251,0.0244659023107884,0.9697416857595305,0.72596248327497,15031.850379748394,7710.898333363971,0.9635,41945.0,0.081,0.78,0,0.0
1,0.03039045900340531,0.03039045900340531,0.03039045900340531,0.8208791333156167,0.8208791333156167,9335.94900584611,9335.94900584611,0.6555,39787.0,0.35,9.79,1,6.4
4,0.16931329874546958,0.09062407324003452,0.042328324686367394,0.8870463581420706,0.6749165677336249,52013.04537460825,27839.715299338604,0.7468,7277.0,0.266,6.86,4,36.5
3,0.18135858195712418,0.14969071985063698,0.06045286065237473,0.8806452576227913,0.7314393553940337,55713.35637722854,45984.98913811568,0.3143,39309.0,0.297,15.31,5,58.9
2,0.039229591344836306,0.032011178649458946,0.019614795672418153,0.90392625602904,0.7817551741691122,12051.330461133712,9833.834081113788,0.4769,39400.0,0.268,12.41,7,34.9
1,0.020612271846591423,0.020612271846591423,0.020612271846591423,0.6845623458646435,0.6845623458646435,6332.089911272886,6332.089911272886,0.7354,19936.0,0.321,5.77,0,2.5
5,0.21368167185434697,0.05185657790127243,0.04273633437086939,0.9664232729242198,0.8328475805226863,65643.00959365538,15930.340731270891,0.8296,17840.0,0.253,4.57,1,41.7
2,0.06024692721305982,0.039843270409942046,0.03012346360652991,0.830886001195978,0.7696028759698041,18507.856039851977,12239.852669934196,0.1946,2506.0,0.281,16.01,8,45.0
2,0.04080776462475369,0.029374815741444182,0.020403882312376845,0.7072686215862519,0.6093301907711541,12536.145292724335,9023.943395771654,0.7237,1016.0,0.149,7.33,2,11.5
2,0.030385459646610553,0.017905653252443938,0.015192729823305277,0.9502359201777646,0.9403451757462886,9334.413203438762,5500.616679150778,0.6042,2228.0,0.047,8.17,2,17.9
1,0.02727875524567585,0.02727875524567585,0.02727875524567585,0.6912570963266307,0.6912570963266307,8380.033611471621,8380.033611471621,0.4824,23410.0,0.309,10.63,5,19.5
3,0.0560053229606373,0.02703887832743761,0.0186684409868791,0.6954863232093994,0.5791156374685444,17204.835213507777,8306.343422188835,0.6581,36195.0,0.367,7.49,4,27.0
2,0.11027628318304918,0.10344264017513528,0.05513814159152459,0.8433319148091518,0.7946352463643994,33876.87419383271,31777.57906180156,0.6812,25675.0,0.089,8.12,2,18.8
1,0.12810063911790406,0.12810063911790406,0.12810063911790406,0.353715510632769,0.353715510632769,39352.516337020126,39352.516337020126,0.2503,11462.0,0.399,16.48,12,47.1
1,0.04462924846297291,0.04462924846297291,0.04462924846297291,0.3840853650441593,0.3840853650441593,13710.10512782528,13710.10512782528,0.3898,12044.0,0.044,14.73,3,21.7
3,0.2403425466347473,0.12683040271833507,0.08011418221158244,0.7343723620365047,0.5462487390061156,73833.23032619437,38962.299715072535,0.3488,44761.0,0.355,15.66,11,77.6
2,0.15788889105516998,0.14711175108501628,0.07894444552758499,0.7657027214474925,0.7019641098482143,48503.46733214822,45192.729933317,0.7669,15727.0,0.078,5.81,2,22.0
1,0.01714695380473826,0.01714695380473826,0.01714695380473826,0.6178135450427775,0.6178135450427775,5267.544208815594,5267.544208815594,0.5127,38557.0,0.229,11.97,7,24.9
1,0.08174878431911835,0.08174878431911835,0.08174878431911835,0.6500226903136374,0.6500226903136374,25113.226542833156,25113.226542833156,0.6297,42948.0,0.35,5.71,4,19.2
1,0.0491672213190338,0.0491672213190338,0.0491672213190338,0.5633716777032909,0.5633716777032909,15104.170389207184,15104.170389207184,0.3055,2603.0,0.348,16.38,5,30.8
2,0.03440388132679671,0.022333014635787983,0.017201940663398356,0.515891676363431,0.5129435925385595,10568.87234359195,6860.702096114069,0.1428,40723.0,0.05,17.09,8,37.0
1,0.018426726041835675,0.018426726041835675,0.018426726041835675,0.9591856705941524,0.9591856705941524,5660.690240051919,5660.690240051919,0.8824,34313.0,0.141,4.75,0,0.0
1,0.030957278901058236,0.030957278901058236,0.030957278901058236,0.8920173329882514,0.8920173329882514,9510.07607840509,9510.07607840509,0.4231,12878.0,0.206,12.68,7,24.6
0,0.0,0.0,0.0,0.0,0.0,0.0,0.0,0.5664,15537.0,0.144,8.38,2,0.0
3,0.09620514881421471,0.0730399947665721,0.03206838293807157,0.9683601865134132,0.8619142713188584,29554.221715726762,22437.886392290948,0.5973,10800.0,0.272,12.41,4,34.9
1,0.02876844873275319,0.02876844873275319,0.02876844873275319,0.6233380656690797,0.6233380656690797,8837.66745070178,8837.66745070178,0.8594,2134.0,0.209,3.92,2,0.0
2,0.05298523141126982,0.03372041048546149,0.02649261570563491,0.8067991699283609,0.7545594003964318,16277.063089542087,10358.91010113377,0.1543,39291.0,0.137,16.94,2,42.5
2,0.04135385720651941,0.029101995290534772,0.020676928603259703,0.7254303761630063,0.6999061523548478,12703.90493384276,8940.132953252281,0.5957,37230.0,0.052,10.43,2,14.6
4,0.08753005381721563,0.03205949955618139,0.021882513454303906,0.7227283030216917,0.5350202400080377,26889.23253264864,9848.678263658923,0.2013,47869.0,0.35,17.97,8,59.5
1,0.027975249844469082,0.027975249844469082,0.027975249844469082,0.5231426758157506,0.5231426758157506,8593.996752220903,8593.996752220903,0.6507,7436.0,0.119,5.68,2,13.8
1,0.012202866461003721,0.012202866461003721,0.012202866461003721,0.8880402729729332,0.8880402729729332,3748.720576820343,3748.720576820343,0.6737,28641.0,0.209,8.49,4,4.0
0,0.0,0.0,0.0,0.0,0.0,0.0,0.0,0.3492,10154.0,0.086,16.7,6,25.2
2,0.25583720794426384,0.19037635296443986,0.12791860397213192,0.4137772401784192,0.3825150736460052,78593.19028047785,58483.61563067592,0.8522,46777.0,0.153,1.38,3,31.7
3,0.10592587378017232,0.044292942304048843,0.03530862459339077,0.7848984520308357,0.6441267955485541,32540.42842526894,13606.791875803805,0.7684,2569.0,0.278,4.74,2,22.6
1,0.017274510540220257,0.017274510540220257,0.017274510540220257,0.922365825196169,0.922365825196169,5306.729637955663,5306.729637955663,0.5223,35510.0,0.086,9.36,2,12.0
1,0.010665999612489523,0.010665999612489523,0.010665999612489523,0.5454368864548451,0.5454368864548451,3276.5950809567817,3276.5950809567817,0.2085,36784.0,0.046,16.89,5,34.2
2,0.05116467253926524,0.02631130604307208,0.02558233626963262,0.9084860219563404,0.8086178512911372,15717.787404062281,8082.8332164317435,0.7722,4101.0,0.206,4.21,1,6.9
4,0.20484875936299912,0.09652297052236317,0.05121218984074978,0.7713324070202803,0.5658790338143608,62929.53887631332,29651.856544469963,0.733,32128.0,0.054,3.87,4,41.6
1,0.06856439448550629,0.06856439448550629,0.06856439448550629,0.5022512162094973,0.5022512162094973,21062.981985947532,21062.981985947532,0.8866,41533.0,0.368,2.68,1,5.7
1,0.038498968806498654,0.038498968806498654,0.038498968806498654,0.49948292821467455,0.49948292821467455,11826.883217356386,11826.883217356386,0.5302,16467.0,0.039,10.52,5,16.0
5,0.142726794166626,0.044034364511389146,0.0285453588333252,0.7541973055164202,0.6126995432143603,43845.6711679875,13527.356777898745,0.7595,2361.0,0.303,5.33,2,38.9
1,0.05923497405483601,0.05923497405483601,0.05923497405483601,0.6967239337092903,0.6967239337092903,18196.984029645624,18196.984029645624,0.4035,28811.0,0.348,13.98,5,26.0
2,0.04678567702113276,0.04123874291196572,0.02339283851056638,0.5406010559152945,0.49616154574785365,14372.559980891985,12668.54182255587,0.6999,9304.0,0.343,5.65,2,6.6
1,0.04632660735238403,0.04632660735238403,0.04632660735238403,0.8181628998295822,0.8181628998295822,14231.533778652374,14231.533778652374,0.608,33083.0,0.376,8.89,2,17.8
2,0.04932600737483872,0.03428153063938691,0.02466300368741936,0.7396678048175003,0.7338836311896384,15152.949465550455,10531.286212419658,0.5409,35407.0,0.087,12.45,3,34.2
1,0.13060479030068378,0.13060479030068378,0.13060479030068378,0.4723071915457594,0.4723071915457594,40121.79158037006,40121.79158037006,0.7518,38990.0,0.379,5.51,2,20.7
2,0.1448886197689912,0.13120691250785135,0.0724443098844956,0.8965873360720531,0.7413732739709359,44509.78399303409,40306.76352241194,0.5486,31881.0,0.142,11.87,6,37.2
0,0.0,0.0,0.0,0.0,0.0,0.0,0.0,0.4798,18323.0,0.344,9.77,7,16.6
3,0.10173994872006142,0.0626147042077183,0.033913316240020475,0.9620234877975177,0.8443983893304136,31254.512246802868,19235.23713261106,0.4368,43278.0,0.109,15.51,6,52.4
0,0.0,0.0,0.0,0.0,0.0,0.0,0.0,0.4649,32455.0,0.073,11.65,1,11.6
1,0.046027051444085934,0.046027051444085934,0.046027051444085934,0.7579691752321827,0.7579691752321827,14139.510203623198,14139.510203623198,0.7582,27604.0,0.309,5.56,5,11.5
1,0.014779474476567606,0.014779474476567606,0.014779474476567606,0.9490624030817171,0.9490624030817171,4540.254559201569,4540.254559201569,0.8184,49568.0,0.259,4.16,0,2.6
1,0.09220907265157818,0.09220907265157818,0.09220907265157818,0.5016130885902803,0.5016130885902803,28326.62711856482,28326.62711856482,0.4318,41137.0,0.043,14.83,3,25.3
2,0.026521429532111635,0.016014796602084422,0.013260714766055818,0.7392432451209219,0.7201388271782694,8147.383152264694,4919.745516160335,0.5114,49779.0,0.223,11.55,1,23.5
0,0.0,0.0,0.0,0.0,0.0,0.0,0.0,0.6799,18170.0,0.172,8.13,3,0.0
2,0.05666473832682589,0.04594537757135194,0.028332369163412946,0.9187881711703179,0.8948411350587222,17407.407614000913,14114.419989919315,0.4961,49648.0,0.297,10.55,2,26.4
0,0.0,0.0,0.0,0.0,0.0,0.0,0.0,0.4798,48730.0,0.384,12.65,3,11.5
4,0.1311485838406612,0.08905030356246763,0.0327871459601653,0.7973207481785471,0.6773555876308516,40288.84495585111,27356.253254390056,0.8498,34562.0,0.221,3.61,1,27.7
2,0.06917992714799144,0.04707909993030644,0.03458996357399572,0.7700333963106271,0.576084760488124,21252.073619862967,14462.699498590138,0.7355,40767.0,0.225,4.08,2,6.9
0,0.0,0.0,0.0,0.0,0.0,0.0,0.0,0.8396,30209.0,0.184,1.22,3,0.0
0,0.0,0.0,0.0,0.0,0.0,0.0,0.0,0.6847,1862.0,0.113,6.85,4,6.5
1,0.0756196446070905,0.0756196446070905,0.0756196446070905,0.5573461443861707,0.5573461443861707,23230.354823298203,23230.354823298203,0.6761,34896.0,0.134,6.57,2,13.0
1,0.029237542679497595,0.029237542679497595,0.029237542679497595,0.5764981469257865,0.5764981469257865,8981.773111141662,8981.773111141662,0.9456,44059.0,0.068,3.05,1,0.0
3,0.08157189894634116,0.04857821987863227,0.02719063298211372,0.8669674178456044,0.7191447057939827,25058.887356316005,14923.229146715834,0.98,2649.0,0.363,1.85,1,17.5
1,0.005274222857484242,0.005274222857484242,0.005274222857484242,0.3631030483360273,0.3631030483360273,1620.241261819159,1620.241261819159,0.6569,34115.0,0.196,8.41,0,0.0
0,0.0,0.0,0.0,0.0,0.0,0.0,0.0,0.6469,8317.0,0.395,6.55,2,0.2
2,0.06886538735364713,0.04639185324788721,0.03443269367682356,0.9704800589890117,0.8361282055743532,21155.446995040398,14251.57731775095,0.2218,20731.0,0.154,17.47,4,44.3
1,0.009025015676512416,0.009025015676512416,0.009025015676512416,0.5731285901274024,0.5731285901274024,2772.484815824614,2772.484815824614,0.9706,16298.0,0.375,1.85,0,0.0
2,0.10947277521815776,0.1040550274923059,0.05473638760907888,0.9219037596828537,0.7518603572792874,33630.03654701806,31965.704445636373,0.7102,34516.0,0.169,6.68,1,17.0
3,0.10222849210638477,0.04356251157668831,0.03407616403546159,0.9470832442837298,0.7579958712298142,31404.5927750814,13382.40355635865,0.5452,5757.0,0.166,10.43,4,36.1
2,0.09379799008950537,0.04917722025970641,0.04689899504475269,0.7078465200296428,0.5309858354747118,28814.74255549605,15107.242063781809,0.2854,37035.0,0.265,14.81,6,45.5
1,0.07625454156645874,0.07625454156645874,0.07625454156645874,0.5566614722800005,0.5566614722800005,23425.395169216124,23425.395169216124,0.2114,3472.0,0.183,15.68,4,38.0
2,0.10649953747960124,0.05573790370466296,0.05324976873980062,0.6916893316193047,0.6523139776976713,32716.6579137335,17122.68401807246,0.32,40316.0,0.142,16.47,7,51.4
1,0.07214951018693139,0.07214951018693139,0.07214951018693139,0.7808073292223887,0.7808073292223887,22164.329529425322,22164.329529425322,0.3328,26799.0,0.291,12.07,4,28.6
0,0.0,0.0,0.0,0.0,0.0,0.0,0.0,0.22,39501.0,0.388,15.62,5,20.8
1,0.032178191519616296,0.032178191519616296,0.032178191519616296,0.8700278815564857,0.8700278815564857,9885.140434826126,9885.140434826126,0.2481,38901.0,0.173,17.01,10,32.2
1,0.015713471441082594,0.015713471441082594,0.015713471441082594,0.8593270073981654,0.8593270073981654,4827.178426700573,4827.178426700573,0.8226,31828.0,0.299,3.38,0,0.0
1,0.03085536493920729,0.03085536493920729,0.03085536493920729,0.6537102610587296,0.6537102610587296,9478.76810932448,9478.76810932448,0.3161,9098.0,0.033,16.63,6,29.2
2,0.3953195723011087,0.31605722674146536,0.19765978615055435,0.562097019486075,0.48011810573376035,121442.17261090058,97092.78005497815,0.2896,904.0,0.105,13.64,4,77.9
2,0.054038421739593265,0.04657940872207075,0.027019210869796632,0.7490588655083121,0.6547600700551129,16600.60315840305,14309.194359420135,0.3547,39860.0,0.178,15.09,4,33.7
4,0.20023400818183695,0.08505964778931406,0.05005850204545924,0.7996267048624193,0.6274076512021195,61511.88731346032,26130.32380087728,0.1235,2389.0,0.129,16.45,8,70.4
1,0.07850663437103442,0.07850663437103442,0.07850663437103442,0.8660825829447178,0.8660825829447178,24117.238078781775,24117.238078781775,0.9268,40103.0,0.329,2.46,0,0.0
1,0.009932169883057559,0.009932169883057559,0.009932169883057559,0.7461442706864059,0.7461442706864059,3051.162588075282,3051.162588075282,0.5987,29650.0,0.053,9.38,6,10.3
1,0.07470824251009923,0.07470824251009923,0.07470824251009923,0.6592863152957191,0.6592863152957191,22950.372099102486,22950.372099102486,0.7898,3980.0,0.064,6.56,0,3.1
3,0.14274893932328403,0.11658419427668833,0.04758297977442801,0.8707043754792205,0.6220716288516824,43852.474160112855,35814.66448179865,0.8551,48326.0,0.18,2.62,1,19.5
2,0.09624777375943372,0.0878399051165664,0.04812388687971686,0.8421207222826501,0.7698010967617648,29567.31609889804,26984.4188518092,0.6945,36798.0,0.08,8.54,4,23.7
2,0.11220174658338171,0.09562443302340111,0.056100873291690855,0.9438361023425154,0.8430000984251584,34468.37655041486,29375.825824788823,0.1973,48650.0,0.075,17.94,4,50.5
0,0.0,0.0,0.0,0.0,0.0,0.0,0.0,0.5993,34060.0,0.175,10.71,0,6.4
4,0.18874299630219338,0.09505740455914904,0.047185749075548344,0.9367083999732749,0.7187324844178442,57981.8484640338,29201.634680570587,0.439,40779.0,0.27,14.12,4,58.8
0,0.0,0.0,0.0,0.0,0.0,0.0,0.0,0.6689,43240.0,0.312,7.23,1,0.0
1,0.04547496744504512,0.04547496744504512,0.04547496744504512,0.4787165707944544,0.4787165707944544,13969.90999911786,13969.90999911786,0.6377,11160.0,0.343,7.71,3,8.0
2,0.13417098314038378,0.07010036403153026,0.06708549157019189,0.8929759244170729,0.8666958089320409,41217.3260207259,21534.831830486095,0.2826,35942.0,0.184,14.09,5,55.9
0,0.0,0.0,0.0,0.0,0.0,0.0,0.0,0.7113,41461.0,0.305,5.91,4,1.4
1,0.014334024728100244,0.014334024728100244,0.014334024728100244,0.9456245466016249,0.9456245466016249,4403.412396472395,4403.412396472395,0.3073,28914.0,0.243,17.57,8,31.2
0,0.0,0.0,0.0,0.0,0.0,0.0,0.0,0.962,48946.0,0.317,1.83,1,0.0
1,0.007748057879146942,0.007748057879146942,0.007748057879146942,0.35689555019392377,0.35689555019392377,2380.2033804739403,2380.2033804739403,0.4909,43293.0,0.135,11.39,5,21.8
1,0.07586622154220715,0.07586622154220715,0.07586622154220715,0.88230454361004,0.88230454361004,23306.103257766037,23306.103257766037,0.98,49708.0,0.248,0.57,0,0.0
1,0.037935277497587024,0.037935277497587024,0.037935277497587024,0.6693238822744021,0.6693238822744021,11653.717247258734,11653.717247258734,0.6046,2177.0,0.05,8.63,3,17.6
1,0.03930627686167927,0.03930627686167927,0.03930627686167927,0.9782757895963983,0.9782757895963983,12074.888251907872,12074.888251907872,0.8904,26009.0,0.238,2.19,0,0.0
2,0.03428247196706313,0.020245027296254287,0.017141235983531566,0.9730632974930311,0.9225968392879367,10531.575388281795,6219.272385409317,0.6595,41640.0,0.081,9.94,5,12.3
1,0.0072565114708381725,0.0072565114708381725,0.0072565114708381725,0.5410432298011849,0.5410432298011849,2229.200323841487,2229.200323841487,0.477,19297.0,0.079,12.44,2,18.1
1,0.10940869727311871,0.10940869727311871,0.10940869727311871,0.37746410128648455,0.37746410128648455,33610.351802302066,33610.351802302066,0.98,18763.0,0.232,1.08,1,0.0
0,0.0,0.0,0.0,0.0,0.0,0.0,0.0,0.6223,27794.0,0.266,8.96,1,1.2
2,0.07524591016945881,0.05625910006555965,0.037622955084729404,0.9454291969744599,0.6685068633740607,23115.543604057748,17282.795540139923,0.3389,15108.0,0.133,11.42,7,33.5
2,0.01954420389857926,0.011060618389542098,0.00977210194928963,0.963478240805048,0.891803238369478,6003.979437643548,3397.8219692673324,0.2794,27120.0,0.149,17.09,5,32.4
6,0.22515818594610096,0.07238315754904319,0.03752636432435016,0.9429700023352358,0.6339356588494289,69168.59472264221,22236.10599906607,0.7217,39175.0,0.15,9.43,0,58.8
1,0.03748005350021742,0.03748005350021742,0.03748005350021742,0.5029224336932696,0.5029224336932696,11513.872435266792,11513.872435266792,0.3181,49562.0,0.387,16.63,3,33.4
2,0.1549038400135227,0.13210875799731095,0.07745192000676135,0.7222804788260828,0.6307534186453883,47586.459652154175,40583.81045677392,0.3715,39158.0,0.056,13.62,6,50.2
0,0.0,0.0,0.0,0.0,0.0,0.0,0.0,0.5228,20229.0,0.182,12.16,9,12.5
3,0.17692795934135747,0.0764122396634526,0.058975986447119155,0.8391345113891905,0.6150631612664298,54352.26910966501,23473.84002461264,0.5132,1373.0,0.128,13.97,2,45.9
1,0.06813437816677993,0.06813437816677993,0.06813437816677993,0.9709346529130756,0.9709346529130756,20930.880972834795,20930.880972834795,0.5514,14929.0,0.337,8.86,6,26.8
0,0.0,0.0,0.0,0.0,0.0,0.0,0.0,0.8444,7796.0,0.399,3.63,0,0.0
2,0.07229816963888044,0.06398735438239465,0.03614908481944022,0.7411171475007331,0.736596409361876,22209.997713064073,19656.915266271637,0.7453,28002.0,0.121,6.12,0,3.8
0,0.0,0.0,0.0,0.0,0.0,0.0,0.0,0.7514,6710.0,0.394,4.88,1,0.0
1,0.09620875323392528,0.09620875323392528,0.09620875323392528,0.8547873798380655,0.8547873798380655,29555.328993461844,29555.328993461844,0.2639,44583.0,0.237,16.38,10,39.3
2,0.04634572793415834,0.0365215106645938,0.02317286396707917,0.827344749179693,0.6140775674798016,14237.40762137344,11219.408076163214,0.6175,8739.0,0.216,6.72,1,8.0
0,0.0,0.0,0.0,0.0,0.0,0.0,0.0,0.4835,49435.0,0.263,13.58,2,7.3
0,0.0,0.0,0.0,0.0,0.0,0.0,0.0,0.816,29738.0,0.4,3.58,4,0.0
2,0.09749099690592919,0.0621881068170549,0.048745498452964595,0.8668583512923871,0.8554531244867862,29949.234249501445,19104.186414199266,0.7359,18991.0,0.07,6.87,1,16.2
3,0.23640708358655146,0.10065579599871097,0.07880236119551716,0.6319760852577145,0.511274196770925,72624.25607778861,30921.460530804008,0.4334,34502.0,0.277,12.01,3,56.2
2,0.10447045469141739,0.059123604492550975,0.05223522734570869,0.4767060331243459,0.4258370069346129,32093.323681203423,18162.77130011166,0.7707,16518.0,0.321,2.96,0,9.6
1,0.008006352197677764,0.008006352197677764,0.008006352197677764,0.35879550337836413,0.35879550337836413,2459.5513951266093,2459.5513951266093,0.6922,17355.0,0.108,5.34,2,2.6
0,0.0,0.0,0.0,0.0,0.0,0.0,0.0,0.2658,11412.0,0.205,16.74,4,27.6
1,0.08656814002175342,0.08656814002175342,0.08656814002175342,0.7251614300607427,0.7251614300607427,26593.73261468265,26593.73261468265,0.8275,42916.0,0.212,4.77,2,8.4
2,0.12570849479179497,0.11880598800630783,0.06285424739589748,0.8199055724276726,0.6592484876201252,38617.64960003941,36497.199515537766,0.8826,43364.0,0.119,1.45,1,10.1
3,0.1811075555328324,0.08257037060592709,0.0603691851776108,0.6096411873991789,0.48396751627262535,55636.241059686115,25365.617850140803,0.4992,29097.0,0.17,10.94,5,51.0
0,0.0,0.0,0.0,0.0,0.0,0.0,0.0,0.3522,23827.0,0.271,14.7,9,21.4
1,0.0077046423365292535,0.0077046423365292535,0.0077046423365292535,0.969732415024955,0.969732415024955,2366.8661257817866,2366.8661257817866,0.1376,3868.0,0.13,16.54,7,29.4
2,0.1068752211202414,0.0834654165399765,0.0534376105601207,0.5353738164492141,0.4632818138359813,32832.06792813816,25640.57596108078,0.2025,25199.0,0.169,17.07,11,61.3
2,0.03385914107018706,0.018407829911966545,0.01692957053509353,0.9055711007902352,0.6733761249237964,10401.528136761466,5654.8853489561225,0.1871,33445.0,0.367,14.7,9,44.6
3,0.2266656459011625,0.14133141485492773,0.0755552153003875,0.9073669673322099,0.6536859606392834,69631.68642083713,43417.0106434338,0.4734,16742.0,0.138,8.22,5,55.1
6,0.1487041741418878,0.048196755951721126,0.024784029023647968,0.9018830258593028,0.6875281250155353,45681.922296387944,14806.04342836873,0.8484,39082.0,0.196,3.46,1,35.4
1,0.05190473061585013,0.05190473061585013,0.05190473061585013,0.7382173925306753,0.7382173925306753,15945.13324518916,15945.13324518916,0.8316,43035.0,0.133,1.49,1,0.0
1,0.025186334165024343,0.025186334165024343,0.025186334165024343,0.5789623739480787,0.5789623739480787,7737.241855495478,7737.241855495478,0.394,8780.0,0.1,13.19,5,24.1
1,0.20149858359225561,0.20149858359225561,0.20149858359225561,0.6675636676716273,0.6675636676716273,61900.364879540924,61900.364879540924,0.6309,15210.0,0.352,7.69,3,37.5
4,0.14051267080014518,0.04079843642876108,0.035128167700036295,0.950023373148933,0.727162928446042,43165.492469804594,12533.279670915404,0.4248,21319.0,0.102,11.97,2,46.5
1,0.0347850230386225,0.0347850230386225,0.0347850230386225,0.4039381258718297,0.4039381258718297,10685.959077464831,10685.959077464831,0.4789,31504.0,0.236,10.79,3,17.1
1,0.09057295555630769,0.09057295555630769,0.09057295555630769,0.6499719727111885,0.6499719727111885,27824.01194689772,27824.01194689772,0.3087,37779.0,0.22,16.95,4,28.8
2,0.1533816453214064,0.13242067784702255,0.0766908226607032,0.9608301278429485,0.6909626532482839,47118.841442736055,40679.63223460533,0.5878,45801.0,0.18,8.24,2,39.8
1,0.01234433164178255,0.01234433164178255,0.01234433164178255,0.9646575493615802,0.9646575493615802,3792.1786803555997,3792.1786803555997,0.1694,26781.0,0.093,15.52,7,31.5
1,0.02096297025417094,0.02096297025417094,0.02096297025417094,0.6225564710130929,0.6225564710130929,6439.824462081312,6439.824462081312,0.3372,44459.0,0.048,15.04,3,26.3
1,0.11674723214691585,0.11674723214691585,0.11674723214691585,0.4139810996599157,0.4139810996599157,35864.74971553255,35864.74971553255,0.4534,38151.0,0.346,9.95,6,37.4
3,0.07819897275224345,0.049570409038149715,0.026066324250747817,0.8471875799854582,0.6299202052166408,24022.724429489186,15228.029656519593,0.2479,11362.0,0.288,16.8,4,46.9
2,0.038990868650255556,0.0257266360225933,0.019495434325127778,0.8300797102686145,0.7191162107076843,11977.994849358507,7903.222586140661,0.9088,8939.0,0.385,1.69,1,0.5
1,0.03183191437551621,0.03183191437551621,0.03183191437551621,0.4303787351028156,0.4303787351028156,9778.76409615858,9778.76409615858,0.7304,20917.0,0.203,4.4,2,4.1
0,0.0,0.0,0.0,0.0,0.0,0.0,0.0,0.8519,10327.0,0.169,1.68,3,0.0
1,0.056695877417220084,0.056695877417220084,0.056695877417220084,0.8834281175192247,0.8834281175192247,17416.97354257001,17416.97354257001,0.742,6682.0,0.051,7.57,2,9.0
1,0.01155080389414796,0.01155080389414796,0.01155080389414796,0.6608720307790849,0.6608720307790849,3548.4069562822533,3548.4069562822533,0.5822,16140.0,0.378,8.18,4,10.3
1,0.05874585986937061,0.05874585986937061,0.05874585986937061,0.6848803416534005,0.6848803416534005,18046.72815187065,18046.72815187065,0.38,24897.0,0.386,15.01,4,28.0
3,0.04664051847605546,0.03469297254111098,0.015546839492018487,0.777096884010074,0.7095921196972516,14327.967275844238,10657.681164629292,0.7171,15765.0,0.057,4.75,4,21.1
5,0.2587444110529504,0.09731263366405865,0.051748882210590076,0.8854180801221079,0.7324707106470268,79486.28307546636,29894.441061598816,0.2594,21882.0,0.269,17.01,8,88.1
0,0.0,0.0,0.0,0.0,0.0,0.0,0.0,0.2739,25944.0,0.214,15.91,10,21.3
2,0.09573853761791692,0.048010637864109876,0.04786926880895846,0.3734146560776063,0.3703432064140036,29410.878756224076,14748.867951854554,0.3229,6375.0,0.058,16.17,7,45.5
0,0.0,0.0,0.0,0.0,0.0,0.0,0.0,0.5725,40632.0,0.096,10.21,4,4.3
2,0.019546908202618982,0.012593309493436802,0.009773454101309491,0.5857537449249297,0.5482358629654421,6004.810199844551,3868.6646763837857,0.4018,41892.0,0.093,14.65,3,25.6
1,0.03301537553493818,0.03301537553493818,0.03301537553493818,0.9016276944750933,0.9016276944750933,10142.323364333008,10142.323364333008,0.9673,28500.0,0.226,1.49,0,0.0
2,0.08508552383431534,0.05821556467084503,0.04254276191715767,0.9686997626620615,0.8081328115164635,26138.272921901673,17883.821466883594,0.3319,25633.0,0.362,14.13,9,49.6
3,0.18916811165995323,0.10339097123649432,0.06305603721998441,0.8923284840457903,0.6055997260341851,58112.44390193763,31761.706363851055,0.6004,25077.0,0.081,7.36,2,40.6
3,0.13693943120746965,0.05858618084297614,0.04564647706915655,0.8420473776596571,0.7488659307782676,42067.79326693468,17997.67475496227,0.9098,30610.0,0.214,2.79,4,27.8
3,0.09639227120515792,0.06135546461237152,0.03213075706838597,0.8839088982886648,0.7320800801243932,29611.70571422451,18848.398728920532,0.3405,19585.0,0.269,15.68,5,48.6
1,0.015335908153286833,0.015335908153286833,0.015335908153286833,0.7255726425080127,0.7255726425080127,4711.190984689715,4711.190984689715,0.52,29350.0,0.095,11.53,5,21.6
1,0.036834056912681185,0.036834056912681185,0.036834056912681185,0.6791147221884626,0.6791147221884626,11315.42228357566,11315.42228357566,0.7889,34803.0,0.321,5.16,1,10.2
3,0.232435150059706,0.15999610038274278,0.07747838335323533,0.9045306891850532,0.7074068067923939,71404.07809834169,49150.802037578585,0.5595,38838.0,0.136,9.94,10,66.5
2,0.1905720497150496,0.16427665776622732,0.0952860248575248,0.5635362913106315,0.5621530353101927,58543.73367246323,50465.78926578503,0.7588,2761.0,0.298,7.09,1,23.5
1,0.13860794036590898,0.13860794036590898,0.13860794036590898,0.708067354500374,0.708067354500374,42580.35928040724,42580.35928040724,0.6919,6351.0,0.29,7.4,2,21.2
1,0.0596132691963458,0.0596132691963458,0.0596132691963458,0.7397542044522665,0.7397542044522665,18313.19629711743,18313.19629711743,0.8348,5978.0,0.153,4.31,3,4.3
0,0.0,0.0,0.0,0.0,0.0,0.0,0.0,0.5203,38492.0,0.126,10.45,5,14.3
6,0.20739307570661697,0.06274459810728729,0.034565512617769495,0.6894383960914889,0.5993594019198271,63711.15285707273,19275.140538558655,0.7332,21023.0,0.242,6.55,3,48.5
3,0.1786488790910815,0.0816235561266472,0.05954962636369384,0.6517866372794996,0.5010441679792753,54880.93565678024,25074.756442106023,0.4976,23116.0,0.135,9.95,1,44.4
3,0.06972350559148408,0.040120959873135485,0.023241168530494693,0.9306436250554172,0.7171078636946321,21419.060917703908,12325.158873027221,0.3107,6562.0,0.073,15.39,4,45.6
4,0.237155364947551,0.12638437987604523,0.05928884123688775,0.8834756518693433,0.6429321337511161,72854.12811188766,38825.281497921096,0.8264,43765.0,0.322,1.41,1,42.7
1,0.011606252347899344,0.011606252347899344,0.011606252347899344,0.6391757420895774,0.6391757420895774,3565.4407212746783,3565.4407212746783,0.4048,23498.0,0.389,11.51,4,22.7
1,0.013481673208827344,0.013481673208827344,0.013481673208827344,0.6264211663315282,0.6264211663315282,4141.57000975176,4141.57000975176,0.8081,16569.0,0.351,4.39,1,0.0
1,0.11652595704576713,0.11652595704576713,0.11652595704576713,0.6562941431350227,0.6562941431350227,35796.77400445966,35796.77400445966,0.4063,48528.0,0.314,15.42,7,44.8
1,0.03669030543971339,0.03669030543971339,0.03669030543971339,0.6157032363172877,0.6157032363172877,11271.261831079953,11271.261831079953,0.8469,26982.0,0.223,3.32,0,5.1
3,0.1927379894222091,0.13374484396299122,0.0642459964740697,0.8633944457024565,0.7171845067431611,59209.11035050264,41086.4160654309,0.4024,11716.0,0.179,13.99,6,56.8
5,0.2877384362994957,0.12077821608869077,0.05754768725989914,0.8968379318618325,0.5678082210342039,88393.24763120509,37103.067982445806,0.9122,21785.0,0.295,1.3,0,49.4
4,0.2018103953941573,0.0685242251776187,0.05045259884853932,0.947393838987156,0.7236387314612103,61996.15346508512,21050.641974564467,0.4036,45044.0,0.209,12.0,5,63.0
1,0.022346812421684313,0.022346812421684313,0.022346812421684313,0.9676786075372045,0.9676786075372045,6864.940775941421,6864.940775941421,0.4452,17704.0,0.183,10.5,2,15.5
2,0.053407365477967136,0.04623508895959394,0.026703682738983568,0.6818866963504138,0.6563123552783462,16406.742674831505,14203.41932838726,0.3958,42032.0,0.109,14.07,8,28.7
1,0.08450777560267356,0.08450777560267356,0.08450777560267356,0.6985307371049085,0.6985307371049085,25960.788665141317,25960.788665141317,0.3857,8462.0,0.11,13.3,5,31.1
2,0.07954123789279646,0.06640111242262242,0.03977061894639823,0.8544876421283398,0.665951449044758,24435.068280667074,20398.421736229608,0.6778,2412.0,0.235,3.79,1,13.9
1,0.005491794632403601,0.005491794632403601,0.005491794632403601,0.8031627082471996,0.8031627082471996,1687.0793110743864,1687.0793110743864,0.5914,46997.0,0.276,8.44,3,12.9
5,0.31352555578624175,0.07953674013749987,0.06270511115724835,0.8254906317784682,0.5271393504287901,96315.05073753346,24433.68657023996,0.1957,7849.0,0.188,16.34,9,97.1
3,0.16744782867346955,0.07675089922073583,0.05581594289115652,0.9389935014566281,0.7881155902085958,51439.97296848985,23577.876240610047,0.3909,45254.0,0.284,14.32,7,50.7
0,0.0,0.0,0.0,0.0,0.0,0.0,0.0,0.4646,44083.0,0.08,11.36,4,15.8
0,0.0,0.0,0.0,0.0,0.0,0.0,0.0,0.183,7057.0,0.099,16.87,7,27.1
1,0.04055271349788912,0.04055271349788912,0.04055271349788912,0.4349359810376343,0.4349359810376343,12457.79358655154,12457.79358655154,0.8316,27025.0,0.129,1.4,1,0.0
4,0.11667129958994646,0.044436980708708745,0.029167824897486615,0.7800202272393312,0.6844333111811358,35841.42323403155,13651.040473715326,0.4546,10442.0,0.328,13.8,1,45.1
2,0.04661065947417614,0.0343738479178116,0.02330532973708807,0.6832883477536323,0.5777345813543444,14318.79459046691,10559.646080351722,0.2137,27399.0,0.169,14.96,5,39.9
2,0.22154189186459725,0.20521959215032004,0.11077094593229862,0.9473046070965464,0.7249708588470853,68057.66918080428,63043.45870857831,0.7816,28738.0,0.105,4.49,1,28.1
1,0.03196974082586344,0.03196974082586344,0.03196974082586344,0.5629230263672821,0.5629230263672821,9821.104381705247,9821.104381705247,0.7943,36684.0,0.092,3.98,0,0.0
1,0.024317075909605666,0.024317075909605666,0.024317075909605666,0.9620443900104122,0.9620443900104122,7470.205719430861,7470.205719430861,0.2997,8619.0,0.04,14.36,3,26.7
1,0.04640153064560569,0.04640153064560569,0.04640153064560569,0.589895346014168,0.589895346014168,14254.550214330067,14254.550214330067,0.8846,26279.0,0.185,6.39,1,5.6
2,0.0606155463516205,0.04935249834760047,0.03030777317581025,0.9428646840609324,0.7954540350261385,18621.09583921782,15161.087492382865,0.2363,24299.0,0.264,15.93,3,42.5
1,0.005744735259947016,0.005744735259947016,0.005744735259947016,0.38826709356824224,0.38826709356824224,1764.7826718557233,1764.7826718557233,0.3001,32342.0,0.098,16.59,8,35.6
4,0.3368102596826191,0.16138617606094288,0.08420256492065477,0.8849606825867294,0.5460206082372349,103468.11177450058,49577.83328592165,0.7109,37426.0,0.375,6.35,3,60.5
5,0.33481593630957135,0.14837569634105907,0.06696318726191428,0.9080602737414216,0.6864512473082911,102855.45563430032,45581.013915973344,0.2529,11566.0,0.182,15.87,10,96.9
1,0.019572608649662288,0.019572608649662288,0.019572608649662288,0.41831644408155755,0.41831644408155755,6012.705377176255,6012.705377176255,0.7748,32892.0,0.379,3.99,3,0.3
0,0.0,0.0,0.0,0.0,0.0,0.0,0.0,0.1,42100.0,0.059,16.75,8,33.3
1,0.12362953107467568,0.12362953107467568,0.12362953107467568,0.49528160708056296,0.49528160708056296,37978.99194614037,37978.99194614037,0.6524,41476.0,0.236,8.38,3,25.2
1,0.010185083076459413,0.010185083076459413,0.010185083076459413,0.7347055973675438,0.7347055973675438,3128.8575210883314,3128.8575210883314,0.3212,21609.0,0.186,14.4,2,15.6
3,0.10714359677040936,0.04376083442316752,0.03571453225680312,0.9397854944287461,0.7884101064770265,32914.51292786976,13443.328334797063,0.7309,1550.0,0.228,4.91,5,32.7
1,0.014577367586415476,0.014577367586415476,0.014577367586415476,0.7752100596373674,0.7752100596373674,4478.167322546834,4478.167322546834,0.7922,7022.0,0.291,3.03,1,0.0
0,0.0,0.0,0.0,0.0,0.0,0.0,0.0,0.2423,47359.0,0.257,17.85,2,15.9
1,0.014308102346836753,0.014308102346836753,0.014308102346836753,0.7188019382513346,0.7188019382513346,4395.4490409482505,4395.4490409482505,0.1464,36844.0,0.099,17.26,5,34.0
1,0.021844480385257405,0.021844480385257405,0.021844480385257405,0.35026956756718364,0.35026956756718364,6710.624374351075,6710.624374351075,0.345,7611.0,0.064,16.34,6,30.7
1,0.017484693408065938,0.017484693408065938,0.017484693408065938,0.4945763593927972,0.4945763593927972,5371.297814957856,5371.297814957856,0.328,39673.0,0.08,15.25,6,25.1
1,0.047913340536593116,0.047913340536593116,0.047913340536593116,0.461554250049799,0.461554250049799,14718.978212841404,14718.978212841404,0.3885,46272.0,0.31,13.04,6,28.9
1,0.05340545818507606,0.05340545818507606,0.05340545818507606,0.44796716564957345,0.44796716564957345,16406.156754455365,16406.156754455365,0.7593,13381.0,0.065,4.39,3,12.2
3,0.3027732111000205,0.1294719236921927,0.10092440370000683,0.5168711676960964,0.43637578441732966,93011.9304499263,39773.7749582416,0.4881,38166.0,0.317,9.47,6,71.4
1,0.010277605864252902,0.010277605864252902,0.010277605864252902,0.9273278174449814,0.9273278174449814,3157.2805214984915,3157.2805214984915,0.6218,3968.0,0.393,6.51,5,9.0
1,0.0499528131487922,0.0499528131487922,0.0499528131487922,0.41930481323116325,0.41930481323116325,15345.504199308964,15345.504199308964,0.3419,18817.0,0.139,13.12,6,27.3
3,0.47226083312919487,0.42470184828389473,0.15742027770973163,0.9382280713518427,0.8261693679622347,145078.52793728866,130468.40779281246,0.4038,23605.0,0.114,11.77,7,85.8
0,0.0,0.0,0.0,0.0,0.0,0.0,0.0,0.3924,34119.0,0.149,12.41,6,10.1
4,0.15130835756993422,0.06115675127379885,0.037827089392483554,0.9302143263950978,0.855978485661098,46481.92744548379,18787.353991311007,0.8866,17520.0,0.358,3.15,1,29.1
2,0.256456120320908,0.24888182735562375,0.128228060160454,0.8524039985083187,0.6787078329440672,78783.32016258292,76456.49736364762,0.4631,21547.0,0.056,12.57,3,51.9
1,0.021702628566621838,0.021702628566621838,0.021702628566621838,0.6084615178025021,0.6084615178025021,6667.047495666228,6667.047495666228,0.3633,31072.0,0.177,15.28,4,22.9
1,0.04147087483910524,0.04147087483910524,0.04147087483910524,0.5238497591545712,0.5238497591545712,12739.85275057313,12739.85275057313,0.246,8282.0,0.304,15.81,7,34.7
3,0.18928346958844372,0.14256098280916968,0.06309448986281457,0.8645791086452652,0.7109785602085936,58147.88185756991,43794.733918976926,0.1878,12174.0,0.307,14.64,3,63.5
1,0.020489071936762197,0.020489071936762197,0.020489071936762197,0.8448791839930241,0.8448791839930241,6294.242898973347,6294.242898973347,0.2949,44367.0,0.254,15.48,8,27.8
1,0.062089103269906014,0.062089103269906014,0.062089103269906014,0.7594735968402688,0.7594735968402688,19073.772524515127,19073.772524515127,0.2757,11818.0,0.137,15.26,5,39.9
3,0.08458508490124086,0.06653222082566891,0.02819502830041362,0.9755127482805395,0.8283573047081152,25984.538081661198,20438.69823764549,0.7125,7894.0,0.323,9.58,1,23.7
1,0.01327855616400167,0.01327855616400167,0.01327855616400167,0.6043140592937103,0.6043140592937103,4079.172453581313,4079.172453581313,0.8898,25157.0,0.267,3.25,1,0.6
0,0.0,0.0,0.0,0.0,0.0,0.0,0.0,0.6693,41831.0,0.26,7.43,1,0.0
3,0.16515002430609194,0.09802913455538607,0.055050008102030645,0.9725542709318484,0.8450521839608309,50734.08746683144,30114.550135414604,0.6911,31104.0,0.155,8.03,2,29.8
3,0.258494503722269,0.16720777105315002,0.08616483457408967,0.9555429336404108,0.8024747606552913,79409.51154348104,51366.22726752768,0.7015,24888.0,0.117,7.59,2,47.7
6,0.46657027343292806,0.1460602397776504,0.07776171223882135,0.8343089289372847,0.6183686246933611,143330.38799859548,44869.7056596942,0.3111,34928.0,0.131,14.59,8,100.0
0,0.0,0.0,0.0,0.0,0.0,0.0,0.0,0.5058,30479.0,0.221,10.81,2,6.0
0,0.0,0.0,0.0,0.0,0.0,0.0,0.0,0.5931,37960.0,0.209,7.39,2,0.0
1,0.06017625544805003,0.06017625544805003,0.06017625544805003,0.5788562920246657,0.5788562920246657,18486.14567364097,18486.14567364097,0.5876,7551.0,0.16,9.06,4,14.0
3,0.48331998382932023,0.38129250463729286,0.16110666127644008,0.872141658133412,0.7140873636873156,148475.8990323672,117133.05742457637,0.6567,25219.0,0.04,8.74,2,80.6
0,0.0,0.0,0.0,0.0,0.0,0.0,0.0,0.5228,39144.0,0.262,10.24,4,6.0
1,0.026278855768838635,0.026278855768838635,0.026278855768838635,0.40690135019936696,0.40690135019936696,8072.864492187229,8072.864492187229,0.7771,38579.0,0.29,8.1,2,10.1
1,0.024352279348014476,0.024352279348014476,0.024352279348014476,0.3578347782032845,0.3578347782032845,7481.020215710047,7481.020215710047,0.7733,21335.0,0.206,4.93,1,0.0
1,0.026516967755339602,0.026516967755339602,0.026516967755339602,0.6919802807945972,0.6919802807945972,8146.012494440326,8146.012494440326,0.8957,23060.0,0.173,4.59,2,0.0
0,0.0,0.0,0.0,0.0,0.0,0.0,0.0,0.4884,38330.0,0.128,9.3,3,8.4
3,0.19697489329595635,0.1533247974784418,0.06565829776531878,0.8562925147202259,0.7779306840795132,60510.68722051779,47101.37778537732,0.4757,22198.0,0.051,10.11,6,51.5
1,0.03182803249589084,0.03182803249589084,0.03182803249589084,0.5731390464114227,0.5731390464114227,9777.571582737666,9777.571582737666,0.7051,34394.0,0.28,8.06,2,8.2
0,0.0,0.0,0.0,0.0,0.0,0.0,0.0,0.6886,8465.0,0.303,8.56,3,0.0
2,0.020256073265940724,0.012342812029521005,0.010128036632970362,0.9239343517647906,0.7363586019664812,6222.66570729699,3791.7118554688527,0.737,31904.0,0.304,7.39,3,11.1
5,0.2683907583311861,0.09724754727522003,0.05367815166623722,0.7968574447999869,0.6402827189409976,82449.64095934037,29874.446522947594,0.7669,47986.0,0.227,3.5,2,53.8
3,0.05963039757323885,0.027853905211461232,0.019876799191079614,0.7150186784548325,0.5272437448445655,18318.45813449897,8556.71968096089,0.9489,26721.0,0.209,0.62,2,8.6
2,0.09925299720350031,0.07851786282361238,0.049626498601750155,0.877096151834702,0.8279155247391236,30490.520740915297,24120.687459413723,0.6802,11892.0,0.238,6.2,3,24.8
1,0.032139036331025106,0.032139036331025106,0.032139036331025106,0.8646268673994205,0.8646268673994205,9873.111960890912,9873.111960890912,0.2706,33677.0,0.138,17.63,2,27.5
2,0.06671306829341273,0.05511949597568149,0.03335653414670636,0.7745076045235262,0.621284873027802,20494.25457973639,16932.709163729352,0.8502,2128.0,0.156,0.6,1,5.4
2,0.026732219430839706,0.01419244668313701,0.013366109715419853,0.6459535515318244,0.5320325742676328,8212.137809153957,4359.919621059689,0.7742,48968.0,0.302,4.68,1,0.8
1,0.08739256604475991,0.08739256604475991,0.08739256604475991,0.48075978806510844,0.48075978806510844,26846.996288950246,26846.996288950246,0.6273,44326.0,0.138,6.62,7,17.7
1,0.04700413351516513,0.04700413351516513,0.04700413351516513,0.7697878445309074,0.7697878445309074,14439.669815858728,14439.669815858728,0.6019,18125.0,0.295,8.38,2,14.1
2,0.06187855359405492,0.05144558175306811,0.03093927679702746,0.9557698614110697,0.7425461464770152,19009.091664093674,15804.082714542525,0.2817,1125.0,0.226,16.33,11,48.3
1,0.016115492882781694,0.016115492882781694,0.016115492882781694,0.42001837685338084,0.42001837685338084,4950.679413590537,4950.679413590537,0.3204,17407.0,0.38,15.03,4,31.2
2,0.15522237870710878,0.12074288727805388,0.07761118935355439,0.9195467526287759,0.8084985119981544,47684.31473882382,37092.21497181815,0.2381,40833.0,0.073,14.76,7,55.3
1,0.02737765973176313,0.02737765973176313,0.02737765973176313,0.5570160572952064,0.5570160572952064,8410.417069597634,8410.417069597634,0.4879,25675.0,0.264,10.64,3,20.5
1,0.0228081827970985,0.0228081827970985,0.0228081827970985,0.45383513362772515,0.45383513362772515,7006.67375526866,7006.67375526866,0.2762,27987.0,0.246,14.54,5,27.1
1,0.021060881047929598,0.021060881047929598,0.021060881047929598,0.45739306971161675,0.45739306971161675,6469.902657923973,6469.902657923973,0.9142,46705.0,0.112,2.21,2,1.7
2,0.07115264247064436,0.045518826355848654,0.03557632123532218,0.8388408328045077,0.6107253884302024,21858.091766981946,13983.383456516707,0.4428,25218.0,0.155,12.61,3,30.0
1,0.03556592472870737,0.03556592472870737,0.03556592472870737,0.7791302965868847,0.7791302965868847,10925.852076658904,10925.852076658904,0.6202,29178.0,0.251,7.86,8,12.7
0,0.0,0.0,0.0,0.0,0.0,0.0,0.0,0.5328,20754.0,0.089,9.65,4,3.9
1,0.0861322064744856,0.0861322064744856,0.0861322064744856,0.4293198086702138,0.4293198086702138,26459.81382896198,26459.81382896198,0.2418,11506.0,0.176,16.54,1,32.9
3,0.48306128869213477,0.31528143213875653,0.16102042956404491,0.5993476333534935,0.5445333808050971,148396.42788622377,96854.455953026,0.5706,40035.0,0.033,9.7,2,87.6
2,0.15321548987958108,0.146542986322744,0.07660774493979054,0.5151620925683826,0.4700318972213239,47067.798491007314,45018.00539834696,0.8676,40434.0,0.165,2.22,2,20.6
2,0.06768113165162887,0.04181533112998169,0.033840565825814434,0.7296467329523644,0.5903600402653367,20791.643643380386,12845.669723130375,0.4859,39217.0,0.205,11.83,4,26.5
1,0.03925966091125946,0.03925966091125946,0.03925966091125946,0.8605135263519174,0.8605135263519174,12060.567831938906,12060.567831938906,0.8978,27567.0,0.068,2.72,2,0.0
1,0.03951279868889166,0.03951279868889166,0.03951279868889166,0.8740315772137004,0.8740315772137004,12138.331757227517,12138.331757227517,0.3819,10540.0,0.173,13.12,9,30.2
1,0.05204830657260379,0.05204830657260379,0.05204830657260379,0.8899552630585127,0.8899552630585127,15989.239779103886,15989.239779103886,0.2676,31231.0,0.213,14.04,5,30.5
6,0.24027184114358402,0.07043094480642668,0.040045306857264006,0.9335050827082255,0.6157968673830633,73811.50959930902,21636.38624453428,0.3445,36939.0,0.18,13.81,2,77.2
1,0.0369829907868562,0.0369829907868562,0.0369829907868562,0.5791686225650742,0.5791686225650742,11361.174769722224,11361.174769722224,0.8475,38197.0,0.317,3.2,0,0.0
1,0.007119665900384881,0.007119665900384881,0.007119665900384881,0.3860301999368157,0.3860301999368157,2187.1613645982357,2187.1613645982357,0.6311,35135.0,0.152,6.34,3,9.8
5,0.10985070474691767,0.029687157575623235,0.021970140949383536,0.8550019469717538,0.613927015147679,33746.13649825311,9119.894807231458,0.2851,34589.0,0.223,13.66,4,59.8
3,0.19965374053089094,0.13095470150968855,0.06655124684363031,0.7644388034597742,0.6266387333527924,61333.62909108969,40229.28430377632,0.2366,43989.0,0.318,17.06,3,60.8
1,0.03749450075632553,0.03749450075632553,0.03749450075632553,0.7494453563333956,0.7494453563333956,11518.310632343202,11518.310632343202,0.7249,18542.0,0.284,5.76,0,9.4
2,0.13893705567948286,0.10814165886973501,0.06946852783974143,0.9295626599838452,0.8436339732791794,42681.463504737134,33221.117604782594,0.98,46401.0,0.34,1.02,0,13.6
3,0.1261579142896465,0.06573422715818339,0.042052638096548835,0.9569660596420551,0.8372909727838888,38755.711269779415,20193.554582993936,0.7659,15105.0,0.208,7.61,1,22.8
3,0.17711526310060116,0.08035864093905527,0.05903842103353372,0.8837277795323173,0.6708162248494705,54409.80882450468,24686.17449647778,0.4854,42073.0,0.38,10.72,5,46.9
4,0.1837567660080038,0.0784622759823267,0.04593919150200095,0.8360221996297916,0.5417101884525684,56450.07851765877,24103.611181770764,0.8025,46030.0,0.095,5.05,0,31.4
0,0.0,0.0,0.0,0.0,0.0,0.0,0.0,0.6855,2327.0,0.335,7.31,6,2.9
0,0.0,0.0,0.0,0.0,0.0,0.0,0.0,0.2477,18639.0,0.341,14.14,4,23.7
3,0.19090639544250132,0.09425672586325816,0.06363546514750044,0.779116232610467,0.654697452451067,58646.4446799364,28955.666185192906,0.7439,26254.0,0.23,4.18,2,37.9
3,0.12920011339433696,0.06618267492012896,0.04306670446477898,0.874677365059706,0.730772722865554,39690.27483474032,20331.317735463614,0.572,32272.0,0.308,10.2,1,36.8
1,0.012104497062059526,0.012104497062059526,0.012104497062059526,0.5740853015902256,0.5740853015902256,3718.5014974646865,3718.5014974646865,0.4691,17814.0,0.061,12.32,5,21.8
1,0.013852466682178915,0.013852466682178915,0.013852466682178915,0.8374824961005696,0.8374824961005696,4255.477764765363,4255.477764765363,0.6075,48411.0,0.217,9.91,2,12.0
0,0.0,0.0,0.0,0.0,0.0,0.0,0.0,0.5528,29117.0,0.077,8.85,3,0.0
1,0.03466800828306659,0.03466800828306659,0.03466800828306659,0.4471306518179121,0.4471306518179121,10650.012144558057,10650.012144558057,0.2812,45947.0,0.279,15.83,4,28.8
2,0.10420585286463177,0.08888213958490986,0.052102926432315885,0.8055932564368814,0.581921199168811,32012.03800001488,27304.593280484307,0.2705,48070.0,0.056,16.11,4,48.5
2,0.050113234366867626,0.02726737551423492,0.025056617183433813,0.5863493666458136,0.5625368911263608,15394.785597501734,8376.537757972967,0.175,46198.0,0.302,17.25,6,39.2
2,0.17542849934338173,0.09093880974812481,0.08771424967169086,0.5679250719875636,0.5585784370372524,53891.63499828687,27936.40235462394,0.3985,41628.0,0.144,12.78,0,38.4
2,0.17472187996937044,0.09062632987955628,0.08736093998468522,0.8779606497678368,0.7461478635215539,53674.561526590594,27840.40853899969,0.8593,1794.0,0.132,3.03,1,19.2
1,0.012797379130682789,0.012797379130682789,0.012797379130682789,0.9089803954277178,0.9089803954277178,3931.3548689457525,3931.3548689457525,0.98,18425.0,0.165,0.8,0,0.0
4,0.14985641484885193,0.055398127515072886,0.03746410371221298,0.8389078188034373,0.5913832480222312,46035.89064156732,17018.304772630392,0.9096,5785.0,0.033,4.27,1,23.2
1,0.0067121066250026415,0.0067121066250026415,0.0067121066250026415,0.6298758298355942,0.6298758298355942,2061.9591552008114,2061.9591552008114,0.9205,4342.0,0.371,2.26,1,0.0
1,0.03599620278033106,0.03599620278033106,0.03599620278033106,0.7125662293376656,0.7125662293376656,11058.033494117703,11058.033494117703,0.6966,49085.0,0.131,6.27,1,6.8
2,0.24824006372057134,0.19887414310883061,0.12412003186028567,0.44871159448687165,0.4138282719015389,76259.34757495951,61094.136763032766,0.2922,16331.0,0.199,14.34,7,59.3
3,0.10486334824590217,0.050969173243619444,0.03495444941530072,0.9745959176662169,0.8071023395878457,32214.020581141143,15657.730020439893,0.9495,6055.0,0.104,2.92,0,9.0
4,0.1516216262199014,0.06243207695961581,0.03790540655497535,0.8108931187301515,0.606637093956824,46578.16357475371,19179.134041993977,0.3017,8487.0,0.393,16.18,2,53.0
2,0.06858164718247098,0.04497412059888651,0.03429082359123549,0.5924867995668812,0.47307399885689994,21068.282014455086,13816.049847977936,0.24,37247.0,0.143,17.04,6,43.1
1,0.049628087268590595,0.049628087268590595,0.049628087268590595,0.7264512226269884,0.7264512226269884,15245.748408911031,15245.748408911031,0.5333,11928.0,0.222,10.93,8,23.8
0,0.0,0.0,0.0,0.0,0.0,0.0,0.0,0.3779,809.0,0.357,14.32,9,26.3
4,0.24784957642015423,0.10971270285531884,0.06196239410503856,0.7727151020190282,0.5632895883406499,76139.38987627138,33703.74231715395,0.7735,19328.0,0.066,5.62,1,45.9
1,0.019321063855587153,0.019321063855587153,0.019321063855587153,0.9707292867367724,0.9707292867367724,5935.430816436373,5935.430816436373,0.3126,33803.0,0.048,15.28,5,26.4
1,0.005391468328054586,0.005391468328054586,0.005391468328054586,0.7062288507142106,0.7062288507142106,1656.2590703783687,1656.2590703783687,0.7615,12566.0,0.179,3.96,2,0.0
1,0.08742456759581155,0.08742456759581155,0.08742456759581155,0.6319972247037252,0.6319972247037252,26856.827165433308,26856.827165433308,0.3569,47237.0,0.271,15.37,4,30.8
3,0.32364864377146707,0.1515975589343084,0.10788288125715569,0.8933318922203038,0.8642603735521246,99424.86336659468,46570.77010461954,0.7615,30298.0,0.304,5.19,1,49.5
1,0.06386129562379383,0.06386129562379383,0.06386129562379383,0.3582016569861078,0.3582016569861078,19618.190015629465,19618.190015629465,0.98,9052.0,0.18,1.9,0,1.3
1,0.05674841286771658,0.05674841286771658,0.05674841286771658,0.5213913155991693,0.5213913155991693,17433.11243296253,17433.11243296253,0.471,42861.0,0.042,12.82,3,23.4
5,0.1813202403518428,0.07771429665905766,0.03626404807036856,0.8003285480397546,0.6604201733098342,55701.57783608611,23873.831933662514,0.7109,48788.0,0.307,8.79,2,47.5
2,0.15471143679070717,0.10430470138890775,0.07735571839535359,0.48924978306100964,0.448004508365428,47527.35338210524,32042.40426667246,0.4537,26631.0,0.279,12.8,3,44.0
2,0.14998234880687378,0.08336583829423079,0.07499117440343689,0.9555376164264856,0.7222238401155168,46074.57755347162,25609.9855239877,0.7551,29789.0,0.183,6.3,2,24.6
2,0.134081614474089,0.11936587635995705,0.0670408072370445,0.5807328149889759,0.5656903699352557,41189.87196644014,36669.197217778805,0.8085,15554.0,0.075,4.89,1,17.2
2,0.13859486305871296,0.10983320727408644,0.06929743152935648,0.9372823776378666,0.8381335942513966,42576.34193163663,33740.761274599354,0.7944,9207.0,0.362,5.45,1,22.4
0,0.0,0.0,0.0,0.0,0.0,0.0,0.0,0.7125,47940.0,0.104,5.78,1,0.0
1,0.03547954785601595,0.03547954785601595,0.03547954785601595,0.8530019053779994,0.8530019053779994,10899.3171013681,10899.3171013681,0.6264,34862.0,0.38,8.61,1,5.0
0,0.0,0.0,0.0,0.0,0.0,0.0,0.0,0.1884,8064.0,0.225,15.3,6,25.4
2,0.09595566116465716,0.060571027079169476,0.04797783058232858,0.5174405634356265,0.4530806176871742,29477.57910978268,18607.419518720864,0.3624,16990.0,0.246,14.55,4,37.5
0,0.0,0.0,0.0,0.0,0.0,0.0,0.0,0.7863,18205.0,0.052,3.66,0,0.0
2,0.03201002231145263,0.02064614768143517,0.016005011155726313,0.7945187618738645,0.5822836768925843,9833.478854078248,6342.496567736884,0.8868,30171.0,0.274,4.16,2,4.4
1,0.0729242136118054,0.0729242136118054,0.0729242136118054,0.35088980389640567,0.35088980389640567,22402.318421546617,22402.318421546617,0.6832,27728.0,0.237,6.59,1,6.9
2,0.08636638161852117,0.05643395099488462,0.043183190809260585,0.853336747212172,0.7071225961402241,26531.752433209702,17336.509745628555,0.7268,48132.0,0.078,7.18,1,20.8
1,0.15001960857848096,0.15001960857848096,0.15001960857848096,0.5141663394578811,0.5141663394578811,46086.02375530935,46086.02375530935,0.5925,29883.0,0.199,9.97,1,24.9
2,0.07687534542357564,0.05306614583473336,0.03843767271178782,0.4564647258638541,0.4179286062835467,23616.106114122438,16301.92000043009,0.7553,2987.0,0.232,7.95,3,17.6
1,0.027510141911088068,0.027510141911088068,0.027510141911088068,0.9104308430749446,0.9104308430749446,8451.115595086254,8451.115595086254,0.9041,2606.0,0.192,2.41,0,0.0
1,0.01963013428944921,0.01963013428944921,0.01963013428944921,0.35739062152476486,0.35739062152476486,6030.377253718798,6030.377253718798,0.7377,23728.0,0.295,7.53,1,3.8
0,0.0,0.0,0.0,0.0,0.0,0.0,0.0,0.5154,35900.0,0.298,11.45,2,5.3
6,0.23818116013853619,0.0997495148177511,0.039696860023089364,0.8571184904231702,0.618141239953802,73169.25239455832,30643.050952013138,0.7486,8335.0,0.222,6.77,1,57.9
2,0.047096185278970325,0.023777785775373612,0.023548092639485162,0.4747360932414004,0.43276484809122784,14467.948117699685,7304.535790194774,0.8078,46302.0,0.115,4.39,3,11.1
0,0.0,0.0,0.0,0.0,0.0,0.0,0.0,0.4738,11969.0,0.397,13.48,4,8.0
1,0.04112300090100776,0.04112300090100776,0.04112300090100776,0.7152641179429273,0.7152641179429273,12632.985876789584,12632.985876789584,0.3669,42203.0,0.195,14.15,8,35.9
3,0.06326834532589262,0.03307677678646982,0.02108944844196421,0.8219263619946022,0.5727666639846261,19436.035684114213,10161.18582880353,0.98,2481.0,0.073,0.95,0,8.9
1,0.03707379386056407,0.03707379386056407,0.03707379386056407,0.7083264895955095,0.7083264895955095,11389.069473965283,11389.069473965283,0.4723,10507.0,0.213,11.34,7,21.1
2,0.08743379190566622,0.05582381622825023,0.04371689595283311,0.9070655406135076,0.6643181484539071,26859.660873420664,17149.07634531847,0.886,43223.0,0.125,2.9,1,5.3
1,0.027018330223550067,0.027018330223550067,0.027018330223550067,0.4922467480921573,0.4922467480921573,8300.03104467458,8300.03104467458,0.4869,35395.0,0.273,11.27,6,17.4
2,0.04731694443949763,0.024747839687141074,0.023658472219748816,0.5408979194650311,0.5403371322844138,14535.76533181367,7602.5363518897375,0.9341,14705.0,0.327,2.89,1,0.0
2,0.024456423397492443,0.014777767677844781,0.012228211698746222,0.9440853616753835,0.729708321939043,7513.013267709679,4539.730230633917,0.7733,18015.0,0.164,4.79,1,11.1
1,0.06311571604317157,0.06311571604317157,0.06311571604317157,0.574392470021377,0.574392470021377,19389.147968462305,19389.147968462305,0.3761,25853.0,0.108,13.7,3,33.9
2,0.09272825912337443,0.08021391597001946,0.046364129561687215,0.9634735212108925,0.6762231253023574,28486.121202700626,24641.71498598998,0.9767,13134.0,0.126,1.7,1,1.3
0,0.0,0.0,0.0,0.0,0.0,0.0,0.0,0.8915,1990.0,0.201,4.75,1,0.0
1,0.1508671128641282,0.1508671128641282,0.1508671128641282,0.8211601566434862,0.8211601566434862,46346.37707186019,46346.37707186019,0.5658,1110.0,0.303,10.28,4,31.7
1,0.02274411773080069,0.02274411773080069,0.02274411773080069,0.6777256027216878,0.6777256027216878,6986.992966901971,6986.992966901971,0.4876,27684.0,0.055,10.85,4,16.6
3,0.194569380086889,0.10220547861527964,0.064856460028963,0.92871222916443,0.8134212165660176,59771.71356269231,31397.523030613906,0.4176,16217.0,0.152,13.67,5,53.8
1,0.006012193830184776,0.006012193830184776,0.006012193830184776,0.8671461824822846,0.8671461824822846,1846.945944632763,1846.945944632763,0.9253,39500.0,0.063,2.55,1,0.0
1,0.006508655182600574,0.006508655182600574,0.006508655182600574,0.9372450719304964,0.9372450719304964,1999.4588720948964,1999.4588720948964,0.3083,10941.0,0.088,15.01,3,22.2
3,0.07474276285836184,0.05073324569021181,0.024914254286120614,0.9031576731511664,0.7462123372396917,22960.976750088754,15585.253076033066,0.2361,12655.0,0.181,17.68,6,42.4
1,0.005984934287466812,0.005984934287466812,0.005984934287466812,0.8131924891571478,0.8131924891571478,1838.5718131098047,1838.5718131098047,0.6893,39131.0,0.131,4.36,1,4.2
1,0.06963862881608462,0.06963862881608462,0.06963862881608462,0.8051219120129285,0.8051219120129285,21392.986772301196,21392.986772301196,0.8343,20059.0,0.171,4.07,1,3.1
1,0.015515314320993151,0.015515314320993151,0.015515314320993151,0.9775838792874927,0.9775838792874927,4766.304559409096,4766.304559409096,0.5124,29189.0,0.135,11.89,2,8.8
4,0.1164447284403489,0.08200896492628094,0.029111182110087223,0.9163645671538212,0.8017193518617198,35771.82057687517,25193.154025353506,0.2895,8584.0,0.37,15.74,3,58.1
3,0.20407965062205205,0.14269203773508476,0.06802655020735068,0.9018962767105022,0.663615208635855,62693.26867109439,43834.99399221804,0.5597,19435.0,0.236,10.14,0,44.5
2,0.07589397948873686,0.05456500835403215,0.03794698974436843,0.7742345072994636,0.7390119940917914,23314.630498939965,16762.370566358677,0.6932,5083.0,0.292,5.88,0,16.7
2,0.05609915462289564,0.03811727646989353,0.02804957731144782,0.9316001182259257,0.8258235028745041,17233.66030015354,11709.627331551294,0.4403,42485.0,0.05,12.26,3,26.2
2,0.09759379116275659,0.07484314141818563,0.04879689558137829,0.813358398565599,0.7401095090243339,29980.812645198825,22991.813043666625,0.6653,27764.0,0.145,8.23,2,27.7
2,0.21251159026648808,0.13982538364798566,0.10625579513324404,0.6057156475755551,0.594647298456543,65283.56052986515,42954.3578566612,0.5595,28121.0,0.388,10.84,2,43.6
5,0.3356766784796809,0.21703105930476813,0.06713533569593619,0.8458880712427095,0.5892877015891037,103119.87562895799,66671.94141842477,0.4778,7622.0,0.232,11.81,2,79.2
2,0.057313508223453075,0.03961546911502029,0.028656754111726537,0.8183309608003069,0.7942770812076374,17606.709726244786,12169.872112134233,0.98,2163.0,0.063,1.89,0,0.0
0,0.0,0.0,0.0,0.0,0.0,0.0,0.0,0.2168,36964.0,0.4,16.14,7,25.2
2,0.06516328929549764,0.03260656116008814,0.03258164464774882,0.8011562326775356,0.6234587441998986,20018.162471576874,10016.735588379077,0.3813,29631.0,0.06,15.37,6,30.7
4,0.23283390564021758,0.11425104878142804,0.058208476410054395,0.9127401216219132,0.6814555339207038,71526.57581267484,35097.922185654694,0.7321,20972.0,0.254,6.35,2,45.9
4,0.2231400861217158,0.09536088087351559,0.05578502153042895,0.6348894437136865,0.4650247102906059,68548.63445659108,29294.862604343987,0.4481,31998.0,0.068,12.86,2,64.2
1,0.01178632680206903,0.01178632680206903,0.01178632680206903,0.42990438129730985,0.42990438129730985,3620.759593595606,3620.759593595606,0.66,4747.0,0.236,7.68,3,7.2
1,0.007154525372666177,0.007154525372666177,0.007154525372666177,0.4170045155615284,0.4170045155615284,2197.8701944830495,2197.8701944830495,0.98,23223.0,0.227,1.19,0,0.0
2,0.06444068174535758,0.05888881588290073,0.03222034087267879,0.7986488607214957,0.6174859616938022,19796.17743217385,18090.644239227106,0.7783,15607.0,0.062,6.28,4,14.9
2,0.14244506107530552,0.0813764463421141,0.07122253053765276,0.859073138195776,0.7948548212447095,43759.122762333864,24998.844316297454,0.3006,20235.0,0.289,16.14,7,51.3
1,0.10654538801349278,0.10654538801349278,0.10654538801349278,0.6596018273845781,0.6596018273845781,32730.74319774498,32730.74319774498,0.98,4450.0,0.177,2.06,0,3.6
2,0.0839705040530307,0.055435929049922554,0.04198525202651535,0.9279537630893312,0.8932389294726814,25795.738845091033,17029.91740413621,0.2508,41760.0,0.138,17.24,8,43.7
1,0.07102182780745181,0.07102182780745181,0.07102182780745181,0.3799117913533627,0.3799117913533627,21817.905502449197,21817.905502449197,0.2832,35238.0,0.085,16.48,10,40.6
1,0.012242083868315889,0.012242083868315889,0.012242083868315889,0.8815626114374211,0.8815626114374211,3760.7681643466412,3760.7681643466412,0.7048,4931.0,0.257,10.32,1,5.3
2,0.1083043915757831,0.0556957623516523,0.05415219578789155,0.6142915724921661,0.5583717859044883,33271.10909208057,17109.738194427588,0.4615,41487.0,0.393,12.34,6,35.3
0,0.0,0.0,0.0,0.0,0.0,0.0,0.0,0.4142,16589.0,0.39,13.82,8,18.4
1,0.11813961419947022,0.11813961419947022,0.11813961419947022,0.7073769557590006,0.7073769557590006,36292.48948207725,36292.48948207725,0.5389,46732.0,0.257,7.36,3,22.8
1,0.04040620181208343,0.04040620181208343,0.04040620181208343,0.6441234803648429,0.6441234803648429,12412.78519667203,12412.78519667203,0.5518,7836.0,0.137,10.42,3,12.6
5,0.38783823649722676,0.25999692159121046,0.07756764729944535,0.8792179826639427,0.7119369086814059,119143.90625194806,79871.05431281985,0.98,33322.0,0.104,1.32,0,59.3
5,0.10260043990276857,0.03356596980369023,0.020520087980553714,0.8497167190348036,0.6748535216713721,31518.855138130508,10311.465923693637,0.4048,49792.0,0.135,13.16,1,45.4
1,0.016234226630639798,0.016234226630639798,0.016234226630639798,0.9175484561051677,0.9175484561051677,4987.154420932546,4987.154420932546,0.2943,33357.0,0.3,14.45,4,18.4
1,0.10749530856326997,0.10749530856326997,0.10749530856326997,0.5110305508320316,0.5110305508320316,33022.55879063653,33022.55879063653,0.6184,9156.0,0.31,7.95,1,28.5
2,0.1408349416623793,0.10687544938672133,0.07041747083118965,0.6024451817902764,0.5925653504951129,43264.494078682925,32832.13805160079,0.6534,30707.0,0.07,4.54,2,21.8
2,0.16002138921405637,0.13667910226324104,0.08001069460702818,0.8797294013433463,0.7407584362815163,49158.57076655812,41987.820215267646,0.913,22761.0,0.35,1.88,0,17.4
0,0.0,0.0,0.0,0.0,0.0,0.0,0.0,0.7679,16870.0,0.382,4.89,1,0.0
0,0.0,0.0,0.0,0.0,0.0,0.0,0.0,0.2416,5890.0,0.204,17.9,9,22.2
1,0.0395052667783204,0.0395052667783204,0.0395052667783204,0.6669069164732294,0.6669069164732294,12136.017954300027,12136.017954300027,0.9486,42589.0,0.288,2.93,1,0.0
2,0.21918293712725603,0.19944700479405342,0.10959146856362802,0.8566054697672634,0.7917831349896178,67332.99828549306,61270.11987273321,0.693,22628.0,0.229,8.11,5,32.2
2,0.011016558510811153,0.005823842970435117,0.0055082792554055765,0.8067862807167407,0.6605363372788262,3384.286774521186,1789.0845605176678,0.616,41663.0,0.361,6.47,0,9.7
2,0.1509463633610327,0.13201189081727108,0.07547318168051635,0.9384073367196949,0.7711061694943264,46370.72282450925,40554.052859065676,0.3263,29914.0,0.333,15.5,5,59.5
1,0.03679471071720683,0.03679471071720683,0.03679471071720683,0.8923652213894275,0.8923652213894275,11303.335132325938,11303.335132325938,0.5062,42412.0,0.335,10.84,2,15.1
1,0.0334569517762617,0.0334569517762617,0.0334569517762617,0.5337913742376397,0.5337913742376397,10277.975585667595,10277.975585667595,0.5802,41024.0,0.231,9.85,2,7.5
1,0.013523117110269385,0.013523117110269385,0.013523117110269385,0.3985984777549607,0.3985984777549607,4154.3015762747555,4154.3015762747555,0.3092,5193.0,0.07,13.32,4,26.6
3,0.08354631938013359,0.031161001486953308,0.027848773126711194,0.9628901761758879,0.6778308994770198,25665.42931357704,9572.659656792057,0.22,3491.0,0.047,16.98,7,56.8
2,0.023342238759990704,0.01381820526793507,0.011671119379995352,0.5741165812554747,0.5073908943337719,7170.735747069144,4244.952658309653,0.3848,39449.0,0.391,13.77,6,29.4
2,0.040335615705091116,0.03478975299840712,0.020167807852545558,0.9276730194214003,0.8244988298437164,12391.10114460399,10687.412121110667,0.8072,6908.0,0.365,4.19,2,8.4
1,0.05129859945946566,0.05129859945946566,0.05129859945946566,0.5607890281283443,0.5607890281283443,15758.92975394785,15758.92975394785,0.2939,13384.0,0.308,17.86,4,30.4
0,0.0,0.0,0.0,0.0,0.0,0.0,0.0,0.7243,40795.0,0.109,5.85,0,0.0
3,0.06156091908197925,0.02811285840117269,0.02052030636065975,0.7101357963586155,0.6370524004849812,18911.514341984024,8636.270100840251,0.4659,39503.0,0.056,14.0,4,39.4
0,0.0,0.0,0.0,0.0,0.0,0.0,0.0,0.445,19488.0,0.248,15.11,5,13.2
1,0.01514274232142844,0.01514274232142844,0.01514274232142844,0.5211634614302239,0.5211634614302239,4651.850441142817,4651.850441142817,0.7459,37191.0,0.199,4.47,2,0.0
0,0.0,0.0,0.0,0.0,0.0,0.0,0.0,0.8007,47390.0,0.317,4.35,2,0.0
1,0.008007019704222707,0.008007019704222707,0.008007019704222707,0.46236416299638927,0.46236416299638927,2459.7564531372154,2459.7564531372154,0.3525,44673.0,0.147,13.47,5,17.0
3,0.19640896781552797,0.11228660035099261,0.06546965593850933,0.6910013907104724,0.5291872155920215,60336.83491293019,34494.44362782493,0.596,22207.0,0.253,9.99,3,41.3
1,0.009555062434947742,0.009555062434947742,0.009555062434947742,0.7230953171964365,0.7230953171964365,2935.315180015946,2935.315180015946,0.98,38165.0,0.033,1.98,0,0.0
6,0.23143799282553124,0.06709041269547855,0.03857299880425521,0.8745911967418063,0.7310272815817234,71097.75139600318,20610.174780051013,0.9077,4863.0,0.053,0.57,0,39.4
1,0.08449788362920849,0.08449788362920849,0.08449788362920849,0.6031526772006752,0.6031526772006752,25957.749850892847,25957.749850892847,0.3906,30513.0,0.09,13.78,2,25.7
2,0.07103913737680931,0.05768666629396557,0.035519568688404654,0.8079230885838955,0.5887437868861327,21823.223002155817,17721.343885506223,0.326,14137.0,0.209,16.28,6,40.1
1,0.0819258513472527,0.0819258513472527,0.0819258513472527,0.7449101791061064,0.7449101791061064,25167.62153387603,25167.62153387603,0.6707,25734.0,0.268,9.43,2,11.6
1,0.006052323653513525,0.006052323653513525,0.006052323653513525,0.45483181160337255,0.45483181160337255,1859.2738263593549,1859.2738263593549,0.98,28099.0,0.089,0.67,0,0.0
0,0.0,0.0,0.0,0.0,0.0,0.0,0.0,0.2783,27733.0,0.216,15.08,5,15.3
1,0.10192920962998311,0.10192920962998311,0.10192920962998311,0.7937362521050002,0.7937362521050002,31312.653198330812,31312.653198330812,0.8142,39607.0,0.374,2.59,2,11.8
3,0.08243055859336634,0.044180303003275294,0.027476852864455448,0.8588237667218634,0.6690925127550332,25322.66759988214,13572.18908260617,0.6507,34677.0,0.209,8.83,2,26.5
2,0.038864023801284536,0.02851039991243951,0.019432011900642268,0.9683912817968888,0.6932872861400661,11939.02811175461,8758.394853101418,0.6945,32909.0,0.148,6.71,2,12.6
0,0.0,0.0,0.0,0.0,0.0,0.0,0.0,0.8172,2943.0,0.084,5.42,2,0.0
2,0.03236600086893206,0.018486384702995736,0.01618300043446603,0.9456242759312989,0.7020767319926815,9942.835466935929,5679.0173807602905,0.8238,7618.0,0.228,5.14,1,0.5
3,0.08630363656753753,0.05132857267032921,0.028767878855845846,0.8429777278868943,0.7763865307267143,26512.477153547534,15768.137524325133,0.3707,48608.0,0.108,14.29,2,38.2
2,0.14424115639878274,0.12547084791244942,0.07212057819939137,0.6156616604517491,0.5805545455584813,44310.88324570606,38544.64447870446,0.3256,25226.0,0.072,14.98,8,52.0
1,0.027773586431528663,0.027773586431528663,0.027773586431528663,0.5744001014291114,0.5744001014291114,8532.045751765605,8532.045751765605,0.5394,11042.0,0.085,10.61,5,22.1
4,0.26734078419968893,0.0822860891492334,0.06683519604992223,0.8609604069795711,0.8388253721956083,82127.08890614443,25278.2865866445,0.6446,29322.0,0.255,7.37,2,49.6
1,0.019066935054129125,0.019066935054129125,0.019066935054129125,0.6531436778361912,0.6531436778361912,5857.362448628467,5857.362448628467,0.7298,7448.0,0.122,5.55,0,0.0
4,0.14973605505268828,0.08136171619210852,0.03743401376317207,0.8342456084464349,0.6965489453138298,45998.91611218585,24994.31921421574,0.6652,21102.0,0.213,5.13,1,40.8
1,0.03205473055424624,0.03205473055424624,0.03205473055424624,0.6164442764926181,0.6164442764926181,9847.213226264446,9847.213226264446,0.4777,2478.0,0.139,9.15,5,18.5
1,0.04150120025505512,0.04150120025505512,0.04150120025505512,0.8628135363021252,0.8628135363021252,12749.168718352932,12749.168718352932,0.6216,40494.0,0.102,9.96,1,4.9
2,0.0469581502551521,0.039824954138600724,0.02347907512757605,0.8628925945309068,0.7276548598251804,14425.543758382724,12234.225911378142,0.2365,6805.0,0.392,16.54,3,34.3
1,0.017539594272247154,0.017539594272247154,0.017539594272247154,0.6826455443143282,0.6826455443143282,5388.163360434326,5388.163360434326,0.5952,11537.0,0.348,8.12,4,7.9
2,0.05915203479883403,0.040801436869579655,0.029576017399417016,0.8428121078241486,0.8270926412608203,18171.505090201816,12534.20140633487,0.8636,47886.0,0.352,2.18,1,7.2
3,0.2688671715803799,0.14973262604733048,0.08962239052679331,0.9588492220468445,0.897165628474251,82595.99510949272,45997.862721739926,0.1943,16219.0,0.087,15.93,1,67.2
1,0.00813880342470744,0.00813880342470744,0.00813880342470744,0.7691287719273829,0.7691287719273829,2500.2404120701253,2500.2404120701253,0.2668,39061.0,0.39,16.93,10,33.0
2,0.01709860766321731,0.011200181762929091,0.008549303831608655,0.7167977101536156,0.6693609569952053,5252.692274140358,3440.695837571817,0.4089,2116.0,0.327,12.4,6,29.6
1,0.09836229872481846,0.09836229872481846,0.09836229872481846,0.7094282714641938,0.7094282714641938,30216.89816826423,30216.89816826423,0.4282,7508.0,0.312,12.98,7,34.7
1,0.013271087057636133,0.013271087057636133,0.013271087057636133,0.9400134690232922,0.9400134690232922,4076.87794410582,4076.87794410582,0.8967,45181.0,0.285,1.66,0,0.0
1,0.12426284967766105,0.12426284967766105,0.12426284967766105,0.43602195452995274,0.43602195452995274,38173.54742097748,38173.54742097748,0.4375,26467.0,0.382,12.88,6,35.0
1,0.018583055728012426,0.018583055728012426,0.018583055728012426,0.6549123386605438,0.6549123386605438,5708.714719645417,5708.714719645417,0.9037,47562.0,0.213,1.51,1,0.0
1,0.030896643609498675,0.030896643609498675,0.030896643609498675,0.9750412860370112,0.9750412860370112,9491.448916837993,9491.448916837993,0.6178,32033.0,0.063,6.04,3,11.8
4,0.1443555207426253,0.05173080428554289,0.03608888018565633,0.48734703208821367,0.4202533419944876,44346.0159721345,15891.703076518777,0.5295,48668.0,0.205,8.99,3,50.4
1,0.025766482206481388,0.025766482206481388,0.025766482206481388,0.8852858051610955,0.8852858051610955,7915.463333831082,7915.463333831082,0.5683,37340.0,0.28,12.42,2,16.2
2,0.016732646466901056,0.008670097938562207,0.008366323233450528,0.9181134325934747,0.7584424389098352,5140.268994632005,2663.45408672631,0.6109,30996.0,0.173,7.03,11,24.9
1,0.016438626061638227,0.016438626061638227,0.016438626061638227,0.6682226771562607,0.6682226771562607,5049.945926135263,5049.945926135263,0.6839,13372.0,0.267,6.68,1,6.3
1,0.008716702538595557,0.008716702538595557,0.008716702538595557,0.794104279784177,0.794104279784177,2677.771019856555,2677.771019856555,0.2365,6610.0,0.145,13.56,2,25.2
1,0.009136360033537499,0.009136360033537499,0.009136360033537499,0.7533496303324685,0.7533496303324685,2806.6898023027197,2806.6898023027197,0.3004,14522.0,0.229,15.18,1,24.0
1,0.08865442337803647,0.08865442337803647,0.08865442337803647,0.8641779881496204,0.8641779881496204,27234.638861732805,27234.638861732805,0.7947,49212.0,0.129,3.09,1,7.9
1,0.09376001349200198,0.09376001349200198,0.09376001349200198,0.772534849941026,0.772534849941026,28803.07614474301,28803.07614474301,0.7873,44986.0,0.21,4.21,0,7.3
0,0.0,0.0,0.0,0.0,0.0,0.0,0.0,0.9012,7960.0,0.069,3.32,1,0.0
1,0.009568312862268048,0.009568312862268048,0.009568312862268048,0.46243615909849045,0.46243615909849045,2939.385711288744,2939.385711288744,0.3795,15780.0,0.239,13.51,4,22.1
5,0.3272420381005873,0.10523885915699911,0.06544840762011746,0.9269208246963571,0.713822365121336,100528.75410450042,32329.37753303013,0.3443,42859.0,0.202,14.23,6,90.4
3,0.14736426506091366,0.1014154000630317,0.04912142168697122,0.9262124834754446,0.6802062691757792,45270.30222671267,31154.810899363336,0.7576,12652.0,0.054,4.34,0,24.0
1,0.043666847117699664,0.043666847117699664,0.043666847117699664,0.5516403794908245,0.5516403794908245,13414.455434557336,13414.455434557336,0.4819,12810.0,0.323,8.88,2,14.4
3,0.07206480909812213,0.04561514736171376,0.024021603032707377,0.7340777378877597,0.5388983315441711,22138.309354943118,14012.973269518467,0.7252,36597.0,0.291,7.1,1,20.2
1,0.037311851977362344,0.037311851977362344,0.037311851977362344,0.6002220185994798,0.6002220185994798,11462.200927445712,11462.200927445712,0.5691,15462.0,0.128,9.58,3,17.9
1,0.03450645457104677,0.03450645457104677,0.03450645457104677,0.764019826937351,0.764019826937351,10600.382844225569,10600.382844225569,0.2228,34960.0,0.09,17.04,4,31.5
1,0.052035983243497626,0.052035983243497626,0.052035983243497626,0.68824469900382,0.68824469900382,15985.45405240247,15985.45405240247,0.5728,6347.0,0.275,8.34,4,15.7
1,0.01204192634622937,0.01204192634622937,0.01204192634622937,0.8196587000791702,0.8196587000791702,3699.2797735616623,3699.2797735616623,0.2631,24113.0,0.322,17.76,9,36.8
1,0.023846976081198554,0.023846976081198554,0.023846976081198554,0.36948333066692746,0.36948333066692746,7325.791052144195,7325.791052144195,0.5994,2141.0,0.261,7.79,4,11.2
1,0.006598225679472489,0.006598225679472489,0.006598225679472489,0.6863028752572058,0.6863028752572058,2026.9749287339484,2026.9749287339484,0.4914,7246.0,0.23,9.63,5,14.5
1,0.04288535495854159,0.04288535495854159,0.04288535495854159,0.777343556868489,0.777343556868489,13174.381043263975,13174.381043263975,0.3659,21830.0,0.144,14.05,10,37.3
0,0.0,0.0,0.0,0.0,0.0,0.0,0.0,0.9795,13364.0,0.212,1.49,1,0.0
1,0.0057804867701623346,0.0057804867701623346,0.0057804867701623346,0.7193893029793317,0.7193893029793317,1775.7655357938693,1775.7655357938693,0.7269,19703.0,0.378,8.03,4,6.0
0,0.0,0.0,0.0,0.0,0.0,0.0,0.0,0.8141,48059.0,0.302,5.19,3,0.0
1,0.021338066874360503,0.021338066874360503,0.021338066874360503,0.3699307389513166,0.3699307389513166,6555.054143803547,6555.054143803547,0.7708,48915.0,0.074,5.92,3,0.0
1,0.07143417190787031,0.07143417190787031,0.07143417190787031,0.5235050991431951,0.5235050991431951,21944.57761009776,21944.57761009776,0.2931,32554.0,0.314,15.0,5,33.3
1,0.022743322346837496,0.022743322346837496,0.022743322346837496,0.9189833423270354,0.9189833423270354,6986.748624948479,6986.748624948479,0.4345,37372.0,0.034,10.02,2,13.4
3,0.06860747965439042,0.03436216943843768,0.022869159884796805,0.6667965611664628,0.5162061020202645,21076.21774982874,10556.058451488056,0.4449,34782.0,0.341,11.26,2,34.4
1,0.028628627520645142,0.028628627520645142,0.028628627520645142,0.512671328046963,0.512671328046963,8794.714374342188,8794.714374342188,0.3674,41450.0,0.146,14.48,5,22.8
3,0.1366520545798173,0.07745445727927878,0.0455506848599391,0.8408877960756238,0.533540047378371,41979.51116691988,23794.009276194443,0.2773,31638.0,0.364,17.96,6,55.4
1,0.11082973573711954,0.11082973573711954,0.11082973573711954,0.5459981787276368,0.5459981787276368,34046.89481844312,34046.89481844312,0.5352,33671.0,0.355,6.98,6,27.8
2,0.07486856692896052,0.03764600894505789,0.03743428346448026,0.6061803059065123,0.5380687667233609,22999.623760576673,11564.853947921783,0.2512,28362.0,0.29,13.95,5,36.4
0,0.0,0.0,0.0,0.0,0.0,0.0,0.0,0.4464,35639.0,0.137,12.58,6,14.3
3,0.10209669536585843,0.07906006399072009,0.03403223178861948,0.9607065237742967,0.7868537486115142,31364.104816391708,24287.25165794921,0.3356,14993.0,0.311,16.81,3,44.3
2,0.06143279707518208,0.033660030226902254,0.03071639853759104,0.7414733289082571,0.6810903433119645,18872.155261495936,10340.361285704372,0.6312,28016.0,0.359,7.01,3,18.3
0,0.0,0.0,0.0,0.0,0.0,0.0,0.0,0.6142,49869.0,0.068,7.89,4,12.1
1,0.0755775405918726,0.0755775405918726,0.0755775405918726,0.6729331686024995,0.6729331686024995,23217.420469823264,23217.420469823264,0.9192,46167.0,0.144,2.5,3,7.2
0,0.0,0.0,0.0,0.0,0.0,0.0,0.0,0.9324,27959.0,0.075,2.22,1,0.0
1,0.015012596373147006,0.015012596373147006,0.015012596373147006,0.4638311888979684,0.4638311888979684,4611.8696058307605,4611.8696058307605,0.2401,26836.0,0.274,17.16,4,31.4
1,0.10879355871392346,0.10879355871392346,0.10879355871392346,0.9489701168695983,0.9489701168695983,33421.38123691729,33421.38123691729,0.6824,33342.0,0.078,7.7,1,23.9
1,0.04434240041522076,0.04434240041522076,0.04434240041522076,0.9256400127380737,0.9256400127380737,13621.985407555816,13621.985407555816,0.7701,35610.0,0.336,5.33,2,8.0
2,0.03351275186219399,0.023590604520593653,0.016756375931096995,0.7105837594528406,0.5809466956001031,10295.117372065994,7247.03370872637,0.8342,44021.0,0.316,4.73,1,7.6
2,0.022267057999899482,0.012066331344908188,0.011133528999949741,0.8804670070758962,0.7079863985641104,6840.440217569121,3706.7769891557955,0.2437,35938.0,0.353,16.44,6,35.3
2,0.2272512617237524,0.2119658066795319,0.1136256308618762,0.9581689777066563,0.9393810742829753,69811.58760153674,65115.8958119522,0.2539,44129.0,0.235,14.37,8,64.7
1,0.06485387992720557,0.06485387992720557,0.06485387992720557,0.389788702980287,0.389788702980287,19923.11191363755,19923.11191363755,0.6233,12706.0,0.393,8.92,3,18.8
2,0.15362270397753683,0.11206941230153031,0.07681135198876841,0.8787415908333092,0.7150788170613066,47192.89466189931,34427.72345903011,0.2938,32894.0,0.165,17.34,5,54.1
2,0.037030458572850235,0.021404652501441787,0.018515229286425117,0.5049780394512066,0.4351914685235163,11375.756873579592,6575.509248442917,0.5467,35879.0,0.263,10.89,1,16.5
1,0.013110810250052497,0.013110810250052497,0.013110810250052497,0.5201375401601946,0.5201375401601946,4027.6409088161267,4027.6409088161267,0.3437,23840.0,0.23,15.07,4,20.7
1,0.0211989205303206,0.0211989205303206,0.0211989205303206,0.3718219809382275,0.3718219809382275,6512.308386914488,6512.308386914488,0.3985,45247.0,0.206,14.01,5,25.6
1,0.046109959043125676,0.046109959043125676,0.046109959043125676,0.8926270137832214,0.8926270137832214,14164.979418048208,14164.979418048208,0.4702,28403.0,0.338,12.16,3,18.3
2,0.0634540248670178,0.04052499011856856,0.0317270124335089,0.9364538692549517,0.736322785990527,19493.076439147866,12449.276964424262,0.9515,15392.0,0.223,2.76,0,0.0
0,0.0,0.0,0.0,0.0,0.0,0.0,0.0,0.7291,30305.0,0.343,6.07,2,0.0
0,0.0,0.0,0.0,0.0,0.0,0.0,0.0,0.8598,12204.0,0.354,5.65,1,0.0
1,0.10000716285259184,0.10000716285259184,0.10000716285259184,0.9543082517851702,0.9543082517851702,30722.200428316213,30722.200428316213,0.2749,16178.0,0.325,13.71,8,42.6
1,0.04564368384117163,0.04564368384117163,0.04564368384117163,0.4586727390690259,0.4586727390690259,14021.739676007925,14021.739676007925,0.2486,37185.0,0.198,17.28,5,33.7
1,0.006984251600867398,0.006984251600867398,0.006984251600867398,0.6040587628556303,0.6040587628556303,2145.5620917864644,2145.5620917864644,0.98,35860.0,0.4,2.45,0,0.0
3,0.14079498258360182,0.05381666020218742,0.046931660861200604,0.94054395252705,0.5873293849171798,43252.21864968248,16532.478014111977,0.5899,6406.0,0.36,7.19,9,46.2
3,0.27779538054283687,0.1931650644039588,0.09259846018094563,0.7893974394150799,0.6394394152716623,85338.74090275948,59340.30778489615,0.7902,7038.0,0.259,4.83,0,41.5
0,0.0,0.0,0.0,0.0,0.0,0.0,0.0,0.6287,25042.0,0.096,8.43,5,1.5
2,0.057986584594280986,0.03904944485723639,0.028993292297140493,0.6193725512316482,0.5589171676486274,17813.47878736312,11995.989460143019,0.486,39122.0,0.285,11.98,4,30.6
4,0.12463822351819928,0.04442970046307169,0.03115955587954982,0.9658730170650854,0.6696672153190273,38288.86226479082,13648.803982255622,0.8553,42303.0,0.105,3.9,0,23.1
0,0.0,0.0,0.0,0.0,0.0,0.0,0.0,0.7328,12469.0,0.236,5.18,2,0.0
2,0.041862408021892984,0.035591156904802,0.020931204010946492,0.6675146468728742,0.6076557410810027,12860.131744325525,10933.603401155175,0.8288,19120.0,0.078,3.86,0,2.0
1,0.033724693400891924,0.033724693400891924,0.033724693400891924,0.3597912175508482,0.3597912175508482,10360.225812753999,10360.225812753999,0.1937,24214.0,0.271,17.95,9,42.0
0,0.0,0.0,0.0,0.0,0.0,0.0,0.0,0.2845,32053.0,0.169,15.07,3,14.2
1,0.01417313894724214,0.01417313894724214,0.01417313894724214,0.6350066160086052,0.6350066160086052,4353.988284592786,4353.988284592786,0.827,10287.0,0.184,5.75,1,0.0
0,0.0,0.0,0.0,0.0,0.0,0.0,0.0,0.462,20740.0,0.119,13.02,1,6.9
2,0.1032889915521155,0.06822646838491347,0.05164449577605775,0.8060186711170951,0.7586689867833543,31730.37820480988,20959.171087845418,0.6559,18806.0,0.066,7.2,1,30.8
3,0.04186961975173014,0.019707421691142757,0.01395653991724338,0.9697391775707976,0.7122710408494267,12862.347187731499,6054.119943519055,0.8955,22866.0,0.062,1.82,1,2.7
0,0.0,0.0,0.0,0.0,0.0,0.0,0.0,0.2647,47073.0,0.33,15.75,11,30.7
1,0.012409313965234432,0.012409313965234432,0.012409313965234432,0.5397683302713385,0.5397683302713385,3812.1412501200175,3812.1412501200175,0.8114,18611.0,0.166,2.29,2,0.9
1,0.02374111716976307,0.02374111716976307,0.02374111716976307,0.6165934531129049,0.6165934531129049,7293.271194551216,7293.271194551216,0.4536,23635.0,0.214,10.66,1,13.8
2,0.06103620511419562,0.03948840357402865,0.03051810255709781,0.6333998112081454,0.5906575347406136,18750.322211080897,12130.837577941602,0.4104,48893.0,0.212,11.89,12,30.8
3,0.2775642935559146,0.16329495370373392,0.09252143118530487,0.8875464010390355,0.7582728051067615,85267.75098037696,50164.20977778706,0.2229,29330.0,0.284,14.12,8,70.2
1,0.013861626206569621,0.013861626206569621,0.013861626206569621,0.6526579722259362,0.6526579722259362,4258.291570658188,4258.291570658188,0.5234,17933.0,0.173,10.62,7,20.1
0,0.0,0.0,0.0,0.0,0.0,0.0,0.0,0.98,34067.0,0.33,1.43,0,0.0
5,0.2166444669035863,0.0789969856322586,0.04332889338071726,0.8765105741925668,0.5685965903334448,66553.18023278171,24267.873986229843,0.5942,38860.0,0.225,9.83,5,60.7
2,0.034468610669371874,0.02602993723220457,0.017234305334685937,0.581419765128356,0.5442283461065399,10588.75719763104,7996.396717733244,0.5405,33033.0,0.32,10.15,6,23.6
2,0.10835516839269989,0.08182900172866493,0.054177584196349944,0.6573536193686029,0.5170740508968793,33286.7077302374,25137.869331045866,0.8471,47542.0,0.317,3.89,4,20.2
1,0.044203823880857904,0.044203823880857904,0.044203823880857904,0.9154363607720697,0.9154363607720697,13579.414696199548,13579.414696199548,0.4019,31151.0,0.331,12.63,5,17.0
6,0.3303307690174549,0.1441006343911424,0.055055128169575814,0.8499314180473468,0.6624306449242126,101477.61224216215,44267.71488495894,0.6064,20423.0,0.305,5.95,0,70.5
2,0.07411392866243025,0.05178384744689433,0.03705696433121512,0.8998565325065775,0.7829154830817263,22767.79888509857,15907.997935685937,0.7469,21280.0,0.143,5.62,3,15.9
0,0.0,0.0,0.0,0.0,0.0,0.0,0.0,0.6765,27856.0,0.214,8.31,5,4.2
1,0.013341777448410894,0.013341777448410894,0.013341777448410894,0.9659649756627706,0.9659649756627706,4098.5940321518265,4098.5940321518265,0.7964,18450.0,0.089,6.01,0,0.8
3,0.1253677904974358,0.07493301907774415,0.04178926349914527,0.928660597176694,0.813287782427189,38512.98524081228,23019.423460683003,0.8733,9996.0,0.337,2.32,1,19.2
0,0.0,0.0,0.0,0.0,0.0,0.0,0.0,0.5432,44920.0,0.297,9.6,6,7.6
0,0.0,0.0,0.0,0.0,0.0,0.0,0.0,0.98,39423.0,0.107,0.69,0,0.0
1,0.06089204858409445,0.06089204858409445,0.06089204858409445,0.4577186062848738,0.4577186062848738,18706.037325033816,18706.037325033816,0.8157,6668.0,0.267,3.28,3,0.0
0,0.0,0.0,0.0,0.0,0.0,0.0,0.0,0.4188,6880.0,0.096,14.86,3,8.5
0,0.0,0.0,0.0,0.0,0.0,0.0,0.0,0.2975,15274.0,0.326,17.27,9,25.6
1,0.014154414007929134,0.014154414007929134,0.014154414007929134,0.5480760918021979,0.5480760918021979,4348.23598323583,4348.23598323583,0.1283,41607.0,0.226,17.88,10,38.7
1,0.04184498067533354,0.04184498067533354,0.04184498067533354,0.684640156176852,0.684640156176852,12854.778063462465,12854.778063462465,0.3115,39621.0,0.142,16.13,5,31.1
1,0.0362522917825905,0.0362522917825905,0.0362522917825905,0.7574633887576527,0.7574633887576527,11136.704035611801,11136.704035611801,0.257,35532.0,0.154,17.79,7,39.4
1,0.09292975964296958,0.09292975964296958,0.09292975964296958,0.5734240318902657,0.5734240318902657,28548.022162320256,28548.022162320256,0.5321,23425.0,0.227,12.43,7,32.5
4,0.14121562169873744,0.058755789440702824,0.03530390542468436,0.726463469293417,0.5863245841871573,43381.438985852146,18049.77851618391,0.6932,14466.0,0.185,8.16,4,35.7
6,0.2212246719859613,0.0800144191924463,0.036870778664326885,0.8653837671352873,0.602171496105898,67960.2192340873,24580.4295759195,0.3566,21276.0,0.069,14.66,7,68.8
2,0.12357371351686097,0.08639452518001596,0.061786856758430486,0.9171869983701721,0.7173024979253678,37961.84479237969,26540.398135300904,0.6088,13357.0,0.134,9.3,3,30.9
1,0.048665443221656696,0.048665443221656696,0.048665443221656696,0.6043420859437958,0.6043420859437958,14950.024157692937,14950.024157692937,0.5608,34896.0,0.042,13.19,2,7.6
2,0.0673756047045808,0.035244888749446264,0.0336878023522904,0.9531889786480495,0.7140544116140446,20697.785765247223,10827.229823829892,0.9429,49877.0,0.365,1.24,0,2.3
1,0.005146298669749196,0.005146298669749196,0.005146298669749196,0.63766089181595,0.63766089181595,1580.942951346953,1580.942951346953,0.5666,32946.0,0.299,7.92,1,5.4
0,0.0,0.0,0.0,0.0,0.0,0.0,0.0,0.8554,5894.0,0.115,3.76,1,0.0
3,0.1067726294686735,0.06942504983510744,0.03559087648955783,0.9372148542801129,0.7115769183447863,32800.5517727765,21327.375309345007,0.4467,2334.0,0.04,11.54,2,44.9
1,0.017574398894787395,0.017574398894787395,0.017574398894787395,0.6156100224870036,0.6156100224870036,5398.855340478688,5398.855340478688,0.395,21516.0,0.177,14.46,5,27.9
0,0.0,0.0,0.0,0.0,0.0,0.0,0.0,0.8558,11513.0,0.117,1.8,5,0.0
2,0.15295282662194415,0.09804736909602085,0.07647641331097207,0.7754790312291573,0.6120950288271041,46987.10833826124,30120.151786297607,0.5235,27106.0,0.219,10.15,4,33.8
3,0.18360117430749923,0.08136006435566134,0.06120039143583308,0.8527727293467176,0.6945267744470697,56402.280747263765,24993.811770059165,0.3162,4274.0,0.124,12.97,5,52.2
1,0.010015852188848654,0.010015852188848654,0.010015852188848654,0.4600204634791728,0.4600204634791728,3076.8697924143066,3076.8697924143066,0.98,40153.0,0.07,1.49,1,0.0
0,0.0,0.0,0.0,0.0,0.0,0.0,0.0,0.3265,47739.0,0.194,15.94,6,23.7
2,0.09024387872940152,0.08521251035014893,0.04512193936470076,0.9638357027875009,0.9531950032508905,27722.91954567215,26177.28317956575,0.6666,42557.0,0.073,8.68,1,18.2
2,0.09608442305554295,0.07837441329854494,0.048042211527771474,0.4993245945992607,0.49258201111405914,29517.134762662798,24076.619765313008,0.642,41705.0,0.178,7.79,4,24.5
1,0.15431699605478155,0.15431699605478155,0.15431699605478155,0.838880603908253,0.838880603908253,47406.181188028895,47406.181188028895,0.4047,41183.0,0.258,10.86,5,41.1
1,0.08701745957414371,0.08701745957414371,0.08701745957414371,0.8329209883601378,0.8329209883601378,26731.763581176947,26731.763581176947,0.1585,12309.0,0.281,17.89,5,41.2
4,0.24492352793812316,0.1269165330913515,0.06123088198453079,0.7651647796664318,0.6646043720811878,75240.50778259145,38988.75896566318,0.2619,45191.0,0.273,15.05,6,71.8
1,0.03622911424039637,0.03622911424039637,0.03622911424039637,0.7700591898101019,0.7700591898101019,11129.583894649764,11129.583894649764,0.483,6510.0,0.19,13.33,12,36.5
2,0.18994028224162796,0.10473670183339297,0.09497014112081398,0.6731088187553447,0.6675257867179247,58349.654704628105,32175.11480321832,0.1363,7196.0,0.293,17.92,8,67.9
6,0.18980975905682088,0.05820764484021373,0.03163495984280348,0.8525147003417126,0.6056837831954082,58309.55798225537,17881.388494913655,0.3881,46705.0,0.355,13.68,5,74.5
3,0.17461587857621266,0.09110438558726967,0.05820529285873755,0.8191474734598707,0.6820164816600328,53641.997898612535,27987.267252409245,0.7691,17924.0,0.053,6.26,3,33.1
2,0.09688672132373699,0.06643949798264404,0.048443360661868495,0.6531842128940794,0.5736856110504072,29763.600790652003,20410.21378026825,0.3227,29194.0,0.375,16.53,5,39.6
1,0.0383401624996758,0.0383401624996758,0.0383401624996758,0.6138933010428416,0.6138933010428416,11778.097919900405,11778.097919900405,0.2844,15312.0,0.295,15.61,9,35.5
2,0.12216948083311868,0.11265248323004137,0.06108474041655934,0.8789692314013107,0.6948965626563945,37530.46451193406,34606.84284826871,0.6803,28421.0,0.275,3.23,1,18.9
2,0.059692684912325204,0.04839580764227664,0.029846342456162602,0.8410262099922543,0.7319256893732646,18337.592805066302,14867.192107707384,0.2328,49242.0,0.236,16.98,9,53.5
1,0.03835750060723032,0.03835750060723032,0.03835750060723032,0.3916831479982132,0.3916831479982132,11783.424186541153,11783.424186541153,0.4312,5540.0,0.165,12.34,6,24.8
1,0.029388129306071605,0.029388129306071605,0.029388129306071605,0.8155691320739187,0.8155691320739187,9028.033322825197,9028.033322825197,0.6581,32473.0,0.292,7.58,4,10.9
1,0.12750304171178292,0.12750304171178292,0.12750304171178292,0.7932615735584025,0.7932615735584025,39168.934413859715,39168.934413859715,0.8266,45135.0,0.205,3.85,2,13.3
1,0.03769097562624524,0.03769097562624524,0.03769097562624524,0.9149961645796398,0.9149961645796398,11578.667712382538,11578.667712382538,0.9288,21019.0,0.325,2.24,0,0.0
1,0.09216691869184089,0.09216691869184089,0.09216691869184089,0.8973125510615866,0.8973125510615866,28313.67742213352,28313.67742213352,0.6196,35308.0,0.314,6.12,1,13.3
2,0.04980218656575876,0.03786159580106464,0.02490109328287938,0.48620920830470954,0.4777506699049279,15299.231713001092,11631.082230087059,0.8157,14051.0,0.399,3.54,1,9.8
1,0.024626548956698708,0.024626548956698708,0.024626548956698708,0.5415619415288953,0.5415619415288953,7565.275839497843,7565.275839497843,0.5737,24541.0,0.102,10.5,3,17.8
2,0.22358683191568562,0.15913981781439804,0.11179341595784281,0.9763546679394182,0.7391338755928074,68685.87476449863,48887.75203258308,0.4441,19297.0,0.301,13.49,6,50.4
4,0.0804086356584776,0.03512794623041607,0.0201021589146194,0.8138129529342673,0.561275543707826,24701.53287428432,10791.305081983815,0.7652,32378.0,0.108,4.3,2,21.8
1,0.012000949376154141,0.012000949376154141,0.012000949376154141,0.861925141164896,0.861925141164896,3686.691648354552,3686.691648354552,0.9246,21240.0,0.123,1.3,0,0.0
2,0.05355685317161436,0.04192833451437577,0.02677842658580718,0.8272959157743232,0.7319872342466837,16452.665294319933,12880.384362816236,0.395,23664.0,0.059,11.99,2,30.4
2,0.03308188062991736,0.026641995080735524,0.01654094031495868,0.9646147670730648,0.955755393222535,10162.753729510614,8184.420888801953,0.8917,44646.0,0.284,4.47,0,6.6
2,0.049278267023498565,0.031240112715908302,0.024639133511749282,0.7556277040580085,0.7479750008166797,15138.28362961876,9596.962626327031,0.4806,29413.0,0.228,10.51,6,23.1
1,0.04118284689789101,0.04118284689789101,0.04118284689789101,0.9698709655919815,0.9698709655919815,12651.370567032118,12651.370567032118,0.3586,24785.0,0.368,14.73,5,28.0
3,0.12730116867434763,0.1025839621935751,0.042433722891449206,0.9367800433159081,0.7952598691568502,39106.919016759595,31513.79318586627,0.57,42478.0,0.352,8.4,3,40.7
6,0.23576311755617518,0.08337418978282707,0.039293852926029195,0.9550965013320679,0.8060041202571778,72426.429713257,25612.551101284476,0.5299,10001.0,0.324,8.45,1,72.6
1,0.05074252906495141,0.05074252906495141,0.05074252906495141,0.6221727879797886,0.6221727879797886,15588.104928753071,15588.104928753071,0.4918,24451.0,0.055,10.59,5,17.8
0,0.0,0.0,0.0,0.0,0.0,0.0,0.0,0.8058,47093.0,0.171,5.75,3,0.0
1,0.05038720937510133,0.05038720937510133,0.05038720937510133,0.584431465572262,0.584431465572262,15478.950720031127,15478.950720031127,0.322,21686.0,0.075,14.51,8,36.9
2,0.08344298216109781,0.07605173051794946,0.04172149108054891,0.7120389432772382,0.5810266326226812,25633.68411988925,23363.091615114074,0.1238,44849.0,0.212,17.98,6,47.8
0,0.0,0.0,0.0,0.0,0.0,0.0,0.0,0.7678,32072.0,0.225,7.36,1,0.0
5,0.2776367810571496,0.18759486644935722,0.05552735621142992,0.8095656483455552,0.5392132338500799,85290.01914075637,57629.14297324254,0.3935,22583.0,0.071,13.35,3,75.3
4,0.16518231422061683,0.06283287351988215,0.04129557855515421,0.8591213625080135,0.6461416625696992,50744.00692857349,19302.258745307798,0.6425,33616.0,0.281,10.78,2,49.8
2,0.19434039670647607,0.1056365520269372,0.09717019835323804,0.839911340719189,0.7393566076088756,59701.36986822945,32451.54878267511,0.8155,33232.0,0.367,3.54,2,28.2
4,0.16960278192545752,0.0920984944576487,0.04240069548136438,0.968230194737107,0.7592291934342942,52101.974607500546,28292.657497389682,0.2597,47915.0,0.289,15.59,2,59.6
1,0.022000999060979444,0.022000999060979444,0.022000999060979444,0.6234456872624778,0.6234456872624778,6758.706911532885,6758.706911532885,0.966,13893.0,0.259,1.63,0,0.0
0,0.0,0.0,0.0,0.0,0.0,0.0,0.0,0.56,22288.0,0.253,8.33,0,0.9
2,0.057898288664866,0.03789986430507484,0.028949144332433,0.5346154053601573,0.5119946578799466,17786.354277846836,11642.838314518991,0.5088,14557.0,0.14,12.53,5,25.7
3,0.14635052483661715,0.08013616993250312,0.04878350827887238,0.8609133103719124,0.7167232284487545,44958.88122980878,24617.831403264958,0.6267,36631.0,0.397,5.42,2,28.3
1,0.010341964136805774,0.010341964136805774,0.010341964136805774,0.702990471421564,0.702990471421564,3177.0513828267335,3177.0513828267335,0.9211,32797.0,0.116,4.3,2,0.0
0,0.0,0.0,0.0,0.0,0.0,0.0,0.0,0.7862,10660.0,0.298,7.61,2,0.0
1,0.026425366681393676,0.026425366681393676,0.026425366681393676,0.37139549579496567,0.37139549579496567,8117.872644524137,8117.872644524137,0.7609,7337.0,0.088,6.68,1,4.7
1,0.026363343894964385,0.026363343894964385,0.026363343894964385,0.59056739924119,0.59056739924119,8098.819244533059,8098.819244533059,0.5538,16043.0,0.102,10.05,4,10.6
2,0.1098904492527597,0.06934574626770988,0.05494522462637985,0.9433767843761736,0.7113096506624151,33758.346010447785,21303.013253440477,0.8801,48843.0,0.209,2.48,1,9.0
2,0.08358980165356546,0.045504785404407354,0.04179490082678273,0.9527581102076699,0.8269537051747158,25678.787067975307,13979.070076233938,0.7152,33274.0,0.237,6.4,2,20.3
0,0.0,0.0,0.0,0.0,0.0,0.0,0.0,0.5484,16416.0,0.398,12.15,6,9.5
0,0.0,0.0,0.0,0.0,0.0,0.0,0.0,0.616,8993.0,0.178,9.07,3,3.9
3,0.09729496087226905,0.06374700854519084,0.03243165362408968,0.9178616157555323,0.7819645459249642,29889.01197996105,19583.08102508263,0.6166,45068.0,0.087,8.6,4,26.9
3,0.1155387066921233,0.06415024419865284,0.03851290223070777,0.8004833569006551,0.6767505403808515,35493.49069582028,19706.955017826152,0.6913,40529.0,0.392,9.57,3,29.4
0,0.0,0.0,0.0,0.0,0.0,0.0,0.0,0.3991,30542.0,0.318,13.45,2,9.5
5,0.2793843803992652,0.1130280848491793,0.05587687607985305,0.9232425298356304,0.7225933527941624,85826.88165865427,34722.22766566788,0.6123,37563.0,0.184,8.14,2,57.5
1,0.013281680732829478,0.013281680732829478,0.013281680732829478,0.45927899268825867,0.45927899268825867,4080.1323211252156,4080.1323211252156,0.2264,22124.0,0.071,17.09,7,35.1
0,0.0,0.0,0.0,0.0,0.0,0.0,0.0,0.4207,29700.0,0.13,14.68,2,10.9
1,0.029531472400639115,0.029531472400639115,0.029531472400639115,0.5676730519433643,0.5676730519433643,9072.068321476336,9072.068321476336,0.3381,8921.0,0.115,15.52,5,23.4
1,0.09147945315734897,0.09147945315734897,0.09147945315734897,0.9774653643539014,0.9774653643539014,28102.488009937602,28102.488009937602,0.6103,28117.0,0.111,8.91,4,21.1
1,0.01804897492853059,0.01804897492853059,0.01804897492853059,0.6973130483501944,0.6973130483501944,5544.645098044598,5544.645098044598,0.5921,23059.0,0.297,10.48,4,17.5
2,0.044441572167807336,0.03793015510943609,0.022220786083903668,0.7492645488440437,0.6663885687595519,13652.450969950414,11652.143649618767,0.1,48774.0,0.382,17.78,3,37.3
0,0.0,0.0,0.0,0.0,0.0,0.0,0.0,0.4862,35947.0,0.193,11.09,4,7.2
2,0.10702229474748567,0.05486564663407892,0.05351114737374284,0.9277585421786655,0.8708523231000336,32877.2489464276,16854.726645989045,0.2964,43468.0,0.23,15.05,4,39.8
3,0.15361045437371765,0.09560428344422388,0.051203484791239214,0.5916475990210245,0.535962856919125,47189.13158360606,29369.635874065574,0.3381,19828.0,0.047,15.9,7,54.0
0,0.0,0.0,0.0,0.0,0.0,0.0,0.0,0.672,8443.0,0.294,6.77,2,0.0
1,0.02434852041255287,0.02434852041255287,0.02434852041255287,0.6667288771247981,0.6667288771247981,7479.865470736241,7479.865470736241,0.3977,30875.0,0.236,13.34,4,25.2
0,0.0,0.0,0.0,0.0,0.0,0.0,0.0,0.7357,44657.0,0.165,7.03,1,0.0
3,0.18133630101613613,0.08985546079973032,0.06044543367204538,0.8841086572403052,0.6646154786050372,55706.51167215702,27603.597557677156,0.98,38311.0,0.323,1.26,1,25.9
1,0.023958008288220454,0.023958008288220454,0.023958008288220454,0.6817333201316005,0.6817333201316005,7359.900146141324,7359.900146141324,0.5052,10097.0,0.094,11.8,3,9.2
3,0.0458012779571266,0.024426921995616944,0.015267092652375533,0.9177114776685469,0.6928154018624024,14070.152588429291,7503.950437053525,0.55,13301.0,0.179,8.61,5,22.1
1,0.030548374719875426,0.030548374719875426,0.030548374719875426,0.9173493611808682,0.9173493611808682,9384.460713945731,9384.460713945731,0.6732,5708.0,0.054,6.23,1,11.3
1,0.0806459161436783,0.0806459161436783,0.0806459161436783,0.9435267373942497,0.9435267373942497,24774.425439337974,24774.425439337974,0.98,33233.0,0.246,0.72,0,0.0
0,0.0,0.0,0.0,0.0,0.0,0.0,0.0,0.9067,32929.0,0.366,3.27,2,0.0
2,0.0671949476256505,0.04781097675230163,0.03359747381282525,0.9376433929611661,0.6550775764872931,20642.287910599833,14687.53205830706,0.3145,4183.0,0.139,14.91,9,45.0
1,0.035976813663908536,0.035976813663908536,0.035976813663908536,0.7898044396953785,0.7898044396953785,11052.077157552701,11052.077157552701,0.67,42830.0,0.246,6.61,0,4.9
3,0.09675268489545408,0.07276849711203745,0.03225089496515136,0.7454861122422585,0.6282626389588817,29722.424799883494,22354.482312817905,0.8973,43579.0,0.192,2.29,0,8.2
0,0.0,0.0,0.0,0.0,0.0,0.0,0.0,0.8631,28689.0,0.156,2.53,2,0.0
1,0.04878983509285374,0.04878983509285374,0.04878983509285374,0.7593176829853341,0.7593176829853341,14988.237340524669,14988.237340524669,0.2882,19257.0,0.376,16.22,2,31.6
1,0.025075292528442126,0.025075292528442126,0.025075292528442126,0.7052399513651364,0.7052399513651364,7703.1298647374215,7703.1298647374215,0.3988,23254.0,0.238,12.51,4,19.1
6,0.19469199826506306,0.09480803652278122,0.03244866637751051,0.9592821297199753,0.7048240205535331,59809.38186702737,29125.02881979839,0.3767,46823.0,0.219,14.53,6,72.7
1,0.01881083413839486,0.01881083413839486,0.01881083413839486,0.5584839924630428,0.5584839924630428,5778.688247314901,5778.688247314901,0.2945,26522.0,0.293,14.82,3,20.2
2,0.05581258677632217,0.03866811965139484,0.027906293388161085,0.5964435983664684,0.48232430234273793,17145.62665768617,11878.846356908496,0.557,6328.0,0.054,9.9,5,36.5
3,0.17582117068996467,0.11253910069738693,0.05860705689665489,0.797019305869724,0.648589849276575,54012.26363595715,34572.01173423726,0.4784,44777.0,0.337,13.79,4,48.7
1,0.006713161109872886,0.006713161109872886,0.006713161109872886,0.8301677915149055,0.8301677915149055,2062.2830929529505,2062.2830929529505,0.5457,13044.0,0.227,9.64,3,12.8
0,0.0,0.0,0.0,0.0,0.0,0.0,0.0,0.8817,21734.0,0.088,4.11,0,0.0
0,0.0,0.0,0.0,0.0,0.0,0.0,0.0,0.1684,6615.0,0.199,16.93,4,32.0
1,0.006327529589520868,0.006327529589520868,0.006327529589520868,0.7831347451947119,0.7831347451947119,1943.8170899008107,1943.8170899008107,0.4668,43418.0,0.275,12.06,4,18.1
3,0.0850278190223844,0.04090092551209922,0.0283426063407948,0.9036994031297977,0.7478105947227217,26120.546003676485,12564.764317316882,0.8662,49640.0,0.385,3.02,1,18.4
1,0.021850863593772283,0.021850863593772283,0.021850863593772283,0.6135860470362262,0.6135860470362262,6712.585296006845,6712.585296006845,0.3298,48721.0,0.326,16.14,3,26.1
4,0.1589067956677409,0.08227484266144042,0.03972669891693523,0.7763144243142228,0.6018474043564632,48816.167629129995,25274.831665594495,0.5754,11220.0,0.183,8.68,5,47.7
6,0.3410271851345846,0.1411893793261728,0.05683786418909743,0.9203352892603872,0.6670279369640745,104763.55127334438,43373.37732900028,0.8576,9840.0,0.111,5.14,3,67.7
1,0.15928570336856035,0.15928570336856035,0.15928570336856035,0.45459774828455524,0.45459774828455524,48932.56807482174,48932.56807482174,0.3945,27555.0,0.056,13.57,4,39.8
2,0.13995016191566062,0.0868411920690822,0.06997508095783031,0.9550398365854209,0.9256675817839923,42992.68974049094,26677.61420362205,0.2425,2411.0,0.115,17.94,7,55.5
2,0.15129875405502574,0.09304837001147921,0.07564937702751287,0.7113802018446677,0.5807359628717935,46478.97724570391,28584.459267526414,0.1573,29332.0,0.056,16.81,6,58.0
2,0.05946178775768489,0.03811204724765235,0.029730893878842445,0.9343191239937395,0.6671450636090602,18266.661199160797,11708.020914478802,0.5111,14893.0,0.156,10.03,2,24.0
1,0.16432122187426568,0.16432122187426568,0.16432122187426568,0.9160096587826188,0.9160096587826188,50479.479359774414,50479.479359774414,0.2048,12370.0,0.094,17.38,6,50.9
3,0.07725865466848535,0.05981041057536668,0.025752884889495117,0.5640978984395439,0.5007223131765954,23733.858714158698,18373.758128752645,0.607,23719.0,0.191,6.52,3,26.2
2,0.1421399265928624,0.08231831517310466,0.0710699632964312,0.6031941931233171,0.5427081682875561,43665.385449327325,25288.18642117775,0.8731,28948.0,0.291,3.0,2,15.8
1,0.05635040610494539,0.05635040610494539,0.05635040610494539,0.6552663953454341,0.6552663953454341,17310.844755439226,17310.844755439226,0.6811,12975.0,0.151,6.33,5,18.5
1,0.04838259569479257,0.04838259569479257,0.04838259569479257,0.46322518862005974,0.46322518862005974,14863.133397440279,14863.133397440279,0.2287,33820.0,0.204,16.29,8,36.5
1,0.04700990430459487,0.04700990430459487,0.04700990430459487,0.9212158131736351,0.9212158131736351,14441.442602371544,14441.442602371544,0.2145,35437.0,0.222,17.66,4,35.5
1,0.07524731757893334,0.07524731757893334,0.07524731757893334,0.4963139974987836,0.4963139974987836,23115.97596024832,23115.97596024832,0.8571,23444.0,0.09,3.5,3,1.5
2,0.11119219686871439,0.09875992365744797,0.05559609843435719,0.9720458401168719,0.8331215714128904,34158.24287806906,30339.048547568018,0.7955,23539.0,0.295,2.44,3,26.5
1,0.01680726856164123,0.01680726856164123,0.01680726856164123,0.7300191773311822,0.7300191773311822,5163.192902136186,5163.192902136186,0.6721,9245.0,0.119,6.89,1,0.0
4,0.06804035194458698,0.041720569136217134,0.017010087986146744,0.7440903490205402,0.6202909870627936,20901.99611737712,12816.558838645904,0.37,5051.0,0.133,14.11,6,49.3
1,0.059459906346845295,0.059459906346845295,0.059459906346845295,0.7121705304125544,0.7121705304125544,18266.083229750875,18266.083229750875,0.8691,16954.0,0.15,3.5,3,10.9
3,0.0855577477226413,0.03521821566441427,0.028519249240880434,0.8314272979618937,0.6524631623327265,26283.340100395406,10819.035852108063,0.8724,36709.0,0.307,2.9,0,10.4
1,0.06346505408435701,0.06346505408435701,0.06346505408435701,0.406997937101966,0.406997937101966,19496.464614714474,19496.464614714474,0.5278,25895.0,0.223,10.9,7,26.4
1,0.06573811035610345,0.06573811035610345,0.06573811035610345,0.404773021647796,0.404773021647796,20194.74750139498,20194.74750139498,0.5743,10971.0,0.354,10.09,5,25.0
1,0.013600588254075095,0.013600588254075095,0.013600588254075095,0.4280279797690658,0.4280279797690658,4178.1007116518695,4178.1007116518695,0.1933,25790.0,0.286,17.0,8,36.4
1,0.07777669798229335,0.07777669798229335,0.07777669798229335,0.8774074603048394,0.8774074603048394,23893.001620160518,23893.001620160518,0.5586,32458.0,0.064,9.02,4,24.6
1,0.022443836218448383,0.022443836218448383,0.022443836218448383,0.9094969870400609,0.9094969870400609,6894.746486307343,6894.746486307343,0.602,28631.0,0.248,6.77,4,11.3
1,0.009835575400638208,0.009835575400638208,0.009835575400638208,0.5010638239371574,0.5010638239371574,3021.4887630760572,3021.4887630760572,0.4349,26842.0,0.266,10.7,6,19.7
2,0.08880512393668506,0.07964944469349101,0.04440256196834253,0.7349518272042883,0.6247879262991629,27280.93407334965,24468.30940984044,0.5409,24870.0,0.343,9.57,2,23.6
0,0.0,0.0,0.0,0.0,0.0,0.0,0.0,0.2565,3626.0,0.351,15.62,4,17.7
1,0.03677850830893773,0.03677850830893773,0.03677850830893773,0.5091208324525147,0.5091208324525147,11298.357752505672,11298.357752505672,0.408,30804.0,0.137,11.61,6,30.0
3,0.15169050332753015,0.11131907031170082,0.05056350110917671,0.6801607625561823,0.639916667212637,46599.32262221726,34197.21839975449,0.7983,34334.0,0.087,4.3,0,25.7
4,0.24337133412870737,0.08807892344441465,0.06084283353217684,0.818605157688977,0.6998297797586132,74763.67384433892,27057.84528212418,0.4328,28283.0,0.116,10.87,3,65.1
4,0.13288319264497744,0.06218936245471327,0.03322079816124436,0.8863351401334449,0.6080630281906342,40821.71678053707,19104.572146087918,0.3766,19451.0,0.353,12.29,3,45.3
5,0.20224160521467902,0.08604390101191209,0.0404483210429358,0.8310443131140489,0.6328761121294113,62128.62112194939,26432.686390859395,0.3252,21132.0,0.107,14.1,6,78.5
2,0.05435130207912871,0.0354058950580281,0.027175651039564354,0.6457340408244038,0.5367836910105022,16696.719998708337,10876.690961826233,0.1584,28744.0,0.037,17.32,5,46.7
1,0.05620987786517042,0.05620987786517042,0.05620987786517042,0.6652136767657095,0.6652136767657095,17267.674480180354,17267.674480180354,0.2197,27881.0,0.041,15.43,3,33.5
3,0.05763612485105356,0.025757487552594896,0.019212041617017853,0.8598289057047023,0.7061468343678365,17705.81755424365,7912.700176157152,0.3693,5055.0,0.255,11.89,6,37.7
2,0.06638244587509652,0.04342592009387617,0.03319122293754826,0.9232691145916558,0.9201899591932563,20392.687372829652,13340.44265283876,0.5115,14106.0,0.2,9.93,1,22.4
1,0.03602792950972245,0.03602792950972245,0.03602792950972245,0.6320310450436917,0.6320310450436917,11067.779945386737,11067.779945386737,0.6336,3710.0,0.216,5.99,1,5.8
1,0.04010172159230037,0.04010172159230037,0.04010172159230037,0.6530334856468145,0.6530334856468145,12319.248873154673,12319.248873154673,0.8579,16178.0,0.197,3.46,2,0.1
0,0.0,0.0,0.0,0.0,0.0,0.0,0.0,0.9463,3839.0,0.308,0.76,0,0.0
1,0.056560946040449527,0.056560946040449527,0.056560946040449527,0.7088975251093448,0.7088975251093448,17375.522623626093,17375.522623626093,0.7292,38666.0,0.393,5.42,5,19.2
0,0.0,0.0,0.0,0.0,0.0,0.0,0.0,0.6445,49275.0,0.342,8.9,0,7.9
0,0.0,0.0,0.0,0.0,0.0,0.0,0.0,0.8323,6597.0,0.093,5.77,3,0.0
4,0.12400811642214113,0.04503101426724097,0.031002029105535282,0.962958826977393,0.6435818373175849,38095.293364881756,13833.527582896424,0.6911,20888.0,0.162,7.73,3,37.1
0,0.0,0.0,0.0,0.0,0.0,0.0,0.0,0.3644,48296.0,0.169,16.12,1,10.9
3,0.13210849554495468,0.06472818980773037,0.044036165181651564,0.8779615955842722,0.7456587617391349,40583.72983141008,19884.49990893477,0.3593,36175.0,0.148,11.77,5,48.2
2,0.015893284812197823,0.007971116370550877,0.007946642406098912,0.7912652820880093,0.7179442295929186,4882.417094307171,2448.726949033229,0.608,15698.0,0.278,8.66,6,15.9
1,0.005410156781049164,0.005410156781049164,0.005410156781049164,0.3793211642768614,0.3793211642768614,1662.0001631383032,1662.0001631383032,0.7537,4992.0,0.085,5.4,0,0.0
2,0.0537520150267675,0.036902786866879866,0.02687600751338375,0.6207958498023887,0.5397075275192176,16512.619016222976,11336.536125505496,0.7285,25095.0,0.288,7.03,1,13.4
0,0.0,0.0,0.0,0.0,0.0,0.0,0.0,0.4659,45730.0,0.23,12.66,2,11.6
1,0.013295070129616476,0.013295070129616476,0.013295070129616476,0.5973593530037201,0.5973593530037201,4084.2455438181814,4084.2455438181814,0.4591,6052.0,0.169,10.9,6,19.7
0,0.0,0.0,0.0,0.0,0.0,0.0,0.0,0.5801,26835.0,0.126,9.18,5,5.0
0,0.0,0.0,0.0,0.0,0.0,0.0,0.0,0.6704,47059.0,0.268,5.9,1,0.0
0,0.0,0.0,0.0,0.0,0.0,0.0,0.0,0.98,12292.0,0.186,0.92,0,0.0
2,0.2136126255090737,0.1380530233169385,0.10680631275453685,0.41743353273794104,0.39089912899246904,65621.79855638744,42409.88876296351,0.4487,15485.0,0.198,14.97,3,42.7
3,0.18597459366790253,0.08900483875576863,0.06199153122263418,0.9117110368465725,0.75229846350835,57131.39517477965,27342.286465772122,0.1634,30131.0,0.22,15.96,8,69.6
3,0.28106395789527816,0.21054506734001074,0.09368798596509272,0.9108100602299669,0.7039617055433526,86342.84786542946,64679.444686851304,0.7745,18647.0,0.18,7.17,3,58.5
1,0.01640593269546142,0.01640593269546142,0.01640593269546142,0.9638012371846365,0.9638012371846365,5039.902524045748,5039.902524045748,0.3213,20004.0,0.139,12.75,7,27.9
1,0.17752064159586248,0.17752064159586248,0.17752064159586248,0.44681863435902053,0.44681863435902053,54534.34109824895,54534.34109824895,0.9306,44264.0,0.089,1.24,0,16.2
1,0.025519590981255946,0.025519590981255946,0.025519590981255946,0.8576015466764454,0.8576015466764454,7839.6183494418265,7839.6183494418265,0.26,46610.0,0.333,17.3,4,29.7
3,0.1480155672955034,0.08071707984982787,0.04933852243183446,0.9104950810345176,0.7420561312838063,45470.38227317864,24796.28692986712,0.4075,27477.0,0.386,12.54,3,46.3
1,0.05733805814005299,0.05733805814005299,0.05733805814005299,0.9591403365899215,0.9591403365899215,17614.251460624277,17614.251460624277,0.5978,7883.0,0.26,5.89,4,14.4
5,0.27311034871415846,0.09279776564316847,0.054622069742831694,0.9169142556009294,0.6960728835085462,83899.49912498948,28507.473605581352,0.2202,10880.0,0.176,16.95,9,88.2
4,0.16765647652614707,0.06853737582752899,0.04191411913153677,0.7544727436137428,0.6206560095422842,51504.06958883238,21054.681854216906,0.6895,47547.0,0.299,6.91,1,39.9
1,0.04252838813077369,0.04252838813077369,0.04252838813077369,0.91954506660926,0.91954506660926,13064.720833773677,13064.720833773677,0.2108,41802.0,0.292,16.67,3,32.8
6,0.1847501508776017,0.06129415408394391,0.030791691812933616,0.8584646997550678,0.6447883894562451,56755.24634959923,18829.56413458757,0.98,31153.0,0.107,1.1,0,37.2
2,0.025680306124681945,0.017865756097285464,0.012840153062340973,0.8177089688264456,0.7962476759645831,7888.990041502295,5488.360273086095,0.2913,25219.0,0.181,15.6,9,41.6
1,0.013386027938110636,0.013386027938110636,0.013386027938110636,0.5464457653776091,0.5464457653776091,4112.187782587587,4112.187782587587,0.7167,40656.0,0.348,7.17,2,9.2
0,0.0,0.0,0.0,0.0,0.0,0.0,0.0,0.9493,28268.0,0.384,0.58,0,0.0
2,0.07404792448882563,0.05170951434844539,0.03702396224441282,0.7800620145729447,0.5801011257856141,22747.52240296723,15885.162807842424,0.834,9498.0,0.342,2.56,1,2.4
0,0.0,0.0,0.0,0.0,0.0,0.0,0.0,0.8727,40756.0,0.078,0.68,1,0.0
1,0.016459874029480567,0.016459874029480567,0.016459874029480567,0.7441938418707625,0.7441938418707625,5056.47330185643,5056.47330185643,0.448,33217.0,0.086,15.13,3,18.5
0,0.0,0.0,0.0,0.0,0.0,0.0,0.0,0.5497,38638.0,0.141,11.84,7,4.9
1,0.022782651010853278,0.022782651010853278,0.022782651010853278,0.6684775788103305,0.6684775788103305,6998.830390534127,6998.830390534127,0.9445,17929.0,0.28,3.1,0,0.0
2,0.030465796057377228,0.019721396308671785,0.015232898028688614,0.6439421802720138,0.5202969012874974,9359.092548826284,6058.412946023972,0.352,48841.0,0.042,16.15,4,30.7
1,0.00645250836623619,0.00645250836623619,0.00645250836623619,0.959690096959027,0.959690096959027,1982.2105701077576,1982.2105701077576,0.483,24934.0,0.088,11.58,2,16.8
1,0.09722172532279566,0.09722172532279566,0.09722172532279566,0.4849740711611014,0.4849740711611014,29866.514019162827,29866.514019162827,0.2447,11285.0,0.12,15.47,8,37.7
3,0.06635063405332621,0.050754925159161274,0.022116878017775402,0.9179532011333715,0.6343037570728952,20382.914781181815,15591.913008894344,0.7068,33803.0,0.29,7.15,2,16.9
1,0.028327760369512407,0.028327760369512407,0.028327760369512407,0.9136545500473446,0.9136545500473446,8702.287985514211,8702.287985514211,0.8011,44989.0,0.24,4.95,4,0.0
1,0.029650857318723182,0.029650857318723182,0.029650857318723182,0.4096337303124893,0.4096337303124893,9108.743368311762,9108.743368311762,0.6314,31660.0,0.199,9.64,3,18.7
4,0.26620649659943435,0.1578422582441,0.06655162414985859,0.9036339999608083,0.6743741947698891,81778.63575534623,48489.14173258752,0.7676,9951.0,0.245,4.91,8,58.2
2,0.16533328341752268,0.10207951757343464,0.08266664170876134,0.6768961607661852,0.6558148936362157,50790.38466586296,31358.827798559123,0.4725,39881.0,0.273,11.71,5,40.0
1,0.07691056339286072,0.07691056339286072,0.07691056339286072,0.8571066993253575,0.8571066993253575,23626.925074286813,23626.925074286813,0.2786,37072.0,0.355,16.27,8,39.9
0,0.0,0.0,0.0,0.0,0.0,0.0,0.0,0.6679,14711.0,0.258,6.93,1,0.0
3,0.37003479190226934,0.1891443989236087,0.12334493063408979,0.8162009548720051,0.6421067363824428,113674.68807237715,58105.15934933259,0.6257,26011.0,0.382,8.35,2,60.0
1,0.018633804706256838,0.018633804706256838,0.018633804706256838,0.6052698585370857,0.6052698585370857,5724.304805762101,5724.304805762101,0.4858,40509.0,0.119,11.59,4,9.2
1,0.008433150222826534,0.008433150222826534,0.008433150222826534,0.8298296170424966,0.8298296170424966,2590.663748452311,2590.663748452311,0.9056,39482.0,0.344,4.43,2,0.0
1,0.033034740871444215,0.033034740871444215,0.033034740871444215,0.41650581535263137,0.41650581535263137,10148.272395707663,10148.272395707663,0.3141,34020.0,0.108,11.97,3,25.2
2,0.08787840013165021,0.08052447068296657,0.04393920006582511,0.7518011813083672,0.6829951370190126,26996.244520442942,24737.11739380733,0.7135,19424.0,0.092,5.85,3,22.0
1,0.014456098624975745,0.014456098624975745,0.014456098624975745,0.9456275069464128,0.9456275069464128,4440.913497592549,4440.913497592549,0.5632,44233.0,0.149,9.9,7,19.5
4,0.12263163566244147,0.07277218802217852,0.030657908915610366,0.8646371675636756,0.6917398729938289,37672.43847550202,22355.616160413243,0.2222,34115.0,0.266,14.3,4,56.4
3,0.0708565248167617,0.03942662009460579,0.023618841605587235,0.9504093202949104,0.7355770377283867,21767.124423709192,12111.857693062899,0.5798,13808.0,0.064,10.99,7,29.1
6,0.3346507071056276,0.14706378649000942,0.05577511785093794,0.9458772523236764,0.7529799690163261,102804.6972228488,45177.99520973089,0.5473,40590.0,0.202,10.19,6,88.7
1,0.009833905401710696,0.009833905401710696,0.009833905401710696,0.7187897997788134,0.7187897997788134,3020.975739405526,3020.975739405526,0.7489,14625.0,0.03,6.35,1,0.1
1,0.01769275859921242,0.01769275859921242,0.01769275859921242,0.8618448878881831,0.8618448878881831,5435.215441678055,5435.215441678055,0.4702,9837.0,0.343,11.88,2,13.2
1,0.005799545984823782,0.005799545984823782,0.005799545984823782,0.8449124628851803,0.8449124628851803,1781.6205265378658,1781.6205265378658,0.8385,42135.0,0.12,2.24,1,0.0
1,0.018955944272626705,0.018955944272626705,0.018955944272626705,0.6562006042721689,0.6562006042721689,5823.266080550924,5823.266080550924,0.7051,16350.0,0.207,6.57,4,3.9
3,0.2411662021314226,0.11366426494256521,0.08038873404380753,0.935065320507319,0.7344431356843161,74086.25729477301,34917.66219035603,0.3363,18256.0,0.326,13.43,2,60.9
3,0.14700149487018385,0.07901377767700661,0.049000498290061284,0.9454238973575364,0.7986457953051768,45158.85922412048,24273.03250237643,0.2951,38680.0,0.229,15.69,6,51.7
1,0.017262994588401633,0.017262994588401633,0.017262994588401633,0.8812255589976532,0.8812255589976532,5303.191937556981,5303.191937556981,0.5147,1368.0,0.136,9.99,0,10.1
2,0.08363024120789886,0.06909160389036316,0.04181512060394943,0.6751982049695147,0.5898853168098592,25691.210099066528,21224.940715119563,0.3068,18059.0,0.24,15.18,11,47.4
1,0.06312165504439053,0.06312165504439053,0.06312165504439053,0.7715942490686314,0.7715942490686314,19390.97242963677,19390.97242963677,0.2968,23804.0,0.177,16.9,6,30.3
0,0.0,0.0,0.0,0.0,0.0,0.0,0.0,0.9434,46838.0,0.084,0.94,0,0.0
2,0.0963954878024463,0.07082606681162949,0.04819774390122315,0.6585820851656972,0.628018298303961,29612.693852911507,21757.76772453258,0.2084,47452.0,0.381,17.37,6,48.3
0,0.0,0.0,0.0,0.0,0.0,0.0,0.0,0.2397,6769.0,0.248,17.67,5,24.3
1,0.042118672009230015,0.042118672009230015,0.042118672009230015,0.7413325678871001,0.7413325678871001,12938.85604123546,12938.85604123546,0.8663,41990.0,0.13,4.83,1,0.0
3,0.1865481217568184,0.1119877377742463,0.0621827072522728,0.8389233935879645,0.7171299056727422,57307.58300369461,34402.63304424846,0.6522,12659.0,0.212,7.79,5,46.9
1,0.05972314527952187,0.05972314527952187,0.05972314527952187,0.7738102011943879,0.7738102011943879,18346.95022986912,18346.95022986912,0.7088,11496.0,0.164,6.77,3,16.0
1,0.060827671415083655,0.060827671415083655,0.060827671415083655,0.8248323197429709,0.8248323197429709,18686.260658713698,18686.260658713698,0.4736,40695.0,0.076,9.25,4,25.5
0,0.0,0.0,0.0,0.0,0.0,0.0,0.0,0.3633,3899.0,0.378,13.12,7,17.0
3,0.18296578488043794,0.10118988227894307,0.06098859496014598,0.5961954951690163,0.5041135587153808,56207.08911527054,31085.53183609131,0.8081,14016.0,0.137,4.88,1,33.6
0,0.0,0.0,0.0,0.0,0.0,0.0,0.0,0.5042,16475.0,0.037,8.62,6,9.0
0,0.0,0.0,0.0,0.0,0.0,0.0,0.0,0.4658,25696.0,0.118,11.6,5,13.6
1,0.015657718344684376,0.015657718344684376,0.015657718344684376,0.5642770209101722,0.5642770209101722,4810.05107548704,4810.05107548704,0.1563,18384.0,0.311,16.4,13,35.0
1,0.0735935044892833,0.0735935044892833,0.0735935044892833,0.5008785915969101,0.5008785915969101,22607.92457910783,22607.92457910783,0.8765,10332.0,0.238,2.05,0,0.0
1,0.023109184646390845,0.023109184646390845,0.023109184646390845,0.4861584146166747,0.4861584146166747,7099.141523371268,7099.141523371268,0.5685,3320.0,0.299,10.17,4,13.9
3,0.1227886174783057,0.07853225055598766,0.04092953915943524,0.8535425267773062,0.6823249949364554,37720.66328933551,24125.107370799407,0.6536,44556.0,0.122,9.71,0,32.9
0,0.0,0.0,0.0,0.0,0.0,0.0,0.0,0.7734,39653.0,0.331,4.2,0,0.0
0,0.0,0.0,0.0,0.0,0.0,0.0,0.0,0.6096,2119.0,0.33,9.73,4,3.6
1,0.03816246431500479,0.03816246431500479,0.03816246431500479,0.39014841050782484,0.39014841050782484,11723.509037569473,11723.509037569473,0.7005,25312.0,0.277,7.32,1,7.7
1,0.031518446457447745,0.031518446457447745,0.031518446457447745,0.40683621916560264,0.40683621916560264,9682.466751727947,9682.466751727947,0.8741,1180.0,0.205,2.22,0,0.0
2,0.027109479469900707,0.015372047343066665,0.013554739734950354,0.9737251393701682,0.7768310550378985,8328.032093153497,4722.292943790079,0.4523,48300.0,0.198,13.95,7,27.0
0,0.0,0.0,0.0,0.0,0.0,0.0,0.0,0.9284,9127.0,0.283,1.97,0,0.0
1,0.1903171834575542,0.1903171834575542,0.1903171834575542,0.4135158723383803,0.4135158723383803,58465.43875816065,58465.43875816065,0.4132,12904.0,0.048,10.67,4,36.4
6,0.48705738094542117,0.24593802083215924,0.0811762301575702,0.9793882977480965,0.6430402897139863,149624.0274264334,75552.15999963932,0.7174,37000.0,0.262,6.92,0,87.8
5,0.3120522583671661,0.20545987198472315,0.06241045167343322,0.8739871649199322,0.7564250155230431,95862.45377039343,63117.27267370695,0.2425,10743.0,0.143,16.86,5,94.7
1,0.019484793648580617,0.019484793648580617,0.019484793648580617,0.3506572897546416,0.3506572897546416,5985.728608843965,5985.728608843965,0.9743,5812.0,0.211,0.9,1,0.0
1,0.03827755769693936,0.03827755769693936,0.03827755769693936,0.472335594010209,0.472335594010209,11758.86572449977,11758.86572449977,0.2944,15777.0,0.05,14.31,4,29.6
1,0.05074473600551293,0.05074473600551293,0.05074473600551293,0.8762280360898674,0.8762280360898674,15588.782900893571,15588.782900893571,0.626,6874.0,0.287,8.7,6,14.3
5,0.2390353091455365,0.1279268929972832,0.0478070618291073,0.9473339176141667,0.5211047430798288,73431.6469695088,39299.141528765394,0.1981,49453.0,0.337,17.39,8,88.8
1,0.08773636109736041,0.08773636109736041,0.08773636109736041,0.6145606782919473,0.6145606782919473,26952.610129109118,26952.610129109118,0.5814,23332.0,0.381,8.81,8,29.7
2,0.11021283293301234,0.08997503998168713,0.05510641646650617,0.4368915520276287,0.41440799642169335,33857.382277021396,27640.332282374286,0.5918,46026.0,0.034,9.84,2,27.8
2,0.08055092979334523,0.06234920364431313,0.040275464896672615,0.9177238557985506,0.8505746627493511,24745.245632515656,19153.675359532994,0.7036,15194.0,0.337,6.38,1,20.2
1,0.052575750649401926,0.052575750649401926,0.052575750649401926,0.9574239374989326,0.9574239374989326,16151.27059949627,16151.27059949627,0.8389,1978.0,0.168,5.08,3,5.7
1,0.08000686940033824,0.08000686940033824,0.08000686940033824,0.799882398019401,0.799882398019401,24578.11027978391,24578.11027978391,0.4628,10674.0,0.326,14.2,5,25.4
2,0.0903708665582781,0.07545103183407292,0.04518543327913905,0.7398184559961043,0.7166606156624167,27761.93020670303,23178.5569794272,0.3674,25241.0,0.037,14.46,8,38.1
1,0.11422510086422767,0.11422510086422767,0.11422510086422767,0.7052315870777952,0.7052315870777952,35089.95098549074,35089.95098549074,0.91,47700.0,0.067,2.26,3,7.9
1,0.041467798239988904,0.041467798239988904,0.041467798239988904,0.9436953191951986,0.9436953191951986,12738.907619324591,12738.907619324591,0.935,25485.0,0.171,3.21,0,0.0
1,0.033698742121419566,0.033698742121419566,0.033698742121419566,0.369765950456043,0.369765950456043,10352.253579700091,10352.253579700091,0.1461,5333.0,0.234,16.95,7,32.1
2,0.03769723244349392,0.028025026518298808,0.01884861622174696,0.6870391916890153,0.5920641258500019,11580.58980664133,8609.288146421393,0.5283,17551.0,0.217,9.61,4,22.8
1,0.03202014595674371,0.03202014595674371,0.03202014595674371,0.47608445249917036,0.47608445249917036,9836.588837911668,9836.588837911668,0.938,25853.0,0.294,0.78,0,0.0
2,0.14785309726268614,0.11425624516404231,0.07392654863134307,0.9558086851414697,0.7120482578084546,45420.47147909718,35099.5185143938,0.3733,26992.0,0.164,13.04,3,37.7
3,0.14815410233915133,0.10159280938860228,0.04938470077971711,0.9319338653510855,0.6457412436564492,45512.94023858729,31209.31104417862,0.15,25944.0,0.349,17.08,2,56.4
2,0.06331476587260562,0.039758139068212815,0.03165738293630281,0.5498111769678997,0.4768246880362858,19450.29607606445,12213.700321754977,0.6733,24125.0,0.392,7.44,6,25.9
1,0.03944826371167919,0.03944826371167919,0.03944826371167919,0.9692917767305904,0.9692917767305904,12118.506612227848,12118.506612227848,0.6847,9169.0,0.206,7.48,3,8.0
1,0.04805365805424422,0.04805365805424422,0.04805365805424422,0.5251792761731429,0.5251792761731429,14762.083754263824,14762.083754263824,0.98,34378.0,0.308,0.74,0,0.0
4,0.13887379779615028,0.04839833793669415,0.03471844944903757,0.9100440754092279,0.670922297886786,42662.03068297736,14867.969414152443,0.3114,43628.0,0.112,16.29,9,62.7
4,0.05863072471508109,0.03529300078365469,0.014657681178770272,0.8547310680575322,0.6780318118880699,18011.35863247291,10842.00984073872,0.5328,7480.0,0.051,12.99,4,33.7
3,0.09880661564429993,0.04222921668831571,0.032935538548099975,0.6476987187340554,0.518934571643995,30353.392325928944,12972.815366650586,0.2897,8675.0,0.056,15.32,8,54.4
5,0.16902521715006072,0.05163599020107159,0.033805043430012144,0.9678314336910121,0.723960227669064,51924.54670849865,15862.576189769192,0.1455,31262.0,0.113,16.6,7,70.3
3,0.08441174476893332,0.05491745454615777,0.028137248256311104,0.8732520035928031,0.790203938933987,25931.28799301631,16870.642036579666,0.8887,9975.0,0.377,5.28,1,13.2
1,0.005734535830822223,0.005734535830822223,0.005734535830822223,0.8431554700374335,0.8431554700374335,1761.649407228587,1761.649407228587,0.3982,13869.0,0.13,13.06,6,17.8
4,0.12858028495780116,0.0414060143896663,0.03214507123945029,0.7630192858389142,0.6245718189912749,39499.863539036516,12719.927620505487,0.4274,17998.0,0.055,12.64,5,49.9
0,0.0,0.0,0.0,0.0,0.0,0.0,0.0,0.5077,39985.0,0.297,11.05,2,4.2
5,0.4346275476800683,0.14871310354334547,0.08692550953601366,0.9688621913557172,0.8222901651763728,133517.58264731697,45684.66540851573,0.3732,13369.0,0.064,15.06,9,100.0
1,0.012964330541782684,0.012964330541782684,0.012964330541782684,0.9199947894898415,0.9199947894898415,3982.642342435641,3982.642342435641,0.4988,31164.0,0.035,7.9,2,1.8
2,0.045649905346048056,0.03266814170617534,0.022824952673024028,0.9085377740900092,0.7518599588804795,14023.650922305962,10035.653132137064,0.217,14981.0,0.368,16.82,6,36.5
2,0.05891023341856193,0.03553764117890006,0.029455116709280964,0.9793147538612076,0.8599526742850121,18097.223706182223,10917.1633701581,0.8254,19282.0,0.111,3.59,3,6.7
1,0.0389049604044391,0.0389049604044391,0.0389049604044391,0.44627315558806113,0.44627315558806113,11951.603836243692,11951.603836243692,0.4041,5168.0,0.318,12.27,7,28.2
4,0.1289413854787224,0.07431764238718173,0.0322353463696806,0.9239748763823975,0.561665077025938,39610.79361906352,22830.37974134223,0.7111,17956.0,0.366,4.42,1,31.0
2,0.16791732669475395,0.10094154539385462,0.08395866334737698,0.7132870170317593,0.6471699696819393,51584.202760628425,31009.24274499214,0.6548,22966.0,0.041,8.09,3,37.9
1,0.08272799036816637,0.08272799036816637,0.08272799036816637,0.9550326157277206,0.9550326157277206,25414.03864110071,25414.03864110071,0.4323,17161.0,0.242,11.5,6,34.9
2,0.10081827020561575,0.08358992176770458,0.050409135102807874,0.739501243928978,0.6709451706083369,30971.372607165158,25678.823967038847,0.4543,5298.0,0.062,13.3,4,42.0
3,0.1783191374975645,0.09810827260510227,0.05943971249918817,0.9315604376677871,0.6144731273830181,54779.63903925182,30138.861344287416,0.4694,13042.0,0.072,10.7,5,50.4
1,0.12008795231843336,0.12008795231843336,0.12008795231843336,0.8591293029133595,0.8591293029133595,36891.01895222273,36891.01895222273,0.7136,27036.0,0.255,6.6,1,15.2
0,0.0,0.0,0.0,0.0,0.0,0.0,0.0,0.6197,46105.0,0.144,7.56,1,1.7
1,0.007637194893518925,0.007637194893518925,0.007637194893518925,0.7907238112495392,0.7907238112495392,2346.146271289014,2346.146271289014,0.4246,39900.0,0.158,13.39,4,20.9
1,0.03184825951733887,0.03184825951733887,0.03184825951733887,0.6585065587607735,0.6585065587607735,9783.7853237265,9783.7853237265,0.5689,15076.0,0.078,8.47,3,5.2
1,0.06799996517352715,0.06799996517352715,0.06799996517352715,0.4324900714382571,0.4324900714382571,20889.58930130754,20889.58930130754,0.9145,15204.0,0.37,3.56,1,0.0
1,0.013007362939439136,0.013007362939439136,0.013007362939439136,0.3628118241775191,0.3628118241775191,3995.8618949957026,3995.8618949957026,0.8814,18107.0,0.245,2.75,1,0.0
1,0.02857940987646458,0.02857940987646458,0.02857940987646458,0.4852187463900924,0.4852187463900924,8779.59471404992,8779.59471404992,0.2066,5968.0,0.102,16.59,6,34.9
1,0.05414797255706627,0.05414797255706627,0.05414797255706627,0.6438006656902979,0.6438006656902979,16634.25716953076,16634.25716953076,0.6068,19839.0,0.373,9.8,5,15.1
1,0.08862327574552473,0.08862327574552473,0.08862327574552473,0.9018382694538875,0.9018382694538875,27225.070309025195,27225.070309025195,0.1759,42909.0,0.326,17.18,11,57.7
0,0.0,0.0,0.0,0.0,0.0,0.0,0.0,0.3257,17015.0,0.21,14.81,9,24.4
1,0.04698921445337128,0.04698921445337128,0.04698921445337128,0.7859825878800651,0.7859825878800651,14435.086680075658,14435.086680075658,0.3831,28026.0,0.06,14.15,5,24.6
1,0.009991755191413945,0.009991755191413945,0.009991755191413945,0.8244896098992328,0.8244896098992328,3069.467194802364,3069.467194802364,0.4985,18211.0,0.355,11.9,4,15.3
1,0.01851835815048617,0.01851835815048617,0.01851835815048617,0.6191099034902546,0.6191099034902546,5688.839623829352,5688.839623829352,0.3801,12299.0,0.148,13.56,5,22.9
2,0.06483691197033431,0.04291103886574303,0.032418455985167155,0.5814757683669869,0.5290931131651393,19917.8993572867,13182.27113955626,0.5099,6754.0,0.11,8.15,3,23.9
3,0.036519420353211145,0.02496019875317983,0.012173140117737048,0.8460652536227499,0.5967683865093557,11218.765932506463,7667.773056976844,0.8393,14965.0,0.188,5.34,4,15.0
1,0.05356454262668334,0.05356454262668334,0.05356454262668334,0.6740759962216997,0.6740759962216997,16455.02749491712,16455.02749491712,0.6994,3370.0,0.398,7.71,5,9.3
0,0.0,0.0,0.0,0.0,0.0,0.0,0.0,0.5039,14310.0,0.333,11.94,6,17.3
1,0.011980812111652214,0.011980812111652214,0.011980812111652214,0.686431974034323,0.686431974034323,3680.50548069956,3680.50548069956,0.8028,20001.0,0.16,2.59,0,0.4
2,0.13969340548687073,0.132807323830387,0.06984670274343537,0.8417699593212782,0.7616889765274267,42913.81416556669,40798.40988069488,0.3057,43635.0,0.113,15.4,6,48.9
3,0.08505707403846627,0.041570444491245195,0.028352358012822088,0.8334721018560678,0.671239762579639,26129.533144616835,12770.440547710525,0.5199,25610.0,0.137,12.25,2,37.6
2,0.047902020076246825,0.033895527889596336,0.023951010038123412,0.7973148532334251,0.5997464496537145,14715.500567423025,10412.706167683995,0.6229,25350.0,0.307,9.56,2,12.9
1,0.02473372507328138,0.02473372507328138,0.02473372507328138,0.6462866068565624,0.6462866068565624,7598.200342512039,7598.200342512039,0.5501,42776.0,0.277,10.87,10,24.6
1,0.013721263663032876,0.013721263663032876,0.013721263663032876,0.5856687298442889,0.5856687298442889,4215.1721972836995,4215.1721972836995,0.5101,29083.0,0.275,11.43,6,16.6
0,0.0,0.0,0.0,0.0,0.0,0.0,0.0,0.3301,48500.0,0.294,14.88,2,13.2
1,0.039478660185744856,0.039478660185744856,0.039478660185744856,0.3526786311045684,0.3526786311045684,12127.844409060819,12127.844409060819,0.3837,8278.0,0.038,14.56,4,20.9
2,0.04667953908421316,0.030378741707348854,0.02333976954210658,0.9179509216029541,0.7042230957224576,14339.954406670284,9332.349452497569,0.2546,11669.0,0.293,15.21,2,32.3
0,0.0,0.0,0.0,0.0,0.0,0.0,0.0,0.8201,49096.0,0.276,5.24,0,0.0
1,0.014219680447914093,0.014219680447914093,0.014219680447914093,0.8136930540136569,0.8136930540136569,4368.28583359921,4368.28583359921,0.4853,37043.0,0.228,12.6,3,17.7
2,0.1244154712041899,0.10110991618082812,0.06220773560209495,0.7937675416319352,0.7845489167175823,38220.43275392713,31060.9662507504,0.2843,37178.0,0.097,13.81,6,44.5
3,0.028446237022637197,0.012703825023287341,0.009482079007545732,0.9315917960156559,0.7375235222924289,8738.684013354148,3902.6150471538713,0.4745,20916.0,0.224,12.12,1,31.7
6,0.31040643254588457,0.14316496784639718,0.051734405424314095,0.8569610414862296,0.5832916202197221,95356.85607809573,43980.27812241321,0.5884,1623.0,0.378,9.8,2,69.1
1,0.012566419246642617,0.012566419246642617,0.012566419246642617,0.6001436514379067,0.6001436514379067,3860.403992568612,3860.403992568612,0.266,22009.0,0.188,14.52,2,23.8
1,0.03256605819826252,0.03256605819826252,0.03256605819826252,0.6255680081186099,0.6255680081186099,10004.293078506245,10004.293078506245,0.6479,25337.0,0.175,8.29,1,8.6
1,0.017840379164748427,0.017840379164748427,0.017840379164748427,0.9009257147147339,0.9009257147147339,5480.564479410717,5480.564479410717,0.461,1192.0,0.126,9.82,6,17.2
3,0.20021067734598388,0.0879535588815376,0.0667368924486613,0.7272222188589295,0.601513274329438,61504.72008068625,27019.33328840835,0.5082,20945.0,0.21,12.69,6,56.5
4,0.07883587341991227,0.034745902507456926,0.019708968354978068,0.954891462683341,0.5564666757811341,24218.38031459705,10673.941250290767,0.3658,28490.0,0.259,12.02,9,52.1
1,0.020583807004418773,0.020583807004418773,0.020583807004418773,0.8850086854605137,0.8850086854605137,6323.345511757448,6323.345511757448,0.2139,28043.0,0.376,15.94,7,35.2
1,0.037998000795739194,0.037998000795739194,0.037998000795739194,0.57662210704203,0.57662210704203,11672.985844451081,11672.985844451081,0.4872,11074.0,0.176,11.75,6,23.6
1,0.02912026967964484,0.02912026967964484,0.02912026967964484,0.5361164432036771,0.5361164432036771,8945.746845586895,8945.746845586895,0.5875,20199.0,0.38,9.05,3,11.4
1,0.04332659207788929,0.04332659207788929,0.04332659207788929,0.7257111430029114,0.7257111430029114,13309.92908632759,13309.92908632759,0.3223,1335.0,0.313,14.28,9,33.6
1,0.06598957031584282,0.06598957031584282,0.06598957031584282,0.38183874144145297,0.38183874144145297,20271.996001026913,20271.996001026913,0.7361,12711.0,0.095,2.93,0,0.0
1,0.10840013332192387,0.10840013332192387,0.10840013332192387,0.7561096592376456,0.7561096592376456,33300.52095649501,33300.52095649501,0.4343,10279.0,0.363,12.63,6,37.3
1,0.025124217017687855,0.025124217017687855,0.025124217017687855,0.8484153295056066,0.8484153295056066,7718.15946783371,7718.15946783371,0.5524,13473.0,0.353,7.68,9,13.9
2,0.09905036978109791,0.06919518783457744,0.049525184890548954,0.7043167032755873,0.6350146229749531,30428.27359675328,21256.76170278219,0.8325,8082.0,0.262,4.74,2,16.4
1,0.12702938395629362,0.12702938395629362,0.12702938395629362,0.9732930408428778,0.9732930408428778,39023.4267513734,39023.4267513734,0.6724,13633.0,0.106,7.14,1,23.0
2,0.12074353411083458,0.08986147941780172,0.06037176705541729,0.5383479699163735,0.48336193679626116,37092.41367884838,27605.44647714869,0.6726,19177.0,0.24,8.25,2,17.4
0,0.0,0.0,0.0,0.0,0.0,0.0,0.0,0.4345,33177.0,0.078,11.74,7,16.9
2,0.09835249849934213,0.07190901069590121,0.04917624924967107,0.7811773330020557,0.6191862025707726,30213.887538997908,22090.448085780852,0.4846,36462.0,0.174,11.92,3,23.1
1,0.01623061756882226,0.01623061756882226,0.01623061756882226,0.8525588459530117,0.8525588459530117,4986.045717142198,4986.045717142198,0.6664,9171.0,0.16,5.44,1,2.9
0,0.0,0.0,0.0,0.0,0.0,0.0,0.0,0.6438,14910.0,0.124,7.78,4,0.0
3,0.12088865651203037,0.04780561216491557,0.04029621883734346,0.9589868529116271,0.6503452899416481,37136.99528049573,14685.884057062063,0.5828,16441.0,0.307,11.36,4,35.3
2,0.06972725703728413,0.054427154176988846,0.03486362851864207,0.781168594860683,0.7670227891330564,21420.21336185369,16720.021763170975,0.4076,49341.0,0.294,11.51,6,36.8
2,0.1231389145816219,0.06425007783805341,0.06156945729081095,0.9483920005507711,0.8906335857828728,37828.274559474245,19737.623911850005,0.3692,47140.0,0.043,14.57,2,42.9
4,0.1479302952637802,0.06174885193098865,0.03698257381594505,0.9251356962831344,0.7385790941490056,45444.18670503328,18969.247313199714,0.6691,47071.0,0.279,6.5,5,43.1
2,0.08621822341890921,0.06609415950266775,0.043109111709454605,0.7196004005371321,0.6959400446693306,26486.23823428891,20304.125799219535,0.8238,20585.0,0.245,3.67,2,11.3
1,0.011367978841756502,0.011367978841756502,0.011367978841756502,0.4979272522190576,0.4979272522190576,3492.2431001875975,3492.2431001875975,0.7417,26675.0,0.249,8.31,3,2.6
1,0.04526034806930644,0.04526034806930644,0.04526034806930644,0.4614848519551701,0.4614848519551701,13903.978926890939,13903.978926890939,0.3178,5925.0,0.186,17.47,4,31.1
2,0.06401969647077072,0.05477880694269816,0.03200984823538536,0.9535631577712975,0.6707188319337819,19666.850755820768,16828.049492796876,0.9522,21813.0,0.075,3.96,0,5.9
4,0.19242714659609364,0.09853936633549396,0.04810678664902341,0.7039034439856724,0.5911118488451745,59113.61943431997,30271.293338263742,0.1972,19596.0,0.276,15.02,6,67.9
1,0.05689481571434824,0.05689481571434824,0.05689481571434824,0.7967936452987107,0.7967936452987107,17478.08738744778,17478.08738744778,0.98,8636.0,0.03,0.59,0,0.0
1,0.030871879742229307,0.030871879742229307,0.030871879742229307,0.9707673332809799,0.9707673332809799,9483.841456812843,9483.841456812843,0.7292,15277.0,0.34,6.32,1,3.5
3,0.09395069027014423,0.04752918270439165,0.03131689675671474,0.9570811729896694,0.6276222185768696,28861.652050988305,14600.964926789116,0.3968,18075.0,0.25,13.89,2,41.0
2,0.05191995056101242,0.045887063415038225,0.02595997528050621,0.5640091134181355,0.4730787462077639,15949.808812343019,14096.505881099743,0.5592,36041.0,0.046,10.65,1,21.3
2,0.051099766042238426,0.03440149866204601,0.025549883021119213,0.8925965663763971,0.6399938377046339,15697.848128175647,10568.140388980535,0.4763,4900.0,0.206,13.29,6,23.4
0,0.0,0.0,0.0,0.0,0.0,0.0,0.0,0.98,12941.0,0.207,0.9,0,0.0
1,0.06490536249340165,0.06490536249340165,0.06490536249340165,0.7368150331532782,0.7368150331532782,19938.927357972985,19938.927357972985,0.9787,3543.0,0.041,1.71,0,0.0
1,0.059932227450848204,0.059932227450848204,0.059932227450848204,0.37815815773694017,0.37815815773694017,18411.18027290057,18411.18027290057,0.6167,17610.0,0.138,7.02,5,14.3
2,0.04575857387445105,0.036973238394982684,0.022879286937225525,0.6412115179622672,0.5899668997354397,14057.033894231363,11358.17883493868,0.1191,6589.0,0.108,17.63,12,56.1
1,0.02043962176026946,0.02043962176026946,0.02043962176026946,0.7143141623168499,0.7143141623168499,6279.0518047547785,6279.0518047547785,0.7881,19865.0,0.117,5.62,2,0.0
1,0.12110768838228135,0.12110768838228135,0.12110768838228135,0.48771970011617827,0.48771970011617827,37204.28187103683,37204.28187103683,0.8507,30640.0,0.15,3.27,2,10.3
0,0.0,0.0,0.0,0.0,0.0,0.0,0.0,0.7405,27260.0,0.126,5.32,1,0.0
4,0.15250375846612355,0.07198924159475911,0.038125939616530886,0.9595310631238436,0.7430893941413285,46849.154600793154,22115.09501791,0.7406,13429.0,0.284,3.94,4,32.1
0,0.0,0.0,0.0,0.0,0.0,0.0,0.0,0.7608,31815.0,0.1,4.91,2,0.0
0,0.0,0.0,0.0,0.0,0.0,0.0,0.0,0.495,17433.0,0.308,12.57,6,11.5
2,0.08913575775238286,0.055280623118835644,0.04456787887619143,0.7913142600574085,0.6357345235389675,27382.504781532014,16982.20742210631,0.2639,42105.0,0.324,14.3,7,42.1
1,0.00944194639049678,0.00944194639049678,0.00944194639049678,0.7918927872279208,0.7918927872279208,2900.565931160611,2900.565931160611,0.2465,9058.0,0.291,16.39,6,26.9
2,0.16599945596620005,0.10918514558015206,0.08299972798310003,0.8347891362208013,0.8267452910409727,50995.03287281666,33541.67672222271,0.3748,10177.0,0.064,15.04,4,41.5
2,0.03938601708309422,0.028059463620223518,0.01969300854154711,0.9483720918603759,0.6630335465466377,12099.384447926543,8619.867224132664,0.5054,45839.0,0.234,11.07,3,23.2
1,0.07244680751859346,0.07244680751859346,0.07244680751859346,0.4050020794414841,0.4050020794414841,22255.659269711912,22255.659269711912,0.5095,15745.0,0.092,11.69,5,16.9
1,0.014313328958509675,0.014313328958509675,0.014313328958509675,0.4092306520216441,0.4092306520216441,4397.054656054172,4397.054656054172,0.6868,47205.0,0.063,6.47,2,9.0
1,0.02637862819561975,0.02637862819561975,0.02637862819561975,0.7543707493061903,0.7543707493061903,8103.514581694388,8103.514581694388,0.4852,17631.0,0.12,11.64,0,15.2
5,0.32103010543640575,0.11656980820996397,0.06420602108728116,0.9653222074826289,0.7070400531869478,98620.44839006386,35810.24508210093,0.5477,45629.0,0.172,9.49,3,74.7
1,0.011634474181153358,0.011634474181153358,0.011634474181153358,0.679251584560596,0.679251584560596,3574.1104684503116,3574.1104684503116,0.6763,39970.0,0.208,6.21,2,0.0
1,0.01278896090091575,0.01278896090091575,0.01278896090091575,0.6731887220692296,0.6731887220692296,3928.7687887613183,3928.7687887613183,0.4769,42896.0,0.136,13.4,5,13.7
2,0.04634910784725565,0.038215175686698744,0.023174553923627824,0.6909021745140628,0.602678128227857,14238.445930676935,11739.701970953854,0.2109,22596.0,0.042,17.8,9,44.3
1,0.07882332057992965,0.07882332057992965,0.07882332057992965,0.649374115384806,0.649374115384806,24214.52408215439,24214.52408215439,0.3839,9296.0,0.162,11.72,3,30.8
1,0.06869354719044916,0.06869354719044916,0.06869354719044916,0.9739813458228014,0.9739813458228014,21102.657696905982,21102.657696905982,0.4423,34400.0,0.353,12.82,4,20.0
2,0.028905252399076667,0.01798187790333897,0.014452626199538333,0.8151772931480232,0.7866167934260129,8879.693536996352,5524.032891905732,0.285,12082.0,0.315,17.71,5,34.5
1,0.030111258298131195,0.030111258298131195,0.030111258298131195,0.5073507650426277,0.5073507650426277,9250.178549185903,9250.178549185903,0.4618,11208.0,0.236,12.48,5,16.3
0,0.0,0.0,0.0,0.0,0.0,0.0,0.0,0.4858,49623.0,0.287,11.57,4,11.8
3,0.15003220457021618,0.08648093063584085,0.05001073485673873,0.9765710425932107,0.8927945518009398,46089.89324397041,26566.94189133031,0.2631,22987.0,0.052,17.03,4,53.5
1,0.025040566087863494,0.025040566087863494,0.025040566087863494,0.5243696338545707,0.5243696338545707,7692.461902191665,7692.461902191665,0.7224,34281.0,0.346,8.83,0,10.5
0,0.0,0.0,0.0,0.0,0.0,0.0,0.0,0.2695,27978.0,0.056,17.39,4,21.2
0,0.0,0.0,0.0,0.0,0.0,0.0,0.0,0.9258,14080.0,0.113,0.74,0,0.0
1,0.041458200190564926,0.041458200190564926,0.041458200190564926,0.4852570364554043,0.4852570364554043,12735.959098541545,12735.959098541545,0.6473,40055.0,0.262,8.41,2,8.8
0,0.0,0.0,0.0,0.0,0.0,0.0,0.0,0.9139,13495.0,0.307,2.68,0,0.0
0,0.0,0.0,0.0,0.0,0.0,0.0,0.0,0.5823,8027.0,0.37,7.31,3,1.3
4,0.20739104086883606,0.10726759547706304,0.051847760217209014,0.5224835983932211,0.47354542905038294,63710.52775490644,32952.605330553764,0.4008,7365.0,0.228,12.24,6,61.8
0,0.0,0.0,0.0,0.0,0.0,0.0,0.0,0.9201,12187.0,0.36,2.18,0,0.0
3,0.11524595070996813,0.044550600252356784,0.038415316903322706,0.969624392701785,0.9400713853072103,35403.5560581022,13685.944397524005,0.2777,26124.0,0.2,11.73,3,43.5
2,0.1605269725908338,0.13283502491612956,0.0802634862954169,0.6285241861276638,0.6224099466369304,49313.88597990414,40806.919654235,0.5011,29419.0,0.308,9.57,6,48.0
2,0.024460114404615457,0.016832233343817293,0.012230057202307729,0.9617334589100027,0.6950240152051135,7514.14714509787,5170.8620832206725,0.8106,14371.0,0.177,3.62,2,8.5
2,0.14247973598269864,0.0796059653073594,0.07123986799134932,0.5888791479068644,0.5733665069099856,43769.77489388501,24454.952542420808,0.8345,38230.0,0.394,5.73,0,21.3
0,0.0,0.0,0.0,0.0,0.0,0.0,0.0,0.6911,33418.0,0.16,6.48,4,0.0
0,0.0,0.0,0.0,0.0,0.0,0.0,0.0,0.2318,6806.0,0.333,16.56,4,13.0
0,0.0,0.0,0.0,0.0,0.0,0.0,0.0,0.8319,31796.0,0.115,3.81,0,0.0
1,0.08528646098341754,0.08528646098341754,0.08528646098341754,0.8716840917189551,0.8716840917189551,26200.000814105868,26200.000814105868,0.5,33908.0,0.197,10.01,6,22.2
1,0.06626289670937671,0.06626289670937671,0.06626289670937671,0.7283573379124592,0.7283573379124592,20355.961869120525,20355.961869120525,0.8569,7239.0,0.092,2.44,1,0.6
2,0.08401101041599837,0.07509854430517218,0.042005505207999186,0.43765733071480256,0.4049033958209909,25808.1823997947,23070.272810548893,0.7338,1011.0,0.286,6.4,2,17.0
1,0.05419824031624266,0.05419824031624266,0.05419824031624266,0.5029890274996601,0.5029890274996601,16649.699425149745,16649.699425149745,0.3846,11759.0,0.126,11.58,8,27.1
1,0.007384814680263806,0.007384814680263806,0.007384814680263806,0.9304238460939865,0.9304238460939865,2268.6150697770413,2268.6150697770413,0.4692,48200.0,0.289,12.56,8,20.8
1,0.055626218034393125,0.055626218034393125,0.055626218034393125,0.45817781581068384,0.45817781581068384,17088.374180165567,17088.374180165567,0.2142,3315.0,0.208,16.27,2,29.9
2,0.02662665569833752,0.020698625476717993,0.01331332784916876,0.4209838941681673,0.3940786004799316,8179.708630529286,6358.617746447768,0.2652,31494.0,0.354,14.43,8,42.9
5,0.22579592008366361,0.15088662202801348,0.045159184016732724,0.9498562249114573,0.604823693731295,69364.50664970146,46352.37028700574,0.8386,28180.0,0.288,4.3,2,54.3
3,0.19236575996611105,0.13732342676368336,0.06412191998870369,0.9478695202522102,0.5965959103762916,59094.761461589325,42185.75670180353,0.7122,28865.0,0.342,5.87,5,41.1
1,0.006832953941606447,0.006832953941606447,0.006832953941606447,0.5934713589559705,0.5934713589559705,2099.0834508615003,2099.0834508615003,0.2037,28060.0,0.376,17.75,3,30.9
1,0.03416807082075882,0.03416807082075882,0.03416807082075882,0.5506733499319463,0.5506733499319463,10496.43135613711,10496.43135613711,0.8595,956.0,0.317,4.76,1,0.8
1,0.013679082663065403,0.013679082663065403,0.013679082663065403,0.413663712292593,0.413663712292593,4202.214194093692,4202.214194093692,0.208,22512.0,0.292,17.65,5,29.9
2,0.03789986585679816,0.030460549366409184,0.01894993292839908,0.5552972574500776,0.5198844589126692,11642.838791208396,9357.480765360902,0.5352,17807.0,0.112,9.66,6,24.4
5,0.292678583121087,0.13066701930334496,0.0585357166242174,0.8255367211706433,0.6027198319608489,89910.86073479793,40140.90832998757,0.9309,9593.0,0.143,2.98,2,43.9
3,0.2435652942316131,0.19320916158993187,0.0811884314105377,0.9189731493043267,0.7056162234164152,74823.25838795156,59353.85444042707,0.3636,11033.0,0.045,13.66,2,57.9
1,0.0739990648247119,0.0739990648247119,0.0739990648247119,0.35953489699744207,0.35953489699744207,22732.512714151497,22732.512714151497,0.465,27204.0,0.206,11.68,8,33.1
1,0.1301253135713878,0.1301253135713878,0.1301253135713878,0.8661133528622997,0.8661133528622997,39974.49632913033,39974.49632913033,0.6094,38208.0,0.319,6.04,3,23.5
3,0.12987797277424415,0.07959601092163426,0.043292657591414714,0.9607461430265466,0.8506340428977275,39898.5132362478,24451.894555126048,0.8813,42811.0,0.066,4.01,1,18.9
3,0.22342059616293578,0.18046143224388497,0.07447353205431193,0.9405060867194036,0.8966375312910234,68634.80714125387,55437.75198532146,0.2808,40584.0,0.391,13.94,7,65.6
0,0.0,0.0,0.0,0.0,0.0,0.0,0.0,0.14,47544.0,0.342,17.33,5,22.1
1,0.00889014307723647,0.00889014307723647,0.00889014307723647,0.4388677186701096,0.4388677186701096,2731.0519533270435,2731.0519533270435,0.5842,5479.0,0.28,6.03,5,5.9
2,0.07700036182006328,0.06146730836234635,0.03850018091003164,0.9681665909074221,0.8217149530829821,23654.51115112344,18882.7571289128,0.2314,9996.0,0.16,16.61,5,34.4
1,0.06283421625086134,0.06283421625086134,0.06283421625086134,0.5007088034140167,0.5007088034140167,19302.671232264605,19302.671232264605,0.2723,32821.0,0.276,16.89,6,32.7
1,0.008771973508129355,0.008771973508129355,0.008771973508129355,0.7498331868284864,0.7498331868284864,2694.750261697338,2694.750261697338,0.4054,47622.0,0.313,13.21,3,18.7
1,0.010040618567818658,0.010040618567818658,0.010040618567818658,0.9603180900660675,0.9603180900660675,3084.478024033892,3084.478024033892,0.2624,27107.0,0.11,15.18,7,26.1
1,0.05799742647039013,0.05799742647039013,0.05799742647039013,0.7686309364346873,0.7686309364346873,17816.809411703845,17816.809411703845,0.9089,16002.0,0.121,2.12,0,2.0
2,0.10656914384815101,0.07716153285250454,0.053284571924075506,0.6150028440868345,0.5393538904546147,32738.04099015199,23704.022892289395,0.1724,43047.0,0.258,17.16,6,50.6
0,0.0,0.0,0.0,0.0,0.0,0.0,0.0,0.5268,44695.0,0.036,10.66,3,7.4
5,0.2801547780086688,0.10210432618073267,0.05603095560173375,0.8695228133979958,0.647846449223042,86063.54780426304,31366.449002721078,0.5072,31018.0,0.111,12.52,6,78.4
1,0.011524315386625562,0.011524315386625562,0.011524315386625562,0.6761880471779542,0.6761880471779542,3540.2696867713726,3540.2696867713726,0.8857,25494.0,0.073,3.2,0,0.0
4,0.1750407096687897,0.09055328708610935,0.04376017741719743,0.8825900825398056,0.7289979032591669,53772.5060102522,27817.969792852793,0.8855,8222.0,0.227,0.76,3,31.1
1,0.13494407526504687,0.13494407526504687,0.13494407526504687,0.7192812695937905,0.7192812695937905,41454.8199214224,41454.8199214224,0.3717,35754.0,0.086,12.6,5,30.8
1,0.04272150671951145,0.04272150671951145,0.04272150671951145,0.903233524634056,0.903233524634056,13124.046864233916,13124.046864233916,0.505,15155.0,0.117,9.3,4,12.3
4,0.1868455726505229,0.12418418417053174,0.046711393162630725,0.8405118304503997,0.6997512588742608,57398.95991824064,38149.381377187354,0.3092,4846.0,0.364,16.59,8,72.4
1,0.013407856362215274,0.013407856362215274,0.013407856362215274,0.8715959107190645,0.8715959107190645,4118.893474472532,4118.893474472532,0.5208,33389.0,0.349,11.35,3,17.8
1,0.10485219239881569,0.10485219239881569,0.10485219239881569,0.9518097455754568,0.9518097455754568,32210.593504916178,32210.593504916178,0.8437,7262.0,0.286,4.42,1,6.8
2,0.1917041842779913,0.13379044657423808,0.09585209213899565,0.7473493837472727,0.5607727084640459,58891.52541019893,41100.425187605935,0.34,28187.0,0.289,14.08,5,60.8
3,0.11066787568343878,0.09502141489336974,0.03688929189447959,0.848156688727983,0.7695398656470038,33997.17140995239,29190.578655243182,0.514,32117.0,0.194,8.15,5,39.7
1,0.04691188435454468,0.04691188435454468,0.04691188435454468,0.6997012790039878,0.6997012790039878,14411.330873716126,14411.330873716126,0.8137,13082.0,0.121,5.79,1,1.6
1,0.0804525471048068,0.0804525471048068,0.0804525471048068,0.7705824690513212,0.7705824690513212,24715.02247059665,24715.02247059665,0.4627,16377.0,0.249,12.4,7,39.2
2,0.09804664536522206,0.06828487213064337,0.04902332268261103,0.898376009854922,0.6731908216187876,30119.929456196216,20977.11271853364,0.8066,7136.0,0.213,6.18,2,12.5
4,0.20343245142381963,0.09533712387478135,0.05085811285595491,0.8924791516460592,0.7057825448998968,62494.449077397396,29287.56445433283,0.3835,24591.0,0.04,12.03,6,63.2
3,0.13174471325613413,0.06158199557118507,0.043914904418711376,0.7282407253482766,0.6290536295785598,40471.9759122844,18917.989039468055,0.5822,20302.0,0.205,9.67,2,33.4
3,0.1484969435237138,0.1000529242154001,0.049498981174571265,0.8502343160836794,0.6214832333049882,45618.26105048487,30736.25831897091,0.7371,31008.0,0.186,4.74,0,27.4
2,0.19114830176221506,0.16295910232103356,0.09557415088110753,0.7220742012965893,0.7159983478602315,58720.75830135246,50061.03623302151,0.476,39135.0,0.25,15.14,9,54.2
2,0.06768617232147367,0.04186300294783072,0.033843086160736835,0.8809070384226256,0.7073755619627029,20793.192137156708,12860.314505573597,0.1517,49417.0,0.104,16.49,11,52.4
1,0.04919662317287755,0.04919662317287755,0.04919662317287755,0.868150507901341,0.868150507901341,15113.202638707982,15113.202638707982,0.4996,32567.0,0.139,13.42,3,20.0
0,0.0,0.0,0.0,0.0,0.0,0.0,0.0,0.9144,21407.0,0.264,3.34,0,0.0
2,0.04235110334609263,0.03454052387124429,0.021175551673046314,0.6310411152746029,0.5579879654596438,13010.258947919654,10610.848933246245,0.4044,807.0,0.079,13.8,2,28.7
1,0.08294281173447149,0.08294281173447149,0.08294281173447149,0.7131195052575254,0.7131195052575254,25480.03176482964,25480.03176482964,0.215,5584.0,0.099,14.97,5,31.1
0,0.0,0.0,0.0,0.0,0.0,0.0,0.0,0.8021,34782.0,0.187,1.24,1,0.0
2,0.26259998545510177,0.21004088634207185,0.13129999272755088,0.6030533637281663,0.5690024537726401,80670.71553180726,64524.560284284475,0.8657,45829.0,0.28,2.15,1,33.7
1,0.044119607766239306,0.044119607766239306,0.044119607766239306,0.8841134195993463,0.8841134195993463,13553.543505788715,13553.543505788715,0.6698,38040.0,0.374,6.78,1,4.3
3,0.25251265435358494,0.12668768930182195,0.08417088478452832,0.5987542098889528,0.5535458800897465,77571.8874174213,38918.4581535197,0.6247,3792.0,0.318,7.4,2,49.8
2,0.0997159200783122,0.06016432445888377,0.0498579600391561,0.5384401585616637,0.4454563495915292,30632.730648057506,18482.480473769094,0.3961,47033.0,0.231,13.19,0,27.9
3,0.1668780566617896,0.09007304087838014,0.0556260188872632,0.7784365440152539,0.5345476898431619,51264.939006501765,27670.43815783838,0.3651,1880.0,0.088,13.04,9,59.7
1,0.042824352892755393,0.042824352892755393,0.042824352892755393,0.4200512848949362,0.4200512848949362,13155.641208654457,13155.641208654457,0.1523,30752.0,0.293,17.56,3,32.8
2,0.04577279599424918,0.038435435265613625,0.02288639799712459,0.8700632988534742,0.6785489667825819,14061.402929433349,11807.365713596506,0.8529,8782.0,0.309,3.86,0,7.9
1,0.08384431238782784,0.08384431238782784,0.08384431238782784,0.8976521667218551,0.8976521667218551,25756.972765540715,25756.972765540715,0.5238,8441.0,0.235,11.83,3,26.6
1,0.023037797810097325,0.023037797810097325,0.023037797810097325,0.6336334090309284,0.6336334090309284,7077.211487261899,7077.211487261899,0.6946,4951.0,0.224,8.52,2,0.5
1,0.07029680304388593,0.07029680304388593,0.07029680304388593,0.660232487650428,0.660232487650428,21595.177895081757,21595.177895081757,0.5367,29564.0,0.295,9.63,5,22.3
1,0.045285348995846374,0.045285348995846374,0.045285348995846374,0.4869801367480545,0.4869801367480545,13911.659211524006,13911.659211524006,0.5169,8593.0,0.151,12.79,2,21.7
1,0.03494102026440892,0.03494102026440892,0.03494102026440892,0.5838859463708521,0.5838859463708521,10733.88142522642,10733.88142522642,0.8209,27480.0,0.223,3.72,2,4.0
0,0.0,0.0,0.0,0.0,0.0,0.0,0.0,0.8073,34009.0,0.231,6.01,0,0.0
1,0.020724675625180017,0.020724675625180017,0.020724675625180017,0.7423506544548459,0.7423506544548459,6366.620352055301,6366.620352055301,0.7182,4849.0,0.382,7.61,1,0.0
1,0.009564629149108803,0.009564629149108803,0.009564629149108803,0.9679173224955626,0.9679173224955626,2938.2540746062245,2938.2540746062245,0.5329,44523.0,0.25,11.11,3,13.1
1,0.05393178225205239,0.05393178225205239,0.05393178225205239,0.39483899294786734,0.39483899294786734,16567.843507830494,16567.843507830494,0.2897,3265.0,0.255,17.78,10,40.8
1,0.11863054629328058,0.11863054629328058,0.11863054629328058,0.8918737197355375,0.8918737197355375,36443.3038212958,36443.3038212958,0.3972,9509.0,0.37,14.05,4,33.7
0,0.0,0.0,0.0,0.0,0.0,0.0,0.0,0.8239,26625.0,0.136,5.7,1,0.0
4,0.21435537001802893,0.12969404975064008,0.05358884250450723,0.9403520281578296,0.6251998312354693,65849.96966953848,39842.012083396636,0.4192,16932.0,0.212,13.74,3,61.5
1,0.06638211292662273,0.06638211292662273,0.06638211292662273,0.8674490508820477,0.8674490508820477,20392.585091058503,20392.585091058503,0.5637,37994.0,0.128,7.53,0,16.2
1,0.036332594056164624,0.036332594056164624,0.036332594056164624,0.8338090840686885,0.8338090840686885,11161.372894053773,11161.372894053773,0.5737,17442.0,0.213,9.6,3,13.1
1,0.03237210816794328,0.03237210816794328,0.03237210816794328,0.7875483795810672,0.7875483795810672,9944.711629192176,9944.711629192176,0.6484,34732.0,0.284,8.35,0,0.7
1,0.016853475493508956,0.016853475493508956,0.016853475493508956,0.8213761185983153,0.8213761185983153,5177.387671605951,5177.387671605951,0.2393,30474.0,0.069,17.97,12,42.1
1,0.023294055901150062,0.023294055901150062,0.023294055901150062,0.5902345596480789,0.5902345596480789,7155.933972833299,7155.933972833299,0.8887,49169.0,0.329,2.47,2,0.0
3,0.11017573391526159,0.055123234175677945,0.03672524463842053,0.9653929559553841,0.8285122281793803,33845.98545876836,16933.857538768265,0.9031,35598.0,0.32,1.2,0,18.9
1,0.013588846319177842,0.013588846319177842,0.013588846319177842,0.48790454432972064,0.48790454432972064,4174.493589251433,4174.493589251433,0.3916,31409.0,0.265,14.75,5,19.9
1,0.008287646320571112,0.008287646320571112,0.008287646320571112,0.5940271761714,0.5940271761714,2545.964949679446,2545.964949679446,0.4659,20046.0,0.048,10.66,6,15.6
1,0.007344253350313126,0.007344253350313126,0.007344253350313126,0.825573643732279,0.825573643732279,2256.1546292161925,2256.1546292161925,0.7206,29804.0,0.244,4.8,4,0.8
1,0.008697727215971897,0.008697727215971897,0.008697727215971897,0.4883709242472014,0.4883709242472014,2671.941800746567,2671.941800746567,0.3531,5971.0,0.037,15.71,4,24.6
0,0.0,0.0,0.0,0.0,0.0,0.0,0.0,0.9016,45959.0,0.228,1.28,0,0.0
4,0.10263300994238692,0.042145154851061704,0.02565825248559673,0.904331538776433,0.6814155704858655,31528.860654301257,12946.991570246155,0.2441,43087.0,0.096,17.24,4,56.5
1,0.044757482228414025,0.044757482228414025,0.044757482228414025,0.9501095144721833,0.9501095144721833,13749.498540568788,13749.498540568788,0.8607,45690.0,0.23,2.63,3,0.2
2,0.02912963831834298,0.014963320740383153,0.01456481915917149,0.8355273735824332,0.605586150155593,8948.624891394964,4596.732131445705,0.6672,9447.0,0.22,7.74,0,11.4
4,0.14051596110756634,0.07335055391623742,0.035128990276891585,0.812916941720878,0.6462440651567369,43166.50325224438,22533.290163068134,0.3371,20917.0,0.256,15.41,4,57.1
2,0.17588725304273106,0.11881859839705178,0.08794362652136553,0.9473217626869355,0.7438194447973345,54032.564134726985,36501.07342757431,0.797,8873.0,0.118,3.89,0,27.0
2,0.04989250829558896,0.02805643565417297,0.02494625414779448,0.8094934650525313,0.599733542047235,15326.978548404926,8618.937032961936,0.5132,26765.0,0.119,12.82,7,30.1
1,0.04505781510527234,0.04505781510527234,0.04505781510527234,0.6316533780910628,0.6316533780910628,13841.760800339664,13841.760800339664,0.5643,28825.0,0.245,8.64,3,14.2
1,0.04296056885615307,0.04296056885615307,0.04296056885615307,0.7229132250060673,0.7229132250060673,13197.486752610223,13197.486752610223,0.246,5985.0,0.23,16.67,3,35.9
4,0.09343901140684444,0.04018988389463143,0.02335975285171111,0.9142578668273987,0.7384468251998417,28704.464304182613,12346.332332430775,0.7373,33493.0,0.253,4.11,1,22.8
3,0.08163332326403916,0.04571869385002499,0.02721110775467972,0.8040354187619162,0.6510686970104357,25077.75690671283,14044.782750727678,0.6517,40635.0,0.093,9.4,0,22.3
3,0.16254240195993125,0.09285026826205653,0.054180800653310414,0.9613293348716537,0.6770697203593491,49933.02588209088,28523.602410103766,0.6112,6805.0,0.254,7.87,2,37.1
4,0.09395084690682122,0.03347568063054343,0.023487711726705305,0.7875687426578046,0.6152861920752075,28861.700169775475,10283.729089702942,0.3272,10877.0,0.276,14.15,10,59.7
2,0.2519618537072882,0.1276953325244843,0.1259809268536441,0.8193407868666291,0.6344562853837219,77402.68145887894,39228.00615152158,0.8898,21986.0,0.071,3.48,2,30.7
2,0.08234326638082545,0.04568847747144523,0.041171633190412726,0.879493614535221,0.6412392482123834,25295.851432189582,14035.500279227974,0.891,21142.0,0.367,2.69,1,19.1
1,0.03426461351075436,0.03426461351075436,0.03426461351075436,0.8529804613640037,0.8529804613640037,10526.08927050374,10526.08927050374,0.9685,42655.0,0.19,2.01,0,0.0
2,0.11398906459173677,0.10656949243153988,0.056994532295868386,0.6192383657069827,0.5017899141372089,35017.44064258154,32738.14807496905,0.9425,8184.0,0.286,3.26,0,15.1
2,0.03850286085797882,0.03279052998611191,0.01925143042898941,0.7840185805152438,0.6128480686645825,11828.078855571093,10073.25081173358,0.4612,33673.0,0.249,12.64,3,20.1
0,0.0,0.0,0.0,0.0,0.0,0.0,0.0,0.8471,29985.0,0.349,5.21,0,0.0
1,0.04899185783670191,0.04899185783670191,0.04899185783670191,0.8223009180840186,0.8223009180840186,15050.298727434827,15050.298727434827,0.4779,40157.0,0.204,13.39,5,22.9
2,0.10697279348276165,0.07649824982150602,0.05348639674138082,0.899650123474213,0.8340965489389378,32862.042157904376,23500.262345166648,0.979,20191.0,0.074,0.65,0,1.4
1,0.007495557195554833,0.007495557195554833,0.007495557195554833,0.7291484288963379,0.7291484288963379,2302.6351704744447,2302.6351704744447,0.2273,44799.0,0.356,15.51,6,33.7
3,0.04229737786431771,0.015752619070696035,0.01409912595477257,0.7384999929288854,0.6218080615796265,12993.754479918402,4839.204578517822,0.813,39102.0,0.176,6.51,0,7.0
5,0.23022221245308325,0.0863482690034099,0.04604444249061665,0.919578307456582,0.7667077882237437,70724.26366558716,26526.188237847524,0.2971,12992.0,0.367,13.72,6,67.3
1,0.05809738782203576,0.05809738782203576,0.05809738782203576,0.9721420422147602,0.9721420422147602,17847.517538929384,17847.517538929384,0.1831,38791.0,0.122,17.68,6,36.5
1,0.018507264551674736,0.018507264551674736,0.018507264551674736,0.3503480810755193,0.3503480810755193,5685.431670274479,5685.431670274479,0.7556,14874.0,0.241,6.7,1,2.3
2,0.043425866228599105,0.03711108264864882,0.021712933114299553,0.9031363067387553,0.7804598452389839,13340.426105425646,11400.524589664918,0.794,21080.0,0.096,4.47,1,4.5
1,0.046986501459742064,0.046986501459742064,0.046986501459742064,0.7955932608086154,0.7955932608086154,14434.253248432762,14434.253248432762,0.1919,48639.0,0.284,17.62,13,42.0
1,0.005539038480223304,0.005539038480223304,0.005539038480223304,0.6379347924725661,0.6379347924725661,1701.5926211245992,1701.5926211245992,0.975,1060.0,0.095,1.23,1,0.0
2,0.02803758551598384,0.01804222164231993,0.01401879275799192,0.7640619739490463,0.6019528828163476,8613.146270510235,5542.570488520682,0.9225,21247.0,0.085,4.34,0,0.0
1,0.019726739129357393,0.019726739129357393,0.019726739129357393,0.4936281145415049,0.4936281145415049,6060.054260538591,6060.054260538591,0.5252,23263.0,0.042,8.84,3,6.6
1,0.007467111405258867,0.007467111405258867,0.007467111405258867,0.6876341874031089,0.6876341874031089,2293.896623695524,2293.896623695524,0.8239,17823.0,0.308,5.34,1,1.7
2,0.09938458884613363,0.06726247882643507,0.049692294423066816,0.6632541207965659,0.6562899109394448,30530.94569353225,20663.033495480853,0.2816,19638.0,0.272,17.33,1,36.3
4,0.31416349386276654,0.21582657206731704,0.07854087346569164,0.9465521390815929,0.5403848035951911,96511.02531464188,66301.9229390798,0.6114,2218.0,0.277,10.36,4,66.4
4,0.2406269739246919,0.09993774706646284,0.060156743481172975,0.9015045442203269,0.7053268720167369,73920.60638966534,30700.875898817387,0.5943,25866.0,0.094,11.02,3,56.3
2,0.16711559787965025,0.16029035651766202,0.08355779893982512,0.8121291013997229,0.6043050657919871,51337.91166862856,49241.197522225775,0.4678,48664.0,0.151,10.67,6,47.8
0,0.0,0.0,0.0,0.0,0.0,0.0,0.0,0.9333,45373.0,0.317,1.34,0,0.0
4,0.13206828603237442,0.05944697364011635,0.033017071508093604,0.8870995305305427,0.745208617039071,40571.37746914542,18262.110302243742,0.9766,30201.0,0.274,1.1,0,18.4
2,0.1891120229774853,0.11528677555060443,0.09455601148874265,0.7917748977260131,0.7706481297435334,58095.21345868349,35416.09744914568,0.3773,1141.0,0.162,14.01,6,54.1
1,0.04325981049900705,0.04325981049900705,0.04325981049900705,0.7967406951464967,0.7967406951464967,13289.413785294964,13289.413785294964,0.8427,35232.0,0.373,3.65,1,0.0
1,0.15633361731640158,0.15633361731640158,0.15633361731640158,0.6194119202833719,0.6194119202833719,48025.68723959856,48025.68723959856,0.4571,16197.0,0.144,12.1,3,35.3
1,0.10244767113204951,0.10244767113204951,0.10244767113204951,0.43203621521724445,0.43203621521724445,31471.924571765612,31471.924571765612,0.4439,14937.0,0.346,11.48,3,29.6
4,0.1016760414375889,0.04841623324638851,0.025419010359397226,0.9597041676668334,0.6557716298798923,31234.879929627314,14873.46685329055,0.7434,28898.0,0.037,4.16,4,30.4
1,0.005331312948791038,0.005331312948791038,0.005331312948791038,0.9352175374342163,0.9352175374342163,1637.779337868607,1637.779337868607,0.3999,44900.0,0.055,14.3,6,26.0
1,0.0065840736542268005,0.0065840736542268005,0.0065840736542268005,0.6006045095338071,0.6006045095338071,2022.6274265784732,2022.6274265784732,0.5072,41563.0,0.226,10.84,5,18.4
2,0.033818298397150066,0.023304375840146396,0.016909149198575033,0.45957582983668677,0.42638880013175295,10388.9812676045,7159.1042580929725,0.6807,45577.0,0.191,7.17,4,13.5
1,0.05763063029217834,0.05763063029217834,0.05763063029217834,0.3763212207499307,0.3763212207499307,17704.129625757185,17704.129625757185,0.6559,7208.0,0.372,5.78,1,5.9
1,0.039270801424600404,0.039270801424600404,0.039270801424600404,0.4429344523056676,0.4429344523056676,12063.990197637244,12063.990197637244,0.8739,9195.0,0.266,3.7,1,2.5
1,0.03684025629904843,0.03684025629904843,0.03684025629904843,0.6580965103768808,0.6580965103768808,11317.326735067676,11317.326735067676,0.8949,7703.0,0.282,3.7,0,0.0
1,0.056392193916027906,0.056392193916027906,0.056392193916027906,0.3545165348021955,0.3545165348021955,17323.681971003774,17323.681971003774,0.5595,26068.0,0.224,12.58,3,13.8
1,0.039544619785414445,0.039544619785414445,0.039544619785414445,0.7318414166059557,0.7318414166059557,12148.107198079317,12148.107198079317,0.2975,37438.0,0.359,15.04,5,28.0
3,0.06955353497534891,0.025506472352129606,0.023184511658449636,0.8859203351768377,0.6942617672865964,21366.845944427187,7835.588306574215,0.5072,18232.0,0.334,9.02,1,24.3
3,0.023980344101913624,0.011532139206518393,0.007993448033971208,0.6690152638480996,0.6045853874332361,7366.761708107865,3542.67316424245,0.2755,26221.0,0.111,16.7,10,42.2
5,0.13242620987583886,0.07203761137782413,0.026485241975167773,0.8540764214295725,0.649648361963041,40681.3316738577,22129.954215267575,0.7309,20991.0,0.173,7.26,1,39.8
1,0.016618764186410666,0.016618764186410666,0.016618764186410666,0.9115757527376196,0.9115757527376196,5105.284358065356,5105.284358065356,0.7558,11489.0,0.389,4.66,2,0.0
2,0.018738139343772484,0.012252819999932503,0.009369069671886242,0.8171926145793422,0.7319213848715909,5756.356406406907,3764.066303979265,0.4588,25412.0,0.111,11.76,4,20.6
1,0.060037963792797064,0.060037963792797064,0.060037963792797064,0.8522177628837391,0.8522177628837391,18443.66247714726,18443.66247714726,0.8479,23362.0,0.156,2.2,1,2.4
1,0.015115397338490915,0.015115397338490915,0.015115397338490915,0.6714385956964064,0.6714385956964064,4643.450062384409,4643.450062384409,0.9095,41988.0,0.247,3.18,3,0.0
2,0.04473764788353826,0.0341706922678162,0.02236882394176913,0.9395635237211534,0.7762902768522654,13743.405429822953,10497.236664673137,0.3137,43767.0,0.145,14.08,7,38.0
4,0.19597312301517725,0.12153994399636221,0.04899328075379431,0.7445945089355548,0.509636579544616,60202.943390262444,37337.07079568247,0.1753,19214.0,0.38,16.91,1,63.4
0,0.0,0.0,0.0,0.0,0.0,0.0,0.0,0.2115,37350.0,0.302,17.51,4,14.8
1,0.03514294433849713,0.03514294433849713,0.03514294433849713,0.3794834061038498,0.3794834061038498,10795.912500786319,10795.912500786319,0.2711,21248.0,0.184,17.83,9,35.2
0,0.0,0.0,0.0,0.0,0.0,0.0,0.0,0.3332,15214.0,0.35,13.4,4,16.0
2,0.025677597502986784,0.015201264138383394,0.012838798751493392,0.845932839478102,0.7811119963680336,7888.15795291754,4669.828343311378,0.9531,35097.0,0.293,2.19,0,2.5
0,0.0,0.0,0.0,0.0,0.0,0.0,0.0,0.7266,47680.0,0.33,6.21,2,0.0
1,0.05227359261735481,0.05227359261735481,0.05227359261735481,0.8599017959942868,0.8599017959942868,16058.447652051396,16058.447652051396,0.9408,39643.0,0.23,2.77,0,0.0
0,0.0,0.0,0.0,0.0,0.0,0.0,0.0,0.6214,30230.0,0.067,8.14,1,2.5
0,0.0,0.0,0.0,0.0,0.0,0.0,0.0,0.98,27236.0,0.362,3.09,0,0.0
2,0.07987409210418905,0.07159662339171864,0.03993704605209453,0.8960872967592128,0.8053469779591566,24537.321094406878,21994.482705935967,0.3673,36822.0,0.041,15.1,4,38.7
2,0.2458867257276408,0.17240814314887626,0.1229433628638204,0.8888179502947794,0.6914205419170298,75536.40214353126,52963.78157533479,0.7242,40659.0,0.339,4.88,3,43.5
2,0.04093873386766962,0.029759716688067723,0.02046936693383481,0.8647721700856573,0.6830852509708076,12576.379044148109,9142.184966574405,0.4602,28139.0,0.289,11.61,6,24.6
1,0.024446506943125723,0.024446506943125723,0.024446506943125723,0.7554513436247712,0.7554513436247712,7509.966932928222,7509.966932928222,0.2694,37289.0,0.26,16.63,7,37.7
1,0.049551505957718234,0.049551505957718234,0.049551505957718234,0.415747939773456,0.415747939773456,15222.222630211041,15222.222630211041,0.8283,32846.0,0.38,3.2,3,5.3
0,0.0,0.0,0.0,0.0,0.0,0.0,0.0,0.2168,27782.0,0.032,17.29,7,24.1
2,0.023006512248484066,0.015143444578805544,0.011503256124242033,0.6763485538133024,0.6351546305878962,7067.600562734305,4652.066174609063,0.7203,21832.0,0.285,6.09,2,13.7
1,0.023729708693710286,0.023729708693710286,0.023729708693710286,0.7554296189267145,0.7554296189267145,7289.7665107078,7289.7665107078,0.2257,14789.0,0.35,16.96,6,31.0
0,0.0,0.0,0.0,0.0,0.0,0.0,0.0,0.6763,48294.0,0.276,7.46,1,0.0
0,0.0,0.0,0.0,0.0,0.0,0.0,0.0,0.9107,38707.0,0.17,3.22,3,0.0
1,0.053358632124169476,0.053358632124169476,0.053358632124169476,0.9681285563510662,0.9681285563510662,16391.771788544862,16391.771788544862,0.9728,47503.0,0.255,1.53,0,0.0
4,0.29029429965305864,0.14183539495701689,0.07257357491326466,0.9444925877267225,0.8721103858356092,89178.40885341962,43571.83333079559,0.5883,1563.0,0.199,11.25,2,65.2
0,0.0,0.0,0.0,0.0,0.0,0.0,0.0,0.3498,35874.0,0.049,14.41,5,18.8
1,0.024559643840592938,0.024559643840592938,0.024559643840592938,0.6988521046883356,0.6988521046883356,7544.722587830151,7544.722587830151,0.4459,16243.0,0.135,11.6,5,20.6
1,0.04522274869912495,0.04522274869912495,0.04522274869912495,0.43037666491827137,0.43037666491827137,13892.428400371185,13892.428400371185,0.5932,30135.0,0.29,9.44,3,9.5
1,0.2314385414604665,0.2314385414604665,0.2314385414604665,0.4499233109370313,0.4499233109370313,71097.91993665531,71097.91993665531,0.882,10783.0,0.166,2.34,0,23.7
3,0.1161559832390245,0.0555860893027349,0.03871866107967483,0.9688524330832258,0.6383607255524602,35683.11805102832,17076.04663380016,0.6582,1161.0,0.234,8.18,3,36.8
2,0.055887240013962954,0.03287671026534406,0.027943620006981477,0.8068871212293085,0.6491657211765662,17168.560132289418,10099.725393513696,0.176,13224.0,0.327,16.38,6,48.3
0,0.0,0.0,0.0,0.0,0.0,0.0,0.0,0.337,17838.0,0.36,14.83,4,16.4
1,0.192747181052071,0.192747181052071,0.192747181052071,0.40914921486720324,0.40914921486720324,59211.93401919621,59211.93401919621,0.4943,32655.0,0.211,11.25,4,36.3
1,0.036439045021919934,0.036439045021919934,0.036439045021919934,0.6136404958014965,0.6136404958014965,11194.074630733803,11194.074630733803,0.5303,35733.0,0.384,11.54,1,16.6
1,0.009534492958576633,0.009534492958576633,0.009534492958576633,0.6289713331018285,0.6289713331018285,2928.996236874742,2928.996236874742,0.2703,25318.0,0.124,15.8,5,24.0
2,0.19159325450359344,0.1654425276572666,0.09579662725179672,0.9680287780140633,0.6688311319967513,58857.4477835039,50823.9444963123,0.233,16214.0,0.313,17.42,2,53.2
0,0.0,0.0,0.0,0.0,0.0,0.0,0.0,0.273,23822.0,0.325,15.01,6,24.5
1,0.044107466419328244,0.044107466419328244,0.044107466419328244,0.36289429359158026,0.36289429359158026,13549.813684017636,13549.813684017636,0.7009,2133.0,0.11,7.37,2,4.4
0,0.0,0.0,0.0,0.0,0.0,0.0,0.0,0.5755,32656.0,0.221,9.15,5,4.3
1,0.041322350249112356,0.041322350249112356,0.041322350249112356,0.5578843180893382,0.5578843180893382,12694.225996527315,12694.225996527315,0.374,7607.0,0.147,16.86,4,16.4
2,0.041578297682161244,0.03568329529805115,0.020789148841080622,0.7543268720662799,0.6562045139344288,12772.853047959934,10961.908315561313,0.5669,41560.0,0.289,7.59,8,25.2
4,0.3625270564206645,0.2532336592325275,0.09063176410516613,0.7522108869786852,0.650262199770199,111368.31173242815,77793.38011623245,0.7982,47287.0,0.299,5.73,1,56.0
1,0.04309863135902397,0.04309863135902397,0.04309863135902397,0.8918859874765722,0.8918859874765722,13239.899553492163,13239.899553492163,0.8768,44117.0,0.324,0.98,3,1.0
2,0.04139555588497404,0.024163739281059898,0.02069777794248702,0.8584513640571019,0.6392761696090101,12716.714767864025,7423.100707141601,0.7301,2304.0,0.222,5.47,0,7.4
2,0.1384612318890793,0.10519199607136996,0.06923061594453965,0.7096133156918392,0.6248355915544765,42535.29043632516,32314.98119312485,0.8466,10344.0,0.11,2.11,0,13.2
0,0.0,0.0,0.0,0.0,0.0,0.0,0.0,0.7135,14961.0,0.051,10.21,1,1.8
1,0.05267253860335575,0.05267253860335575,0.05267253860335575,0.8317814005684208,0.8317814005684208,16181.003858950888,16181.003858950888,0.3231,11314.0,0.242,15.87,6,27.0
1,0.015409524133390088,0.015409524133390088,0.015409524133390088,0.9174032778742541,0.9174032778742541,4733.805813777435,4733.805813777435,0.98,21643.0,0.038,1.3,0,0.0
1,0.10253875383325176,0.10253875383325176,0.10253875383325176,0.7774903337147547,0.7774903337147547,31499.90517757494,31499.90517757494,0.5817,27332.0,0.122,9.67,6,30.9
3,0.13142310360107265,0.07236559554898804,0.04380770120035755,0.7709886420683528,0.6509282399714468,40373.17742624952,22230.710952649126,0.7246,2609.0,0.298,6.73,2,29.2
1,0.015099251358468232,0.015099251358468232,0.015099251358468232,0.5896022332389691,0.5896022332389691,4638.490017321441,4638.490017321441,0.9591,26494.0,0.326,1.62,0,0.0
1,0.027407549321210305,0.027407549321210305,0.027407549321210305,0.8470138372630285,0.8470138372630285,8419.599151475806,8419.599151475806,0.8923,5316.0,0.175,2.54,1,0.0
1,0.024310985018092826,0.024310985018092826,0.024310985018092826,0.7823814311995007,0.7823814311995007,7468.334597558116,7468.334597558116,0.98,38951.0,0.174,1.98,0,0.0
1,0.06558164779559729,0.06558164779559729,0.06558164779559729,0.5406050841753705,0.5406050841753705,20146.682202807486,20146.682202807486,0.3276,14526.0,0.195,14.14,8,31.3
2,0.07574761765306962,0.05189072218131446,0.03787380882653481,0.49157785686834254,0.4749825986517995,23269.668143022984,15940.8298540998,0.7009,9669.0,0.07,8.84,4,21.0
4,0.14126008517792105,0.06170786344271449,0.03531502129448026,0.9285141573026552,0.7456673827127067,43395.09816665735,18956.655649601893,0.3082,6833.0,0.15,13.86,8,62.5
0,0.0,0.0,0.0,0.0,0.0,0.0,0.0,0.5183,2552.0,0.149,11.85,5,10.3
1,0.06221847102125503,0.06221847102125503,0.06221847102125503,0.6103290039411404,0.6103290039411404,19113.514297729544,19113.514297729544,0.3596,4511.0,0.293,15.54,2,23.1
2,0.22301245478045972,0.14640349348679846,0.11150622739022986,0.842180635073666,0.8394525164311996,68509.42610855722,44975.153199144486,0.211,18309.0,0.224,15.73,6,65.1
2,0.09956811105610217,0.05514173996243414,0.04978405552805108,0.5793737474890333,0.5359616902961376,30587.323716434585,16939.54251645977,0.3545,25697.0,0.194,14.37,8,47.4
1,0.028244620034663874,0.028244620034663874,0.028244620034663874,0.4295152172062793,0.4295152172062793,8676.747274648742,8676.747274648742,0.6512,15473.0,0.207,7.59,2,7.6
0,0.0,0.0,0.0,0.0,0.0,0.0,0.0,0.3899,36372.0,0.187,13.97,8,23.8
1,0.10830777947772202,0.10830777947772202,0.10830777947772202,0.547758728475034,0.547758728475034,33272.14985555621,33272.14985555621,0.5815,8038.0,0.304,11.58,5,30.3
2,0.016598606690957567,0.010413535964561285,0.008299303345478784,0.8189035404191971,0.6672301132269063,5099.091975462165,3199.0382483132266,0.4049,4006.0,0.244,11.95,6,31.9
1,0.06379719423907318,0.06379719423907318,0.06379719423907318,0.4486742735617987,0.4486742735617987,19598.49807024328,19598.49807024328,0.1404,4525.0,0.321,17.93,7,48.3
3,0.11039084989843037,0.054219919364205074,0.03679694996614346,0.7276424929870434,0.6504946140111599,33912.06908879781,16656.3592286838,0.409,14919.0,0.245,11.15,4,37.1
2,0.05700191350046227,0.05172533303017198,0.028500956750231135,0.9007837060215265,0.7975518765922904,17510.987827342007,15890.022306868832,0.7442,25200.0,0.043,5.99,3,9.6
2,0.1526520098069935,0.11142858307010316,0.07632600490349675,0.7505197036681889,0.551137021191455,46894.69741270841,34230.86071913569,0.9591,24507.0,0.375,2.71,1,17.3
2,0.02212753897980639,0.011726645048485345,0.011063769489903195,0.931215153111247,0.7209596545945132,6797.579974596523,3602.425358894698,0.429,46010.0,0.32,13.62,3,26.2
1,0.010516758486343009,0.010516758486343009,0.010516758486343009,0.6766182806531639,0.6766182806531639,3230.748207004572,3230.748207004572,0.3058,36506.0,0.398,15.29,5,26.4
1,0.13304857377198812,0.13304857377198812,0.13304857377198812,0.5184452704147824,0.5184452704147824,40872.52186275475,40872.52186275475,0.3736,26562.0,0.052,13.13,3,31.7
2,0.02985771375027098,0.022650698757947643,0.01492885687513549,0.8410108837136555,0.6914487582339601,9172.289664083244,6958.294658441516,0.7068,29108.0,0.178,6.29,2,5.5
1,0.014657922725426733,0.014657922725426733,0.014657922725426733,0.96436313140192,0.96436313140192,4502.913861251092,4502.913861251092,0.3838,20900.0,0.142,12.76,3,21.4
2,0.1403858448623703,0.13454761484821445,0.07019292243118515,0.7751255950715589,0.6364411592462569,43126.53154172016,41333.02728137148,0.8171,30463.0,0.145,1.82,1,18.4
0,0.0,0.0,0.0,0.0,0.0,0.0,0.0,0.8812,34100.0,0.327,3.5,0,0.0
1,0.005985987924695965,0.005985987924695965,0.005985987924695965,0.8819511460073761,0.8819511460073761,1838.8954904666004,1838.8954904666004,0.6519,29239.0,0.169,8.2,1,0.0
1,0.011074864282792992,0.011074864282792992,0.011074864282792992,0.7502613138713441,0.7502613138713441,3402.198307674007,3402.198307674007,0.4027,3917.0,0.068,13.25,8,28.4
4,0.13348810646479467,0.06987749149898735,0.03337202661619867,0.7969242514920072,0.5582140591784641,41007.546305984935,21466.365388488914,0.6766,39567.0,0.178,5.02,2,33.8
2,0.09209612122855779,0.053806603262668534,0.04604806061427889,0.5995175480746534,0.5524158489584337,28291.92844141295,16529.388522291774,0.2357,24621.0,0.076,16.68,5,46.5
0,0.0,0.0,0.0,0.0,0.0,0.0,0.0,0.6101,37775.0,0.087,9.91,1,0.0
2,0.10728247379700581,0.0898463922499323,0.053641236898502906,0.9139733425045105,0.8402134868710889,32957.175950440185,27600.8116991792,0.3745,15192.0,0.228,13.68,5,39.1
1,0.03808349629678861,0.03808349629678861,0.03808349629678861,0.6408779626915477,0.6408779626915477,11699.250062373461,11699.250062373461,0.754,28815.0,0.055,7.25,2,0.0
1,0.15280322143166142,0.15280322143166142,0.15280322143166142,0.6951534918447462,0.6951534918447462,46941.149623806385,46941.149623806385,0.9366,48348.0,0.18,1.18,0,9.8
1,0.07008689543285097,0.07008689543285097,0.07008689543285097,0.9499222083804653,0.9499222083804653,21530.69427697182,21530.69427697182,0.1559,16302.0,0.078,16.96,7,42.6
1,0.06409062131064673,0.06409062131064673,0.06409062131064673,0.6222182868815656,0.6222182868815656,19688.638866630678,19688.638866630678,0.4058,46116.0,0.057,14.25,5,30.0
1,0.0486586604473342,0.0486586604473342,0.0486586604473342,0.3744436327490017,0.3744436327490017,14947.940489421066,14947.940489421066,0.6983,47062.0,0.283,5.63,2,11.7
2,0.03810509544476921,0.02494540769112196,0.019052547722384607,0.9289703005978116,0.7286532144113346,11705.885320633102,7663.229242712667,0.711,16974.0,0.252,7.2,2,9.6
4,0.2878130379757363,0.11482896639517334,0.07195325949393408,0.8784070620675827,0.5853430127020114,88416.16526614618,35275.458476597254,0.3254,38962.0,0.171,12.37,7,77.2
2,0.0413596176245374,0.024686063047505376,0.0206798088122687,0.8221861131613475,0.6877289635428834,12705.67453425789,7583.558568193652,0.8823,28804.0,0.253,1.7,0,4.9
1,0.006655627096160562,0.006655627096160562,0.006655627096160562,0.5362323536143311,0.5362323536143311,2044.6086439405246,2044.6086439405246,0.4664,47994.0,0.398,11.76,4,11.2
2,0.07537087047437575,0.06414882341118332,0.03768543523718788,0.928001118890815,0.807603725543674,23153.931409728233,19706.518551915517,0.8369,13377.0,0.308,2.52,2,19.2
3,0.07763507490849325,0.03163032706514505,0.025878358302831084,0.9164713620634888,0.7231420503548653,23849.49501188913,9716.83647441256,0.5109,3949.0,0.377,11.25,3,35.8
1,0.056797502257882895,0.056797502257882895,0.056797502257882895,0.9408759014123447,0.9408759014123447,17448.192693621626,17448.192693621626,0.8677,17123.0,0.281,2.55,0,0.0
5,0.1830960900905506,0.06586089547597394,0.03661921801811012,0.8381311203691016,0.7558186373800749,56247.118875817156,20232.467090219194,0.4179,22656.0,0.317,9.61,6,66.3
4,0.21441180687688577,0.07646980340444465,0.05360295171922144,0.8604004883091936,0.5884907466948746,65867.30707257931,23491.523605845396,0.8516,35677.0,0.34,4.23,4,36.6
1,0.020108124514125938,0.020108124514125938,0.020108124514125938,0.41468634769743673,0.41468634769743673,6177.215850739488,6177.215850739488,0.1784,45410.0,0.206,17.4,8,33.0
1,0.005459768136841507,0.005459768136841507,0.005459768136841507,0.8406248516130816,0.8406248516130816,1677.240771637711,1677.240771637711,0.1652,40667.0,0.22,17.18,7,27.5
2,0.18464880586885868,0.11504893164236901,0.09232440293442934,0.9106335229436723,0.7045632816227619,56724.11316291339,35343.03180053576,0.3296,7734.0,0.189,14.37,7,53.4
0,0.0,0.0,0.0,0.0,0.0,0.0,0.0,0.1846,6104.0,0.356,16.5,5,21.9
0,0.0,0.0,0.0,0.0,0.0,0.0,0.0,0.2476,31359.0,0.215,16.59,6,27.0
4,0.058615214316435835,0.03078879811468121,0.014653803579108959,0.910700414968748,0.8082904576271831,18006.593838009085,9458.318780830068,0.7816,22944.0,0.256,3.76,1,22.7
2,0.03867316167252591,0.028911419143153292,0.019336580836262954,0.6583358445106755,0.6094773654574331,11880.395265799958,8881.587960776691,0.3931,19399.0,0.078,12.12,3,27.6
2,0.09596152826365244,0.08748927457450027,0.04798076413182622,0.6723313119025103,0.6012222159974245,29479.381482594028,26876.705149286485,0.5902,4550.0,0.2,7.96,5,25.0
3,0.05904207549753236,0.040551446077737696,0.019680691832510786,0.8943555488562537,0.5943716246908985,18137.72559284194,12457.40423508102,0.8786,5354.0,0.366,5.38,1,5.9
1,0.04208026762575072,0.04208026762575072,0.04208026762575072,0.9277602794040252,0.9277602794040252,12927.05821463062,12927.05821463062,0.8349,34355.0,0.149,4.36,2,0.0
1,0.11458613719734374,0.11458613719734374,0.11458613719734374,0.8207023884696338,0.8207023884696338,35200.861347023994,35200.861347023994,0.9676,44858.0,0.278,1.74,0,3.5
2,0.040573568214429645,0.034929834734292176,0.020286784107214823,0.8101151280001424,0.7459529289484079,12464.200155472787,10730.445230374557,0.2929,29657.0,0.166,13.5,11,41.8
1,0.013655391862875722,0.013655391862875722,0.013655391862875722,0.4051727308908125,0.4051727308908125,4194.9363802754215,4194.9363802754215,0.7213,30696.0,0.064,8.39,2,4.8
0,0.0,0.0,0.0,0.0,0.0,0.0,0.0,0.5901,41531.0,0.257,9.46,7,7.5
1,0.018621600365142595,0.018621600365142595,0.018621600365142595,0.7433360602187713,0.7433360602187713,5720.555632171805,5720.555632171805,0.8279,45415.0,0.092,3.66,1,0.0
0,0.0,0.0,0.0,0.0,0.0,0.0,0.0,0.8607,47969.0,0.089,1.95,1,0.0
3,0.09114621863377537,0.04882917246485054,0.03038207287792512,0.9760476020859743,0.7189771324330608,28000.11836429579,15000.321781202085,0.3219,26716.0,0.342,14.05,6,42.1
0,0.0,0.0,0.0,0.0,0.0,0.0,0.0,0.6913,41903.0,0.367,6.81,4,3.8
3,0.05142056463273775,0.023677229546573975,0.017140188210912583,0.5705641941171136,0.513869638188448,15796.397455177039,7273.644916707525,0.2536,34855.0,0.362,16.6,5,45.3
1,0.04306983507810087,0.04306983507810087,0.04306983507810087,0.9245721189373676,0.9245721189373676,13231.053335992587,13231.053335992587,0.7357,25466.0,0.397,3.48,3,3.1
2,0.1727403377741351,0.16748140842079634,0.08637016888706756,0.9420080455097162,0.7873105282730866,53065.8317642143,51450.28866686863,0.3673,10404.0,0.154,13.58,5,42.5
0,0.0,0.0,0.0,0.0,0.0,0.0,0.0,0.4319,43042.0,0.102,13.37,4,16.3
2,0.050784864638558205,0.03668202262246829,0.025392432319279103,0.8641919619575688,0.741578418686514,15601.110416965083,11268.717349622259,0.1698,21412.0,0.398,16.77,4,39.9
1,0.0937096094604413,0.0937096094604413,0.0937096094604413,0.42417414291275324,0.42417414291275324,28787.592026247567,28787.592026247567,0.5496,4323.0,0.159,10.58,1,21.8
0,0.0,0.0,0.0,0.0,0.0,0.0,0.0,0.3594,45588.0,0.078,12.6,9,18.2
1,0.04048820311900075,0.04048820311900075,0.04048820311900075,0.48642655971140736,0.48642655971140736,12437.97599815703,12437.97599815703,0.5294,34656.0,0.38,10.19,7,15.2
2,0.08595849694955436,0.0805212361463085,0.04297924847477718,0.7587864327117599,0.6504668163471878,26406.450262903098,24736.12374414597,0.7756,45150.0,0.348,6.93,2,20.1
0,0.0,0.0,0.0,0.0,0.0,0.0,0.0,0.7353,39159.0,0.249,4.41,4,0.0
1,0.03395706251265818,0.03395706251265818,0.03395706251265818,0.3706842273153014,0.3706842273153014,10431.609603888593,10431.609603888593,0.6903,12970.0,0.07,4.98,1,8.1
0,0.0,0.0,0.0,0.0,0.0,0.0,0.0,0.626,9203.0,0.201,8.83,1,0.0
0,0.0,0.0,0.0,0.0,0.0,0.0,0.0,0.6056,36887.0,0.266,9.58,3,2.8
2,0.07316024358975234,0.0478442090725415,0.03658012179487617,0.741721614706631,0.6479188152143077,22474.82683077192,14697.741027084749,0.4865,19223.0,0.058,8.99,4,27.0
6,0.2966653105803437,0.11768825474683875,0.04944421843005728,0.9589632389958702,0.7617299956178325,91135.58341028156,36153.83185822886,0.5845,4321.0,0.26,9.11,3,79.1
1,0.03465697162515003,0.03465697162515003,0.03465697162515003,0.74850038746888,0.74850038746888,10646.621683246089,10646.621683246089,0.9328,48942.0,0.396,2.29,0,0.2
1,0.012613978388307565,0.012613978388307565,0.012613978388307565,0.9731296568623915,0.9731296568623915,3875.014160888084,3875.014160888084,0.7277,26067.0,0.356,6.23,3,6.0
2,0.09434151864402349,0.06229680900502028,0.04717075932201174,0.7718168077299279,0.7305476515333634,28981.714527444015,19137.57972634223,0.415,14451.0,0.234,11.62,3,32.8
0,0.0,0.0,0.0,0.0,0.0,0.0,0.0,0.6765,13247.0,0.221,7.64,4,4.0
1,0.029611456353832215,0.029611456353832215,0.029611456353832215,0.6747437077315641,0.6747437077315641,9096.639391897257,9096.639391897257,0.6061,13158.0,0.365,10.07,5,16.0
0,0.0,0.0,0.0,0.0,0.0,0.0,0.0,0.6638,43553.0,0.153,8.4,2,0.0
1,0.02426582279591455,0.02426582279591455,0.02426582279591455,0.7376294127832306,0.7376294127832306,7454.46076290495,7454.46076290495,0.3588,18305.0,0.166,13.42,4,27.0
3,0.13698741812159976,0.06035740259175441,0.04566247270719992,0.9096480441643005,0.7225698950103153,42082.53484695545,18541.794076186954,0.7883,28059.0,0.098,3.06,1,20.5
0,0.0,0.0,0.0,0.0,0.0,0.0,0.0,0.4159,44158.0,0.4,10.03,6,14.3
3,0.2234381686946259,0.14507451701578872,0.0744793895648753,0.8259476345869483,0.6732080783936004,68640.20542298908,44566.8916272503,0.9549,26921.0,0.366,1.17,0,29.4
2,0.04858466858063812,0.02456800233640268,0.02429233429031906,0.8797666590719241,0.8092451638916848,14925.210187972029,7547.2903177429025,0.7548,16240.0,0.29,4.07,1,14.4
0,0.0,0.0,0.0,0.0,0.0,0.0,0.0,0.6329,49117.0,0.063,8.41,3,4.9
1,0.047174052665579634,0.047174052665579634,0.047174052665579634,0.3925019969209414,0.3925019969209414,14491.868978866063,14491.868978866063,0.312,25436.0,0.302,16.74,6,34.8
0,0.0,0.0,0.0,0.0,0.0,0.0,0.0,0.6784,3385.0,0.308,7.52,4,0.0
1,0.022731653043892748,0.022731653043892748,0.022731653043892748,0.735667496848441,0.735667496848441,6983.163815083853,6983.163815083853,0.7691,28996.0,0.301,4.46,0,5.6
2,0.09579334563156523,0.06972922579495586,0.047896672815782616,0.9072261935727763,0.8820086805151898,29427.715778016838,21420.81816421044,0.1995,7041.0,0.035,17.9,7,50.5
1,0.01167424309539342,0.01167424309539342,0.01167424309539342,0.8370496703100616,0.8370496703100616,3586.3274789048587,3586.3274789048587,0.7686,49694.0,0.337,6.89,2,0.0
0,0.0,0.0,0.0,0.0,0.0,0.0,0.0,0.5502,40733.0,0.081,10.47,2,2.9
1,0.030386984185778017,0.030386984185778017,0.030386984185778017,0.8166612572990666,0.8166612572990666,9334.881541871007,9334.881541871007,0.4381,3255.0,0.147,10.45,6,22.0
2,0.1685001326139183,0.1073758988679342,0.08425006630695915,0.4069408297468495,0.40359925523399165,51763.24073899571,32985.87613222939,0.2827,7474.0,0.169,15.24,9,54.6
0,0.0,0.0,0.0,0.0,0.0,0.0,0.0,0.8987,5604.0,0.138,2.05,1,0.0
2,0.0768936715170947,0.04747702050738149,0.03844683575854735,0.8848016934031581,0.6268495534765145,23621.73589005149,14584.940699867595,0.7313,44057.0,0.116,5.31,2,14.1
2,0.02487268904530684,0.0180069042451608,0.01243634452265342,0.9102598094480513,0.8823532096428455,7640.8900747182615,5531.720984113397,0.4256,24019.0,0.246,14.11,2,27.0
2,0.0668430173629724,0.044288987189168696,0.0334215086814862,0.9622538372544897,0.9469924975752037,20534.17493390512,13605.576864512623,0.2897,20181.0,0.301,14.99,9,47.7
3,0.07747359702048075,0.0598398540112169,0.025824532340160248,0.8749924680231919,0.7695463147894707,23799.889004691686,18382.803152245833,0.5701,49836.0,0.082,8.24,4,29.1
1,0.01661854239730692,0.01661854239730692,0.01661854239730692,0.4354612123124939,0.4354612123124939,5105.216224452686,5105.216224452686,0.6334,3115.0,0.215,8.18,1,9.0
4,0.1895141464680058,0.07158014128957749,0.04737853661700145,0.805866101815738,0.6618413795331297,58218.745794971386,21989.419404158205,0.4266,47844.0,0.103,12.08,4,59.1
3,0.14028274673981256,0.062196233521824615,0.04676091557993752,0.9766258610751896,0.819811615091258,43094.85979847042,19106.682937904523,0.9199,6951.0,0.098,0.89,0,17.2
2,0.09576279704693948,0.06366633581947478,0.04788139852346974,0.6878861828706964,0.5605521262776447,29418.331252819808,19558.298363742655,0.3288,41864.0,0.225,13.67,7,41.9
0,0.0,0.0,0.0,0.0,0.0,0.0,0.0,0.7443,28935.0,0.054,4.77,1,0.0
4,0.07908639756214236,0.04230463688493007,0.01977159939053559,0.9036257424569316,0.6196267584879547,24295.341331090138,12995.984451050519,0.8538,41617.0,0.188,1.82,1,16.8
0,0.0,0.0,0.0,0.0,0.0,0.0,0.0,0.7695,34197.0,0.388,4.62,1,0.0
1,0.016861973682596267,0.016861973682596267,0.016861973682596267,0.8586407259201412,0.8586407259201412,5179.998315293573,5179.998315293573,0.2427,26555.0,0.212,15.62,5,31.5
3,0.0976576929845094,0.03588416290964189,0.032552564328169796,0.7846119630750165,0.6723937924770754,30000.443284841287,11023.614845841988,0.6154,2705.0,0.274,9.79,5,28.3
1,0.01901626373662641,0.01901626373662641,0.01901626373662641,0.6909500543298187,0.6909500543298187,5841.796219891634,5841.796219891634,0.5074,9274.0,0.271,11.33,3,12.6
2,0.046786769545447755,0.03493385627763275,0.023393384772723878,0.7434212843274548,0.6888333549510087,14372.895604361549,10731.68064848878,0.4022,21067.0,0.383,14.02,1,24.4
1,0.019837388608102344,0.019837388608102344,0.019837388608102344,0.44309708477954984,0.44309708477954984,6094.04578040904,6094.04578040904,0.2254,17717.0,0.274,15.48,1,27.5
1,0.013370015330730633,0.013370015330730633,0.013370015330730633,0.7694155058608998,0.7694155058608998,4107.26870960045,4107.26870960045,0.2065,39673.0,0.053,15.3,4,30.1
1,0.029511829984979292,0.029511829984979292,0.029511829984979292,0.48933868509895695,0.48933868509895695,9066.034171385638,9066.034171385638,0.4851,3759.0,0.12,11.34,6,17.8
5,0.1932075036866647,0.10685772604049419,0.03864150073733294,0.8008693504619887,0.5186349581643845,59353.34513254339,32826.693439639814,0.1186,24874.0,0.227,17.31,12,88.3
2,0.18596253765774481,0.10257990433030185,0.09298126882887241,0.9449947498859249,0.8297609279027087,57127.69156845921,31512.54661026873,0.1906,5458.0,0.041,17.67,10,65.0
0,0.0,0.0,0.0,0.0,0.0,0.0,0.0,0.4843,47412.0,0.166,10.78,5,13.0
3,0.22157434148156008,0.1047628178858646,0.0738581138271867,0.612872650907027,0.5560279568447848,68067.63770313526,32183.137654537604,0.3226,32116.0,0.309,13.45,5,68.3
3,0.09881298420130903,0.06367241318570602,0.032937661400436344,0.9451228628069998,0.7921022971766861,30355.348746642132,19560.165330648888,0.593,5783.0,0.14,9.5,6,33.3
4,0.1302003350062914,0.0740404622370821,0.03255008375157285,0.9547681812958423,0.6869127198061789,39997.542913932724,22745.229999231622,0.8449,42509.0,0.256,2.92,3,31.3
0,0.0,0.0,0.0,0.0,0.0,0.0,0.0,0.4256,44893.0,0.111,12.93,5,8.7
2,0.028540200368969166,0.015157986322480207,0.014270100184484583,0.9080792397585621,0.700007589072936,8767.549553347328,4656.5333982659195,0.1262,1280.0,0.305,17.8,4,38.5
2,0.12950447983258398,0.08046071172718271,0.06475223991629199,0.7245639868795415,0.7007911675957563,39783.776204569804,24717.53064259053,0.8316,29148.0,0.187,3.21,1,13.2
2,0.09494849025822366,0.051019671669048056,0.04747424512911183,0.862907961580616,0.6471962769490216,29168.17620732631,15673.243136731562,0.7392,23710.0,0.203,7.02,1,20.7
6,0.18048115549369456,0.05978587502401506,0.030080192582282426,0.8820831880750489,0.7530712375323141,55443.81096766296,18366.220807377427,0.4549,41592.0,0.307,12.3,7,65.1
3,0.07015686219683495,0.03328464314301913,0.023385620732278317,0.9750751358609004,0.7547263179424853,21552.188066867697,10225.042373535476,0.5402,7641.0,0.136,7.73,5,32.9
1,0.016103386851686226,0.016103386851686226,0.016103386851686226,0.9218109051603982,0.9218109051603982,4946.960440838008,4946.960440838008,0.4726,49500.0,0.182,11.71,3,12.7
1,0.01620243314660966,0.01620243314660966,0.01620243314660966,0.877373575958972,0.877373575958972,4977.387462638488,4977.387462638488,0.92,33905.0,0.059,1.2,1,0.0
1,0.16295237491065265,0.16295237491065265,0.16295237491065265,0.48565268037757636,0.48565268037757636,50058.969572552494,50058.969572552494,0.4065,38794.0,0.154,12.57,4,39.8
2,0.08179179397965378,0.047995053789599985,0.04089589698982689,0.9573186932303757,0.8546345183827768,25126.43911054964,14744.080524165116,0.8534,38931.0,0.341,4.42,0,9.9
1,0.04642888218260594,0.04642888218260594,0.04642888218260594,0.6174043094060937,0.6174043094060937,14262.952606496545,14262.952606496545,0.5927,19893.0,0.056,9.34,0,15.8
1,0.0575885174522575,0.0575885174522575,0.0575885174522575,0.9649031904727384,0.9649031904727384,17691.192561333504,17691.192561333504,0.2898,32265.0,0.288,15.28,5,33.0
3,0.1505346661399371,0.10171980702524856,0.0501782220466457,0.9100178005071818,0.5907904117026174,46244.24943818867,31248.32471815636,0.6519,8149.0,0.141,8.15,1,29.8
1,0.10575198322779288,0.10575198322779288,0.10575198322779288,0.6140870227087809,0.6140870227087809,32487.00924757797,32487.00924757797,0.6616,35429.0,0.318,8.23,0,21.7
4,0.213515039077095,0.12194387809219219,0.05337875976927375,0.9135213206297802,0.7848431344266289,65591.82000448358,37461.15934992144,0.1328,47461.0,0.164,15.68,6,74.1
2,0.06089690026509992,0.05471444465455867,0.03044845013254996,0.6417857400357411,0.4989714265106153,18707.527761438698,16808.277397880425,0.8369,22001.0,0.16,3.89,2,0.2
1,0.04338410580178928,0.04338410580178928,0.04338410580178928,0.7085719680686392,0.7085719680686392,13327.597302309667,13327.597302309667,0.3844,26736.0,0.087,12.57,9,24.8
1,0.03341169078023817,0.03341169078023817,0.03341169078023817,0.42441131625500145,0.42441131625500145,10264.071407689165,10264.071407689165,0.5041,2288.0,0.192,12.21,9,20.8
0,0.0,0.0,0.0,0.0,0.0,0.0,0.0,0.5762,10507.0,0.201,10.1,3,12.8
2,0.17702724763917327,0.11970689553792668,0.08851362381958663,0.5123081370158602,0.4613579375494331,54382.77047475403,36773.95830925108,0.8386,30165.0,0.38,6.3,0,23.2
1,0.006916048033516115,0.006916048033516115,0.006916048033516115,0.536812251118993,0.536812251118993,2124.6099558961505,2124.6099558961505,0.734,28952.0,0.319,3.99,4,0.0
1,0.056713539678542375,0.056713539678542375,0.056713539678542375,0.35536966021077837,0.35536966021077837,17422.399389248218,17422.399389248218,0.94,38660.0,0.352,3.68,0,0.0
1,0.0057608959036366605,0.0057608959036366605,0.0057608959036366605,0.7920053442399692,0.7920053442399692,1769.747221597182,1769.747221597182,0.8688,970.0,0.225,3.98,0,0.0
0,0.0,0.0,0.0,0.0,0.0,0.0,0.0,0.7126,878.0,0.393,5.64,5,2.1
0,0.0,0.0,0.0,0.0,0.0,0.0,0.0,0.4906,45408.0,0.257,11.58,7,20.5
2,0.17624325964647844,0.14397468538017252,0.08812162982323922,0.7474129915464294,0.738669738362655,54141.92936339818,44229.023348789,0.5508,12889.0,0.043,7.32,3,39.7
1,0.013604735762692038,0.013604735762692038,0.013604735762692038,0.7502244799984331,0.7502244799984331,4179.374826298994,4179.374826298994,0.4857,42278.0,0.309,10.49,5,13.8
5,0.23220571807651805,0.11018569449876688,0.04644114361530361,0.8678453760862873,0.7157462128858321,71333.59659310634,33849.04535002118,0.4715,36425.0,0.289,11.13,6,73.8
1,0.016466622185060623,0.016466622185060623,0.016466622185060623,0.765890482480952,0.765890482480952,5058.546335250623,5058.546335250623,0.2638,1928.0,0.058,17.16,0,24.7
2,0.12015747808724439,0.06139602927046929,0.060078739043622195,0.9470750580816493,0.8531648211373717,36912.37726840148,18860.860191888165,0.5865,17227.0,0.275,9.16,3,28.8
1,0.03719210142598523,0.03719210142598523,0.03719210142598523,0.8081114918631289,0.8081114918631289,11425.413558062663,11425.413558062663,0.98,29546.0,0.334,1.29,0,0.0
1,0.022790521713989643,0.022790521713989643,0.022790521713989643,0.8479617975394327,0.8479617975394327,7001.248270537618,7001.248270537618,0.1543,8954.0,0.246,16.13,5,27.4
1,0.05104865359536531,0.05104865359536531,0.05104865359536531,0.8180173882354738,0.8180173882354738,15682.146384496224,15682.146384496224,0.3767,47761.0,0.084,13.0,7,29.4
1,0.02272836094625047,0.02272836094625047,0.02272836094625047,0.4379521352658423,0.4379521352658423,6982.152482688144,6982.152482688144,0.2762,30361.0,0.127,15.73,8,31.0
1,0.048951358156159336,0.048951358156159336,0.048951358156159336,0.6947400858905793,0.6947400858905793,15037.857225572148,15037.857225572148,0.3858,20447.0,0.23,16.1,8,32.2
2,0.022270377812119428,0.014068432418548486,0.011135188906059714,0.7672002268072909,0.6959456226871521,6841.460063883088,4321.822438978095,0.8677,3391.0,0.036,4.58,0,0.0
1,0.0077889814585216845,0.0077889814585216845,0.0077889814585216845,0.8065035319128238,0.8065035319128238,2392.7751040578614,2392.7751040578614,0.3694,33113.0,0.116,14.61,4,26.0
2,0.03972496489366005,0.024996739394894073,0.019862482446830025,0.8907697157050782,0.70662220853533,12203.509215332368,7678.998342111459,0.866,2439.0,0.327,3.45,0,2.5
3,0.08212122983043654,0.045046876141387006,0.02737374327681218,0.9605115847125486,0.8532590849421053,25227.641803910104,13838.400350634089,0.4686,10266.0,0.373,12.34,11,42.6
3,0.04879629514233418,0.02063573152748054,0.016265431714111395,0.8311737510553245,0.7798017507943092,14990.22186772506,6339.296725242021,0.5801,32277.0,0.363,10.21,1,24.3
2,0.2515538769582507,0.1297320347753762,0.12577693847912536,0.9005885405934566,0.6509083088233906,77277.35100157461,39853.68108299557,0.4587,42720.0,0.128,9.43,3,49.6
1,0.008613042054167176,0.008613042054167176,0.008613042054167176,0.4766818122407785,0.4766818122407785,2645.926519040156,2645.926519040156,0.915,4759.0,0.238,2.54,0,0.0
0,0.0,0.0,0.0,0.0,0.0,0.0,0.0,0.215,18859.0,0.282,17.86,9,26.8
1,0.05226331113179613,0.05226331113179613,0.05226331113179613,0.41472534041026643,0.41472534041026643,16055.28917968777,16055.28917968777,0.1071,9716.0,0.32,16.28,10,50.7
3,0.37871133927415507,0.29455439765759933,0.12623711309138502,0.8393787042260856,0.6746563360890979,116340.12342502044,90487.11096041452,0.6896,23114.0,0.05,6.6,4,68.5
1,0.09451512160004698,0.09451512160004698,0.09451512160004698,0.8606154817112358,0.8606154817112358,29035.045355534432,29035.045355534432,0.8799,38248.0,0.149,2.21,0,6.7
1,0.06739225495077597,0.06739225495077597,0.06739225495077597,0.461051030543396,0.461051030543396,20702.900720878377,20702.900720878377,0.3298,9028.0,0.311,14.96,11,37.2
4,0.23128385844254803,0.10639348207215085,0.05782096461063701,0.6738991319549743,0.557754226073703,71050.40131355076,32684.07769256474,0.7948,20010.0,0.116,3.04,2,43.2
3,0.2749906426313895,0.16669499367771018,0.0916635475437965,0.8856900545333537,0.7598812405857142,84477.12541636286,51208.702057792565,0.5288,34840.0,0.189,10.1,3,63.0
1,0.08988829475288299,0.08988829475288299,0.08988829475288299,0.46735988938770745,0.46735988938770745,27613.684148085653,27613.684148085653,0.9035,22327.0,0.05,0.54,0,0.0
3,0.08407742557117281,0.03602647662985479,0.02802580852372427,0.9488403098657288,0.8010876872568202,25828.585135464287,11067.33362069139,0.3363,4846.0,0.189,13.22,9,45.7
4,0.3341514104484111,0.28738390131805264,0.08353785261210278,0.7635343402688768,0.6457841460553515,102651.31328975191,88284.33448490578,0.581,16099.0,0.159,10.85,3,65.1
3,0.16518803502237375,0.12128479861076477,0.05506267834079125,0.7790075508360248,0.5861961608759768,50745.764358873224,37258.69013322694,0.4458,39294.0,0.144,13.99,3,47.1
1,0.005672854632115324,0.005672854632115324,0.005672854632115324,0.6763336981988105,0.6763336981988105,1742.7009429858276,1742.7009429858276,0.4249,18907.0,0.085,13.29,1,14.4
0,0.0,0.0,0.0,0.0,0.0,0.0,0.0,0.8157,24461.0,0.351,4.29,3,0.0
2,0.15734958469967558,0.13939617478076327,0.07867479234983779,0.6097600140886522,0.5562429389662746,48337.79241974034,42822.504892650475,0.4418,5394.0,0.065,11.91,8,47.8
1,0.04136054777932594,0.04136054777932594,0.04136054777932594,0.5785809680037826,0.5785809680037826,12705.960277808928,12705.960277808928,0.2913,36435.0,0.285,17.37,1,23.7
0,0.0,0.0,0.0,0.0,0.0,0.0,0.0,0.8544,39861.0,0.148,2.15,2,0.0
1,0.049547111534508,0.049547111534508,0.049547111534508,0.39622124598497954,0.39622124598497954,15220.872663400856,15220.872663400856,0.323,33776.0,0.162,16.9,3,33.4
1,0.04757020881375422,0.04757020881375422,0.04757020881375422,0.7761253146826708,0.7761253146826708,14613.568147585296,14613.568147585296,0.8699,2347.0,0.072,3.56,0,0.0
1,0.02149663837983222,0.02149663837983222,0.02149663837983222,0.805848038257564,0.805848038257564,6603.767310284458,6603.767310284458,0.4529,46610.0,0.321,11.94,3,20.0
0,0.0,0.0,0.0,0.0,0.0,0.0,0.0,0.1594,48980.0,0.309,17.15,9,28.8
3,0.17882540861911603,0.06655002223408711,0.05960846953970534,0.6704548699890008,0.6606610609664103,54935.165527792444,20444.166830311562,0.3874,40414.0,0.041,11.01,4,51.1
1,0.05105904543213193,0.05105904543213193,0.05105904543213193,0.4632079373466922,0.4632079373466922,15685.338756750929,15685.338756750929,0.9336,22468.0,0.307,0.52,1,1.4
3,0.08045381246690946,0.036623797915869255,0.02681793748896982,0.8818771974293331,0.5693954253344035,24715.411189834584,11250.830719755035,0.5488,26664.0,0.058,11.29,2,29.5
2,0.15691649068530725,0.1460916576905636,0.07845824534265362,0.8709073179030133,0.7154152291825095,48204.74593852639,44879.35724254113,0.6988,30709.0,0.032,8.59,2,27.2
0,0.0,0.0,0.0,0.0,0.0,0.0,0.0,0.9363,14562.0,0.362,1.59,2,0.0
1,0.006997787464380291,0.006997787464380291,0.006997787464380291,0.5140257635582255,0.5140257635582255,2149.7203090576254,2149.7203090576254,0.439,39431.0,0.053,12.91,5,18.6
2,0.07761079977244581,0.047459362547218685,0.038805399886222905,0.7176202234380561,0.6396572465539581,23842.037690095352,14579.51617450558,0.529,49784.0,0.31,9.43,6,34.0
0,0.0,0.0,0.0,0.0,0.0,0.0,0.0,0.2609,41654.0,0.324,15.47,6,24.9
3,0.07121035083215808,0.05378559760594213,0.02373678361071936,0.8619044244891901,0.724347494254021,21875.819775638964,16522.935584545423,0.4107,36983.0,0.386,13.46,5,35.8
0,0.0,0.0,0.0,0.0,0.0,0.0,0.0,0.428,7418.0,0.354,10.5,6,10.6
1,0.00977086637110667,0.00977086637110667,0.00977086637110667,0.7240781658179742,0.7240781658179742,3001.610149203969,3001.610149203969,0.2659,16042.0,0.289,16.68,7,32.0
1,0.025638540591647448,0.025638540591647448,0.025638540591647448,0.7248033188561581,0.7248033188561581,7876.159669754096,7876.159669754096,0.4589,49730.0,0.179,11.42,2,16.9
0,0.0,0.0,0.0,0.0,0.0,0.0,0.0,0.5172,43228.0,0.325,9.44,4,6.5
0,0.0,0.0,0.0,0.0,0.0,0.0,0.0,0.646,2341.0,0.348,9.51,3,0.0
2,0.0219428874191832,0.011730680452696464,0.0109714437095916,0.9115914193478466,0.7116575403284067,6740.855015173079,3603.6650350683535,0.6098,29448.0,0.329,9.85,4,20.2
4,0.13099937253311797,0.055970034321758025,0.03274984313327949,0.8263925988739903,0.6331765488711244,40243.00724217384,17193.994543644065,0.3761,5580.0,0.384,13.83,5,57.2
1,0.013465872154452562,0.013465872154452562,0.013465872154452562,0.6836651897758449,0.6836651897758449,4136.715925847827,4136.715925847827,0.4903,33008.0,0.171,11.87,4,25.0
2,0.06513490092980263,0.056125058868157086,0.03256745046490132,0.9309660282757435,0.7583355845572114,20009.441565635367,17241.618084297857,0.7939,7965.0,0.344,4.61,2,9.4
1,0.00896189431574856,0.00896189431574856,0.00896189431574856,0.3783516589745666,0.3783516589745666,2753.093933797958,2753.093933797958,0.1541,3495.0,0.316,17.93,6,33.1
1,0.011729100072754128,0.011729100072754128,0.011729100072754128,0.5305240386307861,0.5305240386307861,3603.179542350068,3603.179542350068,0.7384,9229.0,0.389,6.2,2,4.4
2,0.056433214363206356,0.031576584308205,0.028216607181603178,0.8815913748630044,0.7700554748203212,17336.283452376992,9700.326699480576,0.6827,2791.0,0.11,6.94,2,16.8
4,0.24387533098118758,0.09663885291137013,0.060968832745296894,0.9174336084726794,0.8353882162801402,74918.50167742082,29687.455614372902,0.5724,10265.0,0.137,8.6,3,55.1
1,0.005223809603747536,0.005223809603747536,0.005223809603747536,0.9715128015229432,0.9715128015229432,1604.754310271243,1604.754310271243,0.6006,6639.0,0.167,7.69,4,8.2
2,0.04930198565080232,0.03181767843737443,0.02465099282540116,0.8174647023664312,0.7668924578907452,15145.569991926473,9774.390815961426,0.5462,42181.0,0.369,9.21,5,26.4
6,0.4498320395183271,0.21514822721369087,0.07497200658638785,0.9691932284957842,0.6706294702953272,138188.4025400301,66093.53540004583,0.5426,40526.0,0.37,10.47,4,97.1
1,0.19065096349879435,0.19065096349879435,0.19065096349879435,0.4517879638573841,0.4517879638573841,58567.975986829624,58567.975986829624,0.2699,31469.0,0.36,16.8,11,52.2
0,0.0,0.0,0.0,0.0,0.0,0.0,0.0,0.6933,24457.0,0.223,3.62,1,0.0
3,0.16622708699636526,0.10780855499965615,0.05540902899878842,0.7882857428569068,0.6302576575397669,51064.96112528341,33118.78809589437,0.5713,32880.0,0.093,8.33,5,44.8
3,0.2965449796365871,0.2112753778898685,0.09884832654552904,0.6966168901156271,0.5548749391961159,91098.61774435955,64903.7960877676,0.2878,25132.0,0.142,15.08,8,81.8
1,0.2061489156637929,0.2061489156637929,0.2061489156637929,0.5479881983548442,0.5479881983548442,63328.94689191718,63328.94689191718,0.3059,19306.0,0.265,15.35,7,50.3
2,0.10078187063762842,0.05805938147163132,0.05039093531881421,0.4530392977027665,0.41446106557657203,30960.190659879452,17835.84198808514,0.2349,21305.0,0.309,16.24,8,47.5
1,0.054651261921976724,0.054651261921976724,0.054651261921976724,0.7829067754374437,0.7829067754374437,16788.86766243125,16788.86766243125,0.8471,43322.0,0.389,2.95,1,0.0
1,0.07894037259111181,0.07894037259111181,0.07894037259111181,0.354991826025083,0.354991826025083,24250.482459989547,24250.482459989547,0.2262,39348.0,0.142,14.79,8,40.7
3,0.1196529784230689,0.05375526368325391,0.03988432614102297,0.8162003446322585,0.7345086711334403,36757.39497156676,16513.6170034956,0.7829,4903.0,0.294,6.09,1,23.2
1,0.04771647588653178,0.04771647588653178,0.04771647588653178,0.4853453450015355,0.4853453450015355,14658.501392342563,14658.501392342563,0.403,7772.0,0.376,14.15,3,20.0
1,0.02559678210499405,0.02559678210499405,0.02559678210499405,0.5387849719643741,0.5387849719643741,7863.331462654172,7863.331462654172,0.8672,45059.0,0.224,1.85,2,0.0
0,0.0,0.0,0.0,0.0,0.0,0.0,0.0,0.477,24425.0,0.253,11.72,2,5.0
1,0.019630710898006536,0.019630710898006536,0.019630710898006536,0.392936935603822,0.392936935603822,6030.554387867608,6030.554387867608,0.5072,8541.0,0.202,10.88,5,19.3
2,0.07440067881135795,0.05839321717225249,0.037200339405678975,0.846674364446736,0.7214219567889877,22855.888530849166,17938.396315315964,0.8724,39968.0,0.319,2.4,0,5.3
0,0.0,0.0,0.0,0.0,0.0,0.0,0.0,0.9087,15825.0,0.323,2.33,0,0.0
1,0.010302698895779706,0.010302698895779706,0.010302698895779706,0.513983842779205,0.513983842779205,3164.989100783526,3164.989100783526,0.3124,2443.0,0.346,15.37,5,25.1
1,0.04156434976043393,0.04156434976043393,0.04156434976043393,0.670117695271923,0.670117695271923,12768.568246405304,12768.568246405304,0.4773,37915.0,0.04,11.34,6,23.1
0,0.0,0.0,0.0,0.0,0.0,0.0,0.0,0.2705,2383.0,0.295,17.58,2,17.0
3,0.06252639589163057,0.027554568424746614,0.020842131963876857,0.9037943060104127,0.7524811023765339,19208.108817908913,8464.76342008216,0.4965,36642.0,0.049,10.13,6,27.9
3,0.2664290208452832,0.12584426454950695,0.0888096736150944,0.6247448198528786,0.5293609348906175,81846.99520367099,38659.358069608534,0.2395,8803.0,0.29,16.11,3,66.7
2,0.0577878354054806,0.05237199649105565,0.0288939177027403,0.6025724834605475,0.5658676071429503,17752.423036563643,16088.677322052295,0.5594,1783.0,0.248,10.67,7,25.9
1,0.01644084741108926,0.01644084741108926,0.01644084741108926,0.7131810979935918,0.7131810979935918,5050.628324686621,5050.628324686621,0.7517,30468.0,0.154,7.06,4,12.7
0,0.0,0.0,0.0,0.0,0.0,0.0,0.0,0.3365,2133.0,0.382,15.75,3,15.8
1,0.09676376893881236,0.09676376893881236,0.09676376893881236,0.8906785580613383,0.8906785580613383,29725.829818003156,29725.829818003156,0.2703,17890.0,0.074,15.41,7,46.1
0,0.0,0.0,0.0,0.0,0.0,0.0,0.0,0.5158,15298.0,0.157,10.72,2,3.3
3,0.04793005151080462,0.022029893075548014,0.015976683836934874,0.7893388874325051,0.6809947639037053,14724.11182411918,6767.58315280835,0.5825,13238.0,0.204,11.35,2,28.1
1,0.08969341421916253,0.08969341421916253,0.08969341421916253,0.9092262171869853,0.9092262171869853,27553.81684812673,27553.81684812673,0.4255,20831.0,0.156,14.15,3,32.7
1,0.026572366772697673,0.026572366772697673,0.026572366772697673,0.4712434499616935,0.4712434499616935,8163.031072572725,8163.031072572725,0.3141,16282.0,0.041,14.47,7,27.3
1,0.06434795602443635,0.06434795602443635,0.06434795602443635,0.7003201476155473,0.7003201476155473,19767.69209070685,19767.69209070685,0.8094,27970.0,0.25,3.79,0,4.2
1,0.027285403872407077,0.027285403872407077,0.027285403872407077,0.5364080009111745,0.5364080009111745,8382.076069603454,8382.076069603454,0.251,9631.0,0.086,15.97,3,28.9
1,0.030198129025768936,0.030198129025768936,0.030198129025768936,0.9072133841943414,0.9072133841943414,9276.865236716218,9276.865236716218,0.2968,17646.0,0.075,16.01,6,31.5
1,0.012987090922371207,0.012987090922371207,0.012987090922371207,0.4831159538434494,0.4831159538434494,3989.634331352435,3989.634331352435,0.132,37774.0,0.34,17.49,3,40.9
4,0.36899518273321874,0.1541075201144561,0.09224879568330469,0.7052499330042588,0.6026596436520225,113355.3201356448,47341.83017916092,0.35,43759.0,0.123,13.52,6,82.6
0,0.0,0.0,0.0,0.0,0.0,0.0,0.0,0.2038,19815.0,0.08,17.49,3,19.5
2,0.08182335828969743,0.057483887433450453,0.040911679144848716,0.9229381565505062,0.7366633188465814,25136.135666595048,17659.05021955598,0.1755,17069.0,0.164,17.75,2,46.5
4,0.18425399048548025,0.07587270816920633,0.04606349762137006,0.9029991122917552,0.8567730693467024,56602.82587713953,23308.095949580184,0.3984,32870.0,0.239,13.27,6,64.2
5,0.15038188880672804,0.04260314829758051,0.030076377761345606,0.7467427161374682,0.5778401292403024,46197.31624142685,13087.687157016733,0.7031,27255.0,0.119,6.66,5,51.2
2,0.060218142320211825,0.05515904595801751,0.030109071160105912,0.8740031006757388,0.6866441107896113,18499.013320769074,16944.85891830298,0.199,24601.0,0.346,16.1,7,43.8
1,0.10063096075489603,0.10063096075489603,0.10063096075489603,0.4967538666300402,0.4967538666300402,30913.83114390406,30913.83114390406,0.9431,26843.0,0.344,2.59,0,11.0
3,0.1160492982155874,0.08087626333057742,0.0386830994051958,0.938440646706386,0.9092667173566413,35650.34441182845,24845.188095153382,0.7726,31082.0,0.212,5.1,1,27.9
2,0.16595150914112186,0.14291958939665717,0.08297575457056093,0.7122983056027017,0.5888814498885228,50980.30360815264,43904.89786265308,0.9505,25367.0,0.045,0.6,0,17.0
3,0.17861668940230407,0.11068382945787862,0.05953889646743469,0.8789146266983751,0.6355541082283743,54871.04698438781,34002.072409460314,0.9449,41467.0,0.18,1.22,0,26.7
3,0.1701875471739584,0.09924625613526125,0.056729182391319466,0.9696769547171379,0.638645494291393,52281.614491840024,30488.449884752255,0.2624,9355.0,0.232,15.54,3,58.4
0,0.0,0.0,0.0,0.0,0.0,0.0,0.0,0.5223,7976.0,0.399,9.84,6,10.7
2,0.053886157928782284,0.029710690932350528,0.026943078964391142,0.8120683806925999,0.679034760694625,16553.82771572192,9127.124254418082,0.7218,8566.0,0.15,4.85,1,13.8
3,0.05926792161994547,0.03389626079045459,0.019755973873315156,0.6649548747245712,0.5455418122776562,18207.105521647245,10412.931314827649,0.3892,45768.0,0.366,13.59,2,39.4
1,0.049001276067124636,0.049001276067124636,0.049001276067124636,0.67064208751188,0.67064208751188,15053.192007820688,15053.192007820688,0.1354,22646.0,0.079,16.87,5,32.6
3,0.07898707600996936,0.055139000311359154,0.026329025336656455,0.593083247696936,0.4620460544107588,24264.829750262594,16938.700895649534,0.6641,3143.0,0.362,8.62,2,30.1
1,0.04154901605417748,0.04154901605417748,0.04154901605417748,0.42112365159490295,0.42112365159490295,12763.857731843324,12763.857731843324,0.2834,16503.0,0.052,13.81,7,31.8
2,0.028850831380684054,0.016412651691586032,0.014425415690342027,0.4696884050859858,0.4694881482052423,8862.975400146142,5041.966599655229,0.5406,39076.0,0.361,9.24,3,19.9
4,0.2158457892378674,0.0876211532939203,0.05396144730946685,0.9502458686004994,0.7768850966226188,66307.82645387287,26917.218291892317,0.2576,18604.0,0.179,14.67,10,80.6
1,0.017775785745514593,0.017775785745514593,0.017775785745514593,0.8845373251904535,0.8845373251904535,5460.721381022083,5460.721381022083,0.9641,13859.0,0.389,0.69,0,0.0
2,0.27188815141529726,0.26064059809207585,0.13594407570764863,0.9435228975878169,0.9123452061098449,83524.04011477933,80068.79173388571,0.4959,49211.0,0.157,12.41,5,54.9
4,0.18657282655654067,0.06813619344897676,0.04664320663913517,0.9228825971955832,0.6671933924837914,57315.17231816929,20931.43862752566,0.8218,44476.0,0.107,6.9,1,42.5
0,0.0,0.0,0.0,0.0,0.0,0.0,0.0,0.3047,20493.0,0.31,14.25,3,14.0
3,0.08886172555119391,0.040569445315697825,0.029620575183731304,0.9132347410547516,0.7712358935808714,27298.322089326764,12462.933600982371,0.9095,25167.0,0.214,3.47,0,14.5
4,0.1080253834756805,0.08012564909610131,0.027006345868920124,0.9236344322977204,0.675390429544543,33185.39780372905,24614.599402322325,0.7439,6607.0,0.035,4.83,3,26.6
1,0.020702059673583642,0.020702059673583642,0.020702059673583642,0.9199349946221962,0.9199349946221962,6359.672731724895,6359.672731724895,0.29,45327.0,0.255,13.94,6,26.2
1,0.14165644099368474,0.14165644099368474,0.14165644099368474,0.744950681358773,0.744950681358773,43516.85867325995,43516.85867325995,0.6065,6438.0,0.341,8.43,3,30.4
1,0.0259031166532839,0.0259031166532839,0.0259031166532839,0.4280013656378109,0.4280013656378109,7957.4374358888135,7957.4374358888135,0.2761,43238.0,0.279,16.8,5,34.1
1,0.1539378285524608,0.1539378285524608,0.1539378285524608,0.7001013047022542,0.7001013047022542,47289.70093131596,47289.70093131596,0.6697,45903.0,0.379,6.27,3,25.7
1,0.020212464220346386,0.020212464220346386,0.020212464220346386,0.5453471729561056,0.5453471729561056,6209.26900849041,6209.26900849041,0.5296,24794.0,0.375,10.13,5,13.3
3,0.1700185181410773,0.09510325929496288,0.0566728393803591,0.7869095153433037,0.6517565220850986,52229.68877293895,29215.721255412598,0.4922,47826.0,0.266,11.4,5,51.2
1,0.03236707029000688,0.03236707029000688,0.03236707029000688,0.9736236308590475,0.9736236308590475,9943.163993090113,9943.163993090113,0.9621,46843.0,0.385,1.4,0,0.0
1,0.04822546377814226,0.04822546377814226,0.04822546377814226,0.7254548801750739,0.7254548801750739,14814.862472645304,14814.862472645304,0.3738,44689.0,0.302,13.94,5,26.4
3,0.1277610843491001,0.09935320802397593,0.0425870281163667,0.854396561394382,0.6786284896291392,39248.20511204355,30521.305504965407,0.98,4464.0,0.2,1.08,0,16.1
3,0.2505205948254533,0.12124833307524319,0.08350686494181776,0.814448960548343,0.7376528219717596,76959.92673037926,37247.48792071471,0.8854,47307.0,0.149,1.81,0,35.5
4,0.15698138679981286,0.09415693830849506,0.039245346699953214,0.7355453688532392,0.6060399631043378,48224.68202490251,28925.01144836968,0.9607,16057.0,0.327,2.06,0,27.9
2,0.07273234457258082,0.0484843944300461,0.03636617228629041,0.8197082646367501,0.8122867660731832,22343.37625269683,14894.405968910163,0.4345,1652.0,0.055,12.62,3,25.9
1,0.014471101694861713,0.014471101694861713,0.014471101694861713,0.865912802750214,0.865912802750214,4445.522440661518,4445.522440661518,0.4848,4436.0,0.18,12.62,5,12.3
1,0.006899834459333688,0.006899834459333688,0.006899834459333688,0.45418933270843886,0.45418933270843886,2119.629145907309,2119.629145907309,0.7291,41761.0,0.344,6.18,3,4.7
3,0.1111074261525917,0.0674864169003805,0.037035808717530566,0.9763266642583275,0.7464132338400375,34132.20131407617,20731.82727179689,0.3257,29397.0,0.326,16.19,6,58.7
1,0.04490681137100064,0.04490681137100064,0.04490681137100064,0.886781752273653,0.886781752273653,13795.372453171396,13795.372453171396,0.7044,34838.0,0.189,6.38,2,12.4
0,0.0,0.0,0.0,0.0,0.0,0.0,0.0,0.4881,19585.0,0.098,11.73,2,9.9
4,0.19225089048700958,0.09776899882115014,0.048062722621752395,0.8715168629621967,0.7832475282979737,59059.47355760934,30034.636437857323,0.2618,16570.0,0.046,17.66,7,72.4
2,0.06001937318303453,0.044861350303826285,0.030009686591517266,0.862871716930414,0.8558221715166956,18437.95144182821,13781.406813335434,0.2122,26380.0,0.291,17.61,3,38.2
1,0.09562225329418886,0.09562225329418886,0.09562225329418886,0.5805096671205819,0.5805096671205819,29375.156211974816,29375.156211974816,0.2468,30520.0,0.293,14.65,8,38.0
3,0.1111574800058898,0.07489650304293458,0.0370524933352966,0.767856980147386,0.6000393793095503,34147.57785780935,23008.205734789502,0.6637,22827.0,0.069,10.97,2,37.6
1,0.016973703956248653,0.016973703956248653,0.016973703956248653,0.86030677431172,0.86030677431172,5214.321855359586,5214.321855359586,0.2624,22862.0,0.342,16.0,6,31.8
0,0.0,0.0,0.0,0.0,0.0,0.0,0.0,0.5886,15796.0,0.29,8.52,3,4.5
0,0.0,0.0,0.0,0.0,0.0,0.0,0.0,0.8522,15529.0,0.034,3.9,1,0.0
2,0.05964824745391528,0.04824107574036021,0.02982412372695764,0.6464092669634874,0.5419448636213003,18323.941617842775,14819.658467438658,0.7318,37608.0,0.262,8.55,3,17.0
6,0.23397978859996738,0.051772548853975885,0.0389966314333279,0.8186611887877767,0.6846834493911281,71878.59105790997,15904.527007941391,0.4285,5524.0,0.06,11.64,4,74.7
2,0.12832936504666254,0.12179340372364302,0.06416468252333127,0.8291576166739976,0.7472230077796542,39422.78094233473,37414.93362390313,0.8,44793.0,0.058,2.2,1,19.5
2,0.06218301020275859,0.03939865276798199,0.031091505101379296,0.9069290218495202,0.8563469122950788,19102.62073428744,12103.266130324067,0.7514,22232.0,0.044,5.01,1,11.4
1,0.04759803442764172,0.04759803442764172,0.04759803442764172,0.4109837554764385,0.4109837554764385,14622.116176171536,14622.116176171536,0.6629,29440.0,0.148,7.43,2,11.5
5,0.21614034199481638,0.08374072299253693,0.043228068398963274,0.9697320748562291,0.7805503312994471,66398.31306080759,25725.150103307344,0.7635,30777.0,0.301,5.09,2,49.2
0,0.0,0.0,0.0,0.0,0.0,0.0,0.0,0.8399,2180.0,0.267,3.49,2,0.0
1,0.09139108528850173,0.09139108528850173,0.09139108528850173,0.9288969600560758,0.9288969600560758,28075.34140062773,28075.34140062773,0.3817,49199.0,0.098,13.91,7,44.4
2,0.10065870543562681,0.08860640891183867,0.05032935271781341,0.6712426805711744,0.5791434187052142,30922.354309824557,27219.88881771684,0.9229,2435.0,0.353,0.75,1,9.2
2,0.06672568841425586,0.047438660310211996,0.03336284420712793,0.9032369736631034,0.6729866245747724,20498.131480859403,14573.156447297126,0.5822,22684.0,0.227,11.41,1,29.1
4,0.2848937683643497,0.17836964151630533,0.07122344209108743,0.9538398540648143,0.8109974120420333,87519.36564152823,54795.153873808995,0.6529,13720.0,0.06,6.55,2,50.0
5,0.2211169616689816,0.12357780598689691,0.04422339233379632,0.9034041442278153,0.7647105416242297,67927.13062471115,37963.10199917473,0.664,28201.0,0.21,5.31,1,52.5
1,0.0321354111415695,0.0321354111415695,0.0321354111415695,0.5797633696357881,0.5797633696357881,9871.998302690152,9871.998302690152,0.7703,25677.0,0.13,8.05,0,1.3
2,0.11278359268757415,0.06931481349566518,0.056391796343787076,0.5748640222144152,0.5011885726359233,34647.11967362278,21293.510705868342,0.4395,39729.0,0.364,14.31,6,38.9
1,0.011096070159623286,0.011096070159623286,0.011096070159623286,0.3653954788258311,0.3653954788258311,3408.7127530362736,3408.7127530362736,0.2858,49247.0,0.231,17.62,3,28.3
1,0.019741028708773013,0.019741028708773013,0.019741028708773013,0.6657754531626332,0.6657754531626332,6064.444019335069,6064.444019335069,0.37,22623.0,0.149,12.04,10,27.5
2,0.0548010874687128,0.046237939862383524,0.0274005437343564,0.5098379917618353,0.43787514368709896,16834.89407038857,14204.295125724218,0.98,35273.0,0.172,0.61,0,0.0
1,0.06430614279842173,0.06430614279842173,0.06430614279842173,0.43186351314243826,0.43186351314243826,19754.847067675153,19754.847067675153,0.3373,48537.0,0.18,14.82,4,28.8
3,0.11486390663762247,0.06773348962429608,0.03828796887920749,0.7689851355830902,0.767525389408893,35286.19211907762,20807.728012583757,0.468,15561.0,0.097,10.74,8,43.5
1,0.11744199027978865,0.11744199027978865,0.11744199027978865,0.9053062955917843,0.9053062955917843,36078.179413951075,36078.179413951075,0.7095,43900.0,0.056,6.11,3,15.0
2,0.05910550991674472,0.05122416300178205,0.02955275495837236,0.634370838420153,0.6307607509618567,18157.21264642398,15736.062874147447,0.9326,11973.0,0.063,0.82,0,0.0
3,0.09693764056433817,0.05615774792199591,0.03231254685477939,0.7993931243264072,0.6816584137492919,29779.243181364684,17251.660161637144,0.8099,21676.0,0.087,2.83,0,11.2
6,0.28706117662829783,0.08163500660701138,0.04784352943804964,0.8804654380861915,0.7045661062066414,88185.1934602131,25078.274029673896,0.5488,48113.0,0.395,10.09,5,76.2
0,0.0,0.0,0.0,0.0,0.0,0.0,0.0,0.7205,18000.0,0.032,7.23,3,6.0
3,0.1048610357042501,0.05484136806775755,0.03495367856808337,0.977754211476723,0.7858042824974222,32213.31016834563,16847.26827041512,0.2044,36190.0,0.171,17.91,9,54.5
2,0.047272560283340696,0.03875551332575923,0.023636280141670348,0.8589803460195315,0.70481382376232,14522.130519042263,11905.693693673236,0.9541,31928.0,0.378,2.46,2,2.8
1,0.016218484513082505,0.016218484513082505,0.016218484513082505,0.5850158710975522,0.5850158710975522,4982.318442418946,4982.318442418946,0.3382,43304.0,0.121,14.48,5,31.4
1,0.08871132602798794,0.08871132602798794,0.08871132602798794,0.6354345176130023,0.6354345176130023,27252.119355797895,27252.119355797895,0.1442,26575.0,0.368,15.93,13,52.9
0,0.0,0.0,0.0,0.0,0.0,0.0,0.0,0.7468,48834.0,0.253,4.91,0,0.0
0,0.0,0.0,0.0,0.0,0.0,0.0,0.0,0.1187,39270.0,0.2,17.73,6,24.6
2,0.08254509771051455,0.07297008177537763,0.041272548855257274,0.9487860297390319,0.8462366247972377,25357.85401667007,22416.40912139601,0.7481,10199.0,0.08,6.2,2,18.7
1,0.15650424731876403,0.15650424731876403,0.15650424731876403,0.724161060911459,0.724161060911459,48078.10477632431,48078.10477632431,0.215,44420.0,0.164,17.06,9,53.5
1,0.010820314103046891,0.010820314103046891,0.010820314103046891,0.8191573537816035,0.8191573537816035,3324.000492456005,3324.000492456005,0.356,47850.0,0.398,15.41,2,19.0
0,0.0,0.0,0.0,0.0,0.0,0.0,0.0,0.9608,27037.0,0.09,1.14,1,0.0
0,0.0,0.0,0.0,0.0,0.0,0.0,0.0,0.7725,38691.0,0.208,4.83,2,0.0
0,0.0,0.0,0.0,0.0,0.0,0.0,0.0,0.8735,1295.0,0.356,5.32,1,0.0
2,0.13398222985402522,0.10524064366024535,0.06699111492701261,0.9477168720026188,0.8222685644815314,41159.341011156546,32329.92573242737,0.7267,17494.0,0.199,6.53,2,19.1
0,0.0,0.0,0.0,0.0,0.0,0.0,0.0,0.2784,2277.0,0.365,16.37,4,14.1
1,0.06677094329459955,0.06677094329459955,0.06677094329459955,0.9136482072010483,0.9136482072010483,20512.03378010098,20512.03378010098,0.2985,34071.0,0.352,17.85,2,31.3
2,0.08799164467354349,0.08162078797145253,0.043995822336771746,0.7252875661125602,0.5591087627806615,27031.03324371256,25073.90606483022,0.7743,22805.0,0.319,4.04,1,12.8
1,0.0410289232435418,0.0410289232435418,0.0410289232435418,0.7228363109663078,0.7228363109663078,12604.08522041604,12604.08522041604,0.1747,8014.0,0.114,16.74,7,41.2
1,0.010515736960253307,0.010515736960253307,0.010515736960253307,0.5647380723664266,0.5647380723664266,3230.434394189816,3230.434394189816,0.7977,1884.0,0.326,3.09,2,5.9
0,0.0,0.0,0.0,0.0,0.0,0.0,0.0,0.6369,29210.0,0.082,7.27,4,5.5
1,0.01590927497390759,0.01590927497390759,0.01590927497390759,0.5523346892163107,0.5523346892163107,4887.329271984412,4887.329271984412,0.8302,28669.0,0.151,4.23,3,1.1
2,0.04247066922482076,0.032786742223923346,0.02123533461241038,0.9111692970007241,0.7361075067419924,13046.989585864938,10072.087211189251,0.7294,44965.0,0.035,2.9,5,15.1
3,0.06827946957370751,0.032129193156689065,0.022759823191235835,0.8780459301116292,0.6598428860658875,20975.453053042947,9870.088137734881,0.4775,9149.0,0.142,9.74,3,27.0
2,0.05918582146657425,0.042228886022404356,0.029592910733287126,0.9462297398767527,0.9391973905755493,18181.884354531612,12972.713786082619,0.4208,38945.0,0.329,11.68,4,23.7
2,0.04237060862206811,0.02148624007402627,0.021185304311034055,0.957567624231779,0.6676585187754267,13016.250968699323,6600.5729507408705,0.8592,10223.0,0.087,2.79,0,0.0
1,0.008415018026947932,0.008415018026947932,0.008415018026947932,0.7457604226401156,0.7457604226401156,2585.0935378784047,2585.0935378784047,0.2794,40309.0,0.392,17.56,3,23.0
2,0.11840093463958987,0.06766793468502061,0.05920046731979493,0.5044921006361672,0.45059972988492003,36372.767121282006,20787.58953523833,0.6967,48999.0,0.196,7.72,5,35.2
3,0.15565697766895353,0.10773036320537455,0.05188565922298451,0.7501345642457918,0.7204981512642624,47817.82353990253,33094.76757669106,0.1391,10717.0,0.1,16.64,11,58.6
1,0.17199535127384422,0.17199535127384422,0.17199535127384422,0.762700968376373,0.762700968376373,52836.971911324945,52836.971911324945,0.6483,31258.0,0.098,6.12,3,21.9
1,0.02554792543427496,0.02554792543427496,0.02554792543427496,0.6964394298989662,0.6964394298989662,7848.322693409267,7848.322693409267,0.6418,44095.0,0.2,6.69,1,9.6
0,0.0,0.0,0.0,0.0,0.0,0.0,0.0,0.7752,37480.0,0.089,4.75,3,0.0
1,0.05868009064589229,0.05868009064589229,0.05868009064589229,0.9432196797119579,0.9432196797119579,18026.52384641811,18026.52384641811,0.9765,25029.0,0.062,1.12,0,0.0
1,0.06507021949308742,0.06507021949308742,0.06507021949308742,0.7395402482534768,0.7395402482534768,19989.571428276453,19989.571428276453,0.8107,25917.0,0.328,5.85,2,5.2
1,0.030031186471760403,0.030031186471760403,0.030031186471760403,0.9315001934488505,0.9315001934488505,9225.580484124795,9225.580484124795,0.3558,38784.0,0.175,11.28,3,18.2
4,0.06988508370152285,0.03641460770978148,0.017471270925380714,0.7085146098668227,0.5651685705559076,21468.697713107824,11186.56748844487,0.8242,14778.0,0.082,4.21,2,19.0
1,0.04150007350661085,0.04150007350661085,0.04150007350661085,0.43615436057606716,0.43615436057606716,12748.822581230852,12748.822581230852,0.3456,37388.0,0.214,15.9,4,29.4
1,0.05715800626837824,0.05715800626837824,0.05715800626837824,0.8881292773481424,0.8881292773481424,17558.939525645794,17558.939525645794,0.5901,37599.0,0.267,11.93,4,20.6
1,0.06996058596492291,0.06996058596492291,0.06996058596492291,0.37659074014459976,0.37659074014459976,21491.89200842432,21491.89200842432,0.266,24251.0,0.344,13.65,7,34.3
1,0.022828817711543013,0.022828817711543013,0.022828817711543013,0.3619565036391628,0.3619565036391628,7013.012800986014,7013.012800986014,0.3883,16821.0,0.282,11.69,1,19.4
2,0.06129145212755164,0.04101037196599122,0.03064572606377582,0.800256023063391,0.5943586735888395,18828.734093583862,12598.386267952503,0.6609,11710.0,0.309,6.89,1,15.1
4,0.20619346422275892,0.0753745791711038,0.05154836605568973,0.9581202564646275,0.7097640195046264,63342.632209231546,23155.070721363085,0.8392,4591.0,0.179,2.72,1,32.5
1,0.11691303790336373,0.11691303790336373,0.11691303790336373,0.8497714384421772,0.8497714384421772,35915.685243913336,35915.685243913336,0.5521,46876.0,0.165,10.67,1,23.1
1,0.03217973097594102,0.03217973097594102,0.03217973097594102,0.7113961615819129,0.7113961615819129,9885.61335580908,9885.61335580908,0.5261,33382.0,0.033,11.93,2,16.1
1,0.023399285637548946,0.023399285637548946,0.023399285637548946,0.3967595538155462,0.3967595538155462,7188.260547855037,7188.260547855037,0.6798,16392.0,0.291,8.2,2,4.8
1,0.07959624256238208,0.07959624256238208,0.07959624256238208,0.7831150851734617,0.7831150851734617,24451.965715163777,24451.965715163777,0.7233,11436.0,0.312,7.52,2,9.4
2,0.038508470739604145,0.0288221427166163,0.019254235369802072,0.9598509852062819,0.8203569875072754,11829.802211206392,8854.162242544528,0.4251,40943.0,0.356,14.16,9,38.3
2,0.09992179864650358,0.057799183306677104,0.04996089932325179,0.39545870932742877,0.39390199698753015,30695.976544205896,17755.909111811205,0.7209,42235.0,0.352,5.74,2,16.0
2,0.09965213054855201,0.07869965401270936,0.04982606527427601,0.8887814119525433,0.6957454628946256,30613.13450451518,24176.533712704313,0.3271,38777.0,0.374,15.36,4,42.4
0,0.0,0.0,0.0,0.0,0.0,0.0,0.0,0.4187,32043.0,0.05,12.26,3,13.3
2,0.03534205300707923,0.021770130887081546,0.017671026503539616,0.7295110741744292,0.6676989819454122,10857.07868377474,6687.784208511451,0.8757,20219.0,0.365,2.29,1,4.6
1,0.05903172119090233,0.05903172119090233,0.05903172119090233,0.8051047863218325,0.8051047863218325,18134.544749845198,18134.544749845198,0.7662,5530.0,0.321,1.84,0,1.5
1,0.006684953964452973,0.006684953964452973,0.006684953964452973,0.8459330178951029,0.8459330178951029,2053.617857879953,2053.617857879953,0.4128,32364.0,0.057,12.59,3,19.6
1,0.14713900049701106,0.14713900049701106,0.14713900049701106,0.45544198650250556,0.45544198650250556,45201.1009526818,45201.1009526818,0.5011,10590.0,0.159,8.27,9,33.1
1,0.019036226707735415,0.019036226707735415,0.019036226707735415,0.49287579090373307,0.49287579090373307,5847.928844616319,5847.928844616319,0.98,5649.0,0.358,1.9,1,0.0
1,0.04288799391932522,0.04288799391932522,0.04288799391932522,0.5162196801839526,0.5162196801839526,13175.191732016707,13175.191732016707,0.6252,49338.0,0.107,8.46,4,13.1
2,0.09521631044886344,0.06873514571140135,0.04760815522443172,0.8766556385829312,0.6454396917777863,29250.45056989085,21115.436762542497,0.2129,32645.0,0.158,16.43,4,39.7
4,0.15042200380185305,0.06848023365198262,0.037605500950463264,0.7924958955930879,0.5675765768042695,46209.63956792926,21037.12777788906,0.9408,22742.0,0.081,2.46,0,24.1
0,0.0,0.0,0.0,0.0,0.0,0.0,0.0,0.4128,24262.0,0.038,12.98,7,11.6
4,0.08368119912734144,0.036425221243714286,0.02092029978183536,0.897779565060278,0.6640902052490736,25706.86437191929,11189.827966069028,0.6235,19221.0,0.28,5.94,6,36.5
6,0.3654778918072704,0.19827905639154497,0.0609129819678784,0.9207874930118625,0.6165848627091736,112274.80836319349,60911.32612348261,0.8682,19803.0,0.125,3.71,1,66.2
2,0.10542907860802311,0.0810963030193464,0.05271453930401156,0.8231426851647008,0.6764910141126174,32387.8129483847,24912.78428754321,0.4358,33589.0,0.185,9.84,3,31.0
2,0.08550463075794974,0.07569869608683799,0.04275231537897487,0.5166704359742856,0.4530899698179469,26267.022568842163,23254.63943787663,0.4549,10047.0,0.211,12.31,5,32.3
1,0.01468805428851952,0.01468805428851952,0.01468805428851952,0.4036060792834891,0.4036060792834891,4512.170277433196,4512.170277433196,0.6401,32959.0,0.136,6.22,0,4.2
3,0.13120251647074008,0.06424618980128863,0.04373417215691336,0.7121093537734816,0.6478117156130274,40305.41305981135,19736.429506955865,0.4245,10863.0,0.118,14.34,4,44.8
2,0.13564762640761774,0.06986035519537197,0.06782381320380887,0.871182720952175,0.7416207540957824,41670.95083242016,21461.101116018268,0.5023,27916.0,0.371,8.13,4,29.4
4,0.3064184913463162,0.13131282289596546,0.07660462283657905,0.8662359573757694,0.69234749938178,94131.76054158833,40339.29919364059,0.8088,1717.0,0.296,5.0,2,50.4
2,0.025897167104522494,0.015448468622710022,0.012948583552261247,0.6960307871540353,0.5964355451276134,7955.60973450931,4745.769560896519,0.98,40894.0,0.149,0.9,0,0.0
1,0.017251110489931495,0.017251110489931495,0.017251110489931495,0.5974956282100531,0.5974956282100531,5299.541142506955,5299.541142506955,0.8197,47810.0,0.075,2.93,0,0.0
0,0.0,0.0,0.0,0.0,0.0,0.0,0.0,0.2603,22455.0,0.395,16.84,7,25.2
1,0.01858706149587429,0.01858706149587429,0.01858706149587429,0.5862620930407436,0.5862620930407436,5709.945291532582,5709.945291532582,0.3098,38208.0,0.296,14.51,5,20.2
1,0.08438930730798323,0.08438930730798323,0.08438930730798323,0.39396410743565435,0.39396410743565435,25924.39520501245,25924.39520501245,0.5342,38803.0,0.244,11.06,9,27.4
2,0.09264356562015778,0.06320725205892608,0.04632178281007889,0.6651145900156695,0.5842986591480228,28460.103358512468,19417.26783250209,0.8832,6198.0,0.181,5.75,2,15.2
0,0.0,0.0,0.0,0.0,0.0,0.0,0.0,0.2949,27603.0,0.13,16.69,8,29.2
1,0.011899502886338651,0.011899502886338651,0.011899502886338651,0.5503278132922729,0.5503278132922729,3655.527286683234,3655.527286683234,0.5906,25858.0,0.048,9.88,3,6.9
1,0.00954923339979145,0.00954923339979145,0.00954923339979145,0.938521445810262,0.938521445810262,2933.5245004159337,2933.5245004159337,0.9399,35308.0,0.164,1.45,1,0.0
1,0.01619506989148259,0.01619506989148259,0.01619506989148259,0.8969192854450485,0.8969192854450485,4975.125470663451,4975.125470663451,0.7426,16300.0,0.184,4.55,3,0.0
1,0.05675040007495142,0.05675040007495142,0.05675040007495142,0.6980145881372983,0.6980145881372983,17433.722903025075,17433.722903025075,0.4817,49376.0,0.164,11.12,3,23.1
2,0.10995205276863529,0.09205746254948795,0.054976026384317644,0.6108184227167925,0.500407423142701,33777.270610524756,28280.052495202697,0.4919,4916.0,0.284,12.15,4,33.3
1,0.05212915338103008,0.05212915338103008,0.05212915338103008,0.7279932736178636,0.7279932736178636,16014.075918652441,16014.075918652441,0.9616,31730.0,0.249,4.17,0,0.0
3,0.2805481421769138,0.15132734853006363,0.09351604739230461,0.8412013191308152,0.6331175468508242,86184.38927674791,46487.76146843555,0.866,31461.0,0.341,2.63,2,41.3
2,0.061954940498293545,0.042875577182622436,0.030977470249146773,0.5687264280201123,0.4948743680474047,19032.557721075776,13171.377310501612,0.9578,27660.0,0.37,1.55,0,6.0
2,0.12471384946695041,0.06563448179790732,0.062356924733475205,0.7597974963245266,0.5926261876722867,38312.09455624716,20162.912808317127,0.7049,46139.0,0.283,5.79,2,27.8
1,0.032371172713989455,0.032371172713989455,0.032371172713989455,0.4428544289590449,0.4428544289590449,9944.42425773756,9944.42425773756,0.7359,16114.0,0.183,5.33,1,3.3
0,0.0,0.0,0.0,0.0,0.0,0.0,0.0,0.3175,39458.0,0.287,13.36,5,19.7
0,0.0,0.0,0.0,0.0,0.0,0.0,0.0,0.595,47764.0,0.359,9.59,5,5.4
4,0.08439372393604344,0.04452997778678112,0.02109843098401086,0.8615853128888274,0.6754052686558106,25925.751993152546,13679.609176099159,0.5962,27315.0,0.204,8.39,0,29.5
2,0.02860257880121758,0.01979672316581326,0.01430128940060879,0.6670513590302394,0.5558391702534936,8786.71220773404,6081.553356537834,0.98,39161.0,0.079,0.53,1,0.0
0,0.0,0.0,0.0,0.0,0.0,0.0,0.0,0.8084,17560.0,0.061,5.1,1,0.0
2,0.24118728762802738,0.18700293439854832,0.12059364381401369,0.8139259057264192,0.5995100294993096,74092.73475933002,57447.301447234044,0.8448,16165.0,0.151,3.66,0,27.9
4,0.25125119436773646,0.07076742957309876,0.06281279859193412,0.6031412793337787,0.5134052423731272,77184.36690976864,21739.754364855937,0.2655,43896.0,0.173,15.99,7,77.5
2,0.1368274364955103,0.0980711879042948,0.06841371824775515,0.7841751114532116,0.7457908402056895,42033.38849142076,30127.468924199362,0.8726,18276.0,0.035,2.61,2,20.1
5,0.27313703528279754,0.09283822669766427,0.05462740705655951,0.7628550687358527,0.5158488571652278,83907.69723887541,28519.903241522465,0.9543,2457.0,0.229,0.91,0,41.9
0,0.0,0.0,0.0,0.0,0.0,0.0,0.0,0.2633,24096.0,0.335,16.62,3,18.9
1,0.040753237111531206,0.040753237111531206,0.040753237111531206,0.4545499374464784,0.4545499374464784,12519.394440662387,12519.394440662387,0.6412,24966.0,0.314,8.06,3,9.8
0,0.0,0.0,0.0,0.0,0.0,0.0,0.0,0.2796,42150.0,0.336,14.86,8,26.8
0,0.0,0.0,0.0,0.0,0.0,0.0,0.0,0.6595,12796.0,0.388,6.83,3,0.0
0,0.0,0.0,0.0,0.0,0.0,0.0,0.0,0.595,15345.0,0.312,11.0,3,6.9
1,0.017881967021293372,0.017881967021293372,0.017881967021293372,0.36960038976235143,0.36960038976235143,5493.340268941324,5493.340268941324,0.3482,24562.0,0.162,17.02,8,26.8
0,0.0,0.0,0.0,0.0,0.0,0.0,0.0,0.3361,43619.0,0.34,13.78,7,25.1
1,0.0917694894401778,0.0917694894401778,0.0917694894401778,0.8533798455104857,0.8533798455104857,28191.587156022622,28191.587156022622,0.3866,30480.0,0.035,14.54,0,27.1
2,0.11248412241707183,0.09470815968186429,0.056242061208535914,0.9545178727897685,0.6898107649119875,34555.12240652446,29094.34665426871,0.3717,25518.0,0.211,14.92,4,42.4
2,0.06307232415656985,0.038417741541254394,0.03153616207828493,0.8927843465404648,0.7306967287928268,19375.817980898257,11801.93020147335,0.4308,10473.0,0.348,12.91,6,33.6
1,0.011581241393131606,0.011581241393131606,0.011581241393131606,0.7532059813577282,0.7532059813577282,3557.7573559700295,3557.7573559700295,0.962,14991.0,0.259,2.38,0,0.0
2,0.1285288521486519,0.09113298596768175,0.06426442607432595,0.5562139901419666,0.4907027049437772,39484.06338006587,27996.053289271837,0.2795,17957.0,0.226,16.58,6,50.8
0,0.0,0.0,0.0,0.0,0.0,0.0,0.0,0.8,16055.0,0.236,5.96,2,0.0
1,0.03478141046883714,0.03478141046883714,0.03478141046883714,0.7352789719754603,0.7352789719754603,10684.84929602677,10684.84929602677,0.2607,5811.0,0.321,16.15,7,35.2
1,0.05737512993163018,0.05737512993163018,0.05737512993163018,0.6479917801886411,0.6479917801886411,17625.63991499679,17625.63991499679,0.98,4225.0,0.343,0.82,0,0.0
1,0.09850266284185787,0.09850266284185787,0.09850266284185787,0.41898129331139844,0.41898129331139844,30260.018025018737,30260.018025018737,0.558,30166.0,0.086,11.08,3,17.7
2,0.08353682784750154,0.07416545033997303,0.04176841392375077,0.44389674200032003,0.43616558637395236,25662.51351475247,22783.626344439715,0.2525,8254.0,0.106,17.52,9,52.0
3,0.05956327724074367,0.024253479795494397,0.019854425746914556,0.8669415412340649,0.6736574946575882,18297.838768356458,7450.668993175879,0.8035,39680.0,0.095,4.04,2,12.7
1,0.04487066172950942,0.04487066172950942,0.04487066172950942,0.5347026194303208,0.5347026194303208,13784.267283305293,13784.267283305293,0.462,4709.0,0.256,11.77,4,24.2
1,0.08015871165687379,0.08015871165687379,0.08015871165687379,0.699434770202906,0.699434770202906,24624.756220991625,24624.756220991625,0.2682,7050.0,0.176,14.29,3,28.4
3,0.06147610780232235,0.029082642465083894,0.02049203593410745,0.9354284214247754,0.7859886080892015,18885.46031687343,8934.187765273773,0.7736,15984.0,0.173,4.68,0,10.2
1,0.1193311860572565,0.1193311860572565,0.1193311860572565,0.835592952607968,0.835592952607968,36658.5403567892,36658.5403567892,0.8334,15436.0,0.144,3.72,0,15.3
2,0.09459318296064134,0.08777695621476528,0.04729659148032067,0.5681105043629219,0.5395086440320231,29059.025805509016,26965.080949175892,0.6858,2910.0,0.257,7.37,3,21.4
2,0.19844382158999685,0.1873550004824487,0.09922191079499842,0.7068908174545867,0.5418297530185858,60961.941992447035,57555.45614820824,0.8908,40323.0,0.097,1.92,1,20.2
1,0.027043821688573236,0.027043821688573236,0.027043821688573236,0.35159921772358976,0.35159921772358976,8307.862022729698,8307.862022729698,0.6612,17832.0,0.062,5.54,3,11.4
2,0.11314856105431627,0.07994787421573575,0.056574280527158134,0.9168643242661058,0.8331457438634693,34759.23795588596,24559.986959074024,0.8568,49148.0,0.356,2.69,3,12.4
1,0.007799171738899566,0.007799171738899566,0.007799171738899566,0.9541996914064922,0.9541996914064922,2395.9055581899465,2395.9055581899465,0.4297,30161.0,0.13,13.03,5,20.3
5,0.17787357598578304,0.09954989322870571,0.03557471519715661,0.9293587950963307,0.6897323678945482,54642.762542832555,30581.727199858393,0.2964,34809.0,0.332,14.98,2,60.7
0,0.0,0.0,0.0,0.0,0.0,0.0,0.0,0.288,44598.0,0.036,16.65,6,20.8
2,0.16814938940182422,0.12667843086428135,0.08407469470091211,0.9525757372573199,0.821650461196104,51655.4924242404,38915.61396150723,0.2091,14891.0,0.34,17.14,3,54.7
1,0.009314397541640783,0.009314397541640783,0.009314397541640783,0.5287608148496893,0.5287608148496893,2861.3829247920485,2861.3829247920485,0.5222,42801.0,0.085,12.77,4,15.9
4,0.13742326657709075,0.06340221996034463,0.03435581664427269,0.7744576098861365,0.5446471646919564,42216.427492482275,19477.16197181787,0.98,17356.0,0.37,0.61,1,27.8
3,0.1915891733797147,0.14038964964599535,0.06386305779323824,0.8426447352104439,0.7504139466906631,58856.19406224835,43127.70037124977,0.6837,18747.0,0.304,6.48,5,42.6
1,0.007117217374147547,0.007117217374147547,0.007117217374147547,0.39005752608984845,0.39005752608984845,2186.4091773381265,2186.4091773381265,0.9083,48979.0,0.119,3.79,5,0.0
1,0.08012567832222049,0.08012567832222049,0.08012567832222049,0.6529856581160014,0.6529856581160014,24614.608380586134,24614.608380586134,0.2032,45655.0,0.092,17.75,8,47.6
2,0.033345784903631916,0.022453421130928783,0.016672892451815958,0.6231921390402804,0.5061333094709025,10243.825122395725,6897.6909714213225,0.6559,21442.0,0.209,9.14,4,18.7
2,0.04425532442348967,0.02441232306410296,0.022127662211744836,0.8642555924894073,0.7394223652924761,13595.235662896026,7499.465645292429,0.3579,42522.0,0.264,15.71,7,33.7
2,0.0963974676021182,0.06290874296996966,0.0481987338010591,0.7237112458112187,0.6435159979171508,29613.302047370715,19325.565840374682,0.4806,13311.0,0.211,12.68,10,42.3
0,0.0,0.0,0.0,0.0,0.0,0.0,0.0,0.7841,38049.0,0.058,4.91,1,0.0
2,0.053294303711066825,0.039034524044972915,0.026647151855533412,0.517314820083814,0.45092010987422315,16372.01010003973,11991.40578661568,0.2723,12235.0,0.047,15.26,4,33.6
3,0.14081542666525323,0.07463108671687432,0.04693847555508441,0.8348277581252163,0.5978512858294315,43258.49907156579,22926.669839423794,0.3538,32381.0,0.301,16.87,7,56.2
2,0.07975066894520247,0.04792155400396424,0.039875334472601234,0.8525529918534667,0.7375281949064956,24499.405499966197,14721.501390017813,0.469,19882.0,0.059,12.03,4,22.6
3,0.09375622263353786,0.041460405671876886,0.03125207421117929,0.7745182530984579,0.6255061108630007,28801.911593022833,12736.63662240058,0.4022,1886.0,0.052,12.43,7,38.2
2,0.0359812500705156,0.02852781411390467,0.0179906250352578,0.8901541078167174,0.7292659485723447,11053.44002166239,8763.744495791514,0.4388,21589.0,0.369,13.82,2,26.9
1,0.012929054570451303,0.012929054570451303,0.012929054570451303,0.549430209247908,0.549430209247908,3971.8055640426405,3971.8055640426405,0.526,12589.0,0.05,11.04,6,16.6
1,0.017788030421431816,0.017788030421431816,0.017788030421431816,0.43459545819091533,0.43459545819091533,5464.482945463854,5464.482945463854,0.4013,13596.0,0.345,14.8,7,25.8
1,0.053081862549990325,0.053081862549990325,0.053081862549990325,0.8227045574492954,0.8227045574492954,16306.748175357028,16306.748175357028,0.8074,1263.0,0.147,5.52,1,4.9
0,0.0,0.0,0.0,0.0,0.0,0.0,0.0,0.4985,40627.0,0.05,10.06,4,2.0
1,0.03165451745937202,0.03165451745937202,0.03165451745937202,0.582420849448236,0.582420849448236,9724.267763519085,9724.267763519085,0.3237,24901.0,0.128,14.39,6,35.5
2,0.04231792584182095,0.028759163865470543,0.021158962920910476,0.737069980507193,0.5547373825085227,13000.066818607396,8834.81513947255,0.9472,43618.0,0.238,1.25,0,1.8
2,0.09394131820511707,0.07935271061615724,0.046970659102558536,0.6156958541666085,0.5536157529073124,28858.772952611966,24377.152701283507,0.3382,35510.0,0.292,13.24,5,36.8
1,0.1235987266715592,0.1235987266715592,0.1235987266715592,0.6246525312656289,0.6246525312656289,37969.52883350298,37969.52883350298,0.5983,29226.0,0.173,8.41,6,32.8
0,0.0,0.0,0.0,0.0,0.0,0.0,0.0,0.6116,1234.0,0.222,9.46,4,8.1
1,0.007489992368221513,0.007489992368221513,0.007489992368221513,0.7387933307312335,0.7387933307312335,2300.925655517649,2300.925655517649,0.4016,29673.0,0.214,13.48,8,25.0
1,0.12036185024540993,0.12036185024540993,0.12036185024540993,0.47194859092348673,0.47194859092348673,36975.16039538993,36975.16039538993,0.8162,27987.0,0.304,3.18,1,13.9
1,0.025883238777941384,0.025883238777941384,0.025883238777941384,0.6260731192944852,0.6260731192944852,7951.330952583593,7951.330952583593,0.4851,4403.0,0.351,10.03,5,16.7
0,0.0,0.0,0.0,0.0,0.0,0.0,0.0,0.6277,2882.0,0.154,8.94,6,7.2
2,0.0921062869697178,0.047854206466662254,0.0460531434848589,0.9639586335030487,0.9121036865564842,28295.05135709731,14700.812226558644,0.611,45116.0,0.285,7.91,6,28.2
1,0.026277551217704868,0.026277551217704868,0.026277551217704868,0.6038893132407825,0.6038893132407825,8072.463734078935,8072.463734078935,0.4098,22888.0,0.178,11.59,5,21.4
1,0.00839758277363585,0.00839758277363585,0.00839758277363585,0.3822447239022098,0.3822447239022098,2579.7374280609333,2579.7374280609333,0.7673,44838.0,0.257,3.91,2,0.0
3,0.3019167544724296,0.16834450717983848,0.10063891815747654,0.7390762844996647,0.6803611732780723,92748.82697393038,51715.43260564638,0.8742,27236.0,0.056,2.95,1,37.7
2,0.12872849509980366,0.11624725063694177,0.06436424754990183,0.6184499414492817,0.5633372130524387,39545.39369465968,35711.15539566851,0.8737,20646.0,0.171,2.22,0,12.8
1,0.07497771470880021,0.07497771470880021,0.07497771470880021,0.9159074011607123,0.9159074011607123,23033.153958543426,23033.153958543426,0.7272,19171.0,0.372,6.67,1,10.3
1,0.16807681445383654,0.16807681445383654,0.16807681445383654,0.4223845413582996,0.4223845413582996,51633.19740021859,51633.19740021859,0.6079,29632.0,0.032,7.74,4,33.9
1,0.090431701915211,0.090431701915211,0.090431701915211,0.44896055165532495,0.44896055165532495,27780.618828352817,27780.618828352817,0.2362,43946.0,0.236,17.27,7,38.5
2,0.06851238403374724,0.05283230394690031,0.03425619201687362,0.6719231932864639,0.6081095341161169,21047.004375167155,16230.083772487777,0.8535,40305.0,0.072,4.1,0,9.3
3,0.09401451679639423,0.049283627332597175,0.031338172265464745,0.7286027033248837,0.5465769309874768,28881.25955985231,15139.930316573853,0.859,49341.0,0.303,2.28,2,12.4
2,0.05175295402572484,0.044358885313106285,0.02587647701286242,0.5364978775962876,0.4754184644917065,15898.50747670267,13627.04956818625,0.754,9905.0,0.361,8.09,0,14.8
0,0.0,0.0,0.0,0.0,0.0,0.0,0.0,0.5722,32361.0,0.25,8.02,3,5.7
1,0.02301982367731805,0.02301982367731805,0.02301982367731805,0.9538313174946748,0.9538313174946748,7071.689833672105,7071.689833672105,0.2331,14371.0,0.244,15.58,11,31.8
1,0.01291389380620337,0.01291389380620337,0.01291389380620337,0.537939825444256,0.537939825444256,3967.1481772656753,3967.1481772656753,0.635,33426.0,0.398,11.75,5,13.6
2,0.012764396049348,0.006559824588621842,0.006382198024674,0.9277463012322527,0.9244932467171934,3921.2224663597053,2015.1781136246298,0.5089,41562.0,0.387,11.42,1,16.5
2,0.07482456784045713,0.04115689811439069,0.037412283920228565,0.8090859385416598,0.6103002264416364,22986.107240588433,12643.39910074082,0.5523,24465.0,0.368,11.04,3,23.2
2,0.15171400373328012,0.09386505573363733,0.07585700186664006,0.5526951537582581,0.4975914342066745,46606.541946863654,28835.34512137339,0.8111,29479.0,0.155,6.05,1,26.9
2,0.05628663269344893,0.050401795687578514,0.028143316346724467,0.8061998346195653,0.7945389066445199,17291.253563427512,15483.43163522412,0.8224,43975.0,0.253,3.65,2,7.2
1,0.07602862927745738,0.07602862927745738,0.07602862927745738,0.800402032415287,0.800402032415287,23355.994914034905,23355.994914034905,0.98,46310.0,0.079,0.64,0,0.0
0,0.0,0.0,0.0,0.0,0.0,0.0,0.0,0.4646,48912.0,0.279,10.41,5,12.0
1,0.05478966091551088,0.05478966091551088,0.05478966091551088,0.3940761089974365,0.3940761089974365,16831.38383324494,16831.38383324494,0.9359,40438.0,0.045,0.68,0,0.0
1,0.03793174068836881,0.03793174068836881,0.03793174068836881,0.9220182230397235,0.9220182230397235,11652.630739466898,11652.630739466898,0.3556,34857.0,0.231,15.83,7,27.7
0,0.0,0.0,0.0,0.0,0.0,0.0,0.0,0.1,37153.0,0.252,17.87,7,29.9
3,0.050571926625419136,0.03051994942685302,0.016857308875139712,0.7283214869505319,0.5948823340819259,15535.695859328762,9375.728463929248,0.2133,23948.0,0.139,16.89,7,47.2
2,0.23470793447250876,0.1521409282668891,0.11735396723625438,0.954818059850411,0.6835014970581001,72102.27746995469,46737.69316358833,0.8958,42194.0,0.049,1.25,0,31.8
1,0.008659751052597402,0.008659751052597402,0.008659751052597402,0.8258025139913705,0.8258025139913705,2660.275523357922,2660.275523357922,0.3322,6527.0,0.227,16.69,5,26.3
1,0.029847412217744146,0.029847412217744146,0.029847412217744146,0.4440593490944099,0.4440593490944099,9169.125033291002,9169.125033291002,0.4653,1170.0,0.317,13.44,8,18.8
4,0.12663413445095104,0.0773076161065595,0.03165853361273776,0.8683843142495519,0.5567642448633585,38902.006103332154,23748.899667935082,0.5872,1778.0,0.233,9.52,3,41.4
2,0.09664973381836081,0.05537866880313233,0.048324866909180406,0.6114326311629236,0.6002323968646661,29690.79822900044,17012.32705632225,0.2548,30367.0,0.386,14.4,4,38.5
1,0.03630575677471633,0.03630575677471633,0.03630575677471633,0.6105424621593256,0.6105424621593256,11153.128481192856,11153.128481192856,0.746,28151.0,0.09,5.51,2,0.0
0,0.0,0.0,0.0,0.0,0.0,0.0,0.0,0.4443,10277.0,0.208,11.12,4,9.5
1,0.10064234079556236,0.10064234079556236,0.10064234079556236,0.8830800714158491,0.8830800714158491,30917.327092396758,30917.327092396758,0.4332,5302.0,0.075,13.8,1,31.3
1,0.022137594347874115,0.022137594347874115,0.022137594347874115,0.8744742835335372,0.8744742835335372,6800.668983666928,6800.668983666928,0.3519,19410.0,0.372,14.55,8,23.9
5,0.25097056041491295,0.08396043073466722,0.05019411208298259,0.9019777726375809,0.6949814327871906,77098.15615946124,25792.644321689768,0.805,27296.0,0.263,3.66,0,46.3
4,0.2627401166820651,0.09221575462742332,0.06568502917051627,0.9420966419244811,0.6973421866683066,80713.76384473039,28328.679821544443,0.8602,35328.0,0.231,3.85,0,37.9
0,0.0,0.0,0.0,0.0,0.0,0.0,0.0,0.2923,43938.0,0.262,15.47,3,19.6
3,0.13809240822823388,0.06726260167298877,0.046030802742744625,0.855717943864206,0.6837553773694722,42421.98780771345,20663.071233942148,0.2097,22008.0,0.039,16.12,5,63.2
1,0.06092082972667781,0.06092082972667781,0.06092082972667781,0.6817262396347314,0.6817262396347314,18714.878892035424,18714.878892035424,0.4397,39752.0,0.362,13.63,5,27.4
4,0.12627448823961138,0.06034074628274515,0.031568622059902844,0.887493153380213,0.7308208709757319,38791.52278720862,18536.67725805931,0.627,15997.0,0.118,6.42,3,39.1
1,0.04279804609020565,0.04279804609020565,0.04279804609020565,0.8603651000435916,0.8603651000435916,13147.559758911175,13147.559758911175,0.2819,14859.0,0.364,16.38,4,32.8
1,0.05581894492503652,0.05581894492503652,0.05581894492503652,0.44830180151949145,0.44830180151949145,17147.579880971218,17147.579880971218,0.851,6008.0,0.394,0.87,0,0.0
1,0.016056825525552095,0.016056825525552095,0.016056825525552095,0.48883520921394563,0.48883520921394563,4932.656801449603,4932.656801449603,0.8188,34263.0,0.193,2.93,0,0.0
1,0.03073755383407918,0.03073755383407918,0.03073755383407918,0.36749587290165364,0.36749587290165364,9442.576537829125,9442.576537829125,0.5137,4171.0,0.207,10.14,3,11.0
1,0.0878746986912205,0.0878746986912205,0.0878746986912205,0.9437560983216073,0.9437560983216073,26995.107437942937,26995.107437942937,0.3625,39435.0,0.176,14.58,8,33.0
1,0.014196081237841766,0.014196081237841766,0.014196081237841766,0.605889870477643,0.605889870477643,4361.0361562649905,4361.0361562649905,0.9433,23692.0,0.388,1.34,0,0.0
1,0.006581049413233505,0.006581049413233505,0.006581049413233505,0.5865606167333322,0.5865606167333322,2021.6983797453327,2021.6983797453327,0.296,18932.0,0.286,16.59,11,34.3
1,0.037551153360068756,0.037551153360068756,0.037551153360068756,0.8285793694156625,0.8285793694156625,11535.714312213122,11535.714312213122,0.5356,42846.0,0.322,8.04,4,11.7
1,0.011230327152065595,0.011230327152065595,0.011230327152065595,0.5561725157295401,0.5561725157295401,3449.9565011145505,3449.9565011145505,0.5525,28519.0,0.361,9.42,4,17.7
0,0.0,0.0,0.0,0.0,0.0,0.0,0.0,0.5641,35603.0,0.382,8.41,4,4.2
1,0.05075988832561647,0.05075988832561647,0.05075988832561647,0.35784504783383747,0.35784504783383747,15593.43769362938,15593.43769362938,0.9409,28080.0,0.153,2.02,0,0.0
3,0.22271828965512203,0.14567384143903772,0.07423942988504068,0.9192177719451317,0.8152256022644725,68419.05858205349,44751.00409007239,0.7799,1948.0,0.234,3.52,3,40.9
5,0.14846325735243976,0.07484538504698003,0.02969265147048795,0.8860139100835585,0.6730448421675256,45607.91265866949,22992.502286432267,0.644,6564.0,0.157,5.47,3,46.9
1,0.021830290840945045,0.021830290840945045,0.021830290840945045,0.3873330314816835,0.3873330314816835,6706.265346338318,6706.265346338318,0.5916,21230.0,0.315,9.73,2,9.2
2,0.15396066715025264,0.1292978381803821,0.07698033357512632,0.9425683849591447,0.7119970341558959,47296.716948557616,39720.29588901338,0.7346,4654.0,0.034,5.2,6,26.0
2,0.09171938586343115,0.04919091890117303,0.04585969293171557,0.9352177540323852,0.6983523836535002,28176.19533724605,15111.450286440355,0.8942,40661.0,0.066,1.91,1,6.9
2,0.08587487196925951,0.05748399345234671,0.042937435984629756,0.6923131748536447,0.5981256623835274,26380.760668956522,17659.08278856091,0.3596,46560.0,0.194,16.8,7,44.0
1,0.09777236029601419,0.09777236029601419,0.09777236029601419,0.7666758271724567,0.7666758271724567,30035.669082935558,30035.669082935558,0.6908,49311.0,0.232,8.15,2,18.5
0,0.0,0.0,0.0,0.0,0.0,0.0,0.0,0.4434,36602.0,0.192,12.33,3,4.3
1,0.02554921214733041,0.02554921214733041,0.02554921214733041,0.9718636702029911,0.9718636702029911,7848.717971659902,7848.717971659902,0.6986,21438.0,0.112,5.87,0,4.8
1,0.011827617423759453,0.011827617423759453,0.011827617423759453,0.389197869833925,0.389197869833925,3633.444072578904,3633.444072578904,0.7333,43698.0,0.177,5.47,2,1.4
4,0.2630266353673641,0.09759304926083989,0.06575665884184102,0.9576435286363619,0.5761311877652783,80801.78238485425,29980.584732930016,0.9013,23998.0,0.114,1.0,0,32.7
4,0.32863998728838106,0.18537779472890087,0.08215999682209527,0.8363881377893125,0.671674873125789,100958.20409499067,56948.058540718346,0.7186,43198.0,0.375,5.87,0,55.5
3,0.2987106585015781,0.17592958489388927,0.09957021950052602,0.4397413025075863,0.42446527815367413,91763.91429168479,54045.568479402784,0.3134,47117.0,0.3,15.82,6,82.3
1,0.048511016807795584,0.048511016807795584,0.048511016807795584,0.9323608748487026,0.9323608748487026,14902.584363354803,14902.584363354803,0.704,35282.0,0.319,8.44,3,5.1
0,0.0,0.0,0.0,0.0,0.0,0.0,0.0,0.4686,45100.0,0.093,11.4,3,11.7
2,0.032064596938452775,0.02085142938089256,0.016032298469226387,0.8068573664807823,0.6151717766023861,9850.24417949269,6405.5591058101945,0.9011,31006.0,0.189,0.67,1,7.8
2,0.05525472448848462,0.02964329931822096,0.02762736224424231,0.8523297662851914,0.6971168213221897,16974.251362862477,9106.42155055748,0.4242,22324.0,0.243,13.97,8,35.1
2,0.055001867251844534,0.049690825711017635,0.027500933625922267,0.8124264879129812,0.5981708044953591,16896.57361976664,15265.021658424617,0.8485,13936.0,0.149,4.16,1,0.0
0,0.0,0.0,0.0,0.0,0.0,0.0,0.0,0.8915,26886.0,0.331,2.63,0,0.0
2,0.09461866687425645,0.07175301823909849,0.047309333437128225,0.7013845539255732,0.6161223726621371,29066.854463771582,22042.527203051057,0.7812,1668.0,0.217,2.63,3,17.1
2,0.1404498329235365,0.10021710536613289,0.07022491646176825,0.8864367892330349,0.750555213545427,43146.18867411041,30786.694768476023,0.5231,45328.0,0.176,9.1,4,42.5
0,0.0,0.0,0.0,0.0,0.0,0.0,0.0,0.3933,48673.0,0.236,13.94,2,13.5
0,0.0,0.0,0.0,0.0,0.0,0.0,0.0,0.8166,2548.0,0.059,3.95,1,0.0
0,0.0,0.0,0.0,0.0,0.0,0.0,0.0,0.4682,44481.0,0.21,11.39,3,8.1
2,0.05272979706943941,0.03847365108463626,0.026364898534719704,0.8056456083118497,0.6541303724662427,16198.593659731787,11819.10561320026,0.7534,20808.0,0.076,2.1,2,7.8
1,0.04889712496428455,0.04889712496428455,0.04889712496428455,0.7187117415130758,0.7187117415130758,15021.196789028214,15021.196789028214,0.1992,21100.0,0.275,17.36,8,37.0
1,0.005541404515539143,0.005541404515539143,0.005541404515539143,0.7738255218733254,0.7738255218733254,1702.3194671736248,1702.3194671736248,0.5717,35102.0,0.096,9.47,5,14.3
1,0.0208132088552371,0.0208132088552371,0.0208132088552371,0.8455056108074557,0.8455056108074557,6393.817760328837,6393.817760328837,0.4407,36746.0,0.199,11.17,3,14.8
1,0.019450142368429905,0.019450142368429905,0.019450142368429905,0.9351189637910423,0.9351189637910423,5975.083735581667,5975.083735581667,0.3508,3589.0,0.158,13.32,2,14.8
1,0.01510477948319969,0.01510477948319969,0.01510477948319969,0.9760170850125142,0.9760170850125142,4640.188257238945,4640.188257238945,0.255,9451.0,0.244,14.58,8,24.4
2,0.14978557565727363,0.0906908080521675,0.07489278782863681,0.9303202553192645,0.7228511868623102,46014.128841914455,27860.21623362586,0.7519,13016.0,0.218,6.14,3,25.9
1,0.07003716898779559,0.07003716898779559,0.07003716898779559,0.46127460752846355,0.46127460752846355,21515.418313050806,21515.418313050806,0.4476,7681.0,0.067,12.94,4,28.8
0,0.0,0.0,0.0,0.0,0.0,0.0,0.0,0.2245,40554.0,0.118,16.9,6,27.3
2,0.023135804922050893,0.011788329449900058,0.011567902461025447,0.7338500719840001,0.6421411217902215,7107.319272054035,3621.374807009298,0.6705,22961.0,0.136,5.64,2,13.2
1,0.006199588622073786,0.006199588622073786,0.006199588622073786,0.5354753978561385,0.5354753978561385,1904.513624701067,1904.513624701067,0.1903,3942.0,0.246,17.65,7,30.3
1,0.015359464419021095,0.015359464419021095,0.015359464419021095,0.769083823517958,0.769083823517958,4718.427469523281,4718.427469523281,0.4298,11820.0,0.318,15.2,5,26.5
3,0.14742551625143882,0.06480732602256095,0.04914183875047961,0.5617833519140567,0.4903185050140307,45289.118592442,19908.810554130723,0.4477,41479.0,0.233,13.15,5,49.1
2,0.072138157338205,0.04339591909930654,0.0360690786691025,0.9721648994452626,0.9677744774161332,22160.84193429658,13331.226347306969,0.6266,37067.0,0.224,9.52,0,22.6
0,0.0,0.0,0.0,0.0,0.0,0.0,0.0,0.6834,6300.0,0.05,9.57,3,0.0
4,0.2546422913879247,0.15077126859859127,0.06366057284698118,0.8877476652680956,0.6787973582193702,78226.11191437047,46316.93371348724,0.4939,4307.0,0.394,13.74,2,62.6
1,0.07149702402521046,0.07149702402521046,0.07149702402521046,0.8086536073385363,0.8086536073385363,21963.885780544653,21963.885780544653,0.1766,34969.0,0.267,17.99,7,48.0
2,0.06533666556083334,0.0447592447292291,0.03266833278041667,0.5623395089458235,0.4988632347151967,20071.423660288005,13750.03998081918,0.7321,20544.0,0.141,6.65,4,15.6
1,0.01246838585635581,0.01246838585635581,0.01246838585635581,0.9080223461612827,0.9080223461612827,3830.2881350725047,3830.2881350725047,0.98,38005.0,0.153,0.87,0,0.0
4,0.15586992690302381,0.09150632815833845,0.038967481725755954,0.9236128117767513,0.6096631547841209,47883.24154460891,28110.74401024157,0.4979,37785.0,0.319,9.63,7,52.3
4,0.12793880352551315,0.06511742021673113,0.03198470088137829,0.956614647662514,0.6065113145201432,39302.80044303763,20004.0714905798,0.9172,26357.0,0.102,1.44,0,18.4
3,0.17619177459216417,0.12785857295382183,0.05873059153072139,0.7215670236531568,0.5483997218837853,54126.11315471283,39278.15361141407,0.3341,12675.0,0.128,13.13,6,56.7
2,0.09909436521244122,0.06654099865256168,0.04954718260622061,0.8271305470961619,0.7281260755712062,30441.788993261944,20441.394786066947,0.5513,44311.0,0.293,9.45,1,27.5
2,0.15689085954681542,0.08294456947455858,0.07844542977340771,0.8581685079910184,0.6271360362296553,48196.872052781706,25480.571742584398,0.4732,5988.0,0.21,12.39,3,39.4
1,0.08124273106354205,0.08124273106354205,0.08124273106354205,0.40496740839575995,0.40496740839575995,24957.766982720117,24957.766982720117,0.6422,12240.0,0.162,8.04,2,19.0
1,0.007978421797729444,0.007978421797729444,0.007978421797729444,0.4554541612658176,0.4554541612658176,2450.971176262485,2450.971176262485,0.5959,10382.0,0.3,9.29,1,7.9
2,0.19036286136785874,0.17548321237391937,0.09518143068392937,0.8170146038855371,0.769837783238498,58479.4710122062,53908.44284126803,0.7949,35509.0,0.198,3.37,2,26.4
4,0.1103791860546331,0.055042484508203926,0.027594796513658273,0.9324073012900369,0.7343234757565438,33908.48595598329,16909.051240920246,0.962,25218.0,0.377,1.24,0,19.2
2,0.03929397512408054,0.030015101864688913,0.01964698756204027,0.8785508298326559,0.7741243431504996,12071.109158117542,9220.639292832435,0.8181,28327.0,0.192,4.61,0,3.9
1,0.00513426781656861,0.00513426781656861,0.00513426781656861,0.5133122493586473,0.5133122493586473,1577.247073249877,1577.247073249877,0.6779,29426.0,0.18,5.82,7,5.6
1,0.009121781112526806,0.009121781112526806,0.009121781112526806,0.8859290188068482,0.8859290188068482,2802.211157768235,2802.211157768235,0.9638,18720.0,0.173,0.52,1,0.0
3,0.22229798422573332,0.1389512546784554,0.07409932807524444,0.9388092353178913,0.7559971785109765,68289.94075414528,42685.8254372215,0.6478,37346.0,0.381,8.43,3,48.5
2,0.09966556528837328,0.0898813286133488,0.04983278264418664,0.5807325087204352,0.5631246155871479,30617.261656588274,27611.544150020753,0.6018,39329.0,0.358,9.78,4,24.6
1,0.04013149026704235,0.04013149026704235,0.04013149026704235,0.815298978406607,0.815298978406607,12328.39381003541,12328.39381003541,0.7645,17358.0,0.341,3.81,1,11.4
3,0.11072054436355117,0.0678170782908509,0.03690684812118372,0.6417793985505347,0.4942765572287269,34013.35122848292,20833.4064509494,0.8758,16788.0,0.188,3.51,3,18.0
1,0.03132086829060694,0.03132086829060694,0.03132086829060694,0.39265603206428656,0.39265603206428656,9621.770738874453,9621.770738874453,0.3771,2351.0,0.308,12.81,8,30.3
1,0.016016108405687308,0.016016108405687308,0.016016108405687308,0.8214703318757376,0.8214703318757376,4920.148502227141,4920.148502227141,0.5177,6531.0,0.399,9.7,4,15.7
1,0.018588164808891777,0.018588164808891777,0.018588164808891777,0.9790946770599753,0.9790946770599753,5710.284229291554,5710.284229291554,0.5488,17541.0,0.108,10.58,5,17.4
1,0.0643397574400037,0.0643397574400037,0.0643397574400037,0.3851519525080053,0.3851519525080053,19765.173485569136,19765.173485569136,0.9203,17483.0,0.292,1.22,0,0.0
3,0.14330730677169798,0.1019297841824303,0.04776910225723266,0.5672020151881442,0.4947977145986369,44024.00464026562,31312.82970084259,0.1961,6671.0,0.399,17.39,3,52.1
2,0.04136727061527436,0.035453121893419696,0.02068363530763718,0.9453209979323248,0.8091626374473124,12708.025533012282,10891.19904565853,0.5572,48203.0,0.119,7.47,6,23.0
0,0.0,0.0,0.0,0.0,0.0,0.0,0.0,0.7274,34773.0,0.374,6.79,2,0.0
1,0.059701808595115084,0.059701808595115084,0.059701808595115084,0.4044050787510165,0.4044050787510165,18340.395600419353,18340.395600419353,0.8558,44651.0,0.067,3.67,3,3.2
1,0.02792559903629288,0.02792559903629288,0.02792559903629288,0.5368159243460824,0.5368159243460824,8578.744023949173,8578.744023949173,0.6764,22185.0,0.154,6.41,1,11.1
2,0.04753905481418415,0.025802634530877024,0.023769527407092074,0.7383919900256437,0.5903341057532812,14603.997638917372,7926.569327885421,0.6939,8120.0,0.398,7.72,2,11.7
2,0.02335641060516762,0.01220906550473921,0.01167820530258381,0.8197624744973377,0.709623557929661,7175.089337907492,3750.6249230558856,0.9124,48307.0,0.169,1.1,1,0.0
2,0.03008315015730896,0.021729467813329052,0.01504157507865448,0.765483681112054,0.7292071193511547,9241.543728325312,6675.292512254685,0.5221,18268.0,0.306,10.55,4,26.0
0,0.0,0.0,0.0,0.0,0.0,0.0,0.0,0.582,47917.0,0.169,10.43,4,7.0
1,0.01422984241216382,0.01422984241216382,0.01422984241216382,0.7422741665366583,0.7422741665366583,4371.407589016725,4371.407589016725,0.9124,35515.0,0.164,2.94,0,0.0
6,0.1721513321400852,0.06137880185038537,0.0286918886900142,0.5190576798281505,0.4585138994814037,52884.889233434165,18855.567928438384,0.2678,862.0,0.384,17.17,10,83.8
0,0.0,0.0,0.0,0.0,0.0,0.0,0.0,0.9656,39419.0,0.302,0.67,0,0.0
2,0.08258591420810084,0.06976767058336458,0.04129295710405042,0.7596336925372035,0.6218883087900207,25370.392844728576,21432.6284032096,0.508,23525.0,0.284,11.95,5,30.5
0,0.0,0.0,0.0,0.0,0.0,0.0,0.0,0.6665,45585.0,0.141,7.95,4,0.0
3,0.045016989778131476,0.023513757544929913,0.01500566325937716,0.6793996421930794,0.6144161941893584,13829.219259841992,7223.426317802469,0.6563,5753.0,0.19,7.28,1,14.7
4,0.14409448277484294,0.06365431655557585,0.036023620693710734,0.9028849345203958,0.7474321072262395,44265.825108431745,19554.6060458729,0.4251,31356.0,0.305,12.96,1,45.8
1,0.06947138752575735,0.06947138752575735,0.06947138752575735,0.9498704552294136,0.9498704552294136,21341.610247912657,21341.610247912657,0.6442,42944.0,0.236,7.04,4,13.5
1,0.01775483697154624,0.01775483697154624,0.01775483697154624,0.557430945724703,0.557430945724703,5454.285917659005,5454.285917659005,0.7838,6849.0,0.263,2.17,2,0.0
2,0.08336118018071598,0.06969808036902707,0.04168059009035799,0.5393891857204285,0.4462706009670704,25608.554551515947,21411.250289365114,0.3321,12416.0,0.254,13.13,2,39.7
1,0.07592893205187067,0.07592893205187067,0.07592893205187067,0.9780869949166882,0.9780869949166882,23325.367926334668,23325.367926334668,0.9682,43383.0,0.228,1.05,1,0.0
1,0.1439447594078052,0.1439447594078052,0.1439447594078052,0.6794920748626712,0.6794920748626712,44219.83009007776,44219.83009007776,0.8618,18039.0,0.136,0.66,0,10.7
