segment_id,observation_date,road_age_years,road_length_m,lane_count,road_quality_score,traffic_volume,heavy_vehicle_ratio,average_speed_kmph,rainfall_7d_mm,rainfall_30d_mm,temperature_avg_c,flood_events_30d,days_since_repair,previous_repairs,previous_failures,citizen_complaints_30d,pothole_count,crack_ratio,failure_next_30d
SEG-0001,2025-01-01,2.4,1030.1,4,0.8316,12086.0,0.076,46.0,5.8,18.7,21.3,0,104.0,0,0,6,1,0.1549,0
SEG-0002,2025-01-01,7.94,1321.1,4,0.6114,16311.0,0.2,40.9,2.9,17.5,15.4,0,793.7,2,2,8,6,0.1802,0
SEG-0003,2025-01-01,11.52,762.8,4,0.4789,10676.0,0.128,50.2,8.4,20.4,19.9,0,2342.1,4,3,8,7,0.298,0
SEG-0004,2025-01-01,7.56,484.6,2,0.6493,20299.0,0.092,41.4,15.9,70.6,19.7,0,509.7,3,1,7,2,0.2202,0
SEG-0005,2025-01-01,4.84,469.5,2,0.8006,27448.0,0.25,33.9,3.3,9.7,17.8,0,1036.9,0,1,7,0,0.1224,0
SEG-0006,2025-01-01,7.15,1157.1,4,0.6248,12483.0,0.161,47.6,7.9,19.9,20.9,0,1740.1,1,0,16,6,0.2548,1
SEG-0007,2025-01-01,5.05,1252.4,2,0.8504,13613.0,0.365,43.4,10.5,24.8,17.5,1,40.2,2,1,5,1,0.091,1
SEG-0008,2025-01-01,2.87,292.1,4,0.9029,39984.0,0.164,33.0,13.0,31.0,20.1,0,97.0,1,0,5,1,0.0404,0
SEG-0009,2025-01-01,4.6,239.9,2,0.8412,2897.0,0.328,54.6,2.8,16.5,16.9,0,244.3,0,0,1,0,0.0646,0
SEG-0010,2025-01-01,10.78,952.5,1,0.5102,20806.0,0.215,45.7,2.1,8.7,14.7,0,998.8,4,3,18,8,0.3052,1
SEG-0011,2025-01-01,10.32,347.3,1,0.5162,28512.0,0.235,35.8,11.9,45.1,21.8,0,1572.4,1,3,10,6,0.2924,0
SEG-0012,2025-01-01,9.95,1263.3,4,0.5355,7127.0,0.259,49.9,3.4,10.8,17.7,1,385.7,2,2,10,7,0.2563,0
SEG-0013,2025-01-01,8.25,569.0,1,0.6248,2925.0,0.217,59.4,1.4,6.6,19.3,0,1508.1,3,1,10,5,0.2435,0
SEG-0014,2025-01-01,8.69,344.2,2,0.6027,6847.0,0.345,53.8,5.3,14.3,15.4,0,112.8,1,1,3,2,0.2135,0
SEG-0015,2025-01-01,14.59,1393.3,2,0.2415,43405.0,0.147,30.0,7.7,32.1,22.2,0,1138.3,4,1,14,6,0.4089,1
SEG-0016,2025-01-01,2.02,373.5,2,0.9437,1301.0,0.104,50.5,4.3,12.1,22.8,0,58.1,0,0,4,0,0.0434,0
SEG-0017,2025-01-01,1.69,534.4,2,0.9307,8618.0,0.275,47.4,9.2,27.1,23.6,0,431.4,0,0,3,4,0.0403,0
SEG-0018,2025-01-01,13.83,357.4,4,0.3516,2249.0,0.32,49.2,2.8,7.8,16.3,0,3057.7,3,1,13,7,0.4117,1
SEG-0019,2025-01-01,9.11,305.9,1,0.5928,6630.0,0.052,47.5,1.8,8.0,21.9,0,1468.0,3,0,4,5,0.1895,0
SEG-0020,2025-01-01,9.51,178.5,4,0.4925,27065.0,0.211,35.1,15.2,59.7,11.6,0,2219.7,3,1,13,6,0.2748,1
SEG-0021,2025-01-01,4.07,224.8,4,0.7858,11861.0,0.342,48.9,4.1,18.2,14.7,0,512.2,0,0,2,2,0.1208,0
SEG-0022,2025-01-01,5.07,385.8,2,0.7498,27954.0,0.284,38.8,1.9,5.3,17.5,0,348.6,0,1,9,7,0.1346,0
SEG-0023,2025-01-01,3.54,222.1,2,0.8566,23250.0,0.376,35.8,5.3,12.0,18.2,0,217.9,0,1,9,4,0.1057,0
SEG-0024,2025-01-01,6.15,948.0,2,0.7415,41890.0,0.245,35.9,9.0,28.9,22.8,1,434.4,2,1,4,3,0.1182,0
SEG-0025,2025-01-01,2.08,1069.0,1,0.7975,1240.0,0.264,54.2,7.9,24.8,19.5,0,461.9,0,0,1,2,0.1101,0
SEG-0026,2025-01-01,4.27,681.4,2,0.8079,34009.0,0.149,35.4,11.2,30.6,22.3,0,475.1,2,0,2,1,0.1457,0
SEG-0027,2025-01-01,4.1,579.3,6,0.8249,32249.0,0.369,35.7,5.3,34.8,13.5,0,1090.2,1,0,6,5,0.0869,0
SEG-0028,2025-01-01,13.27,831.1,6,0.535,8992.0,0.194,54.4,2.5,5.7,20.7,0,1629.7,3,2,8,6,0.262,0
SEG-0029,2025-01-01,14.53,1331.3,4,0.3532,34248.0,0.271,37.9,2.4,8.6,20.9,0,969.6,3,2,12,8,0.328,0
SEG-0030,2025-01-01,9.24,1299.0,2,0.5564,43476.0,0.163,32.7,13.8,38.6,21.2,0,539.4,1,1,16,4,0.2498,0
SEG-0031,2025-01-01,9.5,208.7,2,0.5548,12058.0,0.277,44.2,8.2,23.9,16.4,0,608.0,1,1,7,4,0.3145,0
SEG-0032,2025-01-01,14.39,395.0,4,0.3966,40808.0,0.27,33.2,10.7,28.6,20.7,0,864.3,3,3,17,6,0.3943,1
SEG-0033,2025-01-01,4.43,469.6,2,0.8468,22302.0,0.242,37.8,1.4,6.5,19.4,0,894.4,2,0,11,2,0.1489,0
SEG-0034,2025-01-01,11.72,486.7,2,0.3729,23926.0,0.321,41.1,0.7,1.8,18.6,0,2019.0,2,2,9,9,0.335,1
SEG-0035,2025-01-01,2.21,921.2,1,0.8344,39450.0,0.185,34.0,23.8,61.2,15.3,1,122.0,1,0,7,0,0.0556,0
SEG-0036,2025-01-01,14.03,712.0,2,0.3273,14611.0,0.269,49.8,10.1,35.9,23.4,0,2899.9,5,1,14,12,0.3204,1
SEG-0037,2025-01-01,14.64,216.5,2,0.2028,38823.0,0.15,30.3,6.7,40.8,22.2,0,929.7,4,2,20,9,0.4436,1
SEG-0038,2025-01-01,7.93,654.4,2,0.575,14035.0,0.181,53.8,11.8,31.8,21.3,0,1655.9,3,0,7,5,0.2909,1
SEG-0039,2025-01-01,6.0,857.1,2,0.7073,36721.0,0.207,33.3,2.1,8.7,17.1,0,981.4,2,0,8,3,0.1951,0
SEG-0040,2025-01-01,6.23,287.3,4,0.8539,31215.0,0.085,31.7,2.5,16.7,20.7,0,940.6,0,1,6,1,0.1187,0
SEG-0041,2025-01-01,6.93,1275.2,6,0.6554,9171.0,0.1,45.3,4.5,19.0,16.7,0,879.5,0,1,8,6,0.2148,0
SEG-0042,2025-01-01,7.7,220.1,2,0.6406,16731.0,0.256,42.1,5.2,16.9,14.5,0,1059.2,3,0,9,2,0.2524,0
SEG-0043,2025-01-01,1.38,1398.5,4,0.9406,13932.0,0.266,49.9,1.7,7.2,23.2,0,260.9,0,0,4,1,0.1081,1
SEG-0044,2025-01-01,2.94,283.8,6,0.8167,4782.0,0.238,56.6,4.0,22.1,18.6,0,44.3,1,0,4,5,0.1305,0
SEG-0045,2025-01-01,7.68,1288.8,1,0.5901,2540.0,0.02,58.7,4.6,24.7,20.4,0,1705.2,3,1,6,5,0.2682,0
SEG-0046,2025-01-01,3.97,1368.6,2,0.807,18328.0,0.139,45.2,8.1,45.4,23.0,0,110.3,1,0,3,0,0.1411,0
SEG-0047,2025-01-01,6.64,1472.4,2,0.6673,1935.0,0.116,49.9,3.5,17.7,20.5,0,1780.4,2,1,7,5,0.1967,0
SEG-0048,2025-01-01,9.28,1232.7,1,0.6205,9390.0,0.309,49.6,6.4,18.3,17.1,0,1253.4,1,2,7,6,0.1719,0
SEG-0049,2025-01-01,10.84,1202.3,4,0.5401,34481.0,0.327,29.3,5.2,12.1,19.4,0,1607.7,4,3,13,7,0.2635,1
SEG-0050,2025-01-01,14.63,1017.4,2,0.3087,28032.0,0.111,43.4,1.3,6.8,15.7,0,1321.4,4,3,11,7,0.3923,0
SEG-0051,2025-01-01,6.53,1201.6,2,0.7457,29867.0,0.29,39.4,3.8,12.8,20.1,0,551.9,2,1,4,2,0.1174,0
SEG-0052,2025-01-01,14.21,331.6,2,0.3103,15501.0,0.088,43.5,6.7,20.4,19.7,0,1111.1,5,2,18,12,0.3871,0
SEG-0053,2025-01-01,7.04,873.7,2,0.6492,37475.0,0.133,33.7,4.1,24.3,24.5,0,447.8,2,2,11,2,0.2454,0
SEG-0054,2025-01-01,2.15,844.2,4,0.9275,26750.0,0.08,39.3,6.5,34.9,22.3,0,547.6,0,0,2,0,0.0246,0
SEG-0055,2025-01-01,4.72,1307.7,1,0.8069,6257.0,0.114,50.9,10.4,35.0,20.8,0,829.9,1,0,3,2,0.1599,0
SEG-0056,2025-01-01,4.71,774.8,2,0.7515,7134.0,0.265,52.5,12.2,29.4,23.1,1,434.8,2,0,5,7,0.1239,0
SEG-0057,2025-01-01,10.47,669.9,2,0.5023,26974.0,0.401,42.9,0.8,4.8,19.5,0,309.6,2,2,10,6,0.3049,0
SEG-0058,2025-01-01,5.1,1013.4,2,0.7703,7949.0,0.095,51.4,10.4,30.3,19.0,0,501.7,0,2,8,3,0.1355,0
SEG-0059,2025-01-01,9.16,509.7,2,0.5968,20538.0,0.224,53.8,3.6,17.0,19.4,0,73.6,3,1,11,6,0.2125,0
SEG-0060,2025-01-01,3.6,338.7,2,0.8486,43642.0,0.268,29.1,3.1,8.9,19.7,0,700.8,1,0,9,3,0.1409,0
SEG-0061,2025-01-01,13.37,795.1,1,0.375,1312.0,0.401,51.0,4.8,10.9,21.2,1,283.0,4,1,7,6,0.3382,0
SEG-0062,2025-01-01,8.19,712.8,2,0.7091,1965.0,0.255,58.6,14.1,34.2,21.4,0,77.2,3,0,7,1,0.1725,0
SEG-0063,2025-01-01,14.62,464.0,4,0.3292,48030.0,0.152,21.7,8.3,23.5,17.3,0,1440.5,5,2,17,8,0.3609,1
SEG-0064,2025-01-01,13.45,646.1,2,0.4165,23189.0,0.234,46.7,5.8,24.0,20.3,0,2610.9,3,3,19,7,0.3529,1
SEG-0065,2025-01-01,2.83,644.6,2,0.9318,5637.0,0.15,52.3,9.3,31.1,21.5,0,310.0,0,0,4,5,0.1026,0
SEG-0066,2025-01-01,10.75,592.1,2,0.5572,40933.0,0.384,38.7,3.8,11.6,23.2,0,1250.3,3,3,7,4,0.2784,1
SEG-0067,2025-01-01,5.99,662.3,4,0.6963,35635.0,0.163,32.7,8.2,18.4,21.9,0,222.2,0,1,11,7,0.1922,0
SEG-0068,2025-01-01,7.47,1075.8,1,0.5671,24295.0,0.288,41.4,1.4,3.9,17.9,0,1469.9,1,2,7,5,0.2978,0
SEG-0069,2025-01-01,14.8,550.8,2,0.3598,27130.0,0.052,51.9,1.9,4.7,18.6,0,2309.2,3,3,17,9,0.3256,1
SEG-0070,2025-01-01,13.64,1431.0,2,0.3758,14383.0,0.164,49.5,13.0,32.2,21.5,0,3529.0,3,1,10,7,0.34,1
SEG-0071,2025-01-01,6.83,1387.1,2,0.7795,3194.0,0.322,46.5,1.1,6.1,20.0,0,277.2,2,0,2,0,0.1603,0
SEG-0072,2025-01-01,9.42,799.2,4,0.5852,23117.0,0.266,41.9,9.7,34.1,20.1,0,294.1,1,1,13,9,0.2343,0
SEG-0073,2025-01-01,11.27,593.3,2,0.5075,12505.0,0.21,41.3,14.7,42.4,21.8,0,1440.8,2,3,8,5,0.2731,0
SEG-0074,2025-01-01,2.46,872.8,4,0.8515,34271.0,0.352,36.1,5.5,15.5,19.1,0,470.7,0,0,12,4,0.1034,0
SEG-0075,2025-01-01,3.52,1295.6,4,0.7886,34439.0,0.31,31.5,4.5,15.4,17.6,0,424.5,2,0,12,4,0.1482,0
SEG-0076,2025-01-01,14.73,1031.0,2,0.3181,1934.0,0.144,53.7,2.3,12.6,17.3,0,2384.9,4,2,8,7,0.3442,0
SEG-0077,2025-01-01,7.29,1235.9,4,0.6007,30753.0,0.187,44.6,8.7,21.0,17.7,0,397.3,1,1,17,3,0.2644,0
SEG-0078,2025-01-01,4.72,869.2,2,0.7987,10572.0,0.207,44.3,12.0,35.2,24.1,1,264.8,2,0,5,3,0.0799,0
SEG-0079,2025-01-01,13.68,1004.4,4,0.4083,44758.0,0.242,26.3,6.8,22.9,23.6,0,1838.7,3,1,14,6,0.3492,1
SEG-0080,2025-01-01,1.14,539.0,2,0.9192,12361.0,0.169,49.6,5.5,15.7,19.7,0,193.4,0,0,6,3,0.0152,0
SEG-0081,2025-01-01,8.66,1142.1,2,0.681,23961.0,0.085,41.1,5.9,16.0,19.9,0,1717.4,3,2,7,4,0.1627,0
SEG-0082,2025-01-01,9.28,423.2,2,0.4354,22174.0,0.322,43.6,3.5,17.6,17.4,0,349.3,3,1,9,5,0.3029,0
SEG-0083,2025-01-01,13.8,1088.0,1,0.3852,16406.0,0.319,39.8,2.3,5.1,19.0,2,419.0,3,1,9,9,0.3825,1
SEG-0084,2025-01-01,4.46,1312.0,2,0.7103,29905.0,0.362,37.2,5.1,12.0,20.3,0,818.0,1,0,10,4,0.2168,0
SEG-0085,2025-01-01,1.11,328.3,4,0.9686,34724.0,0.392,38.8,3.0,9.7,17.7,0,278.1,0,0,2,0,0.0412,0
SEG-0086,2025-01-01,1.5,979.4,2,0.9337,24433.0,0.319,40.6,1.9,8.2,19.8,0,222.0,1,0,3,2,0.0413,0
SEG-0087,2025-01-01,9.64,278.4,2,0.5164,32666.0,0.294,28.1,6.7,22.6,16.0,0,101.6,2,0,14,4,0.2951,0
SEG-0088,2025-01-01,13.88,1129.7,2,0.3447,44591.0,0.299,29.7,8.8,32.5,22.6,0,3216.1,2,3,22,8,0.3889,1
SEG-0089,2025-01-01,8.93,264.1,2,0.5075,16546.0,0.192,40.0,6.7,20.6,17.9,0,2326.8,3,2,12,5,0.2643,0
SEG-0090,2025-01-01,13.18,1413.5,1,0.3509,25259.0,0.175,44.4,1.6,6.4,17.8,0,95.9,3,2,16,6,0.3706,0
SEG-0091,2025-01-01,1.55,335.5,4,0.9451,1655.0,0.059,45.1,7.0,17.8,22.5,0,362.7,0,0,1,1,0.0336,0
SEG-0092,2025-01-01,3.36,1444.5,2,0.9526,34679.0,0.268,39.1,2.0,7.2,20.9,0,399.8,0,1,9,0,0.0344,0
SEG-0093,2025-01-01,4.34,1231.2,2,0.7601,25018.0,0.121,47.6,2.3,11.2,22.8,0,77.5,2,0,4,3,0.1171,0
SEG-0094,2025-01-01,9.07,951.5,2,0.6067,18463.0,0.121,49.4,9.4,24.1,16.3,0,883.5,1,1,10,4,0.2146,0
SEG-0095,2025-01-01,9.68,1206.5,1,0.6219,5092.0,0.189,50.3,6.8,33.1,17.6,0,709.9,1,1,8,6,0.2355,0
SEG-0096,2025-01-01,14.3,1223.4,2,0.3452,40936.0,0.199,26.4,4.0,25.3,14.4,0,1488.9,4,1,11,8,0.4285,1
SEG-0097,2025-01-01,4.71,1427.1,4,0.7385,20105.0,0.116,45.5,3.6,12.8,22.5,0,834.5,2,0,8,2,0.1243,0
SEG-0098,2025-01-01,2.98,492.1,2,0.8149,32235.0,0.301,34.1,2.5,15.9,17.8,0,358.1,0,0,7,4,0.0684,0
SEG-0099,2025-01-01,8.24,946.6,6,0.659,8337.0,0.332,51.7,2.8,14.4,16.3,0,1864.4,3,2,2,3,0.2089,0
SEG-0100,2025-01-01,11.87,278.3,2,0.446,49322.0,0.085,23.9,2.4,5.9,19.2,1,268.4,4,1,17,6,0.2734,0
SEG-0101,2025-01-01,6.8,981.8,2,0.675,8980.0,0.047,51.0,0.3,1.0,18.2,0,814.6,0,0,7,1,0.2329,0
SEG-0102,2025-01-01,6.75,381.2,4,0.6158,9437.0,0.178,50.7,2.1,7.9,16.6,0,1390.8,2,1,7,3,0.1979,0
SEG-0103,2025-01-01,10.1,912.7,4,0.5646,34106.0,0.351,34.7,10.4,32.1,19.8,1,1724.8,2,1,16,4,0.2525,0
SEG-0104,2025-01-01,10.13,922.8,4,0.4499,42378.0,0.335,30.5,4.0,9.5,22.4,0,2188.1,1,3,14,8,0.2846,1
SEG-0105,2025-01-01,14.62,779.1,6,0.3728,10477.0,0.089,51.6,12.1,40.4,17.8,0,3267.3,5,2,13,7,0.3734,1
SEG-0106,2025-01-01,14.24,855.6,4,0.3442,19372.0,0.312,46.1,1.4,5.4,19.3,0,3275.9,5,2,9,11,0.3257,1
SEG-0107,2025-01-01,7.99,1181.3,4,0.4902,28702.0,0.066,40.9,3.8,22.5,21.0,0,890.7,1,1,8,4,0.2853,0
SEG-0108,2025-01-01,5.73,1229.0,1,0.7126,44809.0,0.165,29.3,4.5,13.3,20.6,0,82.0,1,1,9,1,0.173,0
SEG-0109,2025-01-01,8.29,814.4,4,0.6032,18596.0,0.395,47.9,4.1,10.5,22.3,0,791.0,2,2,3,4,0.1805,1
SEG-0110,2025-01-01,2.37,959.5,2,0.7945,25517.0,0.114,41.2,8.4,26.9,19.4,0,556.2,1,0,9,3,0.1543,0
SEG-0111,2025-01-01,5.91,1407.2,2,0.6592,38302.0,0.1,31.0,32.8,82.0,20.8,0,1002.5,0,0,7,1,0.2344,0
SEG-0112,2025-01-01,6.34,311.6,2,0.686,34815.0,0.198,30.1,5.5,12.4,19.7,0,1432.3,0,2,4,5,0.1503,0
SEG-0113,2025-01-01,11.53,308.1,6,0.4223,39189.0,0.27,30.8,3.4,11.3,23.0,0,3105.9,4,3,10,7,0.3466,1
SEG-0114,2025-01-01,7.02,268.4,6,0.6938,22352.0,0.344,40.2,2.1,12.1,20.0,0,1079.6,3,0,4,1,0.2061,0
SEG-0115,2025-01-01,13.73,1038.1,2,0.415,6254.0,0.377,51.8,8.8,34.9,18.1,0,3092.9,4,2,10,4,0.3708,1
SEG-0116,2025-01-01,4.96,715.1,4,0.7442,34894.0,0.049,33.3,5.7,17.7,18.5,0,179.7,2,0,7,2,0.1914,0
SEG-0117,2025-01-01,5.55,1195.3,4,0.7942,33302.0,0.094,37.1,0.7,2.8,18.0,0,1360.2,2,0,9,2,0.1457,0
SEG-0118,2025-01-01,12.12,1056.2,2,0.4072,37474.0,0.27,32.8,3.9,19.1,17.1,0,3116.8,2,3,16,6,0.3152,1
SEG-0119,2025-01-01,8.24,600.4,1,0.565,4987.0,0.133,48.0,2.2,8.2,20.1,0,2255.7,2,0,10,9,0.2846,0
SEG-0120,2025-01-01,2.84,1362.8,1,0.8918,8558.0,0.346,48.8,21.7,58.2,13.8,0,130.0,0,1,3,1,0.0829,0
SEG-0121,2025-01-01,9.01,1179.4,4,0.5919,37668.0,0.272,34.3,10.0,32.7,17.1,0,414.3,1,1,15,6,0.2487,0
SEG-0122,2025-01-01,6.36,515.2,2,0.6793,1868.0,0.096,60.8,8.9,22.0,18.4,0,817.8,1,1,6,5,0.176,0
SEG-0123,2025-01-01,10.59,641.7,6,0.5145,48682.0,0.324,31.3,4.9,18.3,25.6,0,1267.6,3,1,16,8,0.2612,1
SEG-0124,2025-01-01,3.41,574.5,2,0.8482,14983.0,0.079,42.0,6.1,21.2,17.4,1,323.9,0,0,4,1,0.0941,0
SEG-0125,2025-01-01,8.62,362.8,6,0.5386,34299.0,0.198,37.2,2.4,13.1,18.5,1,1605.4,2,1,4,6,0.2488,0
SEG-0126,2025-01-01,14.59,349.5,2,0.2828,45763.0,0.237,28.6,2.6,9.9,20.3,0,606.4,5,2,17,11,0.3649,1
SEG-0127,2025-01-01,5.32,1413.8,4,0.7708,18603.0,0.208,45.0,3.9,10.9,22.7,0,420.6,2,1,9,4,0.1585,0
SEG-0128,2025-01-01,5.44,741.2,1,0.7752,13274.0,0.275,48.1,10.9,26.9,22.6,0,54.0,0,1,7,2,0.1098,0
SEG-0129,2025-01-01,5.07,667.5,2,0.7535,29179.0,0.261,35.4,4.0,9.1,24.0,1,1271.1,0,0,12,4,0.1861,0
SEG-0130,2025-01-01,4.71,1135.1,4,0.7666,24835.0,0.372,40.8,7.1,18.5,20.7,0,901.8,1,0,2,3,0.1104,0
SEG-0131,2025-01-01,2.76,896.5,4,0.8886,20796.0,0.358,44.9,12.5,58.2,17.5,0,764.1,0,0,6,0,0.0977,0
SEG-0132,2025-01-01,13.37,1413.8,4,0.4404,30530.0,0.238,38.5,2.9,16.2,20.4,0,3421.4,4,2,12,8,0.2901,1
SEG-0133,2025-01-01,3.07,1203.4,1,0.8431,47656.0,0.077,28.2,1.3,8.0,15.0,0,449.3,0,0,11,4,0.1484,0
SEG-0134,2025-01-01,8.86,797.1,2,0.5188,19804.0,0.295,41.5,2.8,11.5,22.8,1,2146.0,1,0,12,7,0.2996,1
SEG-0135,2025-01-01,13.8,658.1,1,0.3792,10588.0,0.364,55.3,22.5,50.3,16.6,0,2714.5,2,1,7,7,0.2756,1
SEG-0136,2025-01-01,3.44,1482.0,1,0.7743,15374.0,0.179,52.7,3.1,16.9,17.2,0,333.3,0,0,2,0,0.1868,0
SEG-0137,2025-01-01,2.51,1119.0,2,0.8356,16957.0,0.201,48.9,8.2,26.0,21.9,1,528.8,0,0,6,3,0.1501,1
SEG-0138,2025-01-01,14.63,1434.1,4,0.4478,6987.0,0.188,52.7,10.0,41.9,20.5,0,103.9,5,2,9,7,0.2863,1
SEG-0139,2025-01-01,4.01,309.9,4,0.9358,7879.0,0.055,41.3,4.0,17.3,15.6,0,875.9,0,0,2,3,0.0377,0
SEG-0140,2025-01-01,5.48,1298.2,4,0.7918,35722.0,0.27,40.8,4.4,29.0,18.3,0,405.2,2,2,11,5,0.1026,0
SEG-0141,2025-01-01,13.5,1010.0,4,0.3665,15756.0,0.168,44.0,14.8,37.6,20.3,0,1975.2,3,3,9,6,0.3518,0
SEG-0142,2025-01-01,11.51,314.6,4,0.5503,47350.0,0.262,32.5,5.7,24.9,15.1,0,1540.4,4,2,15,7,0.2513,1
SEG-0143,2025-01-01,9.68,944.1,1,0.4941,10242.0,0.335,47.4,9.8,23.2,15.4,0,1135.4,3,0,11,6,0.3253,0
SEG-0144,2025-01-01,11.29,1076.2,2,0.5466,5638.0,0.304,48.1,17.1,77.3,17.0,0,501.7,4,3,6,2,0.2664,0
SEG-0145,2025-01-01,12.97,166.6,2,0.4441,38351.0,0.169,33.6,3.4,12.8,18.6,0,1217.9,2,3,6,3,0.3087,0
SEG-0146,2025-01-01,8.63,763.3,4,0.6434,38114.0,0.132,28.1,5.0,17.4,12.2,0,2388.0,3,0,8,3,0.2527,1
SEG-0147,2025-01-01,11.95,1264.3,1,0.4838,12820.0,0.274,51.4,5.8,28.3,18.5,0,1450.0,2,2,10,6,0.3146,0
SEG-0148,2025-01-01,3.31,548.7,2,0.8126,11274.0,0.294,42.6,4.4,15.0,16.9,0,455.9,0,0,4,5,0.1274,0
SEG-0149,2025-01-01,11.68,769.0,2,0.463,10035.0,0.224,48.7,2.0,12.8,21.1,0,711.2,3,2,8,9,0.2803,0
SEG-0150,2025-01-01,13.45,747.1,1,0.401,21646.0,0.362,37.7,4.9,19.1,22.4,0,3620.1,2,1,10,10,0.3033,1
SEG-0151,2025-01-01,7.29,557.6,2,0.6967,21530.0,0.101,40.9,10.4,30.2,23.4,0,755.9,2,1,12,4,0.227,0
SEG-0152,2025-01-01,13.34,1389.9,4,0.453,11079.0,0.34,52.6,2.1,10.4,17.7,0,1890.9,3,2,11,7,0.272,1
SEG-0153,2025-01-01,14.46,1204.7,2,0.3939,2964.0,0.099,52.2,10.6,53.8,22.2,0,3910.1,5,1,12,7,0.383,1
SEG-0154,2025-01-01,11.89,299.3,2,0.4863,24313.0,0.111,43.4,3.5,10.6,16.5,0,419.7,3,1,9,7,0.295,0
SEG-0155,2025-01-01,1.56,1496.0,4,0.9701,40253.0,0.246,40.2,3.0,7.9,19.5,0,265.4,1,0,9,0,0.0315,0
SEG-0156,2025-01-01,11.73,1336.9,2,0.4291,29313.0,0.039,42.9,9.2,24.1,13.6,0,995.7,2,3,8,3,0.3889,0
SEG-0157,2025-01-01,7.92,533.3,4,0.7083,25506.0,0.048,40.7,7.2,22.7,20.7,0,1792.5,2,0,5,4,0.1667,1
SEG-0158,2025-01-01,3.87,1279.8,2,0.7986,5724.0,0.043,52.9,9.2,21.6,18.7,0,412.1,0,0,4,1,0.1119,0
SEG-0159,2025-01-01,3.97,293.7,2,0.8117,12602.0,0.169,39.0,4.3,27.6,19.6,0,590.9,0,1,2,2,0.1425,0
SEG-0160,2025-01-01,11.68,1498.8,2,0.4142,14830.0,0.314,52.4,23.3,52.5,16.5,0,3149.5,4,1,12,8,0.3625,0
SEG-0161,2025-01-01,3.13,1048.7,2,0.8829,35881.0,0.041,32.9,11.0,34.1,17.6,0,517.8,0,0,5,0,0.0683,0
SEG-0162,2025-01-01,5.16,1027.7,4,0.7691,38925.0,0.262,27.0,3.7,10.2,23.0,0,962.7,0,1,8,1,0.1209,0
SEG-0163,2025-01-01,7.29,272.1,2,0.6733,45765.0,0.321,28.7,3.5,10.3,19.9,0,955.0,1,2,15,5,0.1854,1
SEG-0164,2025-01-01,9.58,1361.0,1,0.5897,47679.0,0.097,27.0,2.2,14.1,16.9,0,1774.8,2,2,14,4,0.2115,0
SEG-0165,2025-01-01,4.92,189.1,2,0.7423,49425.0,0.107,21.7,5.7,14.7,20.3,0,907.6,1,1,2,0,0.1424,0
SEG-0166,2025-01-01,1.81,475.1,4,0.953,48749.0,0.337,32.8,8.3,31.3,18.9,0,367.5,1,1,10,3,0.0502,0
SEG-0167,2025-01-01,1.27,343.1,4,0.9267,4763.0,0.329,61.7,5.5,12.7,13.1,0,152.5,0,1,2,3,0.0594,0
SEG-0168,2025-01-01,3.52,1198.6,6,0.8095,6887.0,0.193,51.1,6.0,14.3,19.3,0,665.5,2,0,5,4,0.0641,0
SEG-0169,2025-01-01,3.62,417.6,2,0.9277,15666.0,0.308,45.9,1.3,4.0,19.4,0,495.5,1,0,4,3,0.0741,0
SEG-0170,2025-01-01,8.1,1379.4,2,0.5799,26728.0,0.06,33.5,4.3,22.3,24.2,0,1234.8,1,2,8,4,0.2166,0
SEG-0171,2025-01-01,13.86,1036.0,1,0.4246,5240.0,0.172,54.6,8.4,19.3,20.9,0,2426.8,4,3,7,5,0.3154,1
SEG-0172,2025-01-01,4.56,198.8,2,0.8393,33653.0,0.328,43.5,7.3,24.3,22.2,0,471.7,2,1,4,0,0.058,0
SEG-0173,2025-01-01,9.36,157.3,6,0.6214,30750.0,0.146,38.4,2.5,5.6,20.8,0,190.7,1,1,12,7,0.2432,0
SEG-0174,2025-01-01,12.75,219.7,4,0.3976,28174.0,0.281,47.9,1.0,3.5,16.5,0,2395.0,3,1,17,6,0.314,1
SEG-0175,2025-01-01,10.05,968.0,2,0.4731,9073.0,0.248,56.8,4.6,27.5,25.0,0,253.1,1,1,12,7,0.3155,0
SEG-0176,2025-01-01,14.94,1232.0,2,0.2534,11807.0,0.294,50.3,3.0,9.0,15.1,0,2974.3,5,3,13,6,0.423,1
SEG-0177,2025-01-01,6.75,472.0,4,0.7549,7360.0,0.197,53.0,7.4,24.9,18.5,0,62.1,1,0,10,5,0.2128,0
SEG-0178,2025-01-01,5.26,1296.7,2,0.7865,36480.0,0.156,29.0,13.8,32.5,16.5,0,512.6,0,2,7,2,0.1437,0
SEG-0179,2025-01-01,14.11,227.3,1,0.4674,27698.0,0.063,47.2,3.4,9.1,22.1,0,2627.5,3,2,25,10,0.3413,1
SEG-0180,2025-01-01,9.03,1231.3,2,0.5857,33166.0,0.099,35.1,2.1,9.6,25.0,1,1387.0,2,2,15,7,0.2731,0
SEG-0181,2025-01-01,9.86,1402.5,1,0.619,14444.0,0.321,48.5,6.4,19.2,17.2,0,909.3,3,1,5,2,0.2366,0
SEG-0182,2025-01-01,14.11,1192.3,2,0.3442,17754.0,0.117,45.2,7.5,22.8,18.2,0,772.3,5,1,9,8,0.4325,1
SEG-0183,2025-01-01,14.11,1092.5,1,0.3791,17574.0,0.069,48.5,12.3,29.3,19.0,0,3627.6,3,1,8,4,0.3306,1
SEG-0184,2025-01-01,13.16,1281.3,2,0.3583,37788.0,0.082,35.8,2.3,6.2,21.2,1,3597.0,3,3,14,5,0.3376,1
SEG-0185,2025-01-01,9.4,204.2,2,0.5842,34708.0,0.085,43.5,3.3,8.4,17.4,1,1011.4,1,0,9,3,0.2381,0
SEG-0186,2025-01-01,3.94,422.4,2,0.7857,10658.0,0.318,44.1,12.7,35.5,18.5,0,802.1,1,0,6,1,0.1141,0
SEG-0187,2025-01-01,10.05,318.6,2,0.4907,37674.0,0.17,30.8,3.2,7.8,20.6,0,951.8,3,3,8,5,0.29,0
SEG-0188,2025-01-01,14.23,831.1,6,0.269,7201.0,0.381,47.2,5.2,25.4,21.6,0,1016.3,4,2,11,9,0.4034,1
SEG-0189,2025-01-01,10.5,1156.0,4,0.5107,46239.0,0.097,28.0,10.7,44.7,19.4,0,979.9,1,2,12,7,0.3176,0
SEG-0190,2025-01-01,5.98,1000.5,2,0.6944,6219.0,0.308,51.6,5.8,19.1,20.2,0,1373.9,1,0,9,6,0.1523,0
SEG-0191,2025-01-01,11.7,1299.0,2,0.4723,14088.0,0.191,50.3,4.5,25.3,19.9,0,1793.7,4,1,6,7,0.2378,0
SEG-0192,2025-01-01,11.41,359.5,4,0.5472,37612.0,0.15,38.0,3.9,14.1,17.0,0,3110.6,2,3,15,6,0.2883,1
SEG-0193,2025-01-01,12.33,1141.7,2,0.4566,7690.0,0.345,55.0,2.7,9.0,19.2,0,1229.4,2,1,12,7,0.3288,1
SEG-0194,2025-01-01,3.29,410.6,2,0.7864,20438.0,0.367,40.0,5.6,24.5,23.4,0,111.9,1,1,1,2,0.105,0
SEG-0195,2025-01-01,13.82,515.5,4,0.3183,22718.0,0.316,46.1,9.1,58.0,16.5,0,1531.7,2,3,12,9,0.4104,1
SEG-0196,2025-01-01,2.9,1108.4,2,0.9658,10461.0,0.09,45.7,2.7,12.8,19.6,0,757.3,0,0,1,2,0.0193,0
SEG-0197,2025-01-01,1.81,1473.3,4,0.934,36072.0,0.126,42.8,9.8,33.0,20.9,0,491.2,1,0,7,2,0.0151,0
SEG-0198,2025-01-01,12.52,975.6,2,0.3472,34407.0,0.259,31.2,4.8,14.0,17.1,0,655.8,2,2,12,7,0.3875,0
SEG-0199,2025-01-01,3.87,223.6,2,0.8819,34704.0,0.191,30.0,5.7,25.2,15.4,0,169.7,0,0,6,4,0.0684,0
SEG-0200,2025-01-01,1.0,982.0,2,0.98,15492.0,0.253,54.0,5.4,12.8,16.0,0,245.4,0,0,6,1,0.0376,0
SEG-0201,2025-01-01,8.99,207.2,2,0.4738,25596.0,0.194,39.7,12.0,26.9,20.2,0,2459.9,3,2,13,7,0.2505,1
SEG-0202,2025-01-01,6.93,1343.6,2,0.7025,11569.0,0.217,45.4,3.3,21.5,16.6,0,237.2,1,2,5,4,0.2025,0
SEG-0203,2025-01-01,8.71,1107.9,2,0.6432,11793.0,0.342,47.0,0.8,5.0,19.6,0,1910.8,3,2,5,3,0.1951,0
SEG-0204,2025-01-01,2.78,383.7,4,0.8323,8682.0,0.282,46.0,6.3,20.0,21.7,0,270.3,0,1,3,2,0.0791,0
SEG-0205,2025-01-01,6.08,273.8,2,0.672,38319.0,0.065,35.3,1.9,6.4,18.7,0,1173.4,0,1,16,5,0.1922,0
SEG-0206,2025-01-01,3.93,397.8,2,0.8406,42315.0,0.064,35.7,4.5,15.8,20.2,0,642.8,0,0,9,0,0.1079,0
SEG-0207,2025-01-01,13.95,1473.0,4,0.3115,32568.0,0.24,38.7,2.4,12.0,23.4,0,527.7,4,3,25,11,0.3597,1
SEG-0208,2025-01-01,6.1,769.1,4,0.6544,26062.0,0.218,39.3,24.4,56.0,20.5,0,76.4,1,0,8,3,0.2015,0
SEG-0209,2025-01-01,10.64,1208.5,2,0.4244,19949.0,0.148,46.5,2.4,6.3,18.1,0,2235.4,2,3,2,5,0.3241,1
SEG-0210,2025-01-01,2.73,1009.2,2,0.9386,22226.0,0.198,41.0,13.5,31.5,17.6,0,208.9,1,1,4,0,0.0548,0
SEG-0211,2025-01-01,13.07,922.8,6,0.4024,28294.0,0.283,39.1,9.1,29.9,22.2,0,3603.5,4,1,16,7,0.3458,1
SEG-0212,2025-01-01,2.07,345.9,2,0.9556,21191.0,0.314,42.7,10.8,28.0,17.9,0,482.9,0,1,3,2,0.007,0
SEG-0213,2025-01-01,5.86,1427.1,4,0.6928,6616.0,0.242,47.9,5.0,23.4,15.7,0,1321.2,1,0,4,6,0.1775,0
SEG-0214,2025-01-01,3.49,556.8,4,0.883,5557.0,0.128,51.0,8.6,24.7,17.8,0,385.4,1,0,1,3,0.0498,0
SEG-0215,2025-01-01,5.84,930.3,4,0.7148,40171.0,0.132,35.3,14.8,33.2,18.1,0,479.4,1,1,8,5,0.1523,0
SEG-0216,2025-01-01,14.98,1094.7,2,0.2704,19543.0,0.244,40.5,8.8,23.3,17.8,1,481.4,4,3,15,8,0.3878,1
SEG-0217,2025-01-01,14.79,1026.5,2,0.2408,42986.0,0.162,30.2,10.0,22.3,21.3,0,1575.6,5,3,13,7,0.417,1
SEG-0218,2025-01-01,7.95,1419.8,1,0.7192,8342.0,0.25,49.8,12.8,44.5,17.2,0,1923.9,3,1,5,4,0.2342,0
SEG-0219,2025-01-01,4.48,350.4,2,0.8093,26007.0,0.268,41.7,0.5,3.3,14.3,0,196.4,2,1,2,3,0.0554,0
SEG-0220,2025-01-01,10.04,836.3,6,0.5255,8746.0,0.072,50.0,6.7,33.6,21.3,0,2160.1,1,2,10,7,0.2758,0
SEG-0221,2025-01-01,14.46,695.4,2,0.4325,13716.0,0.07,43.1,13.6,30.5,16.4,0,3730.5,4,3,18,5,0.3653,1
SEG-0222,2025-01-01,12.13,790.1,2,0.4577,2069.0,0.112,47.1,13.7,47.3,21.3,0,2707.5,4,2,14,8,0.3053,1
SEG-0223,2025-01-01,7.54,310.9,1,0.6952,5446.0,0.326,46.9,4.0,14.1,17.5,0,2004.9,2,0,5,4,0.1888,0
SEG-0224,2025-01-01,9.41,331.0,6,0.6026,41299.0,0.273,26.5,6.9,18.0,17.6,0,2089.4,1,2,8,2,0.1946,1
SEG-0225,2025-01-01,6.92,525.4,1,0.6685,13114.0,0.124,46.8,12.6,34.1,17.5,0,1903.9,1,0,7,6,0.2056,0
SEG-0226,2025-01-01,10.72,561.4,1,0.4254,24393.0,0.327,43.2,0.6,3.2,19.6,0,1679.2,4,1,16,6,0.3048,1
SEG-0227,2025-01-01,7.19,727.7,2,0.7205,22359.0,0.199,40.1,4.4,10.5,17.0,0,904.4,2,1,10,4,0.1675,0
SEG-0228,2025-01-01,11.04,974.8,1,0.4326,18030.0,0.21,38.3,4.2,15.7,15.5,0,1219.8,3,1,6,6,0.3095,0
SEG-0229,2025-01-01,14.57,1006.7,2,0.3533,21081.0,0.363,39.5,5.7,19.4,19.5,0,3191.2,4,2,13,5,0.3296,1
SEG-0230,2025-01-01,12.77,705.9,2,0.4182,10383.0,0.034,52.4,6.6,29.8,20.6,0,497.6,2,1,11,10,0.3122,0
SEG-0231,2025-01-01,7.76,701.9,2,0.5827,40139.0,0.112,31.6,8.7,30.0,19.1,0,656.2,3,0,18,6,0.2267,0
SEG-0232,2025-01-01,14.44,443.8,1,0.3809,35144.0,0.235,35.1,2.9,10.7,15.5,0,3677.5,4,1,9,8,0.3788,1
SEG-0233,2025-01-01,5.07,944.2,1,0.7396,34927.0,0.096,38.3,3.9,9.6,18.1,0,1302.9,2,0,6,0,0.1447,0
SEG-0234,2025-01-01,4.8,578.0,2,0.7541,24419.0,0.298,36.4,4.9,11.2,19.9,1,1165.5,2,0,9,3,0.1654,0
SEG-0235,2025-01-01,3.58,198.7,1,0.8732,7922.0,0.09,52.3,3.3,7.5,18.6,0,435.1,0,0,2,1,0.1173,0
SEG-0236,2025-01-01,14.21,714.8,2,0.2927,43636.0,0.086,28.4,2.6,12.3,16.1,0,3036.8,3,3,16,9,0.4032,1
SEG-0237,2025-01-01,8.34,790.1,2,0.6846,17361.0,0.121,43.1,5.2,21.4,20.2,0,1700.2,1,2,7,2,0.163,0
SEG-0238,2025-01-01,13.18,454.6,2,0.4331,3554.0,0.195,57.6,8.5,29.2,23.2,1,1761.4,2,1,9,4,0.3506,1
SEG-0239,2025-01-01,8.46,922.8,2,0.591,13866.0,0.093,46.7,2.2,11.9,18.8,0,343.7,3,0,7,5,0.2173,0
SEG-0240,2025-01-01,12.14,913.8,2,0.4971,31632.0,0.067,35.2,4.8,31.8,18.4,0,1628.9,4,3,13,8,0.3121,0
SEG-0241,2025-01-01,13.75,1097.7,1,0.2334,28565.0,0.377,42.0,10.8,40.3,18.2,1,1055.4,2,3,15,12,0.4504,0
SEG-0242,2025-01-01,12.5,1024.7,1,0.4366,34450.0,0.163,33.1,2.1,12.0,13.9,0,1872.9,3,3,15,9,0.3372,1
SEG-0243,2025-01-01,3.47,1030.8,4,0.8436,33193.0,0.141,30.0,4.8,12.8,21.3,0,185.6,0,0,7,1,0.0981,0
SEG-0244,2025-01-01,1.83,576.9,1,0.937,9501.0,0.075,49.9,8.3,28.2,15.1,0,177.5,0,1,4,0,0.0963,0
SEG-0245,2025-01-01,3.94,1213.0,2,0.8726,40332.0,0.146,33.3,2.4,7.8,17.5,0,202.3,2,0,8,0,0.0895,0
SEG-0246,2025-01-01,4.35,891.3,2,0.8669,20376.0,0.174,43.9,3.5,13.9,16.5,1,192.2,0,0,4,1,0.0451,0
SEG-0247,2025-01-01,9.3,732.4,2,0.5681,24859.0,0.24,40.6,4.7,11.1,17.6,0,2496.5,3,1,7,2,0.3051,1
SEG-0248,2025-01-01,10.17,995.1,2,0.5235,1076.0,0.118,50.8,1.9,9.9,20.8,0,1622.0,3,3,3,4,0.2326,0
SEG-0249,2025-01-01,1.7,636.9,4,0.772,47442.0,0.335,26.5,4.2,12.9,17.9,0,350.7,1,0,7,0,0.1256,0
SEG-0250,2025-01-01,5.4,842.2,4,0.7576,14639.0,0.342,43.1,7.6,29.5,18.4,0,950.7,2,1,8,6,0.155,0
SEG-0001,2025-01-16,2.44,1030.1,4,0.8172,11927.0,0.05,52.6,7.0,38.5,23.8,0,119.0,0,0,6,2,0.1634,0
SEG-0002,2025-01-16,7.98,1321.1,4,0.5881,17342.0,0.199,43.0,6.1,23.9,22.2,0,808.7,2,2,5,8,0.1798,0
SEG-0003,2025-01-16,11.56,762.8,4,0.4526,12056.0,0.103,50.3,5.5,26.0,19.9,1,2357.1,4,3,7,5,0.2947,1
SEG-0004,2025-01-16,7.6,484.6,2,0.6521,20001.0,0.099,50.2,4.1,16.5,19.5,0,524.7,3,1,7,3,0.1988,0
SEG-0005,2025-01-16,4.88,469.5,2,0.7886,28928.0,0.268,40.4,17.1,41.3,22.6,1,1051.9,0,1,2,0,0.1331,0
SEG-0006,2025-01-16,7.19,1157.1,4,0.6209,10412.0,0.165,50.5,8.3,22.7,20.7,0,1755.1,1,0,9,7,0.2564,0
SEG-0007,2025-01-16,5.09,1252.4,2,0.8291,17605.0,0.354,46.4,11.4,60.7,22.9,0,55.2,2,1,0,0,0.0947,0
SEG-0008,2025-01-16,2.92,292.1,4,0.8989,45031.0,0.161,25.6,4.1,16.4,13.6,0,112.0,1,0,4,1,0.0458,0
SEG-0009,2025-01-16,4.64,239.9,2,0.8081,3083.0,0.284,53.4,17.0,94.5,18.4,0,259.3,0,0,2,0,0.0871,0
SEG-0010,2025-01-16,10.82,952.5,1,0.4908,21635.0,0.202,38.7,14.3,34.1,19.4,0,1013.8,4,3,9,7,0.3119,0
SEG-0011,2025-01-16,10.36,347.3,1,0.5439,28054.0,0.231,38.3,10.2,55.1,19.5,0,1587.4,1,3,14,6,0.3026,0
SEG-0012,2025-01-16,9.99,1263.3,4,0.5539,7750.0,0.223,48.6,9.4,25.0,20.0,0,400.7,2,2,7,7,0.2306,0
SEG-0013,2025-01-16,8.29,569.0,1,0.6098,3265.0,0.174,55.6,10.0,23.0,22.9,0,1523.1,3,1,13,4,0.2536,0
SEG-0014,2025-01-16,8.73,344.2,2,0.6356,7794.0,0.396,50.8,3.8,21.0,18.9,0,127.8,1,1,3,3,0.1876,0
SEG-0015,2025-01-16,14.63,1393.3,2,0.3089,47080.0,0.134,34.1,4.6,17.7,23.2,1,1153.3,4,1,14,5,0.4094,0
SEG-0016,2025-01-16,2.06,373.5,2,0.8995,1353.0,0.112,64.2,3.8,8.7,18.5,0,73.1,0,0,0,0,0.0247,0
SEG-0017,2025-01-16,1.73,534.4,2,0.9182,8851.0,0.311,54.3,20.3,59.1,22.4,2,446.4,0,0,1,1,0.0492,0
SEG-0018,2025-01-16,13.87,357.4,4,0.2885,2209.0,0.301,51.9,13.4,63.0,20.3,0,3072.7,3,1,9,5,0.4134,1
SEG-0019,2025-01-16,9.15,305.9,1,0.5328,6682.0,0.043,53.8,3.3,14.6,22.5,0,1483.0,3,0,8,4,0.2034,0
SEG-0020,2025-01-16,9.55,178.5,4,0.4924,26750.0,0.156,39.7,10.0,37.3,17.8,0,2234.7,3,1,18,7,0.2588,0
SEG-0021,2025-01-16,4.11,224.8,4,0.7802,13145.0,0.358,50.8,4.5,23.3,21.8,0,527.2,0,0,5,1,0.0902,0
SEG-0022,2025-01-16,5.11,385.8,2,0.675,27800.0,0.288,39.8,4.5,17.8,22.3,0,363.6,0,1,12,7,0.1809,0
SEG-0023,2025-01-16,3.58,222.1,2,0.8335,23453.0,0.382,44.0,12.2,43.7,20.6,1,232.9,0,1,5,2,0.1157,0
SEG-0024,2025-01-16,6.19,948.0,2,0.7022,42187.0,0.233,34.2,1.8,11.1,17.1,0,449.4,2,1,6,4,0.1354,0
SEG-0025,2025-01-16,2.13,1069.0,1,0.8027,1315.0,0.254,55.4,10.8,60.5,23.8,0,476.9,0,0,4,2,0.1097,0
SEG-0026,2025-01-16,4.31,681.4,2,0.8315,38601.0,0.186,30.9,1.9,10.3,17.5,0,490.1,2,0,5,2,0.1463,0
SEG-0027,2025-01-16,4.14,579.3,6,0.8279,29259.0,0.374,43.1,10.4,30.1,21.5,1,1105.2,1,0,4,4,0.074,0
SEG-0028,2025-01-16,13.31,831.1,6,0.5249,7025.0,0.171,46.9,6.7,21.1,19.2,0,1644.7,3,2,13,6,0.2366,0
SEG-0029,2025-01-16,14.57,1331.3,4,0.3287,30747.0,0.306,39.7,7.8,51.2,20.6,0,984.6,3,2,14,10,0.3187,0
SEG-0030,2025-01-16,9.28,1299.0,2,0.5423,41483.0,0.14,31.1,10.2,33.1,26.1,1,554.4,1,1,9,4,0.2485,0
SEG-0031,2025-01-16,9.54,208.7,2,0.5036,11000.0,0.25,46.8,17.3,54.0,22.4,0,623.0,1,1,8,4,0.2977,0
SEG-0032,2025-01-16,14.43,395.0,4,0.4166,37001.0,0.285,36.1,5.0,19.8,20.7,0,879.3,3,3,14,5,0.3557,1
SEG-0033,2025-01-16,4.47,469.6,2,0.8153,19046.0,0.205,48.2,7.7,44.8,18.5,0,909.4,2,0,13,4,0.1228,0
SEG-0034,2025-01-16,11.76,486.7,2,0.3695,31557.0,0.311,39.0,9.2,22.2,19.5,0,2034.0,2,2,11,6,0.3566,1
SEG-0035,2025-01-16,2.25,921.2,1,0.8868,39866.0,0.172,28.9,2.8,14.6,20.7,0,137.0,1,0,5,1,0.084,0
SEG-0036,2025-01-16,14.07,712.0,2,0.3304,18614.0,0.21,49.8,4.4,21.6,22.6,0,2914.9,5,1,6,10,0.3625,1
SEG-0037,2025-01-16,14.68,216.5,2,0.2272,33606.0,0.163,30.8,1.9,4.1,19.4,0,944.7,4,2,22,11,0.4594,1
SEG-0038,2025-01-16,7.97,654.4,2,0.599,13388.0,0.21,50.4,5.9,19.5,21.9,0,1670.9,3,0,16,7,0.2892,0
SEG-0039,2025-01-16,6.04,857.1,2,0.678,33777.0,0.166,34.6,2.3,6.2,20.7,0,996.4,2,0,10,3,0.2077,0
SEG-0040,2025-01-16,6.27,287.3,4,0.7954,24176.0,0.114,41.1,8.1,49.2,15.7,0,955.6,0,1,4,1,0.1456,0
SEG-0041,2025-01-16,6.98,1275.2,6,0.6787,10381.0,0.061,45.7,26.3,66.1,21.6,1,894.5,0,1,5,4,0.2081,1
SEG-0042,2025-01-16,7.74,220.1,2,0.6166,20799.0,0.264,49.2,15.3,41.9,24.3,1,1074.2,3,0,9,2,0.2518,1
SEG-0043,2025-01-16,1.42,1398.5,4,0.9314,17145.0,0.259,53.5,7.9,22.0,20.4,0,275.9,0,0,3,1,0.1157,0
SEG-0044,2025-01-16,2.98,283.8,6,0.8057,5011.0,0.269,47.8,4.2,28.0,20.3,0,59.3,1,0,4,6,0.1327,0
SEG-0045,2025-01-16,7.72,1288.8,1,0.6248,2027.0,0.079,55.2,12.0,29.1,22.4,0,1720.2,3,1,11,5,0.2754,0
SEG-0046,2025-01-16,4.01,1368.6,2,0.8229,14999.0,0.138,49.0,8.7,24.8,22.3,0,125.3,1,0,2,2,0.1203,0
SEG-0047,2025-01-16,6.68,1472.4,2,0.6538,1644.0,0.118,55.6,11.5,35.3,17.9,0,1795.4,2,1,9,5,0.2172,0
SEG-0048,2025-01-16,9.32,1232.7,1,0.603,8931.0,0.309,49.1,8.8,23.5,24.0,0,1268.4,1,2,11,8,0.1751,0
SEG-0049,2025-01-16,10.88,1202.3,4,0.5185,34423.0,0.379,33.4,8.2,25.4,23.4,0,1622.7,4,3,8,5,0.2354,1
SEG-0050,2025-01-16,14.67,1017.4,2,0.2702,31409.0,0.095,37.1,8.2,54.1,25.4,0,1336.4,4,3,16,6,0.3939,1
SEG-0051,2025-01-16,6.57,1201.6,2,0.769,36840.0,0.263,37.2,32.8,77.1,21.6,1,566.9,2,1,6,2,0.1506,0
SEG-0052,2025-01-16,14.25,331.6,2,0.3427,14429.0,0.091,43.8,15.4,52.1,18.7,0,1126.1,5,2,15,11,0.3636,1
SEG-0053,2025-01-16,7.08,873.7,2,0.6824,36626.0,0.16,32.8,17.3,39.7,17.7,0,462.8,2,2,8,3,0.2449,0
SEG-0054,2025-01-16,2.2,844.2,4,0.9477,31049.0,0.091,35.0,7.0,41.8,23.5,0,562.6,0,0,8,2,0.0247,0
SEG-0055,2025-01-16,4.76,1307.7,1,0.7631,5819.0,0.127,53.0,11.8,40.3,20.3,0,844.9,1,0,6,3,0.1629,0
SEG-0056,2025-01-16,4.75,774.8,2,0.7463,8058.0,0.304,50.1,3.1,16.6,22.1,0,449.8,2,0,7,5,0.1248,0
SEG-0057,2025-01-16,10.51,669.9,2,0.4815,29245.0,0.335,35.8,12.5,30.8,23.5,0,324.6,2,2,9,6,0.2807,0
SEG-0058,2025-01-16,5.14,1013.4,2,0.7279,8998.0,0.165,41.9,12.5,39.4,23.7,0,516.7,0,2,6,2,0.1277,0
SEG-0059,2025-01-16,9.2,509.7,2,0.6141,20074.0,0.236,47.3,4.8,18.1,18.9,0,88.6,3,1,6,4,0.2134,0
SEG-0060,2025-01-16,3.64,338.7,2,0.8356,41153.0,0.295,26.9,25.5,68.9,17.9,0,715.8,1,0,8,0,0.1324,0
SEG-0061,2025-01-16,13.41,795.1,1,0.381,1061.0,0.377,53.9,9.0,20.5,21.3,0,298.0,4,1,10,5,0.3549,0
SEG-0062,2025-01-16,8.23,712.8,2,0.701,1961.0,0.247,49.5,5.7,18.6,18.9,0,92.2,3,0,4,1,0.1941,0
SEG-0063,2025-01-16,14.66,464.0,4,0.332,51392.0,0.154,26.8,6.1,28.7,23.4,1,1455.5,5,2,18,6,0.377,1
SEG-0064,2025-01-16,13.49,646.1,2,0.3688,23420.0,0.276,38.3,13.0,68.8,23.7,0,2625.9,3,3,10,7,0.3506,1
SEG-0065,2025-01-16,2.87,644.6,2,0.9027,7397.0,0.129,50.9,3.2,17.4,23.8,0,325.0,0,0,2,3,0.0868,0
SEG-0066,2025-01-16,10.79,592.1,2,0.5417,37590.0,0.396,33.7,11.4,35.9,17.6,0,1265.3,3,3,18,7,0.2855,1
SEG-0067,2025-01-16,6.04,662.3,4,0.7154,35455.0,0.198,37.0,5.2,26.1,20.6,0,237.2,0,1,9,5,0.1754,0
SEG-0068,2025-01-16,7.51,1075.8,1,0.6023,24927.0,0.282,48.1,0.6,2.7,19.3,0,1484.9,1,2,15,6,0.279,0
SEG-0069,2025-01-16,14.84,550.8,2,0.349,27860.0,0.066,36.7,5.8,20.0,23.1,1,2324.2,3,3,19,9,0.3547,1
SEG-0070,2025-01-16,13.68,1431.0,2,0.3732,12057.0,0.191,43.0,3.8,22.2,23.2,0,3544.0,3,1,7,9,0.3299,1
SEG-0071,2025-01-16,6.87,1387.1,2,0.7824,2962.0,0.336,57.6,7.3,17.2,17.1,0,292.2,2,0,0,2,0.1664,0
SEG-0072,2025-01-16,9.46,799.2,4,0.5627,26859.0,0.25,39.8,5.9,31.7,24.9,0,309.1,1,1,13,9,0.2739,0
SEG-0073,2025-01-16,11.31,593.3,2,0.5342,13979.0,0.184,49.6,14.4,58.4,24.0,0,1455.8,2,3,9,4,0.2841,0
SEG-0074,2025-01-16,2.5,872.8,4,0.8925,27018.0,0.323,40.4,7.3,32.0,21.8,0,485.7,0,0,1,1,0.091,0
SEG-0075,2025-01-16,3.56,1295.6,4,0.8317,35764.0,0.304,34.7,13.2,38.5,23.0,0,439.5,2,0,8,4,0.1313,0
SEG-0076,2025-01-16,14.77,1031.0,2,0.3392,1657.0,0.165,55.7,2.9,13.6,19.9,1,2399.9,4,2,10,10,0.3699,1
SEG-0077,2025-01-16,7.33,1235.9,4,0.5817,26560.0,0.178,38.7,2.6,10.9,21.8,1,412.3,1,1,4,5,0.2675,0
SEG-0078,2025-01-16,4.76,869.2,2,0.7939,11632.0,0.207,47.6,7.9,30.9,18.3,0,279.8,2,0,4,5,0.112,0
SEG-0079,2025-01-16,13.72,1004.4,4,0.3869,33649.0,0.247,40.2,7.0,23.0,19.5,0,1853.7,3,1,13,5,0.3407,1
SEG-0080,2025-01-16,1.18,539.0,2,0.9081,11277.0,0.143,54.7,11.0,57.6,23.6,0,208.4,0,0,2,4,0.0187,0
SEG-0081,2025-01-16,8.7,1142.1,2,0.6482,27291.0,0.091,41.4,2.3,6.5,23.5,0,1732.4,3,2,11,5,0.2001,0
SEG-0082,2025-01-16,9.32,423.2,2,0.4444,26201.0,0.38,40.9,7.4,32.2,22.6,0,364.3,3,1,16,8,0.3032,0
SEG-0083,2025-01-16,13.84,1088.0,1,0.3954,17800.0,0.315,40.3,5.2,26.5,20.1,0,434.0,3,1,9,11,0.3777,1
SEG-0084,2025-01-16,4.5,1312.0,2,0.6919,26606.0,0.342,40.4,6.9,33.7,22.5,0,833.0,1,0,8,7,0.2224,0
SEG-0085,2025-01-16,1.15,328.3,4,0.9622,35998.0,0.383,39.3,2.6,11.8,24.0,0,293.1,0,0,4,2,0.0454,0
SEG-0086,2025-01-16,1.54,979.4,2,0.9262,23572.0,0.262,40.5,6.4,16.9,20.8,0,237.0,1,0,3,0,0.0413,0
SEG-0087,2025-01-16,9.69,278.4,2,0.5178,35842.0,0.288,37.3,11.2,32.2,21.9,0,116.6,2,0,12,6,0.2963,0
SEG-0088,2025-01-16,13.92,1129.7,2,0.3107,44651.0,0.311,33.9,22.2,56.4,19.8,0,3231.1,2,3,15,8,0.4101,1
SEG-0089,2025-01-16,8.97,264.1,2,0.5278,19335.0,0.17,45.3,9.8,23.7,17.2,0,2341.8,3,2,11,6,0.2962,0
SEG-0090,2025-01-16,13.22,1413.5,1,0.362,23302.0,0.189,38.3,3.5,15.1,25.6,0,110.9,3,2,11,5,0.3739,1
SEG-0091,2025-01-16,1.59,335.5,4,0.924,1398.0,0.087,43.6,3.1,7.5,21.7,0,377.7,0,0,3,2,0.041,0
SEG-0092,2025-01-16,3.4,1444.5,2,0.9206,41198.0,0.246,29.9,6.5,29.0,20.2,0,414.8,0,1,5,1,0.038,0
SEG-0093,2025-01-16,4.38,1231.2,2,0.7949,22086.0,0.14,45.1,2.6,6.0,22.7,0,92.5,2,0,7,6,0.0976,0
SEG-0094,2025-01-16,9.11,951.5,2,0.6004,16313.0,0.158,54.5,10.4,32.8,20.4,0,898.5,1,1,12,2,0.2607,0
SEG-0095,2025-01-16,9.72,1206.5,1,0.6048,4946.0,0.223,51.1,4.3,14.9,21.0,0,724.9,1,1,6,7,0.218,0
SEG-0096,2025-01-16,14.34,1223.4,2,0.3189,43059.0,0.175,32.9,2.3,6.6,20.1,0,1503.9,4,1,20,9,0.4159,1
SEG-0097,2025-01-16,4.75,1427.1,4,0.7319,16454.0,0.131,47.0,4.5,11.0,24.3,0,849.5,2,0,5,1,0.1143,0
SEG-0098,2025-01-16,3.03,492.1,2,0.8904,30207.0,0.325,39.7,14.4,49.6,22.7,0,373.1,0,0,7,5,0.0608,0
SEG-0099,2025-01-16,8.28,946.6,6,0.6326,6549.0,0.322,44.4,17.2,47.2,23.4,0,1879.4,3,2,7,5,0.183,0
SEG-0100,2025-01-16,11.91,278.3,2,0.4415,45177.0,0.091,33.8,1.7,6.0,21.2,1,283.4,4,1,17,6,0.2968,0
SEG-0101,2025-01-16,6.85,981.8,2,0.7144,9148.0,0.044,49.0,14.3,35.6,19.6,0,829.6,0,0,7,3,0.206,0
SEG-0102,2025-01-16,6.79,381.2,4,0.6157,9774.0,0.16,51.4,11.8,32.1,19.6,0,1405.8,2,1,7,3,0.1871,0
SEG-0103,2025-01-16,10.14,912.7,4,0.5182,40003.0,0.317,36.3,5.9,18.5,21.2,0,1739.8,2,1,17,5,0.2512,1
SEG-0104,2025-01-16,10.18,922.8,4,0.4633,43271.0,0.289,32.9,3.4,13.8,18.6,0,2203.1,1,3,14,6,0.2728,1
SEG-0105,2025-01-16,14.66,779.1,6,0.3745,10549.0,0.092,50.8,7.9,23.3,24.3,0,3282.3,5,2,8,9,0.347,1
SEG-0106,2025-01-16,14.28,855.6,4,0.3404,22894.0,0.285,46.2,3.2,10.3,25.0,0,3290.9,5,2,10,9,0.3518,0
SEG-0107,2025-01-16,8.03,1181.3,4,0.5031,37290.0,0.081,33.3,1.8,4.3,18.4,0,905.7,1,1,12,5,0.3175,0
SEG-0108,2025-01-16,5.77,1229.0,1,0.6788,38367.0,0.129,34.7,22.9,61.1,21.1,0,97.0,1,1,11,4,0.1968,0
SEG-0109,2025-01-16,8.33,814.4,4,0.5814,17907.0,0.357,48.6,13.0,56.7,21.9,0,806.0,2,2,6,2,0.1786,0
SEG-0110,2025-01-16,2.41,959.5,2,0.7914,23473.0,0.112,44.2,7.1,23.1,15.8,0,571.2,1,0,9,3,0.1261,0
SEG-0111,2025-01-16,5.95,1407.2,2,0.6984,37688.0,0.062,28.8,15.7,38.7,22.2,0,1017.5,0,0,7,2,0.215,0
SEG-0112,2025-01-16,6.39,311.6,2,0.6482,29348.0,0.189,36.1,6.5,34.5,19.1,0,1447.3,0,2,13,5,0.1539,0
SEG-0113,2025-01-16,11.57,308.1,6,0.3969,35371.0,0.256,26.6,4.2,21.2,23.3,0,3120.9,4,3,7,6,0.357,1
SEG-0114,2025-01-16,7.06,268.4,6,0.6864,24130.0,0.349,40.2,8.9,48.7,22.0,0,1094.6,3,0,8,1,0.231,0
SEG-0115,2025-01-16,13.77,1038.1,2,0.4081,5255.0,0.385,51.3,14.8,39.5,16.4,0,3107.9,4,2,6,6,0.3387,1
SEG-0116,2025-01-16,5.0,715.1,4,0.7694,35650.0,0.059,35.6,3.0,14.1,19.9,0,194.7,2,0,9,0,0.1512,0
SEG-0117,2025-01-16,5.6,1195.3,4,0.739,36676.0,0.096,38.1,4.1,10.4,16.7,0,1375.2,2,0,8,2,0.1957,0
SEG-0118,2025-01-16,12.16,1056.2,2,0.4076,33415.0,0.307,37.9,9.6,27.4,24.6,0,3131.8,2,3,10,5,0.3548,1
SEG-0119,2025-01-16,8.28,600.4,1,0.5719,5409.0,0.116,51.9,18.5,48.4,20.5,2,2270.7,2,0,7,7,0.2965,1
SEG-0120,2025-01-16,2.88,1362.8,1,0.8503,8588.0,0.329,45.1,3.0,11.7,21.1,0,145.0,0,1,1,1,0.0824,0
SEG-0121,2025-01-16,9.06,1179.4,4,0.5734,32802.0,0.224,32.2,5.5,30.4,21.2,0,429.3,1,1,12,7,0.273,1
SEG-0122,2025-01-16,6.4,515.2,2,0.7014,1979.0,0.07,47.4,7.2,30.7,20.1,0,832.8,1,1,7,5,0.1648,0
SEG-0123,2025-01-16,10.64,641.7,6,0.5621,43408.0,0.33,27.2,25.9,88.6,19.5,0,1282.6,3,1,16,6,0.2419,0
SEG-0124,2025-01-16,3.46,574.5,2,0.8749,15621.0,0.116,47.3,1.9,4.7,19.7,1,338.9,0,0,3,0,0.0597,0
SEG-0125,2025-01-16,8.66,362.8,6,0.5334,34306.0,0.162,39.3,9.6,38.8,23.1,0,1620.4,2,1,16,6,0.2355,0
SEG-0126,2025-01-16,14.63,349.5,2,0.3125,41366.0,0.265,29.8,10.9,50.8,21.8,0,621.4,5,2,23,11,0.3711,1
SEG-0127,2025-01-16,5.36,1413.8,4,0.7533,16197.0,0.21,49.1,25.7,72.2,18.6,0,435.6,2,1,8,3,0.165,0
SEG-0128,2025-01-16,5.48,741.2,1,0.7817,14842.0,0.312,50.7,12.9,33.9,24.6,0,69.0,0,1,5,1,0.1439,0
SEG-0129,2025-01-16,5.11,667.5,2,0.7612,25544.0,0.266,38.7,8.8,31.9,22.1,0,1286.1,0,0,11,4,0.182,0
SEG-0130,2025-01-16,4.75,1135.1,4,0.7987,23686.0,0.385,45.7,17.7,39.4,17.6,0,916.8,1,0,7,5,0.0765,1
SEG-0131,2025-01-16,2.81,896.5,4,0.879,18073.0,0.395,42.9,2.1,4.7,22.7,0,779.1,0,0,4,0,0.0847,0
SEG-0132,2025-01-16,13.41,1413.8,4,0.4679,23364.0,0.215,41.2,9.5,21.2,16.6,0,3436.4,4,2,13,6,0.288,1
SEG-0133,2025-01-16,3.11,1203.4,1,0.7994,44216.0,0.09,28.8,12.0,79.9,17.9,0,464.3,0,0,10,3,0.135,0
SEG-0134,2025-01-16,8.9,797.1,2,0.5266,23952.0,0.278,37.7,33.0,76.8,21.0,0,2161.0,1,0,17,9,0.2917,0
SEG-0135,2025-01-16,13.84,658.1,1,0.378,9417.0,0.399,49.4,13.6,37.2,16.2,0,2729.5,2,1,16,9,0.3015,1
SEG-0136,2025-01-16,3.48,1482.0,1,0.7418,18656.0,0.166,43.0,14.0,38.6,18.2,0,348.3,0,0,3,2,0.1616,0
SEG-0137,2025-01-16,2.55,1119.0,2,0.8384,19542.0,0.175,42.3,9.3,44.3,22.4,0,543.8,0,0,2,1,0.1174,0
SEG-0138,2025-01-16,14.67,1434.1,4,0.4828,6872.0,0.181,50.7,6.5,29.3,21.9,0,118.9,5,2,11,6,0.2561,0
SEG-0139,2025-01-16,4.05,309.9,4,0.8957,7037.0,0.03,55.0,11.1,54.1,22.6,0,890.9,0,0,1,1,0.0367,0
SEG-0140,2025-01-16,5.52,1298.2,4,0.8268,29240.0,0.245,48.0,15.7,51.0,17.6,0,420.2,2,2,10,4,0.0839,0
SEG-0141,2025-01-16,13.54,1010.0,4,0.3832,15458.0,0.143,45.4,11.3,49.3,18.9,0,1990.2,3,3,9,6,0.3287,1
SEG-0142,2025-01-16,11.55,314.6,4,0.5014,41240.0,0.299,31.0,6.3,28.8,24.7,1,1555.4,4,2,13,6,0.2272,1
SEG-0143,2025-01-16,9.72,944.1,1,0.5144,11201.0,0.306,43.4,12.5,30.2,15.6,0,1150.4,3,0,8,4,0.3036,1
SEG-0144,2025-01-16,11.33,1076.2,2,0.5523,4691.0,0.323,48.9,4.0,12.3,19.7,0,516.7,4,3,5,3,0.2834,0
SEG-0145,2025-01-16,13.01,166.6,2,0.4342,33341.0,0.169,33.0,7.6,25.7,18.3,0,1232.9,2,3,10,4,0.3455,0
SEG-0146,2025-01-16,8.67,763.3,4,0.5819,35553.0,0.165,40.2,18.1,45.1,25.7,0,2403.0,3,0,11,3,0.2616,1
SEG-0147,2025-01-16,11.99,1264.3,1,0.4813,14232.0,0.277,57.4,10.9,25.1,25.6,0,1465.0,2,2,13,5,0.3217,0
SEG-0148,2025-01-16,3.35,548.7,2,0.8031,10309.0,0.269,51.2,5.0,19.4,20.6,0,470.9,0,0,9,5,0.1382,0
SEG-0149,2025-01-16,11.73,769.0,2,0.457,10407.0,0.18,41.6,12.7,48.4,20.7,0,726.2,3,2,11,8,0.3052,1
SEG-0150,2025-01-16,13.49,747.1,1,0.4195,23725.0,0.368,51.7,11.8,33.2,19.9,0,3635.1,2,1,8,7,0.2818,1
SEG-0151,2025-01-16,7.33,557.6,2,0.7158,20970.0,0.123,39.2,4.6,30.2,24.6,0,770.9,2,1,13,3,0.1962,0
SEG-0152,2025-01-16,13.38,1389.9,4,0.4188,13843.0,0.347,46.5,2.7,16.3,21.7,0,1905.9,3,2,6,7,0.3083,0
SEG-0153,2025-01-16,14.5,1204.7,2,0.3749,2886.0,0.075,53.6,10.5,24.3,17.9,0,3925.1,5,1,13,6,0.3816,1
SEG-0154,2025-01-16,11.94,299.3,2,0.471,21001.0,0.089,42.0,23.0,60.3,23.4,1,434.7,3,1,12,7,0.2929,1
SEG-0155,2025-01-16,1.6,1496.0,4,0.9535,49034.0,0.234,29.5,4.1,15.5,18.8,0,280.4,1,0,7,0,0.0314,0
SEG-0156,2025-01-16,11.77,1336.9,2,0.4151,26034.0,0.096,41.6,5.3,28.6,24.7,0,1010.7,2,3,11,5,0.366,0
SEG-0157,2025-01-16,7.96,533.3,4,0.7247,19995.0,0.071,48.2,7.2,24.3,22.7,1,1807.5,2,0,8,4,0.2003,0
SEG-0158,2025-01-16,3.91,1279.8,2,0.7754,6480.0,0.034,49.2,3.2,10.1,20.5,0,427.1,0,0,3,0,0.1137,0
SEG-0159,2025-01-16,4.01,293.7,2,0.7788,12647.0,0.196,46.4,19.9,46.1,20.5,0,605.9,0,1,4,3,0.1203,0
SEG-0160,2025-01-16,11.72,1498.8,2,0.439,14300.0,0.267,42.6,4.3,13.3,17.3,0,3164.5,4,1,10,6,0.3615,1
SEG-0161,2025-01-16,3.17,1048.7,2,0.9058,31081.0,0.067,47.0,15.8,48.2,19.8,0,532.8,0,0,6,2,0.0396,0
SEG-0162,2025-01-16,5.2,1027.7,4,0.8162,41805.0,0.275,20.9,2.7,16.2,20.1,0,977.7,0,1,6,2,0.1,0
SEG-0163,2025-01-16,7.33,272.1,2,0.683,42743.0,0.305,26.8,11.5,27.2,20.7,0,970.0,1,2,14,6,0.2048,0
SEG-0164,2025-01-16,9.62,1361.0,1,0.5612,41845.0,0.09,37.5,13.1,35.9,23.7,0,1789.8,2,2,10,5,0.2406,0
SEG-0165,2025-01-16,4.96,189.1,2,0.7915,44556.0,0.066,23.6,5.4,21.6,19.9,0,922.6,1,1,7,0,0.1225,0
SEG-0166,2025-01-16,1.85,475.1,4,0.916,40564.0,0.331,33.5,10.7,49.9,17.1,0,382.5,1,1,7,3,0.0897,0
SEG-0167,2025-01-16,1.31,343.1,4,0.9167,3870.0,0.333,52.3,1.7,6.6,17.6,0,167.5,0,1,1,2,0.0392,0
SEG-0168,2025-01-16,3.56,1198.6,6,0.7897,6253.0,0.232,58.0,5.2,20.5,22.2,0,680.5,2,0,3,6,0.0788,0
SEG-0169,2025-01-16,3.66,417.6,2,0.8894,14174.0,0.333,47.5,7.8,43.5,16.4,0,510.5,1,0,1,3,0.1126,0
SEG-0170,2025-01-16,8.14,1379.4,2,0.5679,26721.0,0.051,42.5,15.0,45.1,22.2,0,1249.8,1,2,14,4,0.2095,0
SEG-0171,2025-01-16,13.9,1036.0,1,0.4238,5102.0,0.187,54.2,2.8,10.0,19.9,0,2441.8,4,3,10,5,0.2749,1
SEG-0172,2025-01-16,4.6,198.8,2,0.8547,41672.0,0.269,34.5,25.4,57.8,20.2,0,486.7,2,1,5,0,0.0804,0
SEG-0173,2025-01-16,9.4,157.3,6,0.5458,32148.0,0.111,34.6,17.3,43.3,17.3,0,205.7,1,1,10,8,0.2657,0
SEG-0174,2025-01-16,12.79,219.7,4,0.409,28560.0,0.315,36.2,1.9,6.8,25.5,0,2410.0,3,1,9,8,0.3419,1
SEG-0175,2025-01-16,10.09,968.0,2,0.4731,7615.0,0.255,51.6,3.3,16.6,22.9,0,268.1,1,1,19,6,0.3094,0
SEG-0176,2025-01-16,14.98,1232.0,2,0.2518,12359.0,0.276,49.0,12.3,46.2,22.0,0,2989.3,5,3,8,6,0.4442,1
SEG-0177,2025-01-16,6.79,472.0,4,0.7085,6920.0,0.182,57.0,2.8,11.6,21.5,0,77.1,1,0,6,5,0.2045,0
SEG-0178,2025-01-16,5.3,1296.7,2,0.777,41854.0,0.163,31.5,25.4,93.6,17.0,0,527.6,0,2,9,1,0.1383,0
SEG-0179,2025-01-16,14.15,227.3,1,0.4651,25029.0,0.132,37.4,11.7,76.8,19.0,1,2642.5,3,2,15,10,0.3536,1
SEG-0180,2025-01-16,9.07,1231.3,2,0.5523,29470.0,0.101,40.7,3.0,7.9,16.3,0,1402.0,2,2,15,6,0.2631,0
SEG-0181,2025-01-16,9.9,1402.5,1,0.5824,15992.0,0.309,44.9,1.8,11.1,24.5,0,924.3,3,1,12,2,0.2203,0
SEG-0182,2025-01-16,14.15,1192.3,2,0.3683,17883.0,0.113,40.6,6.2,24.8,20.9,0,787.3,5,1,16,9,0.3968,1
SEG-0183,2025-01-16,14.15,1092.5,1,0.3615,17023.0,0.026,48.9,10.4,24.5,19.1,0,3642.6,3,1,7,5,0.3327,1
SEG-0184,2025-01-16,13.2,1281.3,2,0.3473,35933.0,0.102,36.7,11.6,26.6,19.4,0,3612.0,3,3,6,7,0.3542,1
SEG-0185,2025-01-16,9.44,204.2,2,0.567,37580.0,0.106,34.9,5.9,17.4,20.0,1,1026.4,1,0,11,3,0.2189,0
SEG-0186,2025-01-16,3.98,422.4,2,0.8177,8624.0,0.342,53.3,1.8,4.6,19.4,0,817.1,1,0,0,0,0.1116,0
SEG-0187,2025-01-16,10.09,318.6,2,0.5025,43896.0,0.168,28.2,40.1,94.6,19.6,1,966.8,3,3,16,6,0.2514,1
SEG-0188,2025-01-16,14.27,831.1,6,0.2565,6003.0,0.393,53.4,6.1,26.8,16.9,0,1031.3,4,2,17,12,0.406,1
SEG-0189,2025-01-16,10.54,1156.0,4,0.4596,38840.0,0.06,28.2,6.3,22.2,18.9,0,994.9,1,2,18,7,0.3001,1
SEG-0190,2025-01-16,6.02,1000.5,2,0.7239,4829.0,0.258,53.7,6.3,23.4,20.9,0,1388.9,1,0,6,6,0.1504,0
SEG-0191,2025-01-16,11.74,1299.0,2,0.4716,12763.0,0.177,48.3,16.1,52.3,22.5,0,1808.7,4,1,12,5,0.2818,1
SEG-0192,2025-01-16,11.45,359.5,4,0.4986,37143.0,0.183,40.2,6.5,22.0,18.9,0,3125.6,2,3,10,5,0.3234,1
SEG-0193,2025-01-16,12.37,1141.7,2,0.4636,9236.0,0.357,45.0,2.7,16.8,22.8,0,1244.4,2,1,7,5,0.3425,0
SEG-0194,2025-01-16,3.33,410.6,2,0.7939,21332.0,0.386,39.8,1.8,6.0,22.0,0,126.9,1,1,6,2,0.1045,0
SEG-0195,2025-01-16,13.86,515.5,4,0.3127,18924.0,0.309,42.0,16.3,37.2,21.2,0,1546.7,2,3,18,12,0.3677,1
SEG-0196,2025-01-16,2.94,1108.4,2,0.9556,11990.0,0.146,51.2,5.2,16.5,20.6,1,772.3,0,0,4,1,0.0013,0
SEG-0197,2025-01-16,1.86,1473.3,4,0.8957,36184.0,0.099,38.3,27.2,79.8,19.6,0,506.2,1,0,7,1,0.0407,0
SEG-0198,2025-01-16,12.56,975.6,2,0.3347,35183.0,0.312,37.4,26.1,75.2,17.9,0,670.8,2,2,14,8,0.3562,1
SEG-0199,2025-01-16,3.91,223.6,2,0.8939,34090.0,0.134,36.4,20.0,51.8,20.9,0,184.7,0,0,10,5,0.0298,0
SEG-0200,2025-01-16,1.04,982.0,2,0.9215,14650.0,0.273,46.9,7.9,28.8,15.0,0,260.4,0,0,2,2,0.0166,0
SEG-0201,2025-01-16,9.03,207.2,2,0.4714,25357.0,0.228,49.3,3.4,13.9,19.7,0,2474.9,3,2,11,7,0.2614,1
SEG-0202,2025-01-16,6.97,1343.6,2,0.7209,13054.0,0.259,47.5,12.0,33.0,27.1,0,252.2,1,2,16,5,0.1979,0
SEG-0203,2025-01-16,8.75,1107.9,2,0.6453,11122.0,0.319,47.9,9.6,23.7,17.8,0,1925.8,3,2,4,5,0.1952,0
SEG-0204,2025-01-16,2.82,383.7,4,0.8787,8269.0,0.28,48.3,5.6,31.7,19.1,0,285.3,0,1,6,1,0.0811,0
SEG-0205,2025-01-16,6.12,273.8,2,0.6806,46987.0,0.058,33.1,10.7,32.5,17.9,0,1188.4,0,1,13,6,0.2092,0
SEG-0206,2025-01-16,3.97,397.8,2,0.8241,37657.0,0.048,29.0,21.5,68.8,21.2,0,657.8,0,0,8,2,0.1012,0
SEG-0207,2025-01-16,13.99,1473.0,4,0.3287,31605.0,0.226,37.1,1.7,9.4,18.6,0,542.7,4,3,18,11,0.345,0
SEG-0208,2025-01-16,6.14,769.1,4,0.6592,26899.0,0.194,38.7,8.0,41.1,20.7,0,91.4,1,0,6,2,0.2286,0
SEG-0209,2025-01-16,10.68,1208.5,2,0.4889,21417.0,0.135,45.4,9.4,21.2,20.5,0,2250.4,2,3,7,3,0.2973,1
SEG-0210,2025-01-16,2.77,1009.2,2,0.9132,20759.0,0.184,49.1,9.6,26.6,20.1,0,223.9,1,1,5,0,0.0602,0
SEG-0211,2025-01-16,13.11,922.8,6,0.4436,21689.0,0.275,40.0,4.0,12.1,19.9,0,3618.5,4,1,13,9,0.3487,1
SEG-0212,2025-01-16,2.11,345.9,2,0.9686,22732.0,0.294,42.6,5.6,18.3,21.3,2,497.9,0,1,4,0,0.0,0
SEG-0213,2025-01-16,5.9,1427.1,4,0.7243,6093.0,0.227,51.2,17.1,73.8,18.7,0,1336.2,1,0,8,5,0.1649,0
SEG-0214,2025-01-16,3.53,556.8,4,0.9036,5979.0,0.16,51.7,5.7,18.7,21.7,0,400.4,1,0,3,2,0.0262,0
SEG-0215,2025-01-16,5.88,930.3,4,0.6971,42120.0,0.114,26.1,2.6,13.8,15.8,0,494.4,1,1,6,5,0.1421,0
SEG-0216,2025-01-16,15.02,1094.7,2,0.2948,21091.0,0.169,39.9,6.1,22.2,16.2,0,496.4,4,3,11,7,0.4073,1
SEG-0217,2025-01-16,14.83,1026.5,2,0.2774,37651.0,0.155,40.5,10.2,36.0,17.7,0,1590.6,5,3,12,7,0.4508,1
SEG-0218,2025-01-16,7.99,1419.8,1,0.695,7029.0,0.212,52.7,4.9,19.4,23.7,0,1938.9,3,1,5,4,0.2045,1
SEG-0219,2025-01-16,4.52,350.4,2,0.8091,27931.0,0.291,41.2,10.6,33.6,19.1,0,211.4,2,1,5,3,0.0706,0
SEG-0220,2025-01-16,10.08,836.3,6,0.4951,11145.0,0.05,50.8,4.0,17.9,25.2,0,2175.1,1,2,9,9,0.2343,0
SEG-0221,2025-01-16,14.5,695.4,2,0.4272,10333.0,0.045,57.1,0.7,3.4,19.7,0,3745.5,4,3,9,6,0.3834,1
SEG-0222,2025-01-16,12.18,790.1,2,0.4712,2141.0,0.108,55.6,0.5,1.4,26.5,0,2722.5,4,2,11,6,0.344,1
SEG-0223,2025-01-16,7.58,310.9,1,0.726,7167.0,0.345,52.3,33.9,100.4,17.4,0,2019.9,2,0,6,4,0.1768,0
SEG-0224,2025-01-16,9.46,331.0,6,0.5895,43039.0,0.252,27.8,2.0,12.6,17.6,0,2104.4,1,2,9,4,0.2041,0
SEG-0225,2025-01-16,6.96,525.4,1,0.688,14675.0,0.122,39.8,10.4,34.0,16.8,1,1918.9,1,0,7,6,0.175,0
SEG-0226,2025-01-16,10.76,561.4,1,0.436,26705.0,0.339,41.6,5.7,14.3,16.9,0,1694.2,4,1,13,6,0.2774,0
SEG-0227,2025-01-16,7.23,727.7,2,0.6956,23077.0,0.194,41.4,5.8,17.5,21.7,0,919.4,2,1,15,4,0.182,0
SEG-0228,2025-01-16,11.08,974.8,1,0.4252,17690.0,0.174,42.4,12.9,83.4,20.3,0,1234.8,3,1,7,5,0.3272,1
SEG-0229,2025-01-16,14.61,1006.7,2,0.3541,23922.0,0.347,48.6,3.3,17.0,18.3,0,3206.2,4,2,7,7,0.3658,1
SEG-0230,2025-01-16,12.81,705.9,2,0.4399,8515.0,0.059,51.1,16.3,60.6,20.1,0,512.6,2,1,11,7,0.2827,1
SEG-0231,2025-01-16,7.8,701.9,2,0.5369,48560.0,0.083,28.7,10.9,37.0,24.2,0,671.2,3,0,10,5,0.2407,0
SEG-0232,2025-01-16,14.48,443.8,1,0.3377,37197.0,0.232,25.7,6.8,29.0,21.5,0,3692.5,4,1,25,11,0.3894,1
SEG-0233,2025-01-16,5.12,944.2,1,0.724,38645.0,0.092,35.1,16.0,49.5,20.0,0,1317.9,2,0,10,0,0.1689,0
SEG-0234,2025-01-16,4.84,578.0,2,0.7331,22693.0,0.283,35.5,13.9,51.2,16.2,0,1180.5,2,0,12,4,0.1625,0
SEG-0235,2025-01-16,3.62,198.7,1,0.8469,7678.0,0.132,46.2,7.1,19.4,20.9,0,450.1,0,0,4,0,0.1448,0
SEG-0236,2025-01-16,14.25,714.8,2,0.2944,44357.0,0.039,23.2,3.5,11.3,21.7,0,3051.8,3,3,15,8,0.4376,1
SEG-0237,2025-01-16,8.39,790.1,2,0.6553,15350.0,0.113,44.9,6.0,29.1,21.9,0,1715.2,1,2,11,4,0.1522,0
SEG-0238,2025-01-16,13.22,454.6,2,0.3836,2785.0,0.179,56.8,3.3,14.2,20.3,0,1776.4,2,1,8,5,0.3711,0
SEG-0239,2025-01-16,8.5,922.8,2,0.5895,13998.0,0.05,49.5,11.7,38.9,25.3,0,358.7,3,0,6,3,0.2091,0
SEG-0240,2025-01-16,12.18,913.8,2,0.4699,31498.0,0.103,36.9,5.6,14.4,18.5,0,1643.9,4,3,17,10,0.3346,1
SEG-0241,2025-01-16,13.79,1097.7,1,0.22,25778.0,0.366,47.6,3.8,24.8,19.1,0,1070.4,2,3,9,9,0.4663,1
SEG-0242,2025-01-16,12.55,1024.7,1,0.4276,32359.0,0.137,40.1,8.1,28.8,13.0,0,1887.9,3,3,16,9,0.3166,0
SEG-0243,2025-01-16,3.51,1030.8,4,0.845,38223.0,0.14,32.1,22.7,59.2,19.1,0,200.6,0,0,9,1,0.0978,0
SEG-0244,2025-01-16,1.87,576.9,1,0.9308,10452.0,0.069,46.0,9.6,25.3,23.4,1,192.5,0,1,1,1,0.0787,0
SEG-0245,2025-01-16,3.98,1213.0,2,0.8769,46418.0,0.145,22.8,10.0,33.4,19.6,0,217.3,2,0,8,2,0.0549,0
SEG-0246,2025-01-16,4.39,891.3,2,0.8282,21590.0,0.151,46.9,6.1,22.9,22.5,0,207.2,0,0,3,1,0.0828,0
SEG-0247,2025-01-16,9.34,732.4,2,0.5837,29812.0,0.257,38.2,14.0,81.3,21.4,0,2511.5,3,1,13,4,0.2888,0
SEG-0248,2025-01-16,10.21,995.1,2,0.5141,1165.0,0.085,62.5,3.8,18.4,18.6,0,1637.0,3,3,6,4,0.2364,0
SEG-0249,2025-01-16,1.75,636.9,4,0.7913,38417.0,0.371,35.5,4.8,12.6,19.0,0,365.7,1,0,8,0,0.1537,0
SEG-0250,2025-01-16,5.44,842.2,4,0.7103,12413.0,0.345,50.1,21.4,58.9,19.0,1,965.7,2,1,6,4,0.1497,0
SEG-0001,2025-01-31,2.48,1030.1,4,0.8095,11388.0,0.052,48.5,7.6,38.3,24.8,0,134.0,0,0,8,4,0.1593,0
SEG-0002,2025-01-31,8.02,1321.1,4,0.6136,15291.0,0.167,44.4,9.1,26.8,22.1,0,823.7,2,2,8,5,0.176,0
SEG-0003,2025-01-31,11.6,762.8,4,0.4713,10551.0,0.094,52.3,34.1,75.9,20.4,0,2372.1,4,3,9,7,0.3279,0
SEG-0004,2025-01-31,7.64,484.6,2,0.6403,24567.0,0.111,43.3,1.3,7.2,22.2,0,539.7,3,1,8,2,0.2419,0
SEG-0005,2025-01-31,4.92,469.5,2,0.7774,35271.0,0.253,39.6,6.7,30.5,20.3,0,1066.9,0,1,8,0,0.1514,0
SEG-0006,2025-01-31,7.23,1157.1,4,0.5957,12500.0,0.153,49.1,5.9,23.7,23.7,0,1770.1,1,0,11,5,0.2622,0
SEG-0007,2025-01-31,5.13,1252.4,2,0.8235,16105.0,0.329,43.3,14.4,53.5,26.4,0,70.2,2,1,4,0,0.0575,0
SEG-0008,2025-01-31,2.96,292.1,4,0.8903,40227.0,0.086,28.5,1.6,8.5,19.4,0,127.0,1,0,7,1,0.0646,0
SEG-0009,2025-01-31,4.68,239.9,2,0.7931,2942.0,0.3,54.1,18.2,64.6,24.3,0,274.3,0,0,1,0,0.082,0
SEG-0010,2025-01-31,10.86,952.5,1,0.4994,20073.0,0.192,34.4,21.6,65.0,20.6,0,1028.8,4,3,15,8,0.3119,1
SEG-0011,2025-01-31,10.4,347.3,1,0.5099,36659.0,0.287,33.2,2.8,14.1,20.7,0,1602.4,1,3,9,8,0.3087,1
SEG-0012,2025-01-31,10.03,1263.3,4,0.5137,8484.0,0.222,46.4,14.4,72.8,24.6,0,415.7,2,2,4,8,0.2756,0
SEG-0013,2025-01-31,8.33,569.0,1,0.6096,3523.0,0.236,59.2,4.9,21.6,23.6,0,1538.1,3,1,9,5,0.248,0
SEG-0014,2025-01-31,8.77,344.2,2,0.5977,7395.0,0.344,50.5,4.5,13.6,21.1,0,142.8,1,1,7,3,0.1929,0
SEG-0015,2025-01-31,14.67,1393.3,2,0.3126,40114.0,0.138,28.8,14.5,33.8,19.6,0,1168.3,4,1,11,7,0.4004,1
SEG-0016,2025-01-31,2.11,373.5,2,0.9108,1343.0,0.181,57.0,7.5,37.6,23.5,0,88.1,0,0,1,0,0.0277,0
SEG-0017,2025-01-31,1.77,534.4,2,0.91,10370.0,0.285,51.7,4.7,16.4,22.7,0,461.4,0,0,6,3,0.0383,0
SEG-0018,2025-01-31,13.92,357.4,4,0.3443,2598.0,0.326,50.1,5.4,14.6,25.5,0,3087.7,3,1,10,7,0.3957,1
SEG-0019,2025-01-31,9.19,305.9,1,0.5794,5245.0,0.06,47.6,5.2,28.0,22.5,0,1498.0,3,0,7,6,0.2107,0
SEG-0020,2025-01-31,9.59,178.5,4,0.4874,32500.0,0.157,36.6,9.0,44.8,23.4,0,2249.7,3,1,14,6,0.2954,0
SEG-0021,2025-01-31,4.15,224.8,4,0.7577,10341.0,0.342,47.5,4.3,18.8,22.4,0,542.2,0,0,1,0,0.1145,0
SEG-0022,2025-01-31,5.16,385.8,2,0.7252,24271.0,0.293,45.0,17.4,52.3,19.5,0,378.6,0,1,5,4,0.1526,0
SEG-0023,2025-01-31,3.62,222.1,2,0.8276,29971.0,0.37,45.0,15.2,53.1,18.5,0,247.9,0,1,8,3,0.0916,0
SEG-0024,2025-01-31,6.23,948.0,2,0.7206,37492.0,0.2,33.0,10.9,41.1,19.0,0,464.4,2,1,18,2,0.1437,0
SEG-0025,2025-01-31,2.17,1069.0,1,0.8048,1092.0,0.255,55.2,17.6,41.6,22.4,0,491.9,0,0,1,1,0.0836,0
SEG-0026,2025-01-31,4.36,681.4,2,0.8517,33957.0,0.138,36.7,26.0,76.2,20.8,0,505.1,2,0,6,2,0.1504,0
SEG-0027,2025-01-31,4.18,579.3,6,0.8105,30599.0,0.335,39.9,9.8,60.3,20.1,0,1120.2,1,0,4,2,0.1061,0
SEG-0028,2025-01-31,13.35,831.1,6,0.4824,7983.0,0.14,53.5,6.9,45.0,26.5,0,1659.7,3,2,10,9,0.257,1
SEG-0029,2025-01-31,14.61,1331.3,4,0.35,39557.0,0.297,32.7,25.2,65.9,22.3,0,999.6,3,2,11,11,0.3554,1
SEG-0030,2025-01-31,9.32,1299.0,2,0.5377,43726.0,0.187,33.1,6.3,20.8,21.5,0,569.4,1,1,8,3,0.2603,1
SEG-0031,2025-01-31,9.59,208.7,2,0.5484,13946.0,0.216,53.6,4.2,9.7,20.5,1,638.0,1,1,8,6,0.3059,0
SEG-0032,2025-01-31,14.47,395.0,4,0.3745,44822.0,0.272,27.7,12.9,59.3,23.4,0,894.3,3,3,12,5,0.3626,1
SEG-0033,2025-01-31,4.51,469.6,2,0.7848,18027.0,0.221,43.8,3.6,18.1,24.6,0,924.4,2,0,4,2,0.1268,0
SEG-0034,2025-01-31,11.8,486.7,2,0.3699,24130.0,0.374,43.3,38.3,101.3,18.4,0,2049.0,2,2,12,8,0.3695,0
SEG-0035,2025-01-31,2.29,921.2,1,0.8254,38802.0,0.156,29.7,25.0,64.8,23.8,0,152.0,1,0,11,1,0.0924,0
SEG-0036,2025-01-31,14.11,712.0,2,0.3057,16140.0,0.274,45.4,5.1,20.1,23.9,0,2929.9,5,1,20,11,0.336,1
SEG-0037,2025-01-31,14.72,216.5,2,0.1709,40627.0,0.139,33.9,18.7,53.4,26.3,0,959.7,4,2,18,10,0.4684,1
SEG-0038,2025-01-31,8.01,654.4,2,0.5809,13220.0,0.199,50.2,5.2,32.1,20.4,0,1685.9,3,0,6,7,0.251,0
SEG-0039,2025-01-31,6.08,857.1,2,0.7072,37204.0,0.194,34.4,9.4,33.1,21.9,0,1011.4,2,0,12,2,0.172,0
SEG-0040,2025-01-31,6.31,287.3,4,0.787,23494.0,0.073,34.3,6.7,17.6,25.3,0,970.6,0,1,3,1,0.1154,0
SEG-0041,2025-01-31,7.02,1275.2,6,0.719,9829.0,0.071,47.3,14.1,41.3,20.0,0,909.5,0,1,6,3,0.1838,0
SEG-0042,2025-01-31,7.78,220.1,2,0.5933,19970.0,0.294,40.5,28.6,73.0,20.8,0,1089.2,3,0,5,2,0.217,0
SEG-0043,2025-01-31,1.46,1398.5,4,0.9086,13116.0,0.275,43.9,12.7,28.5,24.9,0,290.9,0,0,10,1,0.1143,0
SEG-0044,2025-01-31,3.03,283.8,6,0.8255,4144.0,0.258,55.8,2.4,6.5,21.7,0,74.3,1,0,2,5,0.1204,0
SEG-0045,2025-01-31,7.76,1288.8,1,0.5673,2327.0,0.061,62.4,4.9,24.7,22.2,0,1735.2,3,1,10,6,0.284,1
SEG-0046,2025-01-31,4.05,1368.6,2,0.8179,16821.0,0.133,44.4,11.9,31.5,23.0,0,140.3,1,0,3,1,0.145,0
SEG-0047,2025-01-31,6.72,1472.4,2,0.673,1838.0,0.101,53.5,27.6,79.1,21.5,0,1810.4,2,1,7,3,0.2382,0
SEG-0048,2025-01-31,9.36,1232.7,1,0.5565,7814.0,0.323,53.1,33.3,113.0,25.4,0,1283.4,1,2,12,7,0.2143,0
SEG-0049,2025-01-31,10.92,1202.3,4,0.5118,28653.0,0.322,39.7,16.1,47.9,20.9,0,1637.7,4,3,9,7,0.246,0
SEG-0050,2025-01-31,14.71,1017.4,2,0.275,34741.0,0.103,35.3,15.4,60.9,22.2,0,1351.4,4,3,15,7,0.3951,0
SEG-0051,2025-01-31,6.61,1201.6,2,0.7587,36991.0,0.295,35.5,6.1,21.5,24.7,0,581.9,2,1,13,5,0.138,0
SEG-0052,2025-01-31,14.29,331.6,2,0.2733,16272.0,0.081,48.1,18.0,40.0,22.0,0,1141.1,5,2,14,10,0.3868,0
SEG-0053,2025-01-31,7.12,873.7,2,0.6464,41857.0,0.12,32.5,13.0,64.4,20.3,0,477.8,2,2,14,3,0.2492,0
SEG-0054,2025-01-31,2.24,844.2,4,0.9612,29401.0,0.084,40.8,12.6,54.6,25.9,0,577.6,0,0,6,2,0.0549,0
SEG-0055,2025-01-31,4.8,1307.7,1,0.772,5610.0,0.129,57.3,13.7,82.5,18.7,0,859.9,1,0,4,1,0.1609,0
SEG-0056,2025-01-31,4.79,774.8,2,0.7533,6612.0,0.273,56.4,3.6,15.4,25.5,0,464.8,2,0,10,6,0.1248,0
SEG-0057,2025-01-31,10.55,669.9,2,0.5078,29690.0,0.357,35.9,8.1,23.9,21.5,0,339.6,2,2,14,5,0.2877,0
SEG-0058,2025-01-31,5.18,1013.4,2,0.7545,8230.0,0.131,50.1,10.2,44.8,18.5,0,531.7,0,2,2,3,0.1152,0
SEG-0059,2025-01-31,9.24,509.7,2,0.5917,23096.0,0.226,41.0,26.7,78.6,19.7,1,103.6,3,1,11,3,0.2381,0
SEG-0060,2025-01-31,3.69,338.7,2,0.8789,44494.0,0.298,28.1,11.9,35.6,22.0,0,730.8,1,0,7,0,0.1094,0
SEG-0061,2025-01-31,13.45,795.1,1,0.3607,1230.0,0.309,54.3,12.1,77.2,22.1,0,313.0,4,1,11,5,0.3485,1
SEG-0062,2025-01-31,8.27,712.8,2,0.6664,1824.0,0.231,52.5,18.2,45.2,18.6,0,107.2,3,0,2,0,0.191,0
SEG-0063,2025-01-31,14.7,464.0,4,0.2861,47858.0,0.126,36.1,1.2,4.1,17.8,0,1470.5,5,2,25,8,0.3431,1
SEG-0064,2025-01-31,13.53,646.1,2,0.3533,24118.0,0.267,43.8,20.6,123.6,25.2,0,2640.9,3,3,11,6,0.3614,1
SEG-0065,2025-01-31,2.92,644.6,2,0.9306,7291.0,0.134,51.1,7.9,29.7,23.3,0,340.0,0,0,1,4,0.0942,0
SEG-0066,2025-01-31,10.83,592.1,2,0.5792,45126.0,0.351,27.0,8.6,54.2,20.8,0,1280.3,3,3,13,6,0.2808,1
SEG-0067,2025-01-31,6.08,662.3,4,0.6885,43592.0,0.207,36.8,7.9,38.4,26.7,0,252.2,0,1,15,7,0.1657,0
SEG-0068,2025-01-31,7.55,1075.8,1,0.5814,22359.0,0.258,53.2,30.2,81.7,20.6,0,1499.9,1,2,9,4,0.2707,1
SEG-0069,2025-01-31,14.88,550.8,2,0.2949,28560.0,0.039,30.4,9.2,22.0,24.0,0,2339.2,3,3,14,9,0.3832,1
SEG-0070,2025-01-31,13.72,1431.0,2,0.4198,11217.0,0.17,47.4,8.2,27.0,22.2,1,3559.0,3,1,8,6,0.3202,1
SEG-0071,2025-01-31,6.91,1387.1,2,0.7521,2819.0,0.372,51.9,9.2,27.3,21.7,0,307.2,2,0,2,1,0.1725,0
SEG-0072,2025-01-31,9.5,799.2,4,0.57,30409.0,0.222,39.9,17.8,66.2,21.2,0,324.1,1,1,14,9,0.275,0
SEG-0073,2025-01-31,11.35,593.3,2,0.4983,14845.0,0.204,47.3,5.0,15.7,18.5,0,1470.8,2,3,15,7,0.2954,1
SEG-0074,2025-01-31,2.54,872.8,4,0.825,29956.0,0.39,31.2,15.5,37.8,22.6,0,500.7,0,0,7,4,0.1143,0
SEG-0075,2025-01-31,3.61,1295.6,4,0.7989,39374.0,0.301,29.5,3.6,20.0,23.5,0,454.5,2,0,9,2,0.166,0
SEG-0076,2025-01-31,14.81,1031.0,2,0.3136,1806.0,0.177,58.7,16.0,53.2,22.5,0,2414.9,4,2,15,7,0.3676,0
SEG-0077,2025-01-31,7.37,1235.9,4,0.6062,30216.0,0.221,32.4,17.2,49.9,24.7,0,427.3,1,1,11,3,0.2539,0
SEG-0078,2025-01-31,4.8,869.2,2,0.79,10044.0,0.215,49.5,5.8,13.6,24.2,0,294.8,2,0,3,6,0.0713,0
SEG-0079,2025-01-31,13.76,1004.4,4,0.4,43011.0,0.246,28.4,9.4,36.6,20.3,0,1868.7,3,1,15,6,0.3451,1
SEG-0080,2025-01-31,1.22,539.0,2,0.9047,11676.0,0.143,46.0,14.8,33.2,17.9,0,223.4,0,0,6,3,0.0262,0
SEG-0081,2025-01-31,8.74,1142.1,2,0.6356,24843.0,0.125,41.5,4.6,13.8,21.4,1,1747.4,3,2,12,6,0.2014,1
SEG-0082,2025-01-31,9.36,423.2,2,0.4434,25418.0,0.361,46.1,26.4,59.1,24.7,0,379.3,3,1,13,6,0.3147,0
SEG-0083,2025-01-31,13.88,1088.0,1,0.4068,19684.0,0.36,38.5,19.0,43.4,24.6,0,449.0,3,1,17,8,0.3764,1
SEG-0084,2025-01-31,4.54,1312.0,2,0.7159,29156.0,0.317,26.4,31.5,82.2,21.1,0,848.0,1,0,13,6,0.2149,0
SEG-0085,2025-01-31,1.19,328.3,4,0.9688,35260.0,0.34,35.7,3.2,8.3,24.2,0,308.1,0,0,8,2,0.0701,0
SEG-0086,2025-01-31,1.58,979.4,2,0.9137,24164.0,0.286,40.0,32.8,108.1,24.6,0,252.0,1,0,2,0,0.0253,0
SEG-0087,2025-01-31,9.73,278.4,2,0.5059,29506.0,0.291,40.0,7.2,19.7,23.0,0,131.6,2,0,16,3,0.2969,0
SEG-0088,2025-01-31,13.96,1129.7,2,0.3519,40239.0,0.281,27.6,6.1,18.8,26.1,0,3246.1,2,3,9,8,0.3715,1
SEG-0089,2025-01-31,9.01,264.1,2,0.5318,19744.0,0.161,43.5,38.0,96.5,21.4,0,2356.8,3,2,19,7,0.305,0
SEG-0090,2025-01-31,13.27,1413.5,1,0.381,25954.0,0.194,41.3,11.3,50.2,23.4,0,125.9,3,2,15,7,0.3275,1
SEG-0091,2025-01-31,1.63,335.5,4,0.9129,1608.0,0.113,47.7,27.7,69.2,27.4,0,392.7,0,0,0,2,0.0017,0
SEG-0092,2025-01-31,3.44,1444.5,2,0.9334,36291.0,0.23,40.7,11.4,35.7,22.5,0,429.8,0,1,8,0,0.0445,0
SEG-0093,2025-01-31,4.42,1231.2,2,0.8097,26932.0,0.123,39.6,7.5,16.7,18.9,0,107.5,2,0,10,6,0.0822,0
SEG-0094,2025-01-31,9.15,951.5,2,0.5866,16478.0,0.117,41.4,10.1,35.4,18.2,0,913.5,1,1,8,2,0.2246,0
SEG-0095,2025-01-31,9.76,1206.5,1,0.6329,5215.0,0.224,53.7,41.7,108.6,21.9,0,739.9,1,1,15,7,0.2134,0
SEG-0096,2025-01-31,14.38,1223.4,2,0.3206,34969.0,0.209,38.7,8.3,18.9,28.9,0,1518.9,4,1,11,7,0.4237,1
SEG-0097,2025-01-31,4.79,1427.1,4,0.7554,16329.0,0.096,42.8,6.6,17.5,19.7,0,864.5,2,0,5,4,0.1403,0
SEG-0098,2025-01-31,3.07,492.1,2,0.8395,28829.0,0.295,35.7,2.7,7.5,20.0,0,388.1,0,0,7,2,0.0586,0
SEG-0099,2025-01-31,8.32,946.6,6,0.6051,8410.0,0.3,52.6,7.2,19.3,22.5,0,1894.4,3,2,10,6,0.1947,0
SEG-0100,2025-01-31,11.95,278.3,2,0.4044,41377.0,0.104,28.3,7.2,23.7,21.2,0,298.4,4,1,10,6,0.3057,1
SEG-0101,2025-01-31,6.89,981.8,2,0.6827,9645.0,0.079,47.5,18.9,56.6,18.9,0,844.6,0,0,5,3,0.1982,0
SEG-0102,2025-01-31,6.83,381.2,4,0.5899,8723.0,0.135,55.8,11.2,26.1,18.5,0,1420.8,2,1,3,5,0.1707,0
SEG-0103,2025-01-31,10.18,912.7,4,0.5155,40414.0,0.322,32.8,10.5,33.7,22.0,0,1754.8,2,1,10,4,0.2436,0
SEG-0104,2025-01-31,10.22,922.8,4,0.4643,38151.0,0.354,37.5,30.0,114.4,19.1,0,2218.1,1,3,10,6,0.2934,1
SEG-0105,2025-01-31,14.7,779.1,6,0.3726,11864.0,0.071,52.8,13.8,41.9,19.9,0,3297.3,5,2,9,8,0.3728,1
SEG-0106,2025-01-31,14.32,855.6,4,0.3541,21493.0,0.293,46.1,12.9,48.0,19.1,0,3305.9,5,2,11,9,0.3311,1
SEG-0107,2025-01-31,8.07,1181.3,4,0.5006,33840.0,0.038,35.6,6.3,38.1,24.0,0,920.7,1,1,9,5,0.2974,0
SEG-0108,2025-01-31,5.82,1229.0,1,0.6896,41592.0,0.16,30.7,3.1,14.0,24.2,0,112.0,1,1,7,2,0.2024,0
SEG-0109,2025-01-31,8.37,814.4,4,0.5673,16004.0,0.389,41.2,14.8,71.0,21.9,0,821.0,2,2,3,1,0.2169,0
SEG-0110,2025-01-31,2.45,959.5,2,0.79,22171.0,0.148,48.3,9.4,27.5,23.2,0,586.2,1,0,3,3,0.1362,0
SEG-0111,2025-01-31,5.99,1407.2,2,0.636,32172.0,0.11,32.1,19.6,65.1,23.2,0,1032.5,0,0,6,0,0.2592,0
SEG-0112,2025-01-31,6.43,311.6,2,0.6522,34768.0,0.23,37.1,20.5,48.5,24.5,0,1462.3,0,2,10,4,0.1824,0
SEG-0113,2025-01-31,11.61,308.1,6,0.4468,37902.0,0.245,33.4,1.4,5.3,18.5,0,3135.9,4,3,15,7,0.3348,1
SEG-0114,2025-01-31,7.1,268.4,6,0.6676,26489.0,0.395,38.7,17.3,63.2,23.1,0,1109.6,3,0,17,3,0.2318,0
SEG-0115,2025-01-31,13.82,1038.1,2,0.4347,6247.0,0.334,51.9,11.5,51.2,22.2,0,3122.9,4,2,4,4,0.3664,1
SEG-0116,2025-01-31,5.04,715.1,4,0.7232,38360.0,0.036,37.2,11.4,31.2,23.1,0,209.7,2,0,4,1,0.2001,0
SEG-0117,2025-01-31,5.64,1195.3,4,0.7383,44671.0,0.052,39.2,23.5,55.7,22.3,0,1390.2,2,0,8,0,0.195,0
SEG-0118,2025-01-31,12.2,1056.2,2,0.3916,31351.0,0.32,37.4,1.1,6.4,19.0,0,3146.8,2,3,7,6,0.3185,1
SEG-0119,2025-01-31,8.32,600.4,1,0.5337,5083.0,0.137,54.4,10.8,48.0,21.5,0,2285.7,2,0,11,7,0.304,0
SEG-0120,2025-01-31,2.92,1362.8,1,0.8767,9145.0,0.339,55.9,6.4,31.1,22.1,0,160.0,0,1,3,2,0.0974,0
SEG-0121,2025-01-31,9.1,1179.4,4,0.579,33132.0,0.302,38.4,8.0,31.1,24.0,0,444.3,1,1,8,4,0.2385,0
SEG-0122,2025-01-31,6.44,515.2,2,0.6837,2211.0,0.092,48.6,3.4,15.7,23.1,0,847.8,1,1,8,5,0.1952,1
SEG-0123,2025-01-31,10.68,641.7,6,0.5198,46894.0,0.321,26.4,29.0,67.1,20.6,0,1297.6,3,1,17,5,0.2511,0
SEG-0124,2025-01-31,3.5,574.5,2,0.8257,19125.0,0.129,40.5,19.0,49.6,23.1,0,353.9,0,0,6,1,0.1153,0
SEG-0125,2025-01-31,8.7,362.8,6,0.5714,31746.0,0.194,41.4,1.5,7.1,18.9,1,1635.4,2,1,2,3,0.2578,1
SEG-0126,2025-01-31,14.68,349.5,2,0.3009,38678.0,0.237,26.6,8.3,33.6,23.8,0,636.4,5,2,10,10,0.356,1
SEG-0127,2025-01-31,5.4,1413.8,4,0.7319,20921.0,0.192,49.8,6.9,45.2,21.0,0,450.6,2,1,8,6,0.1341,0
SEG-0128,2025-01-31,5.52,741.2,1,0.7726,14061.0,0.311,44.6,10.0,44.3,21.8,0,84.0,0,1,4,3,0.1287,0
SEG-0129,2025-01-31,5.15,667.5,2,0.7224,24105.0,0.268,39.5,20.0,48.1,20.2,0,1301.1,0,0,13,3,0.2045,1
SEG-0130,2025-01-31,4.79,1135.1,4,0.7673,28983.0,0.38,41.5,3.3,15.7,20.9,0,931.8,1,0,9,2,0.0964,0
SEG-0131,2025-01-31,2.85,896.5,4,0.8781,18485.0,0.343,46.4,7.1,19.7,20.0,0,794.1,0,0,3,2,0.0858,0
SEG-0132,2025-01-31,13.45,1413.8,4,0.4758,30291.0,0.214,31.1,7.4,17.8,19.1,0,3451.4,4,2,13,6,0.2898,1
SEG-0133,2025-01-31,3.15,1203.4,1,0.8203,40446.0,0.036,33.8,11.2,26.3,20.8,0,479.3,0,0,8,4,0.1041,0
SEG-0134,2025-01-31,8.94,797.1,2,0.5473,18415.0,0.309,42.5,13.3,46.8,17.7,0,2176.0,1,0,8,6,0.2695,1
SEG-0135,2025-01-31,13.88,658.1,1,0.4439,8570.0,0.367,46.5,26.9,130.7,22.1,0,2744.5,2,1,10,7,0.2674,1
SEG-0136,2025-01-31,3.52,1482.0,1,0.7769,19623.0,0.171,47.4,6.3,28.9,20.8,0,363.3,0,0,7,2,0.1704,0
SEG-0137,2025-01-31,2.59,1119.0,2,0.7955,19925.0,0.187,45.5,9.6,41.1,25.4,1,558.8,0,0,4,0,0.1287,0
SEG-0138,2025-01-31,14.71,1434.1,4,0.4684,7761.0,0.179,50.6,14.2,34.4,19.1,0,133.9,5,2,8,6,0.293,0
SEG-0139,2025-01-31,4.09,309.9,4,0.8861,8431.0,0.09,45.5,3.3,8.7,22.8,0,905.9,0,0,6,3,0.0424,0
SEG-0140,2025-01-31,5.56,1298.2,4,0.7801,27541.0,0.305,40.9,19.9,54.5,21.3,0,435.2,2,2,5,3,0.1062,0
SEG-0141,2025-01-31,13.58,1010.0,4,0.3866,14421.0,0.173,46.2,1.5,9.1,26.8,0,2005.2,3,3,9,4,0.3334,1
SEG-0142,2025-01-31,11.59,314.6,4,0.5506,48695.0,0.311,23.5,6.3,28.7,22.6,0,1570.4,4,2,19,7,0.2608,1
SEG-0143,2025-01-31,9.76,944.1,1,0.5093,10862.0,0.312,47.3,6.7,15.9,19.8,0,1165.4,3,0,13,6,0.3412,1
SEG-0144,2025-01-31,11.37,1076.2,2,0.5708,5476.0,0.301,57.6,0.9,3.4,20.9,0,531.7,4,3,6,2,0.2636,0
SEG-0145,2025-01-31,13.06,166.6,2,0.4458,35071.0,0.193,31.8,10.9,29.1,24.9,0,1247.9,2,3,15,5,0.3469,1
SEG-0146,2025-01-31,8.71,763.3,4,0.6121,44694.0,0.145,29.9,16.4,38.9,22.8,0,2418.0,3,0,12,1,0.2652,1
SEG-0147,2025-01-31,12.03,1264.3,1,0.4813,14436.0,0.27,46.2,18.4,63.6,24.0,0,1480.0,2,2,10,5,0.2825,1
SEG-0148,2025-01-31,3.39,548.7,2,0.8241,8603.0,0.344,45.5,19.9,51.5,17.0,0,485.9,0,0,2,4,0.1078,0
SEG-0149,2025-01-31,11.77,769.0,2,0.4799,8268.0,0.186,48.3,6.0,13.9,19.8,0,741.2,3,2,6,7,0.2722,0
SEG-0150,2025-01-31,13.53,747.1,1,0.4423,24539.0,0.336,38.6,25.5,57.2,30.1,0,3650.1,2,1,11,8,0.2817,1
SEG-0151,2025-01-31,7.37,557.6,2,0.6844,23104.0,0.119,45.6,5.7,24.3,21.7,0,785.9,2,1,3,1,0.1823,0
SEG-0152,2025-01-31,13.42,1389.9,4,0.4513,13582.0,0.327,55.7,10.5,41.9,22.0,1,1920.9,3,2,10,5,0.2755,1
SEG-0153,2025-01-31,14.54,1204.7,2,0.3864,2983.0,0.057,52.6,5.7,24.6,20.7,0,3940.1,5,1,11,7,0.3791,1
SEG-0154,2025-01-31,11.98,299.3,2,0.4626,23926.0,0.089,34.2,15.1,70.8,20.9,1,449.7,3,1,12,9,0.2762,0
SEG-0155,2025-01-31,1.64,1496.0,4,0.9723,45166.0,0.241,34.1,10.1,25.5,24.1,0,295.4,1,0,7,1,0.0018,0
SEG-0156,2025-01-31,11.81,1336.9,2,0.4243,33068.0,0.051,34.5,11.8,26.4,23.6,0,1025.7,2,3,16,6,0.3788,0
SEG-0157,2025-01-31,8.0,533.3,4,0.7069,20419.0,0.079,48.3,7.9,45.9,22.2,0,1822.5,2,0,8,7,0.201,0
SEG-0158,2025-01-31,3.95,1279.8,2,0.7702,5171.0,0.02,44.2,3.3,20.1,21.5,0,442.1,0,0,5,2,0.1034,0
SEG-0159,2025-01-31,4.05,293.7,2,0.7672,11128.0,0.173,49.3,22.0,53.2,21.0,0,620.9,0,1,5,2,0.1541,0
SEG-0160,2025-01-31,11.76,1498.8,2,0.4403,14327.0,0.256,52.8,12.7,33.2,22.0,0,3179.5,4,1,9,6,0.3456,1
SEG-0161,2025-01-31,3.21,1048.7,2,0.8783,30838.0,0.05,38.9,21.9,62.3,26.7,0,547.8,0,0,10,3,0.0831,0
SEG-0162,2025-01-31,5.24,1027.7,4,0.7912,39033.0,0.288,36.8,14.4,37.0,20.1,0,992.7,0,1,7,4,0.0783,0
SEG-0163,2025-01-31,7.37,272.1,2,0.7103,42964.0,0.34,26.9,7.4,23.3,26.8,0,985.0,1,2,5,5,0.1872,0
SEG-0164,2025-01-31,9.66,1361.0,1,0.5961,43187.0,0.1,30.5,14.9,36.6,25.9,0,1804.8,2,2,13,5,0.2199,1
SEG-0165,2025-01-31,5.0,189.1,2,0.7955,43236.0,0.054,28.2,14.9,37.2,19.2,0,937.6,1,1,6,0,0.1411,0
SEG-0166,2025-01-31,1.89,475.1,4,0.8798,40405.0,0.321,32.5,13.2,64.2,22.0,0,397.5,1,1,9,4,0.0867,0
SEG-0167,2025-01-31,1.35,343.1,4,0.9217,3898.0,0.351,58.0,1.9,7.9,23.3,0,182.5,0,1,4,2,0.0638,0
SEG-0168,2025-01-31,3.6,1198.6,6,0.8106,6370.0,0.179,55.8,9.7,53.4,21.7,0,695.5,2,0,4,4,0.0713,0
SEG-0169,2025-01-31,3.7,417.6,2,0.873,12685.0,0.296,46.9,22.0,72.5,23.1,0,525.5,1,0,2,2,0.0792,0
SEG-0170,2025-01-31,8.18,1379.4,2,0.6211,26106.0,0.062,37.5,13.4,64.5,21.0,1,1264.8,1,2,12,4,0.201,0
SEG-0171,2025-01-31,13.94,1036.0,1,0.4263,4501.0,0.178,53.5,20.8,55.3,24.9,0,2456.8,4,3,11,6,0.3026,0
SEG-0172,2025-01-31,4.64,198.8,2,0.8532,33166.0,0.293,35.3,25.0,98.7,22.4,0,501.7,2,1,8,0,0.0796,0
SEG-0173,2025-01-31,9.44,157.3,6,0.5532,24585.0,0.13,47.5,31.8,78.8,20.3,0,220.7,1,1,15,8,0.2384,0
SEG-0174,2025-01-31,12.83,219.7,4,0.4243,26429.0,0.315,40.4,8.8,33.4,20.8,0,2425.0,3,1,12,6,0.351,0
SEG-0175,2025-01-31,10.13,968.0,2,0.474,8489.0,0.223,54.7,9.7,24.3,22.2,0,283.1,1,1,12,7,0.3162,0
SEG-0176,2025-01-31,15.02,1232.0,2,0.2267,10987.0,0.296,44.2,24.1,114.4,24.8,0,3004.3,5,3,7,8,0.4353,1
SEG-0177,2025-01-31,6.84,472.0,4,0.7414,7456.0,0.241,51.1,2.0,12.5,26.9,1,92.1,1,0,10,3,0.191,0
SEG-0178,2025-01-31,5.34,1296.7,2,0.766,41998.0,0.207,35.3,8.4,21.3,21.7,0,542.6,0,2,11,2,0.1775,0
SEG-0179,2025-01-31,14.19,227.3,1,0.4568,23362.0,0.096,43.0,5.0,19.6,22.3,0,2657.5,3,2,17,7,0.3422,1
SEG-0180,2025-01-31,9.12,1231.3,2,0.5205,30331.0,0.1,35.6,19.2,68.8,24.6,0,1417.0,2,2,17,7,0.2824,1
SEG-0181,2025-01-31,9.95,1402.5,1,0.5807,13087.0,0.285,52.1,6.4,30.0,21.6,0,939.3,3,1,10,3,0.2504,0
SEG-0182,2025-01-31,14.19,1192.3,2,0.3242,16980.0,0.066,48.8,7.2,19.2,21.8,1,802.3,5,1,9,9,0.397,1
SEG-0183,2025-01-31,14.2,1092.5,1,0.3304,18690.0,0.095,40.5,11.3,26.9,21.4,1,3657.6,3,1,7,6,0.3411,1
SEG-0184,2025-01-31,13.24,1281.3,2,0.3222,30686.0,0.097,40.4,16.0,60.7,25.5,0,3627.0,3,3,15,6,0.3459,1
SEG-0185,2025-01-31,9.49,204.2,2,0.5869,39286.0,0.08,33.2,7.6,17.7,22.0,1,1041.4,1,0,9,4,0.2175,0
SEG-0186,2025-01-31,4.02,422.4,2,0.8228,9024.0,0.318,43.8,18.6,52.4,25.1,0,832.1,1,0,3,0,0.0721,0
SEG-0187,2025-01-31,10.13,318.6,2,0.4836,48590.0,0.196,32.0,10.5,69.8,23.9,2,981.8,3,3,13,8,0.2434,1
SEG-0188,2025-01-31,14.31,831.1,6,0.2798,7023.0,0.377,54.7,30.4,94.9,27.1,0,1046.3,4,2,13,11,0.4139,1
SEG-0189,2025-01-31,10.58,1156.0,4,0.5281,45316.0,0.061,28.3,10.0,40.9,25.0,1,1009.9,1,2,8,5,0.3132,0
SEG-0190,2025-01-31,6.06,1000.5,2,0.6885,5702.0,0.192,55.2,33.3,93.2,21.1,0,1403.9,1,0,9,7,0.1413,0
SEG-0191,2025-01-31,11.78,1299.0,2,0.4794,14305.0,0.19,41.5,26.3,72.3,22.6,0,1823.7,4,1,13,6,0.2383,1
SEG-0192,2025-01-31,11.49,359.5,4,0.5023,37150.0,0.148,33.3,3.2,13.0,21.7,0,3140.6,2,3,10,7,0.2847,1
SEG-0193,2025-01-31,12.41,1141.7,2,0.4457,8505.0,0.369,52.2,12.4,56.5,21.6,0,1259.4,2,1,5,6,0.366,0
SEG-0194,2025-01-31,3.37,410.6,2,0.7851,19799.0,0.392,47.3,10.9,27.1,21.5,0,141.9,1,1,2,0,0.1406,0
SEG-0195,2025-01-31,13.9,515.5,4,0.348,19026.0,0.351,38.2,33.5,77.9,22.3,0,1561.7,2,3,17,10,0.4076,1
SEG-0196,2025-01-31,2.98,1108.4,2,0.972,13232.0,0.091,51.1,9.3,21.8,24.7,0,787.3,0,0,4,1,0.0271,0
SEG-0197,2025-01-31,1.9,1473.3,4,0.8581,32346.0,0.131,37.1,7.8,45.0,18.6,1,521.2,1,0,6,0,0.0216,0
SEG-0198,2025-01-31,12.6,975.6,2,0.3329,38791.0,0.268,28.6,6.3,22.9,23.1,0,685.8,2,2,16,6,0.3652,1
SEG-0199,2025-01-31,3.96,223.6,2,0.8698,38199.0,0.103,31.7,7.0,27.2,20.1,0,199.7,0,0,5,2,0.061,0
SEG-0200,2025-01-31,1.08,982.0,2,0.9009,18133.0,0.307,46.2,37.6,144.1,26.0,0,275.4,0,0,5,0,0.032,0
SEG-0201,2025-01-31,9.08,207.2,2,0.43,24599.0,0.243,42.5,40.7,110.2,21.5,0,2489.9,3,2,13,8,0.2692,1
SEG-0202,2025-01-31,7.01,1343.6,2,0.7147,10233.0,0.219,43.8,10.6,25.7,23.9,0,267.2,1,2,9,7,0.1674,0
SEG-0203,2025-01-31,8.79,1107.9,2,0.6737,11626.0,0.297,46.9,14.0,64.6,20.5,1,1940.8,3,2,10,5,0.2,0
SEG-0204,2025-01-31,2.86,383.7,4,0.8618,8077.0,0.287,55.2,13.2,47.0,18.7,0,300.3,0,1,4,0,0.083,0
SEG-0205,2025-01-31,6.16,273.8,2,0.6995,37415.0,0.076,37.8,21.6,48.3,20.6,0,1203.4,0,1,10,7,0.1963,0
SEG-0206,2025-01-31,4.01,397.8,2,0.8314,37190.0,0.025,35.5,12.8,48.5,20.9,0,672.8,0,0,7,0,0.0895,0
SEG-0207,2025-01-31,14.03,1473.0,4,0.296,35392.0,0.222,35.9,8.3,28.8,19.6,0,557.7,4,3,10,8,0.3343,1
SEG-0208,2025-01-31,6.18,769.1,4,0.6355,20495.0,0.2,50.6,7.5,39.8,25.0,0,106.4,1,0,6,4,0.2257,0
SEG-0209,2025-01-31,10.72,1208.5,2,0.435,23429.0,0.122,45.3,14.1,35.4,19.3,0,2265.4,2,3,15,5,0.2845,1
SEG-0210,2025-01-31,2.81,1009.2,2,0.8536,22095.0,0.167,39.1,3.9,11.2,22.2,0,238.9,1,1,6,0,0.0769,0
SEG-0211,2025-01-31,13.16,922.8,6,0.4104,27815.0,0.286,46.5,8.0,39.1,25.0,0,3633.5,4,1,11,8,0.3286,1
SEG-0212,2025-01-31,2.15,345.9,2,0.9292,19556.0,0.319,46.0,16.3,68.4,19.1,0,512.9,0,1,4,2,0.0116,0
SEG-0213,2025-01-31,5.94,1427.1,4,0.6751,6149.0,0.217,41.8,10.1,33.3,21.8,0,1351.2,1,0,10,5,0.1544,0
SEG-0214,2025-01-31,3.57,556.8,4,0.8761,7430.0,0.177,48.3,30.5,98.5,20.1,0,415.4,1,0,2,4,0.0355,0
SEG-0215,2025-01-31,5.92,930.3,4,0.6952,37120.0,0.133,28.9,10.1,42.1,17.0,0,509.4,1,1,13,6,0.1282,0
SEG-0216,2025-01-31,15.06,1094.7,2,0.2849,24877.0,0.218,44.6,6.4,14.7,21.6,0,511.4,4,3,22,5,0.4098,1
SEG-0217,2025-01-31,14.87,1026.5,2,0.266,48365.0,0.123,27.6,9.5,33.7,28.4,0,1605.6,5,3,22,7,0.4228,1
SEG-0218,2025-01-31,8.04,1419.8,1,0.7069,8748.0,0.213,54.8,24.4,124.9,20.5,0,1953.9,3,1,8,4,0.2398,1
SEG-0219,2025-01-31,4.56,350.4,2,0.8287,28347.0,0.293,34.7,13.7,33.6,22.1,0,226.4,2,1,9,2,0.0791,0
SEG-0220,2025-01-31,10.12,836.3,6,0.5548,9033.0,0.022,52.1,22.6,69.2,24.7,0,2190.1,1,2,14,6,0.2571,1
SEG-0221,2025-01-31,14.54,695.4,2,0.39,11574.0,0.02,45.9,21.3,70.5,20.2,0,3760.5,4,3,9,6,0.3686,1
SEG-0222,2025-01-31,12.22,790.1,2,0.4501,2248.0,0.107,52.7,9.7,37.0,23.6,0,2737.5,4,2,7,6,0.3202,0
SEG-0223,2025-01-31,7.63,310.9,1,0.6913,6048.0,0.34,54.2,45.4,106.8,24.4,0,2034.9,2,0,5,2,0.1795,0
SEG-0224,2025-01-31,9.5,331.0,6,0.5889,46080.0,0.245,27.7,2.2,11.9,21.4,0,2119.4,1,2,11,3,0.2164,1
SEG-0225,2025-01-31,7.0,525.4,1,0.6834,16248.0,0.124,47.5,5.7,22.9,19.1,0,1933.9,1,0,6,6,0.1636,0
SEG-0226,2025-01-31,10.8,561.4,1,0.4083,28173.0,0.378,31.8,10.1,38.1,23.3,0,1709.2,4,1,7,5,0.3056,1
SEG-0227,2025-01-31,7.27,727.7,2,0.6896,24190.0,0.2,40.3,21.5,49.9,21.6,0,934.4,2,1,9,3,0.1581,0
SEG-0228,2025-01-31,11.12,974.8,1,0.4314,21280.0,0.211,48.3,22.0,64.6,24.2,0,1249.8,3,1,12,5,0.3304,1
SEG-0229,2025-01-31,14.66,1006.7,2,0.3815,23496.0,0.337,38.4,22.2,55.9,20.2,0,3221.2,4,2,9,6,0.3368,1
SEG-0230,2025-01-31,12.85,705.9,2,0.4464,10110.0,0.042,46.3,12.2,32.7,20.9,0,527.6,2,1,13,7,0.3261,0
SEG-0231,2025-01-31,7.84,701.9,2,0.5236,42332.0,0.079,29.9,1.5,5.0,24.3,0,686.2,3,0,20,5,0.2252,0
SEG-0232,2025-01-31,14.52,443.8,1,0.3488,38577.0,0.274,33.4,2.8,8.5,18.0,0,3707.5,4,1,9,8,0.3912,1
SEG-0233,2025-01-31,5.16,944.2,1,0.7556,35002.0,0.126,40.8,56.5,145.3,18.5,0,1332.9,2,0,6,0,0.1597,0
SEG-0234,2025-01-31,4.88,578.0,2,0.7564,19257.0,0.237,44.0,5.9,15.1,21.5,0,1195.5,2,0,10,2,0.1357,0
SEG-0235,2025-01-31,3.67,198.7,1,0.8675,8556.0,0.154,55.4,4.1,26.1,19.7,0,465.1,0,0,1,2,0.1079,0
SEG-0236,2025-01-31,14.3,714.8,2,0.2618,43025.0,0.07,34.0,19.5,78.7,23.3,0,3066.8,3,3,23,6,0.4292,1
SEG-0237,2025-01-31,8.43,790.1,2,0.669,16307.0,0.087,44.9,27.5,72.3,22.7,0,1730.2,1,2,4,2,0.1537,0
SEG-0238,2025-01-31,13.27,454.6,2,0.3666,3128.0,0.171,53.7,10.9,59.2,20.1,0,1791.4,2,1,9,7,0.3322,0
SEG-0239,2025-01-31,8.55,922.8,2,0.6038,17453.0,0.093,51.6,15.4,46.8,20.4,1,373.7,3,0,3,3,0.2062,0
SEG-0240,2025-01-31,12.23,913.8,2,0.4681,36247.0,0.086,35.5,15.8,42.5,23.8,0,1658.9,4,3,17,8,0.3385,1
SEG-0241,2025-01-31,13.83,1097.7,1,0.2176,31796.0,0.35,33.7,20.7,46.9,19.8,0,1085.4,2,3,9,9,0.462,1
SEG-0242,2025-01-31,12.59,1024.7,1,0.3778,32993.0,0.133,38.0,6.2,16.4,25.2,0,1902.9,3,3,16,8,0.3242,1
SEG-0243,2025-01-31,3.55,1030.8,4,0.8518,30539.0,0.139,35.5,13.8,40.1,23.5,1,215.6,0,0,9,4,0.064,0
SEG-0244,2025-01-31,1.91,576.9,1,0.9296,10589.0,0.027,53.6,5.9,17.0,21.7,0,207.5,0,1,1,0,0.0925,0
SEG-0245,2025-01-31,4.02,1213.0,2,0.8826,40554.0,0.179,36.3,15.7,41.5,20.0,0,232.3,2,0,9,2,0.0941,0
SEG-0246,2025-01-31,4.43,891.3,2,0.7984,23273.0,0.133,45.8,10.6,36.9,22.0,0,222.2,0,0,3,2,0.0907,0
SEG-0247,2025-01-31,9.38,732.4,2,0.5568,31672.0,0.259,39.9,7.8,41.4,23.5,0,2526.5,3,1,9,2,0.27,0
SEG-0248,2025-01-31,10.26,995.1,2,0.5186,1005.0,0.092,57.4,4.6,27.1,20.1,0,1652.0,3,3,4,2,0.2813,0
SEG-0249,2025-01-31,1.79,636.9,4,0.791,44212.0,0.346,34.8,20.3,84.4,18.4,0,380.7,1,0,9,2,0.1221,0
SEG-0250,2025-01-31,5.48,842.2,4,0.7629,11858.0,0.336,47.7,8.7,34.5,25.4,0,980.7,2,1,7,7,0.1276,0
SEG-0001,2025-02-15,2.52,1030.1,4,0.7797,12327.0,0.062,49.2,26.6,71.2,18.8,0,149.0,0,0,9,4,0.141,0
SEG-0002,2025-02-15,8.06,1321.1,4,0.6333,14232.0,0.209,53.9,41.3,97.6,22.6,0,838.7,2,2,7,6,0.1958,0
SEG-0003,2025-02-15,11.64,762.8,4,0.4663,11237.0,0.106,49.9,6.5,20.1,19.3,0,2387.1,4,3,6,5,0.3339,1
SEG-0004,2025-02-15,7.68,484.6,2,0.6092,20520.0,0.095,47.8,22.5,87.6,23.9,0,554.7,3,1,9,3,0.2325,0
SEG-0005,2025-02-15,4.96,469.5,2,0.8241,30442.0,0.264,32.8,12.8,37.7,26.0,0,1081.9,0,1,6,1,0.1366,1
SEG-0006,2025-02-15,7.27,1157.1,4,0.6288,11550.0,0.168,50.5,4.9,31.3,23.8,0,1785.1,1,0,4,7,0.2463,0
SEG-0007,2025-02-15,5.17,1252.4,2,0.7868,17006.0,0.354,42.2,18.2,117.3,24.8,0,85.2,2,1,4,0,0.0983,0
SEG-0008,2025-02-15,3.0,292.1,4,0.8702,41265.0,0.15,29.6,35.4,103.1,24.6,0,142.0,1,0,10,1,0.0222,0
SEG-0009,2025-02-15,4.73,239.9,2,0.8084,3491.0,0.26,50.9,28.8,126.5,21.9,0,289.3,0,0,3,2,0.0796,0
SEG-0010,2025-02-15,10.9,952.5,1,0.4766,19759.0,0.178,42.0,5.4,31.6,21.5,0,1043.8,4,3,10,7,0.2981,1
SEG-0011,2025-02-15,10.45,347.3,1,0.5128,36306.0,0.276,41.5,17.6,94.1,23.6,1,1617.4,1,3,12,6,0.2646,1
SEG-0012,2025-02-15,10.07,1263.3,4,0.5403,7636.0,0.259,57.3,30.4,71.6,32.0,0,430.7,2,2,12,8,0.2572,0
SEG-0013,2025-02-15,8.37,569.0,1,0.5648,3516.0,0.224,52.9,8.1,22.3,24.0,0,1553.1,3,1,6,3,0.2343,0
SEG-0014,2025-02-15,8.81,344.2,2,0.5765,8049.0,0.372,46.5,20.3,83.1,25.7,0,157.8,1,1,6,3,0.1973,0
SEG-0015,2025-02-15,14.71,1393.3,2,0.251,39013.0,0.174,35.8,6.2,36.3,25.4,0,1183.3,4,1,12,5,0.4084,1
SEG-0016,2025-02-15,2.15,373.5,2,0.8531,1246.0,0.114,58.4,25.6,118.4,27.6,0,103.1,0,0,2,1,0.0641,0
SEG-0017,2025-02-15,1.81,534.4,2,0.9414,7982.0,0.294,50.9,33.1,175.8,23.7,0,476.4,0,0,2,1,0.0262,0
SEG-0018,2025-02-15,13.96,357.4,4,0.2951,2268.0,0.338,58.0,3.1,9.2,26.2,0,3102.7,3,1,8,6,0.4098,1
SEG-0019,2025-02-15,9.23,305.9,1,0.5593,5080.0,0.044,50.8,21.4,61.9,23.5,0,1513.0,3,0,6,4,0.1913,0
SEG-0020,2025-02-15,9.63,178.5,4,0.4523,28480.0,0.211,40.1,31.2,72.2,25.1,0,2264.7,3,1,10,6,0.2897,1
SEG-0021,2025-02-15,4.19,224.8,4,0.7452,10276.0,0.333,52.8,3.9,16.9,26.9,0,557.2,0,0,2,0,0.1241,0
SEG-0022,2025-02-15,5.2,385.8,2,0.733,29918.0,0.314,32.5,5.4,27.8,22.8,0,393.6,0,1,10,5,0.1487,0
SEG-0023,2025-02-15,3.66,222.1,2,0.8431,29143.0,0.38,34.0,15.9,40.3,23.0,1,262.9,0,1,6,5,0.0871,0
SEG-0024,2025-02-15,6.27,948.0,2,0.7166,39934.0,0.225,33.5,30.3,78.4,22.4,0,479.4,2,1,8,3,0.1633,0
SEG-0025,2025-02-15,2.21,1069.0,1,0.7666,1381.0,0.285,54.0,2.1,9.1,21.8,0,506.9,0,0,4,2,0.116,0
SEG-0026,2025-02-15,4.4,681.4,2,0.8421,40197.0,0.152,36.9,7.3,23.5,24.0,0,520.1,2,0,6,4,0.1138,0
SEG-0027,2025-02-15,4.22,579.3,6,0.7995,24355.0,0.385,39.8,36.1,196.5,29.7,0,1135.2,1,0,12,5,0.0702,0
SEG-0028,2025-02-15,13.39,831.1,6,0.4795,7446.0,0.165,57.3,28.2,75.5,28.2,0,1674.7,3,2,8,9,0.2632,1
SEG-0029,2025-02-15,14.65,1331.3,4,0.3225,37189.0,0.262,36.5,27.1,91.1,21.7,0,1014.6,3,2,14,11,0.3337,1
SEG-0030,2025-02-15,9.36,1299.0,2,0.5976,37747.0,0.178,33.8,5.0,21.4,23.9,0,584.4,1,1,14,5,0.2168,0
SEG-0031,2025-02-15,9.63,208.7,2,0.5142,11756.0,0.207,51.5,25.9,73.8,25.5,0,653.0,1,1,10,6,0.2732,0
SEG-0032,2025-02-15,14.51,395.0,4,0.3886,44495.0,0.308,29.6,12.9,64.5,21.9,0,909.3,3,3,19,7,0.3529,0
SEG-0033,2025-02-15,4.55,469.6,2,0.8119,19816.0,0.215,44.7,27.3,66.9,24.6,0,939.4,2,0,4,3,0.1555,0
SEG-0034,2025-02-15,11.84,486.7,2,0.3717,28691.0,0.33,40.3,24.7,81.0,24.0,0,2064.0,2,2,11,6,0.3768,1
SEG-0035,2025-02-15,2.34,921.2,1,0.8503,49455.0,0.241,18.0,33.3,78.4,26.4,0,167.0,1,0,7,1,0.0404,0
SEG-0036,2025-02-15,14.15,712.0,2,0.3525,17544.0,0.249,44.7,2.2,9.9,23.4,0,2944.9,5,1,11,9,0.3545,1
SEG-0037,2025-02-15,14.77,216.5,2,0.2389,36304.0,0.136,42.5,23.6,69.7,26.1,0,974.7,4,2,17,9,0.4755,0
SEG-0038,2025-02-15,8.05,654.4,2,0.5864,13822.0,0.159,44.7,20.5,58.5,25.6,0,1700.9,3,0,4,4,0.2944,0
SEG-0039,2025-02-15,6.12,857.1,2,0.7114,31403.0,0.192,38.2,5.8,27.0,21.0,0,1026.4,2,0,8,2,0.1844,0
SEG-0040,2025-02-15,6.35,287.3,4,0.7924,26021.0,0.108,37.8,26.4,87.1,21.9,0,985.6,0,1,2,1,0.1237,0
SEG-0041,2025-02-15,7.06,1275.2,6,0.6845,11153.0,0.083,50.0,22.7,66.4,17.7,0,924.5,0,1,6,6,0.2215,0
SEG-0042,2025-02-15,7.82,220.1,2,0.6524,17885.0,0.281,46.8,43.1,100.2,21.8,0,1104.2,3,0,5,4,0.2088,0
SEG-0043,2025-02-15,1.5,1398.5,4,0.8872,15277.0,0.258,46.2,28.1,63.3,23.8,0,305.9,0,0,3,1,0.113,0
SEG-0044,2025-02-15,3.07,283.8,6,0.8171,4435.0,0.269,55.0,6.5,22.5,24.6,0,89.3,1,0,6,3,0.1252,0
SEG-0045,2025-02-15,7.8,1288.8,1,0.5825,2556.0,0.058,56.5,33.7,76.8,20.0,0,1750.2,3,1,6,8,0.2807,0
SEG-0046,2025-02-15,4.09,1368.6,2,0.7898,16613.0,0.183,46.7,14.8,59.5,20.6,0,155.3,1,0,3,0,0.1559,0
SEG-0047,2025-02-15,6.76,1472.4,2,0.6486,1818.0,0.112,47.9,47.9,136.9,21.2,0,1825.4,2,1,7,4,0.2049,0
SEG-0048,2025-02-15,9.4,1232.7,1,0.5985,8955.0,0.312,44.3,12.0,49.4,16.8,1,1298.4,1,2,7,6,0.1892,1
SEG-0049,2025-02-15,10.96,1202.3,4,0.5119,30010.0,0.346,41.3,46.7,203.9,22.6,0,1652.7,4,3,10,8,0.2687,0
SEG-0050,2025-02-15,14.76,1017.4,2,0.271,32598.0,0.114,37.6,19.6,46.3,23.0,0,1366.4,4,3,13,9,0.3723,1
SEG-0051,2025-02-15,6.65,1201.6,2,0.7691,30420.0,0.265,49.3,4.8,13.5,28.1,0,596.9,2,1,17,5,0.1508,0
SEG-0052,2025-02-15,14.33,331.6,2,0.3063,15744.0,0.081,54.4,10.9,36.1,23.1,0,1156.1,5,2,10,11,0.4059,1
SEG-0053,2025-02-15,7.16,873.7,2,0.6331,36693.0,0.156,34.9,8.8,35.0,25.5,0,492.8,2,2,15,3,0.2365,0
SEG-0054,2025-02-15,2.28,844.2,4,0.9449,30215.0,0.083,40.4,28.2,115.7,32.3,1,592.6,0,0,3,1,0.0546,0
SEG-0055,2025-02-15,4.84,1307.7,1,0.7718,5940.0,0.137,57.7,6.2,25.6,22.7,0,874.9,1,0,3,2,0.1672,0
SEG-0056,2025-02-15,4.83,774.8,2,0.7559,7016.0,0.229,54.4,8.3,29.4,23.2,0,479.8,2,0,9,7,0.1153,0
SEG-0057,2025-02-15,10.6,669.9,2,0.489,33399.0,0.347,39.8,14.6,35.5,22.2,0,354.6,2,2,13,5,0.3006,0
SEG-0058,2025-02-15,5.23,1013.4,2,0.7494,7745.0,0.125,59.3,7.4,30.3,22.2,0,546.7,0,2,6,3,0.127,0
SEG-0059,2025-02-15,9.28,509.7,2,0.5785,23518.0,0.241,46.8,44.9,162.2,20.9,0,118.6,3,1,8,5,0.2434,0
SEG-0060,2025-02-15,3.73,338.7,2,0.835,46445.0,0.257,33.6,10.4,37.3,22.4,0,745.8,1,0,7,1,0.1348,0
SEG-0061,2025-02-15,13.49,795.1,1,0.345,1343.0,0.344,51.4,17.1,41.0,20.9,0,328.0,4,1,8,7,0.3729,0
SEG-0062,2025-02-15,8.31,712.8,2,0.6487,1808.0,0.25,57.4,14.0,55.4,22.3,0,122.2,3,0,1,2,0.1894,0
SEG-0063,2025-02-15,14.74,464.0,4,0.3042,50529.0,0.13,35.1,29.0,76.3,27.7,0,1485.5,5,2,21,8,0.3797,1
SEG-0064,2025-02-15,13.57,646.1,2,0.3698,23288.0,0.234,46.1,3.2,8.0,23.7,0,2655.9,3,3,9,4,0.3614,1
SEG-0065,2025-02-15,2.96,644.6,2,0.8715,7125.0,0.175,56.8,18.0,55.6,23.4,0,355.0,0,0,10,3,0.1119,0
SEG-0066,2025-02-15,10.87,592.1,2,0.552,46455.0,0.348,24.1,29.1,168.0,21.1,0,1295.3,3,3,10,5,0.2844,0
SEG-0067,2025-02-15,6.12,662.3,4,0.6897,42463.0,0.195,32.0,9.4,31.6,25.3,0,267.2,0,1,13,7,0.1651,0
SEG-0068,2025-02-15,7.59,1075.8,1,0.5543,24862.0,0.281,45.0,24.3,76.8,26.1,1,1514.9,1,2,13,7,0.2985,1
SEG-0069,2025-02-15,14.92,550.8,2,0.3289,30740.0,0.075,36.4,26.3,59.8,25.6,0,2354.2,3,3,16,9,0.3678,1
SEG-0070,2025-02-15,13.76,1431.0,2,0.3956,13553.0,0.146,49.2,10.1,26.2,26.8,0,3574.0,3,1,8,8,0.3422,1
SEG-0071,2025-02-15,6.95,1387.1,2,0.7224,3201.0,0.332,53.1,27.5,83.9,24.9,0,322.2,2,0,2,0,0.1668,0
SEG-0072,2025-02-15,9.55,799.2,4,0.5377,25911.0,0.264,44.7,22.4,52.0,23.5,0,339.1,1,1,8,9,0.2701,0
SEG-0073,2025-02-15,11.39,593.3,2,0.5288,13185.0,0.203,45.0,47.0,168.8,23.3,0,1485.8,2,3,6,6,0.2715,1
SEG-0074,2025-02-15,2.58,872.8,4,0.8338,33523.0,0.352,38.2,26.6,100.8,23.7,0,515.7,0,0,7,3,0.1051,0
SEG-0075,2025-02-15,3.65,1295.6,4,0.8075,41110.0,0.333,31.8,24.7,58.6,26.0,0,469.5,2,0,8,3,0.1707,0
SEG-0076,2025-02-15,14.85,1031.0,2,0.3279,1588.0,0.099,55.9,19.3,61.2,24.4,0,2429.9,4,2,17,9,0.3684,1
SEG-0077,2025-02-15,7.42,1235.9,4,0.5498,26815.0,0.23,44.7,12.0,40.5,20.9,0,442.3,1,1,10,3,0.2781,0
SEG-0078,2025-02-15,4.84,869.2,2,0.7626,12739.0,0.238,55.7,9.8,44.6,23.4,0,309.8,2,0,7,5,0.1037,0
SEG-0079,2025-02-15,13.81,1004.4,4,0.4185,33741.0,0.221,34.2,22.9,61.3,29.8,0,1883.7,3,1,17,8,0.3347,0
SEG-0080,2025-02-15,1.26,539.0,2,0.8755,13200.0,0.189,45.4,57.4,136.5,17.9,0,238.4,0,0,6,4,0.0468,0
SEG-0081,2025-02-15,8.79,1142.1,2,0.6253,24323.0,0.177,46.2,9.9,25.9,24.2,0,1762.4,3,2,12,4,0.2018,1
SEG-0082,2025-02-15,9.4,423.2,2,0.4193,21584.0,0.36,36.0,19.0,65.8,24.0,0,394.3,3,1,11,5,0.2827,1
SEG-0083,2025-02-15,13.92,1088.0,1,0.3727,16713.0,0.369,50.2,19.8,58.8,20.6,0,464.0,3,1,22,10,0.3606,1
SEG-0084,2025-02-15,4.59,1312.0,2,0.6921,33512.0,0.308,42.1,25.8,77.0,25.3,0,863.0,1,0,12,5,0.2128,0
SEG-0085,2025-02-15,1.24,328.3,4,0.9383,37603.0,0.405,34.0,10.6,43.9,24.7,0,323.1,0,0,5,0,0.072,0
SEG-0086,2025-02-15,1.62,979.4,2,0.9151,28521.0,0.264,40.7,20.7,55.4,27.1,0,267.0,1,0,2,1,0.0292,0
SEG-0087,2025-02-15,9.77,278.4,2,0.5434,36066.0,0.312,29.0,26.6,67.3,23.9,0,146.6,2,0,12,3,0.2637,0
SEG-0088,2025-02-15,14.0,1129.7,2,0.3024,42942.0,0.276,27.8,35.0,82.6,25.6,0,3261.1,2,3,24,10,0.3786,1
SEG-0089,2025-02-15,9.05,264.1,2,0.5133,20564.0,0.183,41.6,12.9,63.1,22.9,0,2371.8,3,2,11,5,0.2631,0
SEG-0090,2025-02-15,13.31,1413.5,1,0.3363,24258.0,0.169,49.6,18.4,55.0,26.5,0,140.9,3,2,17,7,0.3759,0
SEG-0091,2025-02-15,1.67,335.5,4,0.9266,1478.0,0.167,54.8,6.3,31.3,23.5,0,407.7,0,0,1,1,0.018,0
SEG-0092,2025-02-15,3.48,1444.5,2,0.9082,36614.0,0.234,31.8,4.8,31.3,18.5,0,444.8,0,1,7,2,0.0044,0
SEG-0093,2025-02-15,4.46,1231.2,2,0.8054,23535.0,0.124,43.5,8.2,33.2,25.6,0,122.5,2,0,2,3,0.0762,0
SEG-0094,2025-02-15,9.19,951.5,2,0.6167,18137.0,0.114,52.0,8.6,42.5,23.3,0,928.5,1,1,6,2,0.2378,0
SEG-0095,2025-02-15,9.8,1206.5,1,0.6397,4955.0,0.251,59.3,18.3,94.7,24.4,0,754.9,1,1,6,5,0.2341,0
SEG-0096,2025-02-15,14.43,1223.4,2,0.3174,38484.0,0.172,32.6,50.5,153.5,24.3,0,1533.9,4,1,13,9,0.4347,1
SEG-0097,2025-02-15,4.84,1427.1,4,0.7256,19400.0,0.112,46.5,24.2,84.2,24.5,0,879.5,2,0,8,3,0.1451,0
SEG-0098,2025-02-15,3.11,492.1,2,0.8982,27559.0,0.313,26.7,5.0,16.5,26.1,0,403.1,0,0,8,5,0.0524,0
SEG-0099,2025-02-15,8.36,946.6,6,0.6173,7315.0,0.328,56.9,24.0,136.0,24.9,0,1909.4,3,2,10,6,0.2211,0
SEG-0100,2025-02-15,11.99,278.3,2,0.4101,42927.0,0.102,27.3,21.5,63.4,21.1,0,313.4,4,1,9,8,0.2724,0
SEG-0101,2025-02-15,6.93,981.8,2,0.6792,7750.0,0.056,54.1,14.3,37.6,23.6,0,859.6,0,0,6,0,0.2264,0
SEG-0102,2025-02-15,6.87,381.2,4,0.6089,9358.0,0.139,52.6,88.9,261.2,24.8,0,1435.8,2,1,11,2,0.1748,0
SEG-0103,2025-02-15,10.22,912.7,4,0.5248,41775.0,0.298,30.0,16.4,37.3,24.9,0,1769.8,2,1,19,7,0.2215,0
SEG-0104,2025-02-15,10.26,922.8,4,0.4619,47023.0,0.331,31.9,35.9,111.3,28.3,0,2233.1,1,3,12,9,0.2784,0
SEG-0105,2025-02-15,14.74,779.1,6,0.3621,9167.0,0.111,50.0,24.6,109.5,22.9,0,3312.3,5,2,18,7,0.3794,1
SEG-0106,2025-02-15,14.37,855.6,4,0.3613,23058.0,0.301,41.0,14.2,68.9,21.8,0,3320.9,5,2,12,11,0.355,1
SEG-0107,2025-02-15,8.12,1181.3,4,0.4905,34929.0,0.133,31.8,17.3,38.6,24.3,0,935.7,1,1,8,5,0.3147,0
SEG-0108,2025-02-15,5.86,1229.0,1,0.664,40836.0,0.155,28.6,32.2,113.5,19.0,0,127.0,1,1,22,4,0.1927,0
SEG-0109,2025-02-15,8.41,814.4,4,0.5668,20253.0,0.385,48.0,28.2,106.8,25.2,0,836.0,2,2,6,3,0.2106,1
SEG-0110,2025-02-15,2.49,959.5,2,0.7432,25616.0,0.116,40.4,39.0,95.6,23.6,0,601.2,1,0,9,3,0.1347,0
SEG-0111,2025-02-15,6.03,1407.2,2,0.6393,38602.0,0.076,32.2,16.0,74.8,20.7,1,1047.5,0,0,8,0,0.2416,0
SEG-0112,2025-02-15,6.47,311.6,2,0.6763,36164.0,0.165,33.2,22.1,106.6,26.6,0,1477.3,0,2,8,6,0.1894,1
SEG-0113,2025-02-15,11.65,308.1,6,0.4064,38966.0,0.277,29.3,10.8,32.8,23.4,0,3150.9,4,3,21,7,0.3658,1
SEG-0114,2025-02-15,7.15,268.4,6,0.6669,23407.0,0.375,31.0,10.6,48.5,24.8,0,1124.6,3,0,8,2,0.2073,0
SEG-0115,2025-02-15,13.86,1038.1,2,0.4537,5970.0,0.374,52.7,0.8,5.5,21.7,0,3137.9,4,2,9,5,0.3447,1
SEG-0116,2025-02-15,5.08,715.1,4,0.7267,43188.0,0.055,29.9,20.3,103.6,24.0,0,224.7,2,0,9,2,0.1766,0
SEG-0117,2025-02-15,5.68,1195.3,4,0.7284,40673.0,0.115,29.0,9.9,30.1,27.0,1,1405.2,2,0,4,1,0.1545,0
SEG-0118,2025-02-15,12.24,1056.2,2,0.3972,36157.0,0.311,34.2,19.5,61.0,28.1,0,3161.8,2,3,8,5,0.3223,1
SEG-0119,2025-02-15,8.36,600.4,1,0.5009,6001.0,0.152,51.7,13.3,47.1,22.4,0,2300.7,2,0,6,9,0.2758,0
SEG-0120,2025-02-15,2.96,1362.8,1,0.8481,10469.0,0.376,47.6,4.6,10.8,25.5,0,175.0,0,1,6,1,0.1279,0
SEG-0121,2025-02-15,9.14,1179.4,4,0.5651,32690.0,0.25,37.4,17.8,77.1,21.7,1,459.3,1,1,10,5,0.2455,0
SEG-0122,2025-02-15,6.48,515.2,2,0.7124,1744.0,0.046,51.3,14.6,53.0,26.8,0,862.8,1,1,5,5,0.1851,0
SEG-0123,2025-02-15,10.72,641.7,6,0.5341,48983.0,0.31,28.4,25.0,110.2,28.9,0,1312.6,3,1,4,7,0.2616,1
SEG-0124,2025-02-15,3.54,574.5,2,0.8227,17758.0,0.092,46.8,22.0,139.9,24.8,0,368.9,0,0,6,1,0.1082,0
SEG-0125,2025-02-15,8.74,362.8,6,0.5465,35789.0,0.19,37.7,37.9,90.8,25.2,0,1650.4,2,1,15,3,0.2207,0
SEG-0126,2025-02-15,14.72,349.5,2,0.2916,43902.0,0.207,29.2,9.7,28.1,23.7,0,651.4,5,2,12,10,0.3723,1
SEG-0127,2025-02-15,5.44,1413.8,4,0.7305,18888.0,0.205,42.5,16.3,73.7,22.0,0,465.6,2,1,16,5,0.1422,0
SEG-0128,2025-02-15,5.57,741.2,1,0.7704,13854.0,0.279,43.2,23.3,53.0,29.9,0,99.0,0,1,2,0,0.137,0
SEG-0129,2025-02-15,5.19,667.5,2,0.6914,29060.0,0.296,41.8,9.6,29.2,26.2,0,1316.1,0,0,6,4,0.184,0
SEG-0130,2025-02-15,4.83,1135.1,4,0.7513,30155.0,0.372,40.8,1.5,4.8,21.9,1,946.8,1,0,5,2,0.116,0
SEG-0131,2025-02-15,2.89,896.5,4,0.8896,16411.0,0.414,42.3,3.3,17.4,22.3,0,809.1,0,0,3,0,0.1012,0
SEG-0132,2025-02-15,13.49,1413.8,4,0.4681,24487.0,0.212,38.8,8.2,35.6,23.8,0,3466.4,4,2,8,8,0.3066,1
SEG-0133,2025-02-15,3.19,1203.4,1,0.79,42887.0,0.066,25.5,4.6,20.4,27.6,0,494.3,0,0,6,1,0.1315,0
SEG-0134,2025-02-15,8.98,797.1,2,0.5042,19696.0,0.319,44.5,11.4,56.1,25.5,0,2191.0,1,0,11,7,0.2988,1
SEG-0135,2025-02-15,13.92,658.1,1,0.4155,9116.0,0.371,54.8,7.9,33.7,27.1,0,2759.5,2,1,9,9,0.2764,1
SEG-0136,2025-02-15,3.56,1482.0,1,0.7837,19868.0,0.146,39.6,14.1,33.6,19.6,0,378.3,0,0,2,1,0.1421,0
SEG-0137,2025-02-15,2.63,1119.0,2,0.8027,20126.0,0.17,47.2,38.8,127.3,25.5,0,573.8,0,0,3,2,0.1278,0
SEG-0138,2025-02-15,14.75,1434.1,4,0.4805,6552.0,0.176,47.6,15.0,57.7,21.0,0,148.9,5,2,5,7,0.2529,0
SEG-0139,2025-02-15,4.13,309.9,4,0.918,7111.0,0.031,47.1,7.1,31.3,26.3,0,920.9,0,0,0,3,0.0488,0
SEG-0140,2025-02-15,5.6,1298.2,4,0.8176,34913.0,0.27,35.1,22.3,50.5,24.4,0,450.2,2,2,7,4,0.0715,0
SEG-0141,2025-02-15,13.62,1010.0,4,0.3894,18295.0,0.125,50.2,47.6,127.7,26.5,0,2020.2,3,3,14,6,0.3363,1
SEG-0142,2025-02-15,11.64,314.6,4,0.4854,39408.0,0.292,32.1,16.1,66.0,26.1,0,1585.4,4,2,10,6,0.2346,0
SEG-0143,2025-02-15,9.8,944.1,1,0.517,13330.0,0.318,53.0,5.2,16.6,21.2,1,1180.4,3,0,8,4,0.3343,0
SEG-0144,2025-02-15,11.41,1076.2,2,0.5418,5861.0,0.33,49.9,22.1,105.6,24.1,0,546.7,4,3,7,5,0.2893,1
SEG-0145,2025-02-15,13.1,166.6,2,0.4116,32397.0,0.185,36.1,14.3,45.8,17.2,0,1262.9,2,3,15,3,0.3417,1
SEG-0146,2025-02-15,8.75,763.3,4,0.5828,44628.0,0.182,30.5,11.9,53.9,24.7,0,2433.0,3,0,8,4,0.2344,0
SEG-0147,2025-02-15,12.07,1264.3,1,0.4903,15159.0,0.257,40.9,6.0,30.8,29.1,0,1495.0,2,2,8,3,0.2959,1
SEG-0148,2025-02-15,3.43,548.7,2,0.7917,8457.0,0.333,52.7,9.5,30.9,25.8,0,500.9,0,0,3,4,0.0941,0
SEG-0149,2025-02-15,11.81,769.0,2,0.4364,9048.0,0.224,52.9,31.4,95.5,23.7,0,756.2,3,2,12,10,0.3163,1
SEG-0150,2025-02-15,13.57,747.1,1,0.3714,24807.0,0.34,45.4,33.1,92.2,26.6,0,3665.1,2,1,13,10,0.3232,1
SEG-0151,2025-02-15,7.41,557.6,2,0.6939,24812.0,0.107,37.4,17.5,45.5,25.7,0,800.9,2,1,7,3,0.2074,0
SEG-0152,2025-02-15,13.46,1389.9,4,0.4232,10908.0,0.313,52.3,3.9,9.1,28.1,0,1935.9,3,2,13,6,0.2721,1
SEG-0153,2025-02-15,14.58,1204.7,2,0.3859,2804.0,0.03,49.5,20.6,73.1,24.8,0,3955.1,5,1,8,6,0.3914,1
SEG-0154,2025-02-15,12.02,299.3,2,0.4659,20595.0,0.074,34.9,8.2,42.9,24.1,0,464.7,3,1,9,6,0.3228,0
SEG-0155,2025-02-15,1.68,1496.0,4,0.9733,45429.0,0.231,25.8,11.6,48.3,26.4,0,310.4,1,0,10,0,0.0,0
SEG-0156,2025-02-15,11.85,1336.9,2,0.4168,28462.0,0.028,38.2,9.3,45.0,19.4,0,1040.7,2,3,10,6,0.3569,0
SEG-0157,2025-02-15,8.04,533.3,4,0.7102,24689.0,0.06,44.9,43.9,100.9,19.3,0,1837.5,2,0,11,5,0.2022,0
SEG-0158,2025-02-15,3.99,1279.8,2,0.8137,5288.0,0.048,51.7,40.0,101.4,20.2,0,457.1,0,0,2,0,0.0965,0
SEG-0159,2025-02-15,4.09,293.7,2,0.7743,12157.0,0.171,45.9,16.6,61.3,24.5,0,635.9,0,1,1,2,0.1294,0
SEG-0160,2025-02-15,11.8,1498.8,2,0.4316,13750.0,0.313,53.4,32.1,73.6,22.8,0,3194.5,4,1,12,7,0.3675,1
SEG-0161,2025-02-15,3.25,1048.7,2,0.8275,35935.0,0.035,32.3,40.2,127.3,26.2,0,562.8,0,0,5,2,0.0834,0
SEG-0162,2025-02-15,5.28,1027.7,4,0.7999,44546.0,0.245,25.9,29.1,92.6,24.6,0,1007.7,0,1,8,4,0.09,0
SEG-0163,2025-02-15,7.42,272.1,2,0.6904,44240.0,0.324,28.8,29.2,66.8,17.1,0,1000.0,1,2,7,6,0.2205,0
SEG-0164,2025-02-15,9.7,1361.0,1,0.5746,42705.0,0.097,25.2,50.8,131.8,28.3,0,1819.8,2,2,17,4,0.2368,0
SEG-0165,2025-02-15,5.04,189.1,2,0.76,49816.0,0.079,31.8,12.2,49.5,23.6,0,952.6,1,1,9,1,0.1227,0
SEG-0166,2025-02-15,1.93,475.1,4,0.8887,41741.0,0.326,31.7,23.2,79.0,25.1,0,412.5,1,1,10,3,0.09,0
SEG-0167,2025-02-15,1.39,343.1,4,0.9128,3874.0,0.323,46.6,40.0,91.7,28.1,0,197.5,0,1,0,2,0.0622,0
SEG-0168,2025-02-15,3.65,1198.6,6,0.792,7932.0,0.212,53.4,13.0,83.3,23.4,0,710.5,2,0,2,3,0.0906,0
SEG-0169,2025-02-15,3.74,417.6,2,0.8623,12272.0,0.304,52.4,1.7,9.8,24.7,0,540.5,1,0,3,2,0.0775,0
SEG-0170,2025-02-15,8.23,1379.4,2,0.5889,23575.0,0.091,46.7,3.0,13.8,25.8,0,1279.8,1,2,4,4,0.1848,0
SEG-0171,2025-02-15,13.98,1036.0,1,0.3888,5604.0,0.191,57.3,63.5,164.7,26.5,0,2471.8,4,3,8,7,0.3269,1
SEG-0172,2025-02-15,4.69,198.8,2,0.8152,41496.0,0.287,32.2,37.8,105.4,23.2,0,516.7,2,1,3,0,0.1111,0
SEG-0173,2025-02-15,9.48,157.3,6,0.5706,28813.0,0.138,38.3,23.7,77.0,20.2,0,235.7,1,1,10,7,0.2587,1
SEG-0174,2025-02-15,12.87,219.7,4,0.3846,21751.0,0.298,43.3,41.2,101.2,28.1,0,2440.0,3,1,16,7,0.3464,0
SEG-0175,2025-02-15,10.17,968.0,2,0.47,9091.0,0.223,51.9,15.7,47.3,26.7,0,298.1,1,1,8,7,0.3064,1
SEG-0176,2025-02-15,15.07,1232.0,2,0.2338,10365.0,0.31,49.7,20.6,96.3,23.3,0,3019.3,5,3,13,8,0.4295,1
SEG-0177,2025-02-15,6.88,472.0,4,0.7412,8599.0,0.19,59.3,31.7,79.3,22.8,0,107.1,1,0,2,4,0.2086,0
SEG-0178,2025-02-15,5.38,1296.7,2,0.7688,39962.0,0.181,29.9,24.1,89.8,20.9,0,557.6,0,2,6,1,0.168,0
SEG-0179,2025-02-15,14.23,227.3,1,0.4246,24281.0,0.108,46.1,26.0,79.8,20.6,0,2672.5,3,2,13,9,0.3378,1
SEG-0180,2025-02-15,9.16,1231.3,2,0.5154,34700.0,0.137,37.8,5.2,15.4,24.6,0,1432.0,2,2,15,5,0.252,1
SEG-0181,2025-02-15,9.99,1402.5,1,0.5876,12793.0,0.305,47.9,9.9,51.0,26.8,0,954.3,3,1,6,2,0.2428,0
SEG-0182,2025-02-15,14.23,1192.3,2,0.3175,18539.0,0.061,46.6,12.7,29.3,21.4,0,817.3,5,1,14,9,0.4249,1
SEG-0183,2025-02-15,14.24,1092.5,1,0.3473,17651.0,0.073,46.0,41.4,103.1,25.6,0,3672.6,3,1,15,7,0.3689,1
SEG-0184,2025-02-15,13.28,1281.3,2,0.3291,32142.0,0.123,36.9,6.0,15.3,32.3,0,3642.0,3,3,25,7,0.3428,1
SEG-0185,2025-02-15,9.53,204.2,2,0.6037,35821.0,0.085,43.8,4.3,25.0,21.0,0,1056.4,1,0,6,1,0.2019,0
SEG-0186,2025-02-15,4.06,422.4,2,0.81,9056.0,0.332,55.7,20.4,82.2,23.6,0,847.1,1,0,2,3,0.1005,0
SEG-0187,2025-02-15,10.17,318.6,2,0.4761,39706.0,0.172,37.8,11.1,25.6,22.4,0,996.8,3,3,9,5,0.2696,1
SEG-0188,2025-02-15,14.35,831.1,6,0.2626,6502.0,0.375,47.6,3.9,12.1,27.3,0,1061.3,4,2,13,9,0.4189,1
SEG-0189,2025-02-15,10.62,1156.0,4,0.496,39505.0,0.11,32.1,42.9,133.8,24.6,0,1024.9,1,2,12,7,0.2902,1
SEG-0190,2025-02-15,6.1,1000.5,2,0.7105,4608.0,0.234,55.8,22.1,66.0,17.9,0,1418.9,1,0,3,6,0.1346,0
SEG-0191,2025-02-15,11.82,1299.0,2,0.4784,10770.0,0.208,50.3,2.6,14.1,23.3,1,1838.7,4,1,12,8,0.281,1
SEG-0192,2025-02-15,11.53,359.5,4,0.475,40164.0,0.144,30.7,25.5,76.2,22.3,0,3155.6,2,3,12,7,0.3036,0
SEG-0193,2025-02-15,12.45,1141.7,2,0.4361,7875.0,0.301,54.1,8.6,31.2,19.5,0,1274.4,2,1,5,4,0.3356,1
SEG-0194,2025-02-15,3.42,410.6,2,0.7633,18953.0,0.372,46.4,24.2,125.1,23.2,0,156.9,1,1,5,0,0.1518,0
SEG-0195,2025-02-15,13.94,515.5,4,0.3126,18500.0,0.297,45.0,21.1,48.9,23.7,0,1576.7,2,3,11,12,0.3726,1
SEG-0196,2025-02-15,3.02,1108.4,2,0.9485,10453.0,0.06,37.8,49.9,123.4,22.0,0,802.3,0,0,0,0,0.0146,0
SEG-0197,2025-02-15,1.94,1473.3,4,0.8548,31280.0,0.096,33.2,22.1,50.0,21.3,0,536.2,1,0,4,0,0.0404,0
SEG-0198,2025-02-15,12.64,975.6,2,0.3522,38609.0,0.229,36.4,16.1,46.4,24.1,0,700.8,2,2,11,6,0.3861,0
SEG-0199,2025-02-15,4.0,223.6,2,0.8278,39892.0,0.104,40.3,22.6,50.5,21.6,0,214.7,0,0,14,5,0.0365,0
SEG-0200,2025-02-15,1.13,982.0,2,0.8846,18278.0,0.305,48.5,22.2,66.5,26.6,0,290.4,0,0,2,0,0.0464,0
SEG-0201,2025-02-15,9.12,207.2,2,0.4383,26432.0,0.221,43.4,16.1,48.8,27.0,0,2504.9,3,2,11,7,0.2894,0
SEG-0202,2025-02-15,7.05,1343.6,2,0.6788,12067.0,0.256,49.7,6.9,15.7,23.9,1,282.2,1,2,3,4,0.1828,0
SEG-0203,2025-02-15,8.83,1107.9,2,0.6599,12009.0,0.33,59.6,54.0,137.7,22.3,0,1955.8,3,2,4,6,0.2216,0
SEG-0204,2025-02-15,2.9,383.7,4,0.8546,7801.0,0.285,51.2,34.8,80.3,23.4,0,315.3,0,1,2,1,0.0839,0
SEG-0205,2025-02-15,6.2,273.8,2,0.7047,36893.0,0.048,29.6,13.1,29.9,25.1,0,1218.4,0,1,6,6,0.2147,1
SEG-0206,2025-02-15,4.05,397.8,2,0.8284,39966.0,0.048,39.7,2.7,11.5,23.7,0,687.8,0,0,5,0,0.1168,0
SEG-0207,2025-02-15,14.07,1473.0,4,0.2495,31134.0,0.223,42.2,6.1,28.9,26.2,0,572.7,4,3,12,10,0.365,1
SEG-0208,2025-02-15,6.22,769.1,4,0.6669,25828.0,0.23,42.7,5.5,14.1,23.1,0,121.4,1,0,10,3,0.1865,0
SEG-0209,2025-02-15,10.77,1208.5,2,0.4332,22356.0,0.111,42.9,23.4,69.7,25.6,0,2280.4,2,3,7,6,0.313,1
SEG-0210,2025-02-15,2.85,1009.2,2,0.8612,25966.0,0.194,40.2,22.5,81.0,21.5,0,253.9,1,1,6,2,0.0777,0
SEG-0211,2025-02-15,13.2,922.8,6,0.4266,28178.0,0.348,40.5,59.1,150.6,24.4,0,3648.5,4,1,15,8,0.3279,1
SEG-0212,2025-02-15,2.19,345.9,2,0.9279,21513.0,0.31,40.5,14.0,36.3,23.9,0,527.9,0,1,2,0,0.0179,0
SEG-0213,2025-02-15,5.98,1427.1,4,0.6503,6623.0,0.256,46.0,13.5,44.6,24.6,1,1366.2,1,0,6,6,0.172,0
SEG-0214,2025-02-15,3.61,556.8,4,0.8079,5562.0,0.161,51.8,59.0,135.6,27.1,0,430.4,1,0,2,3,0.066,0
SEG-0215,2025-02-15,5.96,930.3,4,0.6932,39459.0,0.142,40.3,3.7,19.3,27.1,0,524.4,1,1,7,4,0.1456,0
SEG-0216,2025-02-15,15.1,1094.7,2,0.2285,24645.0,0.192,37.5,47.7,201.0,26.5,0,526.4,4,3,19,6,0.3972,1
SEG-0217,2025-02-15,14.91,1026.5,2,0.2534,36769.0,0.106,34.0,11.7,36.0,21.9,0,1620.6,5,3,23,9,0.4162,1
SEG-0218,2025-02-15,8.08,1419.8,1,0.6236,7353.0,0.198,45.5,12.8,31.9,24.1,0,1968.9,3,1,8,2,0.2498,1
SEG-0219,2025-02-15,4.6,350.4,2,0.7902,22399.0,0.258,47.6,2.4,10.5,24.1,0,241.4,2,1,5,2,0.1019,0
SEG-0220,2025-02-15,10.16,836.3,6,0.5215,11553.0,0.071,44.5,22.8,76.4,27.2,0,2205.1,1,2,12,6,0.2634,1
SEG-0221,2025-02-15,14.58,695.4,2,0.4516,10655.0,0.066,46.5,13.9,44.2,24.0,0,3775.5,4,3,15,6,0.3615,1
SEG-0222,2025-02-15,12.26,790.1,2,0.4558,2166.0,0.095,57.6,4.5,20.9,27.8,0,2752.5,4,2,11,8,0.3425,1
SEG-0223,2025-02-15,7.67,310.9,1,0.6909,6080.0,0.315,56.2,38.0,169.2,25.0,0,2049.9,2,0,3,1,0.2138,0
SEG-0224,2025-02-15,9.54,331.0,6,0.5768,44273.0,0.288,25.8,40.6,107.2,28.3,0,2134.4,1,2,10,3,0.2285,0
SEG-0225,2025-02-15,7.05,525.4,1,0.6678,13906.0,0.098,41.8,16.6,42.3,25.0,1,1948.9,1,0,11,4,0.191,0
SEG-0226,2025-02-15,10.84,561.4,1,0.3845,26105.0,0.331,38.6,10.8,34.0,24.3,0,1724.2,4,1,9,6,0.3061,0
SEG-0227,2025-02-15,7.31,727.7,2,0.7032,24236.0,0.193,44.1,41.6,131.7,23.3,0,949.4,2,1,11,5,0.1748,0
SEG-0228,2025-02-15,11.16,974.8,1,0.3884,17296.0,0.198,47.4,19.7,55.3,23.4,0,1264.8,3,1,8,6,0.3152,0
SEG-0229,2025-02-15,14.7,1006.7,2,0.3578,23040.0,0.341,36.0,5.2,23.2,24.5,0,3236.2,4,2,9,5,0.339,1
SEG-0230,2025-02-15,12.89,705.9,2,0.3961,9377.0,0.053,52.2,10.6,65.9,24.8,0,542.6,2,1,13,8,0.287,0
SEG-0231,2025-02-15,7.89,701.9,2,0.5517,49582.0,0.102,32.9,10.8,39.4,25.8,0,701.2,3,0,15,4,0.2316,0
SEG-0232,2025-02-15,14.56,443.8,1,0.3252,33186.0,0.217,40.9,9.7,57.3,23.7,0,3722.5,4,1,13,9,0.4122,1
SEG-0233,2025-02-15,5.2,944.2,1,0.7667,28628.0,0.088,43.8,26.2,90.9,26.3,0,1347.9,2,0,8,0,0.1449,0
SEG-0234,2025-02-15,4.92,578.0,2,0.7348,23053.0,0.279,36.8,8.6,25.1,23.5,0,1210.5,2,0,2,5,0.1763,0
SEG-0235,2025-02-15,3.71,198.7,1,0.8323,6621.0,0.147,48.7,24.7,85.7,26.2,0,480.1,0,0,2,2,0.1508,0
SEG-0236,2025-02-15,14.34,714.8,2,0.3187,35712.0,0.054,32.3,13.8,43.8,19.4,0,3081.8,3,3,10,7,0.4047,1
SEG-0237,2025-02-15,8.47,790.1,2,0.6472,17510.0,0.071,42.1,7.0,32.2,26.9,0,1745.2,1,2,3,5,0.1769,0
SEG-0238,2025-02-15,13.31,454.6,2,0.4057,2893.0,0.164,55.4,3.6,22.1,27.6,0,1806.4,2,1,16,7,0.3246,1
SEG-0239,2025-02-15,8.59,922.8,2,0.6222,16406.0,0.069,43.8,6.8,34.3,22.1,0,388.7,3,0,13,3,0.1916,0
SEG-0240,2025-02-15,12.27,913.8,2,0.4494,35293.0,0.099,34.3,27.6,132.0,23.3,0,1673.9,4,3,14,7,0.3122,1
SEG-0241,2025-02-15,13.87,1097.7,1,0.2027,31012.0,0.388,35.9,32.3,88.3,23.3,0,1100.4,2,3,16,10,0.4511,1
SEG-0242,2025-02-15,12.63,1024.7,1,0.3712,33580.0,0.173,36.4,5.5,26.8,22.7,0,1917.9,3,3,14,9,0.3479,1
SEG-0243,2025-02-15,3.59,1030.8,4,0.8538,36962.0,0.179,29.5,16.2,36.9,27.2,1,230.6,0,0,7,3,0.0815,0
SEG-0244,2025-02-15,1.95,576.9,1,0.9379,11455.0,0.035,44.9,16.8,51.4,28.8,0,222.5,0,1,5,2,0.061,0
SEG-0245,2025-02-15,4.06,1213.0,2,0.8406,35807.0,0.171,32.2,8.9,21.8,29.6,1,247.3,2,0,5,1,0.0843,0
SEG-0246,2025-02-15,4.47,891.3,2,0.8116,18435.0,0.169,48.3,9.6,61.0,25.8,0,237.2,0,0,3,1,0.0723,0
SEG-0247,2025-02-15,9.42,732.4,2,0.5604,29941.0,0.247,36.4,35.9,115.2,21.7,0,2541.5,3,1,8,3,0.2698,1
SEG-0248,2025-02-15,10.3,995.1,2,0.4767,986.0,0.112,53.2,14.4,55.4,26.9,0,1667.0,3,3,6,5,0.2807,1
SEG-0249,2025-02-15,1.83,636.9,4,0.8234,39240.0,0.334,38.5,6.2,24.4,23.4,0,395.7,1,0,10,1,0.1422,0
SEG-0250,2025-02-15,5.52,842.2,4,0.7505,14074.0,0.386,48.8,40.2,91.4,23.0,0,995.7,2,1,12,7,0.1312,0
SEG-0001,2025-03-02,2.56,1030.1,4,0.7814,12175.0,0.02,46.8,3.3,11.2,25.7,1,164.0,0,0,4,4,0.1619,0
SEG-0002,2025-03-02,8.1,1321.1,4,0.5472,15186.0,0.218,47.8,133.1,333.7,25.2,1,853.7,2,2,10,8,0.2076,0
SEG-0003,2025-03-02,11.69,762.8,4,0.4499,12907.0,0.029,46.1,53.3,301.9,25.6,0,2402.1,4,3,11,7,0.3327,1
SEG-0004,2025-03-02,7.72,484.6,2,0.6399,25419.0,0.12,37.5,14.0,54.7,24.0,0,569.7,3,1,5,3,0.2082,0
SEG-0005,2025-03-02,5.0,469.5,2,0.8079,27070.0,0.272,38.0,4.5,26.8,25.2,0,1096.9,0,1,3,0,0.1456,0
SEG-0006,2025-03-02,7.31,1157.1,4,0.615,11255.0,0.179,51.3,30.6,78.6,28.6,0,1800.1,1,0,12,7,0.2487,1
SEG-0007,2025-03-02,5.21,1252.4,2,0.8097,16680.0,0.383,44.3,45.3,104.0,28.8,0,100.2,2,1,4,2,0.1056,0
SEG-0008,2025-03-02,3.04,292.1,4,0.8892,38006.0,0.127,40.3,36.8,84.3,27.3,0,157.0,1,0,6,2,0.0257,0
SEG-0009,2025-03-02,4.77,239.9,2,0.8159,3443.0,0.32,52.8,5.4,18.1,24.4,0,304.3,0,0,1,0,0.0748,0
SEG-0010,2025-03-02,10.94,952.5,1,0.5088,21853.0,0.177,45.6,9.9,48.4,26.5,0,1058.8,4,3,7,7,0.3137,0
SEG-0011,2025-03-02,10.49,347.3,1,0.5002,29646.0,0.268,40.8,18.0,64.4,28.1,0,1632.4,1,3,13,6,0.2948,1
SEG-0012,2025-03-02,10.12,1263.3,4,0.4975,8166.0,0.23,49.5,4.4,14.6,28.8,0,445.7,2,2,11,7,0.2514,1
SEG-0013,2025-03-02,8.41,569.0,1,0.5793,2852.0,0.191,57.6,25.5,79.6,27.3,0,1568.1,3,1,10,4,0.2588,0
SEG-0014,2025-03-02,8.86,344.2,2,0.5685,6998.0,0.359,52.7,11.7,57.4,28.9,0,172.8,1,1,8,3,0.214,0
SEG-0015,2025-03-02,14.75,1393.3,2,0.2539,43358.0,0.118,31.4,20.7,75.5,27.6,0,1198.3,4,1,18,7,0.4414,1
SEG-0016,2025-03-02,2.19,373.5,2,0.8841,1211.0,0.118,52.2,22.4,54.4,22.9,0,118.1,0,0,1,0,0.0217,0
SEG-0017,2025-03-02,1.85,534.4,2,0.918,9225.0,0.287,50.0,37.0,117.5,28.8,0,491.4,0,0,2,1,0.0297,0
SEG-0018,2025-03-02,14.0,357.4,4,0.2762,2465.0,0.318,52.5,17.7,112.5,23.4,0,3117.7,3,1,7,5,0.3935,1
SEG-0019,2025-03-02,9.28,305.9,1,0.5763,5856.0,0.059,55.2,15.4,85.9,24.6,0,1528.0,3,0,6,3,0.2122,1
SEG-0020,2025-03-02,9.67,178.5,4,0.4831,27546.0,0.167,36.3,15.2,101.3,25.6,0,2279.7,3,1,13,9,0.2889,1
SEG-0021,2025-03-02,4.23,224.8,4,0.7963,11788.0,0.332,38.8,25.8,106.9,26.2,1,572.2,0,0,4,0,0.0875,0
SEG-0022,2025-03-02,5.24,385.8,2,0.6995,28086.0,0.301,44.9,45.8,129.0,29.5,0,408.6,0,1,7,6,0.1571,0
SEG-0023,2025-03-02,3.7,222.1,2,0.861,25649.0,0.362,41.0,24.8,61.3,27.1,0,277.9,0,1,4,4,0.0952,0
SEG-0024,2025-03-02,6.31,948.0,2,0.7175,40218.0,0.22,32.8,18.3,64.7,29.8,1,494.4,2,1,6,2,0.1377,0
SEG-0025,2025-03-02,2.25,1069.0,1,0.7941,1331.0,0.253,49.8,17.4,44.2,23.1,0,521.9,0,0,1,0,0.1284,0
SEG-0026,2025-03-02,4.44,681.4,2,0.7951,43518.0,0.121,29.5,58.5,130.3,30.5,0,535.1,2,0,8,3,0.1526,0
SEG-0027,2025-03-02,4.27,579.3,6,0.8153,26046.0,0.356,38.2,15.4,64.2,22.2,0,1150.2,1,0,2,2,0.0917,0
SEG-0028,2025-03-02,13.43,831.1,6,0.4749,8972.0,0.18,47.2,28.6,94.5,32.9,0,1689.7,3,2,12,8,0.2701,1
SEG-0029,2025-03-02,14.69,1331.3,4,0.3239,31147.0,0.281,33.5,35.5,95.6,21.3,0,1029.6,3,2,12,10,0.3271,1
SEG-0030,2025-03-02,9.4,1299.0,2,0.5448,42483.0,0.191,32.1,54.6,150.7,25.7,0,599.4,1,1,13,5,0.2456,0
SEG-0031,2025-03-02,9.67,208.7,2,0.556,13789.0,0.253,46.8,10.7,44.4,25.0,0,668.0,1,1,12,4,0.2697,0
SEG-0032,2025-03-02,14.55,395.0,4,0.3734,40660.0,0.28,32.9,13.4,30.2,29.9,0,924.3,3,3,17,8,0.3546,0
SEG-0033,2025-03-02,4.59,469.6,2,0.8114,21697.0,0.214,44.8,45.6,156.2,29.4,0,954.4,2,0,7,2,0.1503,0
SEG-0034,2025-03-02,11.88,486.7,2,0.4091,31528.0,0.341,34.1,28.7,70.1,25.9,0,2079.0,2,2,10,6,0.3511,1
SEG-0035,2025-03-02,2.38,921.2,1,0.8642,39129.0,0.196,29.5,20.3,120.8,24.4,0,182.0,1,0,4,0,0.0584,0
SEG-0036,2025-03-02,14.2,712.0,2,0.2582,16411.0,0.293,44.5,32.4,96.5,24.3,0,2959.9,5,1,14,11,0.3308,1
SEG-0037,2025-03-02,14.81,216.5,2,0.2144,33789.0,0.128,29.8,45.7,148.0,21.0,0,989.7,4,2,19,10,0.4762,1
SEG-0038,2025-03-02,8.1,654.4,2,0.5875,15691.0,0.175,41.9,9.7,25.8,27.0,0,1715.9,3,0,9,5,0.2516,0
SEG-0039,2025-03-02,6.16,857.1,2,0.7012,30930.0,0.17,40.4,29.7,130.4,22.4,0,1041.4,2,0,10,4,0.1902,0
SEG-0040,2025-03-02,6.4,287.3,4,0.8401,27775.0,0.076,37.3,7.4,48.7,27.0,0,1000.6,0,1,6,3,0.1091,0
SEG-0041,2025-03-02,7.1,1275.2,6,0.6476,9249.0,0.057,53.4,14.8,74.4,23.4,0,939.5,0,1,7,5,0.1989,1
SEG-0042,2025-03-02,7.86,220.1,2,0.6175,16688.0,0.257,42.2,15.7,76.5,24.5,0,1119.2,3,0,8,3,0.2269,0
SEG-0043,2025-03-02,1.54,1398.5,4,0.8896,13509.0,0.252,45.0,16.3,36.5,26.2,1,320.9,0,0,7,1,0.0929,0
SEG-0044,2025-03-02,3.11,283.8,6,0.7888,3846.0,0.218,50.3,18.8,69.5,29.9,0,104.3,1,0,2,3,0.1189,0
SEG-0045,2025-03-02,7.84,1288.8,1,0.5604,2513.0,0.046,54.6,17.6,45.3,22.8,1,1765.2,3,1,11,7,0.2672,0
SEG-0046,2025-03-02,4.13,1368.6,2,0.8356,17393.0,0.154,47.9,9.7,25.3,25.1,0,170.3,1,0,4,1,0.1248,0
SEG-0047,2025-03-02,6.8,1472.4,2,0.6521,1566.0,0.099,52.7,26.9,83.1,26.6,0,1840.4,2,1,7,4,0.2421,0
SEG-0048,2025-03-02,9.45,1232.7,1,0.5836,8841.0,0.307,52.8,34.7,80.2,26.9,0,1313.4,1,2,5,5,0.1947,0
SEG-0049,2025-03-02,11.0,1202.3,4,0.5214,31252.0,0.353,39.3,42.0,216.3,27.0,0,1667.7,4,3,12,7,0.2689,1
SEG-0050,2025-03-02,14.8,1017.4,2,0.2537,28196.0,0.139,39.1,11.7,63.2,28.0,0,1381.4,4,3,17,6,0.3685,1
SEG-0051,2025-03-02,6.69,1201.6,2,0.7379,32466.0,0.27,40.8,27.5,93.4,26.3,0,611.9,2,1,10,4,0.139,0
SEG-0052,2025-03-02,14.38,331.6,2,0.2685,16265.0,0.109,48.8,91.3,236.1,24.6,0,1171.1,5,2,12,10,0.4067,1
SEG-0053,2025-03-02,7.2,873.7,2,0.639,45566.0,0.155,32.3,8.1,30.6,28.4,1,507.8,2,2,11,2,0.2399,0
SEG-0054,2025-03-02,2.32,844.2,4,0.9273,23944.0,0.073,38.8,20.0,96.3,26.8,0,607.6,0,0,2,0,0.0591,0
SEG-0055,2025-03-02,4.88,1307.7,1,0.76,7483.0,0.174,51.0,18.0,61.6,28.1,0,889.9,1,0,7,1,0.1497,0
SEG-0056,2025-03-02,4.87,774.8,2,0.7127,7960.0,0.29,50.8,26.5,76.1,24.0,0,494.8,2,0,6,7,0.1375,0
SEG-0057,2025-03-02,10.64,669.9,2,0.5009,36200.0,0.353,27.7,35.2,157.6,23.3,0,369.6,2,2,10,5,0.2917,0
SEG-0058,2025-03-02,5.27,1013.4,2,0.7474,8657.0,0.113,45.3,51.4,130.4,24.2,0,561.7,0,2,4,2,0.1445,0
SEG-0059,2025-03-02,9.32,509.7,2,0.6551,21553.0,0.236,45.2,18.6,101.5,23.1,0,133.6,3,1,12,5,0.1999,0
SEG-0060,2025-03-02,3.77,338.7,2,0.8408,40850.0,0.276,29.3,31.5,102.4,24.9,0,760.8,1,0,8,1,0.1379,0
SEG-0061,2025-03-02,13.53,795.1,1,0.3378,1250.0,0.359,59.4,43.1,100.9,25.0,0,343.0,4,1,10,7,0.3538,1
SEG-0062,2025-03-02,8.35,712.8,2,0.6821,1907.0,0.275,54.3,16.6,43.1,29.4,0,137.2,3,0,4,1,0.195,0
SEG-0063,2025-03-02,14.78,464.0,4,0.2238,38302.0,0.132,25.3,36.1,184.9,28.5,0,1500.5,5,2,17,7,0.3927,1
SEG-0064,2025-03-02,13.61,646.1,2,0.3517,28526.0,0.281,36.7,47.6,170.8,24.0,0,2670.9,3,3,11,6,0.3615,1
SEG-0065,2025-03-02,3.0,644.6,2,0.8571,7304.0,0.153,52.5,36.8,206.5,26.4,0,370.0,0,0,9,5,0.0911,0
SEG-0066,2025-03-02,10.92,592.1,2,0.5365,40330.0,0.336,37.8,39.6,117.7,23.7,0,1310.3,3,3,15,5,0.2885,1
SEG-0067,2025-03-02,6.16,662.3,4,0.6561,45380.0,0.146,25.9,10.3,36.7,28.2,0,282.2,0,1,5,5,0.2041,0
SEG-0068,2025-03-02,7.63,1075.8,1,0.5571,22138.0,0.291,41.8,20.3,75.3,24.7,0,1529.9,1,2,10,5,0.3013,0
SEG-0069,2025-03-02,14.96,550.8,2,0.3142,29272.0,0.027,38.5,18.1,41.2,25.7,0,2369.2,3,3,25,9,0.3356,1
SEG-0070,2025-03-02,13.81,1431.0,2,0.4004,11360.0,0.227,46.7,46.4,171.9,29.0,0,3589.0,3,1,15,6,0.3288,1
SEG-0071,2025-03-02,6.99,1387.1,2,0.7428,3317.0,0.34,56.5,30.7,104.5,29.1,0,337.2,2,0,3,0,0.1922,0
SEG-0072,2025-03-02,9.59,799.2,4,0.5283,26174.0,0.245,39.1,13.0,36.3,21.6,0,354.1,1,1,10,6,0.2763,0
SEG-0073,2025-03-02,11.43,593.3,2,0.4795,13694.0,0.218,47.8,19.1,107.3,26.7,0,1500.8,2,3,7,5,0.2554,1
SEG-0074,2025-03-02,2.63,872.8,4,0.8828,31050.0,0.37,44.5,22.2,57.2,24.9,1,530.7,0,0,2,2,0.114,1
SEG-0075,2025-03-02,3.69,1295.6,4,0.7838,33570.0,0.314,39.6,28.4,75.4,24.8,0,484.5,2,0,14,3,0.1725,0
SEG-0076,2025-03-02,14.89,1031.0,2,0.3181,2018.0,0.178,50.5,13.8,76.3,22.1,0,2444.9,4,2,9,9,0.3362,1
SEG-0077,2025-03-02,7.46,1235.9,4,0.5517,26563.0,0.239,50.3,15.8,94.6,24.6,0,457.3,1,1,7,4,0.2427,1
SEG-0078,2025-03-02,4.89,869.2,2,0.8001,10475.0,0.199,44.0,13.8,46.0,23.9,0,324.8,2,0,6,5,0.0926,0
SEG-0079,2025-03-02,13.85,1004.4,4,0.3831,36183.0,0.231,31.7,28.2,72.0,26.0,0,1898.7,3,1,10,7,0.3273,1
SEG-0080,2025-03-02,1.3,539.0,2,0.8758,11989.0,0.162,47.6,36.2,90.6,28.3,0,253.4,0,0,6,4,0.0523,0
SEG-0081,2025-03-02,8.83,1142.1,2,0.6412,30064.0,0.125,43.4,7.8,20.7,27.5,0,1777.4,3,2,10,5,0.1899,0
SEG-0082,2025-03-02,9.44,423.2,2,0.433,25653.0,0.359,39.7,23.5,127.1,23.1,0,409.3,3,1,8,6,0.277,0
SEG-0083,2025-03-02,13.96,1088.0,1,0.3793,19169.0,0.345,37.3,13.3,29.8,24.2,0,479.0,3,1,11,11,0.367,1
SEG-0084,2025-03-02,4.63,1312.0,2,0.6661,29575.0,0.319,32.8,6.4,18.3,27.4,0,878.0,1,0,8,5,0.2205,0
SEG-0085,2025-03-02,1.28,328.3,4,0.9291,33299.0,0.395,41.4,99.9,222.7,27.1,1,338.1,0,0,5,0,0.0666,0
SEG-0086,2025-03-02,1.66,979.4,2,0.919,29277.0,0.311,39.7,87.8,256.9,23.8,1,282.0,1,0,2,0,0.0404,0
SEG-0087,2025-03-02,9.81,278.4,2,0.5063,37618.0,0.338,39.8,18.2,82.6,25.7,0,161.6,2,0,11,5,0.2791,1
SEG-0088,2025-03-02,14.05,1129.7,2,0.3455,44153.0,0.293,33.3,11.5,57.6,23.6,0,3276.1,2,3,15,9,0.3731,1
SEG-0089,2025-03-02,9.1,264.1,2,0.4733,22078.0,0.199,44.6,34.8,93.9,28.2,0,2386.8,3,2,9,5,0.267,1
SEG-0090,2025-03-02,13.35,1413.5,1,0.3335,26980.0,0.204,40.8,18.9,81.9,26.1,0,155.9,3,2,13,5,0.366,1
SEG-0091,2025-03-02,1.71,335.5,4,0.9561,1708.0,0.1,54.2,32.2,179.2,25.1,0,422.7,0,0,1,2,0.0186,0
SEG-0092,2025-03-02,3.52,1444.5,2,0.9263,32389.0,0.249,42.4,14.7,37.8,31.5,0,459.8,0,1,1,1,0.0273,0
SEG-0093,2025-03-02,4.5,1231.2,2,0.7802,26719.0,0.146,34.6,22.7,70.0,22.9,0,137.5,2,0,5,3,0.1145,0
SEG-0094,2025-03-02,9.23,951.5,2,0.5864,16489.0,0.124,35.3,11.6,33.0,24.9,0,943.5,1,1,9,2,0.255,0
SEG-0095,2025-03-02,9.84,1206.5,1,0.5943,5391.0,0.229,50.3,38.3,99.2,29.7,0,769.9,1,1,3,5,0.212,0
SEG-0096,2025-03-02,14.47,1223.4,2,0.3234,41259.0,0.156,33.6,5.8,18.5,27.0,0,1548.9,4,1,15,6,0.4158,1
SEG-0097,2025-03-02,4.88,1427.1,4,0.7234,18953.0,0.12,41.9,16.3,37.2,23.9,0,894.5,2,0,8,1,0.1119,0
SEG-0098,2025-03-02,3.15,492.1,2,0.8642,33011.0,0.34,38.3,20.0,71.6,25.6,0,418.1,0,0,6,2,0.026,0
SEG-0099,2025-03-02,8.4,946.6,6,0.6285,8354.0,0.331,53.3,14.4,49.2,23.9,0,1924.4,3,2,9,6,0.2139,0
SEG-0100,2025-03-02,12.03,278.3,2,0.4582,42686.0,0.133,30.2,27.8,67.7,23.7,0,328.4,4,1,17,7,0.2801,1
SEG-0101,2025-03-02,6.97,981.8,2,0.6888,9939.0,0.045,49.8,7.6,39.7,25.1,0,874.6,0,0,5,0,0.2309,0
SEG-0102,2025-03-02,6.91,381.2,4,0.5855,10717.0,0.128,46.7,25.6,132.2,24.7,0,1450.8,2,1,3,3,0.1933,0
SEG-0103,2025-03-02,10.26,912.7,4,0.5104,43870.0,0.288,29.0,80.4,215.2,24.4,0,1784.8,2,1,5,5,0.2484,0
SEG-0104,2025-03-02,10.3,922.8,4,0.4369,39948.0,0.329,29.9,36.0,82.0,20.8,0,2248.1,1,3,22,7,0.291,1
SEG-0105,2025-03-02,14.78,779.1,6,0.3164,11726.0,0.13,44.6,21.9,68.1,27.9,0,3327.3,5,2,13,8,0.3894,1
SEG-0106,2025-03-02,14.41,855.6,4,0.3555,21196.0,0.301,40.5,41.4,127.8,25.5,0,3335.9,5,2,21,9,0.3506,1
SEG-0107,2025-03-02,8.16,1181.3,4,0.5213,30671.0,0.098,34.5,12.9,36.9,23.2,0,950.7,1,1,9,4,0.2973,1
SEG-0108,2025-03-02,5.9,1229.0,1,0.6482,40333.0,0.185,38.1,21.2,69.0,28.3,0,142.0,1,1,12,1,0.1841,0
SEG-0109,2025-03-02,8.45,814.4,4,0.5264,17223.0,0.367,55.6,65.1,200.1,22.0,0,851.0,2,2,3,2,0.2113,1
SEG-0110,2025-03-02,2.53,959.5,2,0.7857,23326.0,0.136,38.3,30.5,70.9,25.0,0,616.2,1,0,4,1,0.1133,0
SEG-0111,2025-03-02,6.07,1407.2,2,0.6693,36560.0,0.108,34.5,25.9,92.1,24.9,0,1062.5,0,0,7,0,0.2412,0
SEG-0112,2025-03-02,6.51,311.6,2,0.681,30741.0,0.208,43.7,24.1,135.9,23.0,0,1492.3,0,2,10,7,0.1758,0
SEG-0113,2025-03-02,11.69,308.1,6,0.4168,38605.0,0.285,29.5,14.5,52.5,26.4,0,3165.9,4,3,13,5,0.3554,1
SEG-0114,2025-03-02,7.19,268.4,6,0.6695,29201.0,0.338,39.5,15.9,84.6,25.3,0,1139.6,3,0,5,1,0.2448,0
SEG-0115,2025-03-02,13.9,1038.1,2,0.4024,6296.0,0.366,54.8,20.8,84.3,22.3,0,3152.9,4,2,4,6,0.345,1
SEG-0116,2025-03-02,5.12,715.1,4,0.7294,44746.0,0.085,29.3,11.6,37.7,25.3,0,239.7,2,0,6,2,0.159,0
SEG-0117,2025-03-02,5.72,1195.3,4,0.7463,42361.0,0.098,27.3,25.1,65.7,25.3,0,1420.2,2,0,14,2,0.1978,0
SEG-0118,2025-03-02,12.28,1056.2,2,0.4029,32443.0,0.279,35.6,22.5,83.0,28.6,0,3176.8,2,3,9,6,0.3465,1
SEG-0119,2025-03-02,8.4,600.4,1,0.5853,5251.0,0.098,62.1,7.9,24.6,25.7,0,2315.7,2,0,5,6,0.2834,1
SEG-0120,2025-03-02,3.0,1362.8,1,0.8088,8865.0,0.334,50.0,29.1,72.4,29.4,0,190.0,0,1,4,1,0.1111,0
SEG-0121,2025-03-02,9.18,1179.4,4,0.5678,29268.0,0.259,40.8,49.7,113.2,27.9,0,474.3,1,1,11,7,0.2613,0
SEG-0122,2025-03-02,6.53,515.2,2,0.6729,2024.0,0.063,49.1,69.9,173.2,25.6,0,877.8,1,1,1,4,0.1957,0
SEG-0123,2025-03-02,10.76,641.7,6,0.5706,43588.0,0.33,34.2,10.6,25.7,23.4,0,1327.6,3,1,11,5,0.266,0
SEG-0124,2025-03-02,3.58,574.5,2,0.8056,16969.0,0.089,46.7,56.4,137.6,22.9,0,383.9,0,0,3,0,0.0904,0
SEG-0125,2025-03-02,8.78,362.8,6,0.5378,28463.0,0.184,36.9,19.4,102.5,27.8,1,1665.4,2,1,9,3,0.2644,1
SEG-0126,2025-03-02,14.76,349.5,2,0.2618,35187.0,0.216,33.3,5.5,17.4,26.6,1,666.4,5,2,21,12,0.3573,1
SEG-0127,2025-03-02,5.48,1413.8,4,0.6955,16400.0,0.212,51.0,21.8,68.4,25.0,0,480.6,2,1,5,3,0.1775,0
SEG-0128,2025-03-02,5.61,741.2,1,0.7509,13426.0,0.289,40.8,28.1,70.3,25.6,0,114.0,0,1,8,2,0.1272,0
SEG-0129,2025-03-02,5.23,667.5,2,0.7288,28636.0,0.313,40.1,14.4,87.8,25.6,0,1331.1,0,0,11,3,0.216,0
SEG-0130,2025-03-02,4.87,1135.1,4,0.7777,27400.0,0.38,40.8,24.3,84.3,25.8,0,961.8,1,0,8,5,0.1205,0
SEG-0131,2025-03-02,2.93,896.5,4,0.8857,17815.0,0.38,43.2,19.9,47.7,26.7,0,824.1,0,0,4,0,0.0745,0
SEG-0132,2025-03-02,13.53,1413.8,4,0.4288,29721.0,0.217,42.3,5.5,36.5,25.2,0,3481.4,4,2,13,8,0.3156,1
SEG-0133,2025-03-02,3.23,1203.4,1,0.8047,47106.0,0.089,25.9,53.9,167.3,29.9,0,509.3,0,0,8,2,0.1219,0
SEG-0134,2025-03-02,9.02,797.1,2,0.5185,19925.0,0.285,41.7,16.4,85.0,22.4,0,2206.0,1,0,9,6,0.2744,1
SEG-0135,2025-03-02,13.96,658.1,1,0.4237,9596.0,0.403,46.7,8.0,28.9,30.0,0,2774.5,2,1,10,7,0.2785,1
SEG-0136,2025-03-02,3.6,1482.0,1,0.7593,18946.0,0.153,46.7,54.9,170.6,27.8,0,393.3,0,0,7,0,0.1515,0
SEG-0137,2025-03-02,2.67,1119.0,2,0.8267,20945.0,0.187,38.5,4.8,16.3,26.5,0,588.8,0,0,7,1,0.1304,0
SEG-0138,2025-03-02,14.79,1434.1,4,0.4356,7392.0,0.173,58.9,12.6,56.0,30.2,0,163.9,5,2,5,9,0.254,0
SEG-0139,2025-03-02,4.17,309.9,4,0.9036,8463.0,0.051,49.7,18.4,41.9,23.2,0,935.9,0,0,1,1,0.0583,0
SEG-0140,2025-03-02,5.64,1298.2,4,0.7764,31865.0,0.288,34.9,96.3,224.5,31.4,1,465.2,2,2,10,5,0.0881,0
SEG-0141,2025-03-02,13.66,1010.0,4,0.3131,18256.0,0.154,43.4,22.7,64.9,26.7,0,2035.2,3,3,9,6,0.3314,1
SEG-0142,2025-03-02,11.68,314.6,4,0.4986,41184.0,0.304,32.4,11.6,48.8,27.4,0,1600.4,4,2,19,8,0.2578,1
SEG-0143,2025-03-02,9.84,944.1,1,0.476,11687.0,0.335,45.4,24.8,72.2,27.4,0,1195.4,3,0,14,3,0.3278,1
SEG-0144,2025-03-02,11.45,1076.2,2,0.5412,5436.0,0.322,51.5,17.0,70.0,27.4,0,561.7,4,3,9,5,0.2581,0
SEG-0145,2025-03-02,13.14,166.6,2,0.3978,31380.0,0.183,39.6,5.8,16.1,28.6,0,1277.9,2,3,15,6,0.3452,0
SEG-0146,2025-03-02,8.79,763.3,4,0.6035,45211.0,0.164,30.9,10.1,28.6,24.2,0,2448.0,3,0,2,1,0.2587,0
SEG-0147,2025-03-02,12.11,1264.3,1,0.4015,11681.0,0.327,39.5,12.6,38.1,26.1,0,1510.0,2,2,8,6,0.3238,0
SEG-0148,2025-03-02,3.47,548.7,2,0.7908,9978.0,0.299,51.2,21.8,75.9,28.3,0,515.9,0,0,5,5,0.1218,0
SEG-0149,2025-03-02,11.85,769.0,2,0.4618,9040.0,0.212,53.6,31.7,72.4,24.8,0,771.2,3,2,5,10,0.3049,0
SEG-0150,2025-03-02,13.61,747.1,1,0.3894,20779.0,0.338,42.2,36.9,84.6,26.8,0,3680.1,2,1,15,9,0.3096,1
SEG-0151,2025-03-02,7.45,557.6,2,0.6606,21198.0,0.078,44.2,41.5,171.2,27.6,0,815.9,2,1,7,1,0.1988,1
SEG-0152,2025-03-02,13.5,1389.9,4,0.4366,11516.0,0.352,53.8,31.8,124.5,29.1,0,1950.9,3,2,13,7,0.2653,1
SEG-0153,2025-03-02,14.62,1204.7,2,0.3644,2679.0,0.092,54.6,18.9,112.6,28.3,0,3970.1,5,1,5,5,0.4036,1
SEG-0154,2025-03-02,12.06,299.3,2,0.449,24419.0,0.089,47.2,8.5,23.8,25.9,0,479.7,3,1,16,9,0.3233,0
SEG-0155,2025-03-02,1.73,1496.0,4,0.9317,37054.0,0.236,29.5,42.5,170.0,27.5,1,325.4,1,0,3,0,0.0033,0
SEG-0156,2025-03-02,11.89,1336.9,2,0.3961,32595.0,0.079,42.1,32.7,75.3,26.4,0,1055.7,2,3,9,6,0.3864,1
SEG-0157,2025-03-02,8.08,533.3,4,0.7195,19670.0,0.044,44.3,34.4,105.3,25.6,0,1852.5,2,0,7,4,0.2117,0
SEG-0158,2025-03-02,4.04,1279.8,2,0.7538,6624.0,0.02,55.3,50.6,116.7,27.0,0,472.1,0,0,1,0,0.1281,0
SEG-0159,2025-03-02,4.13,293.7,2,0.7423,10813.0,0.183,58.0,29.6,74.5,29.5,0,650.9,0,1,5,3,0.1185,0
SEG-0160,2025-03-02,11.84,1498.8,2,0.423,12456.0,0.307,38.7,7.4,31.6,26.8,0,3209.5,4,1,13,5,0.3653,1
SEG-0161,2025-03-02,3.29,1048.7,2,0.8383,37259.0,0.022,32.6,28.5,122.5,29.4,0,577.8,0,0,3,1,0.0754,0
SEG-0162,2025-03-02,5.32,1027.7,4,0.763,43604.0,0.252,30.8,24.5,67.0,24.8,0,1022.7,0,1,9,1,0.1103,0
SEG-0163,2025-03-02,7.46,272.1,2,0.6784,37777.0,0.298,35.4,40.2,129.3,26.9,0,1015.0,1,2,8,3,0.1971,0
SEG-0164,2025-03-02,9.74,1361.0,1,0.5865,42163.0,0.095,26.1,7.7,29.7,26.8,0,1834.8,2,2,17,6,0.2143,1
SEG-0165,2025-03-02,5.08,189.1,2,0.7654,50166.0,0.099,32.4,25.7,73.7,25.6,0,967.6,1,1,5,0,0.1205,0
SEG-0166,2025-03-02,1.97,475.1,4,0.8935,40562.0,0.293,39.7,15.8,73.9,27.2,0,427.5,1,1,9,4,0.0816,0
SEG-0167,2025-03-02,1.44,343.1,4,0.8851,4115.0,0.347,52.1,7.9,19.0,30.7,0,212.5,0,1,6,2,0.0533,0
SEG-0168,2025-03-02,3.69,1198.6,6,0.8199,7491.0,0.213,58.8,11.1,27.1,28.7,0,725.5,2,0,2,6,0.0637,0
SEG-0169,2025-03-02,3.78,417.6,2,0.9005,15984.0,0.333,40.0,22.5,74.3,26.9,0,555.5,1,0,6,5,0.0873,0
SEG-0170,2025-03-02,8.27,1379.4,2,0.5584,25802.0,0.065,42.8,36.3,117.9,30.2,0,1294.8,1,2,11,7,0.1987,0
SEG-0171,2025-03-02,14.03,1036.0,1,0.4598,5859.0,0.215,54.3,27.5,79.0,24.3,0,2486.8,4,3,6,7,0.3155,1
SEG-0172,2025-03-02,4.73,198.8,2,0.8212,36514.0,0.292,35.9,11.3,52.7,27.3,0,531.7,2,1,4,0,0.0877,0
SEG-0173,2025-03-02,9.52,157.3,6,0.558,31238.0,0.128,40.8,46.2,121.6,23.7,0,250.7,1,1,10,9,0.2461,0
SEG-0174,2025-03-02,12.91,219.7,4,0.4001,27155.0,0.312,37.0,55.0,168.3,26.3,0,2455.0,3,1,12,6,0.3233,0
SEG-0175,2025-03-02,10.21,968.0,2,0.4835,8620.0,0.198,49.6,27.5,111.1,26.5,0,313.1,1,1,10,5,0.3048,0
SEG-0176,2025-03-02,15.11,1232.0,2,0.2054,11364.0,0.32,52.5,28.7,92.6,23.2,0,3034.3,5,3,11,8,0.4327,1
SEG-0177,2025-03-02,6.92,472.0,4,0.7583,9183.0,0.201,52.1,33.8,199.0,24.7,0,122.1,1,0,5,5,0.21,0
SEG-0178,2025-03-02,5.42,1296.7,2,0.7915,41681.0,0.186,27.1,31.6,71.8,24.6,1,572.6,0,2,9,1,0.1705,0
SEG-0179,2025-03-02,14.27,227.3,1,0.4042,22978.0,0.139,35.9,38.9,88.7,23.5,0,2687.5,3,2,14,8,0.3313,1
SEG-0180,2025-03-02,9.2,1231.3,2,0.5177,34839.0,0.096,34.6,25.1,135.9,29.2,0,1447.0,2,2,11,4,0.2637,0
SEG-0181,2025-03-02,10.03,1402.5,1,0.5755,14008.0,0.274,50.7,25.0,65.6,26.8,0,969.3,3,1,5,4,0.2595,0
SEG-0182,2025-03-02,14.27,1192.3,2,0.2873,17880.0,0.081,45.6,3.2,11.8,28.5,0,832.3,5,1,22,10,0.4079,1
SEG-0183,2025-03-02,14.28,1092.5,1,0.3662,19994.0,0.091,44.8,15.4,35.5,27.0,0,3687.6,3,1,13,4,0.3467,1
SEG-0184,2025-03-02,13.33,1281.3,2,0.3457,32085.0,0.098,40.5,14.6,36.5,27.3,0,3657.0,3,3,20,7,0.3592,1
SEG-0185,2025-03-02,9.57,204.2,2,0.5671,38778.0,0.104,34.2,81.8,187.9,31.0,0,1071.4,1,0,13,2,0.2258,1
SEG-0186,2025-03-02,4.1,422.4,2,0.8126,10078.0,0.289,53.9,9.8,44.0,29.2,0,862.1,1,0,13,2,0.0924,0
SEG-0187,2025-03-02,10.21,318.6,2,0.45,41972.0,0.208,30.9,35.6,162.9,29.6,0,1011.8,3,3,16,6,0.2879,1
SEG-0188,2025-03-02,14.39,831.1,6,0.2766,5578.0,0.397,52.5,32.4,92.1,26.6,0,1076.3,4,2,16,12,0.3878,1
SEG-0189,2025-03-02,10.66,1156.0,4,0.5145,37866.0,0.085,30.6,22.1,139.0,26.6,0,1039.9,1,2,15,8,0.2856,1
SEG-0190,2025-03-02,6.14,1000.5,2,0.6993,5053.0,0.248,45.8,34.2,92.9,23.4,0,1433.9,1,0,6,5,0.1353,0
SEG-0191,2025-03-02,11.87,1299.0,2,0.4576,11758.0,0.173,48.6,23.2,57.1,30.7,0,1853.7,4,1,8,6,0.2826,1
SEG-0192,2025-03-02,11.58,359.5,4,0.4642,34033.0,0.195,33.3,23.6,126.8,25.0,0,3170.6,2,3,17,6,0.3348,0
SEG-0193,2025-03-02,12.49,1141.7,2,0.4591,8800.0,0.32,49.9,13.5,54.8,28.5,0,1289.4,2,1,15,6,0.3579,1
SEG-0194,2025-03-02,3.46,410.6,2,0.7757,21782.0,0.374,49.7,27.4,68.3,26.7,0,171.9,1,1,4,0,0.1507,0
SEG-0195,2025-03-02,13.98,515.5,4,0.2831,23878.0,0.367,38.6,30.4,159.2,26.6,0,1591.7,2,3,12,10,0.389,1
SEG-0196,2025-03-02,3.06,1108.4,2,0.9617,12998.0,0.109,47.0,38.3,108.4,27.8,0,817.3,0,0,3,1,0.0028,0
SEG-0197,2025-03-02,1.98,1473.3,4,0.9059,31531.0,0.097,33.9,6.0,14.1,24.5,1,551.2,1,0,7,2,0.0274,0
SEG-0198,2025-03-02,12.68,975.6,2,0.3048,33651.0,0.246,36.0,8.1,28.1,22.5,0,715.8,2,2,10,6,0.3575,1
SEG-0199,2025-03-02,4.04,223.6,2,0.8534,33793.0,0.167,30.7,17.3,80.4,25.0,0,229.7,0,0,10,4,0.0727,0
SEG-0200,2025-03-02,1.17,982.0,2,0.9058,15529.0,0.288,43.1,18.6,45.0,27.8,0,305.4,0,0,2,1,0.0613,0
SEG-0201,2025-03-02,9.16,207.2,2,0.4187,25916.0,0.228,43.9,21.1,105.1,28.6,0,2519.9,3,2,13,9,0.294,0
SEG-0202,2025-03-02,7.09,1343.6,2,0.6781,10333.0,0.227,47.1,10.8,59.3,28.9,0,297.2,1,2,7,5,0.2048,0
SEG-0203,2025-03-02,8.87,1107.9,2,0.643,12752.0,0.305,44.6,29.7,67.6,27.4,0,1970.8,3,2,8,3,0.2286,0
SEG-0204,2025-03-02,2.94,383.7,4,0.8465,9122.0,0.291,46.2,7.2,33.9,27.5,0,330.3,0,1,1,0,0.078,0
SEG-0205,2025-03-02,6.24,273.8,2,0.6754,47752.0,0.06,28.2,33.2,192.0,28.4,0,1233.4,0,1,18,5,0.2017,0
SEG-0206,2025-03-02,4.09,397.8,2,0.8251,44724.0,0.051,37.7,25.0,100.8,26.5,0,702.8,0,0,11,2,0.0805,0
SEG-0207,2025-03-02,14.12,1473.0,4,0.3005,35459.0,0.234,35.5,16.8,51.3,20.6,0,587.7,4,3,12,10,0.3434,1
SEG-0208,2025-03-02,6.26,769.1,4,0.677,21082.0,0.224,36.3,4.6,28.3,24.3,0,136.4,1,0,11,2,0.2268,0
SEG-0209,2025-03-02,10.81,1208.5,2,0.4447,23739.0,0.114,45.1,43.1,116.4,27.5,0,2295.4,2,3,5,5,0.2847,0
SEG-0210,2025-03-02,2.89,1009.2,2,0.8952,26174.0,0.165,41.8,29.1,138.9,26.6,0,268.9,1,1,5,0,0.0717,0
SEG-0211,2025-03-02,13.24,922.8,6,0.405,22619.0,0.288,43.6,25.5,76.7,26.1,0,3663.5,4,1,14,8,0.3339,1
SEG-0212,2025-03-02,2.23,345.9,2,0.9166,18020.0,0.32,41.4,97.2,218.5,26.4,0,542.9,0,1,7,0,0.0364,0
SEG-0213,2025-03-02,6.03,1427.1,4,0.6698,5953.0,0.252,47.1,11.7,53.7,23.3,0,1381.2,1,0,11,4,0.1597,0
SEG-0214,2025-03-02,3.65,556.8,4,0.9126,7384.0,0.188,50.3,41.0,197.3,27.0,0,445.4,1,0,3,2,0.0665,0
SEG-0215,2025-03-02,6.0,930.3,4,0.6979,47716.0,0.089,25.3,11.7,50.9,24.7,0,539.4,1,1,11,4,0.1284,0
SEG-0216,2025-03-02,15.14,1094.7,2,0.2868,19165.0,0.19,47.0,25.5,142.4,29.2,0,541.4,4,3,9,8,0.4095,0
SEG-0217,2025-03-02,14.96,1026.5,2,0.2416,40543.0,0.161,27.3,11.5,46.3,27.8,1,1635.6,5,3,12,9,0.4183,1
SEG-0218,2025-03-02,8.12,1419.8,1,0.673,7961.0,0.212,57.8,25.9,59.6,25.9,0,1983.9,3,1,7,4,0.2152,0
SEG-0219,2025-03-02,4.65,350.4,2,0.798,24346.0,0.246,45.9,14.0,57.2,25.1,0,256.4,2,1,9,2,0.0688,0
SEG-0220,2025-03-02,10.2,836.3,6,0.5197,11581.0,0.046,48.0,24.3,98.6,27.5,0,2220.1,1,2,16,8,0.2516,1
SEG-0221,2025-03-02,14.62,695.4,2,0.4495,10950.0,0.033,39.0,19.8,45.8,27.8,0,3790.5,4,3,12,8,0.3626,1
SEG-0222,2025-03-02,12.3,790.1,2,0.4756,2556.0,0.095,58.4,15.1,76.5,27.7,0,2767.5,4,2,8,6,0.3322,1
SEG-0223,2025-03-02,7.71,310.9,1,0.6677,6245.0,0.363,48.7,34.0,158.6,25.8,0,2064.9,2,0,6,4,0.2079,0
SEG-0224,2025-03-02,9.58,331.0,6,0.5909,45969.0,0.3,31.9,16.7,52.7,24.0,1,2149.4,1,2,7,4,0.1935,1
SEG-0225,2025-03-02,7.09,525.4,1,0.6819,13637.0,0.069,44.7,17.6,68.6,25.6,0,1963.9,1,0,9,4,0.1936,0
SEG-0226,2025-03-02,10.88,561.4,1,0.3731,31576.0,0.343,36.3,30.0,70.6,26.6,0,1739.2,4,1,11,4,0.2894,0
SEG-0227,2025-03-02,7.35,727.7,2,0.7345,19377.0,0.23,43.9,34.2,126.9,27.9,0,964.4,2,1,7,3,0.1699,0
SEG-0228,2025-03-02,11.21,974.8,1,0.3829,17403.0,0.221,49.3,8.6,53.4,24.0,0,1279.8,3,1,8,6,0.315,1
SEG-0229,2025-03-02,14.74,1006.7,2,0.3374,23633.0,0.369,43.6,86.5,221.0,25.0,3,3251.2,4,2,9,6,0.3391,1
SEG-0230,2025-03-02,12.94,705.9,2,0.4219,10520.0,0.048,49.4,29.0,83.7,26.9,1,557.6,2,1,17,10,0.33,1
SEG-0231,2025-03-02,7.93,701.9,2,0.5558,43336.0,0.11,29.3,13.2,77.2,28.2,0,716.2,3,0,14,3,0.2238,1
SEG-0232,2025-03-02,14.6,443.8,1,0.288,38653.0,0.21,35.0,39.7,90.4,21.2,0,3737.5,4,1,17,9,0.3958,1
SEG-0233,2025-03-02,5.24,944.2,1,0.7424,38082.0,0.088,35.9,23.1,59.6,25.3,0,1362.9,2,0,4,0,0.1525,0
SEG-0234,2025-03-02,4.96,578.0,2,0.7543,23533.0,0.253,42.6,16.6,109.0,24.6,0,1225.5,2,0,9,5,0.1443,0
SEG-0235,2025-03-02,3.75,198.7,1,0.8259,7443.0,0.128,45.7,25.2,104.9,20.8,0,495.1,0,0,3,0,0.1367,0
SEG-0236,2025-03-02,14.38,714.8,2,0.29,45946.0,0.052,28.8,59.8,134.2,26.5,0,3096.8,3,3,13,9,0.4224,1
SEG-0237,2025-03-02,8.51,790.1,2,0.6178,16263.0,0.143,42.5,68.0,340.4,22.2,1,1760.2,1,2,4,2,0.1692,1
SEG-0238,2025-03-02,13.35,454.6,2,0.3699,3245.0,0.175,53.2,23.6,55.0,25.8,0,1821.4,2,1,13,6,0.3381,1
SEG-0239,2025-03-02,8.63,922.8,2,0.5554,17013.0,0.158,46.0,10.0,63.3,26.0,0,403.7,3,0,4,3,0.2419,0
SEG-0240,2025-03-02,12.31,913.8,2,0.4602,39120.0,0.071,34.0,53.1,171.0,24.3,0,1688.9,4,3,13,9,0.3298,0
SEG-0241,2025-03-02,13.91,1097.7,1,0.1788,29610.0,0.317,35.6,25.2,83.3,28.3,0,1115.4,2,3,16,9,0.4919,1
SEG-0242,2025-03-02,12.67,1024.7,1,0.4117,31875.0,0.172,39.9,36.0,180.9,26.4,0,1932.9,3,3,19,9,0.3524,1
SEG-0243,2025-03-02,3.64,1030.8,4,0.8297,31922.0,0.177,37.1,17.0,40.8,23.7,0,245.6,0,0,6,2,0.0874,0
SEG-0244,2025-03-02,1.99,576.9,1,0.9431,11499.0,0.054,45.0,30.3,100.4,28.0,0,237.5,0,1,5,0,0.0668,0
SEG-0245,2025-03-02,4.1,1213.0,2,0.8563,42014.0,0.157,36.0,15.2,62.4,22.4,0,262.3,2,0,10,1,0.086,0
SEG-0246,2025-03-02,4.51,891.3,2,0.8019,22487.0,0.113,41.5,34.1,114.3,30.6,0,252.2,0,0,4,3,0.07,0
SEG-0247,2025-03-02,9.46,732.4,2,0.5465,30929.0,0.228,33.2,15.0,61.5,26.1,0,2556.5,3,1,15,5,0.2746,1
SEG-0248,2025-03-02,10.34,995.1,2,0.5027,1025.0,0.105,60.9,15.3,77.1,23.9,0,1682.0,3,3,9,4,0.2695,0
SEG-0249,2025-03-02,1.87,636.9,4,0.8104,48143.0,0.364,31.0,43.6,129.7,25.6,0,410.7,1,0,8,1,0.1437,0
SEG-0250,2025-03-02,5.56,842.2,4,0.7192,13758.0,0.361,53.7,5.7,13.0,22.4,0,1010.7,2,1,4,6,0.1585,0
SEG-0001,2025-03-18,2.61,1030.1,4,0.7605,10737.0,0.08,50.2,71.4,203.7,28.4,0,180.0,0,0,4,2,0.1347,0
SEG-0002,2025-03-18,8.15,1321.1,4,0.5783,13615.0,0.185,45.7,44.1,119.2,27.7,0,869.7,2,2,12,7,0.1892,1
SEG-0003,2025-03-18,11.73,762.8,4,0.4877,12317.0,0.078,49.8,48.8,166.5,28.6,0,2418.1,4,3,10,6,0.3104,1
SEG-0004,2025-03-18,7.77,484.6,2,0.6398,24922.0,0.099,44.2,17.7,75.2,31.2,0,585.7,3,1,12,1,0.2438,0
SEG-0005,2025-03-18,5.05,469.5,2,0.7865,34295.0,0.259,40.5,42.8,118.0,26.4,0,1112.9,0,1,4,1,0.1651,0
SEG-0006,2025-03-18,7.35,1157.1,4,0.6026,12020.0,0.17,51.4,6.8,24.0,31.7,0,1816.1,1,0,10,5,0.2692,0
SEG-0007,2025-03-18,5.26,1252.4,2,0.8113,16595.0,0.361,44.2,40.0,200.2,25.8,0,116.2,2,1,5,2,0.0724,0
SEG-0008,2025-03-18,3.08,292.1,4,0.8731,38620.0,0.149,36.7,24.7,57.3,30.3,0,173.0,1,0,6,1,0.0534,0
SEG-0009,2025-03-18,4.81,239.9,2,0.7712,3405.0,0.269,50.3,16.6,63.0,24.8,0,320.3,0,0,5,2,0.075,0
SEG-0010,2025-03-18,10.98,952.5,1,0.4713,23775.0,0.204,37.2,18.1,84.9,30.0,0,1074.8,4,3,11,8,0.3228,0
SEG-0011,2025-03-18,10.53,347.3,1,0.4941,28785.0,0.282,41.4,78.6,265.4,25.3,0,1648.4,1,3,11,5,0.3077,1
SEG-0012,2025-03-18,10.16,1263.3,4,0.5641,7059.0,0.234,52.2,25.1,67.7,25.0,0,461.7,2,2,8,9,0.242,0
SEG-0013,2025-03-18,8.45,569.0,1,0.5999,3397.0,0.222,54.2,40.5,95.9,28.2,0,1584.1,3,1,7,5,0.2518,0
SEG-0014,2025-03-18,8.9,344.2,2,0.5788,7086.0,0.367,49.1,46.0,109.6,26.3,0,188.8,1,1,10,3,0.2279,0
SEG-0015,2025-03-18,14.8,1393.3,2,0.2468,37212.0,0.178,34.0,6.9,30.3,31.6,0,1214.3,4,1,17,8,0.4028,1
SEG-0016,2025-03-18,2.23,373.5,2,0.9048,1485.0,0.079,56.9,9.4,53.9,26.1,0,134.1,0,0,1,2,0.0445,0
SEG-0017,2025-03-18,1.9,534.4,2,0.8709,8003.0,0.29,42.9,20.2,97.0,27.6,0,507.4,0,0,3,2,0.0604,0
SEG-0018,2025-03-18,14.04,357.4,4,0.3083,2184.0,0.32,58.4,83.3,196.3,32.9,0,3133.7,3,1,12,8,0.4112,1
SEG-0019,2025-03-18,9.32,305.9,1,0.5467,5079.0,0.04,52.1,9.9,27.5,28.8,0,1544.0,3,0,13,6,0.198,0
SEG-0020,2025-03-18,9.71,178.5,4,0.4725,28497.0,0.194,41.4,31.6,72.1,25.0,0,2295.7,3,1,14,7,0.2622,0
SEG-0021,2025-03-18,4.27,224.8,4,0.7371,9944.0,0.382,49.5,33.9,126.1,28.5,1,588.2,0,0,2,0,0.104,0
SEG-0022,2025-03-18,5.28,385.8,2,0.6801,28411.0,0.295,36.1,53.3,121.4,30.9,0,424.6,0,1,11,5,0.1757,0
SEG-0023,2025-03-18,3.74,222.1,2,0.8329,23638.0,0.354,46.7,56.8,141.7,29.6,0,293.9,0,1,7,2,0.0836,0
SEG-0024,2025-03-18,6.36,948.0,2,0.7086,35385.0,0.205,38.0,62.0,143.4,31.3,0,510.4,2,1,5,1,0.1589,0
SEG-0025,2025-03-18,2.29,1069.0,1,0.8235,1310.0,0.253,49.4,32.4,172.5,26.1,0,537.9,0,0,2,2,0.1169,0
SEG-0026,2025-03-18,4.48,681.4,2,0.7945,39864.0,0.145,33.9,70.0,169.2,25.5,0,551.1,2,0,5,2,0.1205,0
SEG-0027,2025-03-18,4.31,579.3,6,0.8138,26204.0,0.339,44.1,32.1,86.2,27.9,0,1166.2,1,0,8,3,0.0818,0
SEG-0028,2025-03-18,13.48,831.1,6,0.4918,9187.0,0.163,49.4,93.5,310.5,30.7,3,1705.7,3,2,9,6,0.2456,1
SEG-0029,2025-03-18,14.73,1331.3,4,0.3271,36053.0,0.246,43.3,9.0,50.3,29.3,0,1045.6,3,2,16,9,0.3587,1
SEG-0030,2025-03-18,9.45,1299.0,2,0.5437,41883.0,0.173,36.1,49.4,165.1,26.5,0,615.4,1,1,11,4,0.2471,0
SEG-0031,2025-03-18,9.71,208.7,2,0.5055,12725.0,0.245,47.9,12.4,82.5,28.4,0,684.0,1,1,7,4,0.2881,0
SEG-0032,2025-03-18,14.59,395.0,4,0.392,47343.0,0.261,28.8,26.1,77.0,31.9,0,940.3,3,3,15,8,0.3716,1
SEG-0033,2025-03-18,4.64,469.6,2,0.7846,21732.0,0.231,42.5,36.0,82.7,28.9,0,970.4,2,0,4,3,0.1336,0
SEG-0034,2025-03-18,11.93,486.7,2,0.3574,25383.0,0.347,47.3,26.6,65.9,31.5,0,2095.0,2,2,23,9,0.339,1
SEG-0035,2025-03-18,2.42,921.2,1,0.8531,50398.0,0.18,23.2,13.3,40.5,28.4,0,198.0,1,0,6,2,0.0713,0
SEG-0036,2025-03-18,14.24,712.0,2,0.3427,15700.0,0.242,44.6,5.8,15.0,29.2,0,2975.9,5,1,9,12,0.329,1
SEG-0037,2025-03-18,14.85,216.5,2,0.2051,34466.0,0.18,39.5,12.2,39.2,27.3,0,1005.7,4,2,15,9,0.4866,1
SEG-0038,2025-03-18,8.14,654.4,2,0.603,16084.0,0.19,46.6,20.3,68.2,27.1,0,1731.9,3,0,8,5,0.2701,0
SEG-0039,2025-03-18,6.2,857.1,2,0.6751,33955.0,0.201,41.4,73.2,167.6,30.2,0,1057.4,2,0,11,1,0.2106,0
SEG-0040,2025-03-18,6.44,287.3,4,0.8044,26604.0,0.083,35.0,26.8,114.7,28.9,0,1016.6,0,1,7,3,0.1431,0
SEG-0041,2025-03-18,7.14,1275.2,6,0.6207,10836.0,0.093,47.7,15.9,78.1,31.9,0,955.5,0,1,4,3,0.2223,0
SEG-0042,2025-03-18,7.91,220.1,2,0.592,19757.0,0.276,48.5,42.9,118.4,22.1,1,1135.2,3,0,8,4,0.2248,0
SEG-0043,2025-03-18,1.58,1398.5,4,0.892,16898.0,0.28,52.9,75.7,196.5,24.3,0,336.9,0,0,7,3,0.0807,0
SEG-0044,2025-03-18,3.15,283.8,6,0.813,4193.0,0.263,49.4,39.5,168.3,26.6,1,120.3,1,0,7,5,0.1113,0
SEG-0045,2025-03-18,7.89,1288.8,1,0.609,2253.0,0.066,51.4,34.0,76.5,27.1,1,1781.2,3,1,17,8,0.2578,1
SEG-0046,2025-03-18,4.17,1368.6,2,0.8175,17467.0,0.173,46.7,27.7,81.4,31.2,0,186.3,1,0,5,0,0.1288,0
SEG-0047,2025-03-18,6.85,1472.4,2,0.6347,1976.0,0.097,57.5,27.1,65.8,29.7,0,1856.4,2,1,6,3,0.2315,0
SEG-0048,2025-03-18,9.49,1232.7,1,0.5725,7892.0,0.292,46.2,83.3,320.0,29.4,1,1329.4,1,2,11,8,0.2052,1
SEG-0049,2025-03-18,11.05,1202.3,4,0.5301,33730.0,0.33,44.7,24.8,63.4,29.5,0,1683.7,4,3,10,5,0.2324,0
SEG-0050,2025-03-18,14.84,1017.4,2,0.2482,35309.0,0.13,33.2,123.2,295.8,28.0,1,1397.4,4,3,11,6,0.3779,1
SEG-0051,2025-03-18,6.74,1201.6,2,0.6882,29211.0,0.248,40.2,33.1,86.7,27.5,0,627.9,2,1,8,5,0.1276,0
SEG-0052,2025-03-18,14.42,331.6,2,0.2832,16571.0,0.1,45.9,23.6,137.0,26.4,0,1187.1,5,2,17,12,0.3791,0
SEG-0053,2025-03-18,7.25,873.7,2,0.6494,37216.0,0.137,41.1,47.9,158.9,29.3,0,523.8,2,2,8,5,0.2186,0
SEG-0054,2025-03-18,2.36,844.2,4,0.9239,28485.0,0.074,39.9,11.3,31.2,27.0,0,623.6,0,0,7,1,0.0362,0
SEG-0055,2025-03-18,4.92,1307.7,1,0.7936,5852.0,0.157,57.0,14.0,35.4,31.6,0,905.9,1,0,3,3,0.1581,0
SEG-0056,2025-03-18,4.91,774.8,2,0.7234,7519.0,0.264,52.6,20.8,103.0,26.2,0,510.8,2,0,5,7,0.1212,0
SEG-0057,2025-03-18,10.68,669.9,2,0.4633,27463.0,0.329,41.3,56.9,159.8,31.7,0,385.6,2,2,8,5,0.3236,0
SEG-0058,2025-03-18,5.31,1013.4,2,0.7516,9800.0,0.104,46.8,117.3,261.4,30.9,0,577.7,0,2,6,3,0.1232,0
SEG-0059,2025-03-18,9.37,509.7,2,0.6355,25155.0,0.235,39.9,31.1,89.3,30.3,0,149.6,3,1,8,4,0.2265,0
SEG-0060,2025-03-18,3.81,338.7,2,0.822,43430.0,0.256,34.1,8.3,37.8,26.9,0,776.8,1,0,6,0,0.1481,0
SEG-0061,2025-03-18,13.58,795.1,1,0.336,1073.0,0.352,55.2,11.0,68.5,29.9,0,359.0,4,1,15,8,0.3564,1
SEG-0062,2025-03-18,8.39,712.8,2,0.6612,1852.0,0.277,52.9,34.9,103.0,25.6,0,153.2,3,0,8,2,0.2184,0
SEG-0063,2025-03-18,14.83,464.0,4,0.3027,46437.0,0.143,26.2,32.2,133.4,29.9,0,1516.5,5,2,13,5,0.3421,1
SEG-0064,2025-03-18,13.66,646.1,2,0.3616,26407.0,0.256,34.6,19.7,44.9,28.1,0,2686.9,3,3,11,4,0.3637,1
SEG-0065,2025-03-18,3.04,644.6,2,0.8919,6883.0,0.162,57.1,10.0,56.3,27.2,0,386.0,0,0,5,5,0.0862,0
SEG-0066,2025-03-18,10.96,592.1,2,0.5345,38995.0,0.336,37.0,62.0,198.1,27.7,0,1326.3,3,3,15,5,0.3041,0
SEG-0067,2025-03-18,6.2,662.3,4,0.6806,35276.0,0.135,29.7,10.9,25.0,28.3,0,298.2,0,1,10,5,0.1763,0
SEG-0068,2025-03-18,7.68,1075.8,1,0.6097,22814.0,0.241,41.0,17.5,104.2,26.8,0,1545.9,1,2,15,7,0.256,0
SEG-0069,2025-03-18,15.01,550.8,2,0.2921,24624.0,0.065,38.6,21.0,98.9,29.6,0,2385.2,3,3,18,11,0.3711,1
SEG-0070,2025-03-18,13.85,1431.0,2,0.4128,11498.0,0.175,44.1,11.6,59.2,26.2,0,3605.0,3,1,12,8,0.3367,1
SEG-0071,2025-03-18,7.04,1387.1,2,0.7281,3008.0,0.313,57.8,13.4,66.1,26.7,1,353.2,2,0,3,0,0.1622,0
SEG-0072,2025-03-18,9.63,799.2,4,0.517,26681.0,0.212,36.1,135.9,503.9,27.7,1,370.1,1,1,13,6,0.2749,1
SEG-0073,2025-03-18,11.48,593.3,2,0.4786,14452.0,0.185,46.5,81.6,223.7,32.6,0,1516.8,2,3,8,4,0.2577,1
SEG-0074,2025-03-18,2.67,872.8,4,0.8416,32903.0,0.356,39.7,22.9,63.0,29.1,0,546.7,0,0,3,1,0.1092,0
SEG-0075,2025-03-18,3.73,1295.6,4,0.7945,38808.0,0.322,35.1,14.6,58.9,30.1,0,500.5,2,0,9,3,0.1539,0
SEG-0076,2025-03-18,14.94,1031.0,2,0.3202,1806.0,0.162,58.9,41.4,95.0,26.2,0,2460.9,4,2,17,10,0.3571,1
SEG-0077,2025-03-18,7.5,1235.9,4,0.5445,26512.0,0.211,42.6,36.4,177.6,29.9,0,473.3,1,1,11,3,0.2804,0
SEG-0078,2025-03-18,4.93,869.2,2,0.7888,11575.0,0.214,44.9,5.7,28.6,25.5,0,340.8,2,0,8,5,0.076,0
SEG-0079,2025-03-18,13.89,1004.4,4,0.3623,40556.0,0.234,32.9,46.4,249.0,29.6,1,1914.7,3,1,23,7,0.3566,1
SEG-0080,2025-03-18,1.35,539.0,2,0.884,12397.0,0.177,43.8,78.5,207.6,32.5,0,269.4,0,0,6,2,0.0281,0
SEG-0081,2025-03-18,8.87,1142.1,2,0.599,24528.0,0.171,44.4,17.8,102.3,25.2,0,1793.4,3,2,8,5,0.164,0
SEG-0082,2025-03-18,9.48,423.2,2,0.446,24374.0,0.364,38.3,74.7,256.6,29.5,0,425.3,3,1,12,5,0.2908,1
SEG-0083,2025-03-18,14.0,1088.0,1,0.3771,21026.0,0.33,47.2,39.8,259.7,28.3,0,495.0,3,1,12,11,0.3388,0
SEG-0084,2025-03-18,4.67,1312.0,2,0.6531,30428.0,0.303,36.3,32.0,122.7,31.4,0,894.0,1,0,9,6,0.1971,0
SEG-0085,2025-03-18,1.32,328.3,4,0.9143,37808.0,0.373,30.8,26.5,107.8,30.2,0,354.1,0,0,11,3,0.0742,0
SEG-0086,2025-03-18,1.71,979.4,2,0.9125,28952.0,0.279,41.3,14.0,73.1,27.0,0,298.0,1,0,2,0,0.031,0
SEG-0087,2025-03-18,9.85,278.4,2,0.5292,33754.0,0.283,35.5,10.3,30.4,31.1,1,177.6,2,0,12,4,0.298,0
SEG-0088,2025-03-18,14.09,1129.7,2,0.3223,42727.0,0.283,34.6,24.1,61.6,27.7,1,3292.1,2,3,15,10,0.388,0
SEG-0089,2025-03-18,9.14,264.1,2,0.501,18042.0,0.19,42.1,21.5,84.0,28.1,0,2402.8,3,2,15,8,0.277,1
SEG-0090,2025-03-18,13.39,1413.5,1,0.339,20615.0,0.234,39.9,32.0,113.7,28.0,0,171.9,3,2,11,7,0.3625,0
SEG-0091,2025-03-18,1.76,335.5,4,0.9131,1328.0,0.126,54.7,74.6,241.1,26.6,3,438.7,0,0,0,0,0.0005,0
SEG-0092,2025-03-18,3.57,1444.5,2,0.8652,31887.0,0.243,36.6,18.7,57.0,29.4,0,475.8,0,1,1,1,0.0397,0
SEG-0093,2025-03-18,4.55,1231.2,2,0.8039,24102.0,0.111,41.7,54.7,126.5,29.7,0,153.5,2,0,7,6,0.111,0
SEG-0094,2025-03-18,9.27,951.5,2,0.6091,18760.0,0.118,46.7,37.9,101.4,28.9,0,959.5,1,1,9,2,0.2605,0
SEG-0095,2025-03-18,9.89,1206.5,1,0.6266,5843.0,0.249,47.8,16.6,60.0,27.3,0,785.9,1,1,10,5,0.2388,0
SEG-0096,2025-03-18,14.51,1223.4,2,0.3335,41217.0,0.183,28.1,22.4,53.2,26.5,0,1564.9,4,1,16,8,0.3953,1
SEG-0097,2025-03-18,4.92,1427.1,4,0.7217,17991.0,0.119,44.7,17.7,52.2,25.9,0,910.5,2,0,6,1,0.1443,0
SEG-0098,2025-03-18,3.19,492.1,2,0.8986,35209.0,0.31,39.2,25.7,80.1,30.7,0,434.1,0,0,5,2,0.0195,0
SEG-0099,2025-03-18,8.45,946.6,6,0.5936,8206.0,0.362,46.4,20.1,75.4,29.7,1,1940.4,3,2,6,3,0.1995,0
SEG-0100,2025-03-18,12.07,278.3,2,0.4032,41513.0,0.091,31.8,53.2,181.6,30.7,1,344.4,4,1,18,7,0.2779,1
SEG-0101,2025-03-18,7.01,981.8,2,0.6799,7945.0,0.032,53.4,20.1,80.4,27.3,0,890.6,0,0,5,2,0.1908,0
SEG-0102,2025-03-18,6.96,381.2,4,0.6412,11237.0,0.173,47.5,15.5,59.7,26.3,0,1466.8,2,1,5,4,0.1563,1
SEG-0103,2025-03-18,10.31,912.7,4,0.5114,33999.0,0.276,35.8,50.0,132.3,25.2,0,1800.8,2,1,11,5,0.2388,0
SEG-0104,2025-03-18,10.34,922.8,4,0.4394,35072.0,0.312,31.3,32.6,127.7,28.3,0,2264.1,1,3,10,8,0.3011,1
SEG-0105,2025-03-18,14.83,779.1,6,0.3132,11348.0,0.085,46.6,24.1,113.3,28.3,1,3343.3,5,2,8,6,0.3721,0
SEG-0106,2025-03-18,14.45,855.6,4,0.3365,22437.0,0.326,37.2,58.1,261.2,30.4,1,3351.9,5,2,15,9,0.3383,1
SEG-0107,2025-03-18,8.2,1181.3,4,0.4719,35922.0,0.088,31.0,48.8,144.6,24.0,0,966.7,1,1,16,7,0.3012,1
SEG-0108,2025-03-18,5.94,1229.0,1,0.6481,36413.0,0.163,37.4,3.1,17.2,27.9,0,158.0,1,1,11,1,0.2021,0
SEG-0109,2025-03-18,8.5,814.4,4,0.5369,17665.0,0.351,45.5,50.2,135.9,27.9,0,867.0,2,2,6,1,0.2072,0
SEG-0110,2025-03-18,2.58,959.5,2,0.7517,23491.0,0.088,41.1,20.3,123.4,30.8,0,632.2,1,0,10,2,0.1315,0
SEG-0111,2025-03-18,6.12,1407.2,2,0.6334,28852.0,0.079,38.8,10.6,67.4,30.4,0,1078.5,0,0,8,2,0.2546,0
SEG-0112,2025-03-18,6.55,311.6,2,0.6451,32302.0,0.187,40.6,34.2,91.3,25.9,0,1508.3,0,2,6,5,0.1554,0
SEG-0113,2025-03-18,11.74,308.1,6,0.3928,37552.0,0.248,34.3,4.0,18.5,29.9,0,3181.9,4,3,14,5,0.365,1
SEG-0114,2025-03-18,7.23,268.4,6,0.6781,26487.0,0.366,45.2,79.1,187.8,29.5,0,1155.6,3,0,5,1,0.2082,0
SEG-0115,2025-03-18,13.94,1038.1,2,0.4265,5273.0,0.368,53.8,9.4,48.6,31.2,0,3168.9,4,2,8,7,0.3655,0
SEG-0116,2025-03-18,5.16,715.1,4,0.7345,35612.0,0.057,34.5,47.9,147.6,26.2,0,255.7,2,0,5,0,0.1513,0
SEG-0117,2025-03-18,5.76,1195.3,4,0.7524,34539.0,0.085,31.7,12.2,77.4,28.3,0,1436.2,2,0,5,0,0.1782,0
SEG-0118,2025-03-18,12.33,1056.2,2,0.4152,33942.0,0.344,34.0,71.9,169.5,28.7,0,3192.8,2,3,11,7,0.3538,1
SEG-0119,2025-03-18,8.44,600.4,1,0.5518,5926.0,0.106,49.3,49.4,141.9,24.8,0,2331.7,2,0,10,6,0.3109,0
SEG-0120,2025-03-18,3.05,1362.8,1,0.8171,10446.0,0.349,48.2,26.2,88.6,26.5,0,206.0,0,1,3,0,0.0951,0
SEG-0121,2025-03-18,9.22,1179.4,4,0.5739,29765.0,0.249,36.4,38.9,157.4,25.9,0,490.3,1,1,8,5,0.2649,0
SEG-0122,2025-03-18,6.57,515.2,2,0.6856,2074.0,0.096,58.4,67.9,167.7,29.5,0,893.8,1,1,3,4,0.1849,0
SEG-0123,2025-03-18,10.8,641.7,6,0.5432,49981.0,0.299,22.9,54.4,167.1,25.0,0,1343.6,3,1,13,6,0.2821,0
SEG-0124,2025-03-18,3.62,574.5,2,0.8057,17453.0,0.114,46.6,17.7,49.4,26.8,0,399.9,0,0,9,2,0.114,0
SEG-0125,2025-03-18,8.83,362.8,6,0.5283,36902.0,0.193,38.3,28.6,115.3,31.9,0,1681.4,2,1,15,3,0.2353,0
SEG-0126,2025-03-18,14.8,349.5,2,0.2723,35063.0,0.24,37.8,71.9,267.6,28.3,0,682.4,5,2,18,10,0.3839,0
SEG-0127,2025-03-18,5.53,1413.8,4,0.7524,19111.0,0.216,39.6,80.0,229.7,30.1,2,496.6,2,1,13,4,0.1548,0
SEG-0128,2025-03-18,5.65,741.2,1,0.7719,14282.0,0.265,49.8,70.0,198.0,25.9,0,130.0,0,1,3,1,0.1325,0
SEG-0129,2025-03-18,5.27,667.5,2,0.7156,29761.0,0.252,35.9,17.6,99.8,30.2,0,1347.1,0,0,8,5,0.1879,0
SEG-0130,2025-03-18,4.91,1135.1,4,0.7442,25731.0,0.375,42.2,52.7,193.9,30.0,0,977.8,1,0,13,2,0.1184,1
SEG-0131,2025-03-18,2.97,896.5,4,0.9175,21601.0,0.368,37.5,45.8,103.5,25.0,0,840.1,0,0,4,2,0.0657,0
SEG-0132,2025-03-18,13.57,1413.8,4,0.4392,26682.0,0.23,32.9,81.2,329.1,27.7,0,3497.4,4,2,9,8,0.3022,1
SEG-0133,2025-03-18,3.27,1203.4,1,0.7875,42453.0,0.084,29.9,21.3,66.1,27.3,0,525.3,0,0,10,3,0.1294,0
SEG-0134,2025-03-18,9.07,797.1,2,0.5021,20321.0,0.285,42.1,9.7,41.2,28.7,0,2222.0,1,0,8,7,0.2806,1
SEG-0135,2025-03-18,14.0,658.1,1,0.3754,9816.0,0.361,55.4,15.5,61.6,30.5,0,2790.5,2,1,8,7,0.309,1
SEG-0136,2025-03-18,3.64,1482.0,1,0.7572,15576.0,0.145,43.6,16.2,43.2,33.3,0,409.3,0,0,2,2,0.1511,0
SEG-0137,2025-03-18,2.71,1119.0,2,0.8477,19426.0,0.22,43.4,24.0,56.5,28.4,0,604.8,0,0,5,0,0.1451,0
SEG-0138,2025-03-18,14.84,1434.1,4,0.405,6960.0,0.206,51.9,70.3,310.4,27.3,0,179.9,5,2,9,9,0.301,1
SEG-0139,2025-03-18,4.22,309.9,4,0.8781,8263.0,0.07,40.9,33.2,101.3,26.7,0,951.9,0,0,3,1,0.0721,0
SEG-0140,2025-03-18,5.69,1298.2,4,0.7847,35332.0,0.289,37.3,23.4,58.4,30.9,0,481.2,2,2,9,3,0.1022,0
SEG-0141,2025-03-18,13.71,1010.0,4,0.3607,15721.0,0.19,44.5,15.3,51.1,29.1,0,2051.2,3,3,17,6,0.3445,1
SEG-0142,2025-03-18,11.72,314.6,4,0.4652,44978.0,0.323,29.9,83.8,212.6,28.9,1,1616.4,4,2,9,7,0.2403,1
SEG-0143,2025-03-18,9.89,944.1,1,0.4775,10669.0,0.339,47.5,29.9,80.9,24.6,0,1211.4,3,0,10,4,0.3224,0
SEG-0144,2025-03-18,11.5,1076.2,2,0.5048,6033.0,0.326,51.7,50.5,146.4,29.4,0,577.7,4,3,6,3,0.2708,1
SEG-0145,2025-03-18,13.18,166.6,2,0.4362,36150.0,0.193,27.7,40.7,121.0,27.0,1,1293.9,2,3,11,5,0.3523,0
SEG-0146,2025-03-18,8.84,763.3,4,0.5685,45580.0,0.145,38.7,21.6,121.9,29.2,0,2464.0,3,0,8,2,0.2433,0
SEG-0147,2025-03-18,12.15,1264.3,1,0.4395,14603.0,0.273,53.6,31.6,169.4,28.3,0,1526.0,2,2,11,6,0.2958,0
SEG-0148,2025-03-18,3.51,548.7,2,0.7813,9508.0,0.31,51.2,23.6,59.9,27.8,0,531.9,0,0,8,5,0.1392,0
SEG-0149,2025-03-18,11.89,769.0,2,0.4609,10107.0,0.202,49.2,55.0,333.3,31.7,1,787.2,3,2,10,8,0.2869,1
SEG-0150,2025-03-18,13.66,747.1,1,0.3855,22590.0,0.354,44.3,4.7,12.5,27.9,0,3696.1,2,1,7,8,0.2959,1
SEG-0151,2025-03-18,7.5,557.6,2,0.6777,20782.0,0.121,48.1,49.6,133.7,27.2,0,831.9,2,1,6,1,0.1949,0
SEG-0152,2025-03-18,13.54,1389.9,4,0.3976,12261.0,0.292,49.8,7.5,18.5,29.7,0,1966.9,3,2,3,5,0.286,1
SEG-0153,2025-03-18,14.67,1204.7,2,0.3631,2990.0,0.089,51.1,15.0,58.2,27.5,0,3986.1,5,1,5,6,0.381,1
SEG-0154,2025-03-18,12.1,299.3,2,0.4718,20332.0,0.099,40.3,45.4,172.5,25.8,0,495.7,3,1,13,7,0.2858,0
SEG-0155,2025-03-18,1.77,1496.0,4,0.9459,45598.0,0.218,27.3,8.9,38.7,32.1,0,341.4,1,0,6,0,0.0049,0
SEG-0156,2025-03-18,11.94,1336.9,2,0.4001,27703.0,0.041,40.3,35.7,130.7,30.4,0,1071.7,2,3,8,5,0.3624,1
SEG-0157,2025-03-18,8.13,533.3,4,0.6626,23519.0,0.052,42.9,54.6,173.2,29.4,0,1868.5,2,0,7,7,0.2144,0
SEG-0158,2025-03-18,4.08,1279.8,2,0.7632,6286.0,0.032,58.9,35.4,232.0,27.8,0,488.1,0,0,1,1,0.1081,0
SEG-0159,2025-03-18,4.18,293.7,2,0.7323,10875.0,0.241,52.1,33.5,110.3,28.6,0,666.9,0,1,5,1,0.1527,0
SEG-0160,2025-03-18,11.88,1498.8,2,0.3929,11931.0,0.302,44.7,22.7,60.2,27.3,0,3225.5,4,1,11,8,0.3503,1
SEG-0161,2025-03-18,3.34,1048.7,2,0.8477,34137.0,0.051,34.4,15.0,75.2,28.5,0,593.8,0,0,4,1,0.0821,0
SEG-0162,2025-03-18,5.37,1027.7,4,0.7527,36443.0,0.26,42.1,116.1,273.7,32.3,0,1038.7,0,1,12,3,0.1016,0
SEG-0163,2025-03-18,7.5,272.1,2,0.6901,46565.0,0.326,25.2,24.9,80.6,28.2,0,1031.0,1,2,8,6,0.1784,0
SEG-0164,2025-03-18,9.79,1361.0,1,0.5571,38016.0,0.096,30.8,20.9,59.1,26.8,0,1850.8,2,2,11,7,0.2106,0
SEG-0165,2025-03-18,5.12,189.1,2,0.7408,42200.0,0.066,34.3,21.4,86.8,28.4,0,983.6,1,1,6,2,0.1588,0
SEG-0166,2025-03-18,2.02,475.1,4,0.9039,42657.0,0.342,29.4,35.2,94.6,31.2,0,443.5,1,1,10,3,0.0593,0
SEG-0167,2025-03-18,1.48,343.1,4,0.9349,4596.0,0.321,54.0,12.0,38.9,35.7,0,228.5,0,1,3,1,0.0535,0
SEG-0168,2025-03-18,3.73,1198.6,6,0.807,7752.0,0.206,55.4,47.1,117.4,32.5,0,741.5,2,0,9,5,0.1028,0
SEG-0169,2025-03-18,3.83,417.6,2,0.8975,12623.0,0.314,43.0,11.7,27.6,30.0,0,571.5,1,0,5,3,0.1064,0
SEG-0170,2025-03-18,8.31,1379.4,2,0.5933,28175.0,0.077,40.2,30.7,138.7,30.5,0,1310.8,1,2,8,4,0.1869,1
SEG-0171,2025-03-18,14.07,1036.0,1,0.3769,5294.0,0.179,53.2,27.2,106.8,31.9,0,2502.8,4,3,9,6,0.2895,1
SEG-0172,2025-03-18,4.77,198.8,2,0.8041,33580.0,0.303,32.4,13.5,30.9,30.1,0,547.7,2,1,6,0,0.0714,0
SEG-0173,2025-03-18,9.56,157.3,6,0.5196,28419.0,0.125,44.1,52.1,116.0,28.6,0,266.7,1,1,12,7,0.2606,0
SEG-0174,2025-03-18,12.96,219.7,4,0.3631,24749.0,0.291,44.8,9.3,27.0,27.2,0,2471.0,3,1,9,7,0.3647,1
SEG-0175,2025-03-18,10.26,968.0,2,0.491,8441.0,0.218,55.6,1.3,7.7,28.7,0,329.1,1,1,13,7,0.3023,1
SEG-0176,2025-03-18,15.15,1232.0,2,0.2325,12740.0,0.321,47.8,36.0,85.6,28.4,0,3050.3,5,3,12,5,0.4415,1
SEG-0177,2025-03-18,6.96,472.0,4,0.7113,7742.0,0.188,54.6,25.5,117.2,30.3,0,138.1,1,0,8,4,0.1847,0
SEG-0178,2025-03-18,5.46,1296.7,2,0.7749,33589.0,0.12,34.6,43.7,127.5,29.8,0,588.6,0,2,5,0,0.1605,0
SEG-0179,2025-03-18,14.31,227.3,1,0.4653,26117.0,0.105,44.5,43.9,117.3,27.8,0,2703.5,3,2,14,9,0.3319,1
SEG-0180,2025-03-18,9.24,1231.3,2,0.5538,29928.0,0.109,39.9,19.0,58.1,27.7,0,1463.0,2,2,13,4,0.2469,0
SEG-0181,2025-03-18,10.07,1402.5,1,0.5737,14555.0,0.292,44.0,73.6,169.2,29.1,0,985.3,3,1,13,3,0.2299,0
SEG-0182,2025-03-18,14.31,1192.3,2,0.3212,16825.0,0.083,45.7,48.7,134.4,28.3,0,848.3,5,1,14,9,0.4346,1
SEG-0183,2025-03-18,14.32,1092.5,1,0.3208,17412.0,0.08,46.9,11.9,33.7,29.3,0,3703.6,3,1,11,6,0.3496,1
SEG-0184,2025-03-18,13.37,1281.3,2,0.3379,30104.0,0.085,32.7,21.6,64.7,32.0,0,3673.0,3,3,15,8,0.324,1
SEG-0185,2025-03-18,9.61,204.2,2,0.5595,40191.0,0.087,29.3,29.2,73.7,26.9,0,1087.4,1,0,4,1,0.2538,0
SEG-0186,2025-03-18,4.14,422.4,2,0.8135,10838.0,0.336,44.7,41.6,93.7,30.7,0,878.1,1,0,7,3,0.0947,0
SEG-0187,2025-03-18,10.25,318.6,2,0.4399,47906.0,0.174,31.9,40.6,105.0,26.6,1,1027.8,3,3,6,6,0.2726,1
SEG-0188,2025-03-18,14.43,831.1,6,0.2587,6925.0,0.373,51.9,36.6,102.6,31.9,0,1092.3,4,2,13,11,0.4307,1
SEG-0189,2025-03-18,10.7,1156.0,4,0.5165,37723.0,0.139,39.9,25.9,77.4,27.2,0,1055.9,1,2,6,6,0.2931,0
SEG-0190,2025-03-18,6.19,1000.5,2,0.6601,5503.0,0.25,52.8,23.7,68.9,26.7,0,1449.9,1,0,3,6,0.1762,0
SEG-0191,2025-03-18,11.91,1299.0,2,0.4646,11943.0,0.171,54.4,9.5,57.0,22.8,0,1869.7,4,1,7,6,0.2592,1
SEG-0192,2025-03-18,11.62,359.5,4,0.4633,35635.0,0.172,36.6,45.2,283.6,30.0,0,3186.6,2,3,13,7,0.3232,1
SEG-0193,2025-03-18,12.54,1141.7,2,0.4127,9349.0,0.328,45.8,55.8,190.1,23.9,0,1305.4,2,1,11,5,0.3476,0
SEG-0194,2025-03-18,3.5,410.6,2,0.6996,16435.0,0.342,41.0,9.0,58.5,33.4,0,187.9,1,1,4,2,0.1466,0
SEG-0195,2025-03-18,14.03,515.5,4,0.3048,18389.0,0.362,37.9,46.5,117.7,29.4,0,1607.7,2,3,16,10,0.4025,1
SEG-0196,2025-03-18,3.11,1108.4,2,0.9396,13461.0,0.098,45.5,13.4,35.1,30.5,0,833.3,0,0,0,1,0.0152,0
SEG-0197,2025-03-18,2.02,1473.3,4,0.8881,32157.0,0.087,36.2,12.0,75.2,29.5,0,567.2,1,0,3,2,0.0611,0
SEG-0198,2025-03-18,12.73,975.6,2,0.3277,42760.0,0.271,36.8,15.0,78.0,29.6,0,731.8,2,2,21,8,0.3707,1
SEG-0199,2025-03-18,4.08,223.6,2,0.8322,39062.0,0.161,35.3,61.0,214.6,22.9,0,245.7,0,0,9,5,0.0374,0
SEG-0200,2025-03-18,1.21,982.0,2,0.8875,16877.0,0.294,48.1,25.5,77.3,28.4,0,321.4,0,0,1,2,0.0285,0
SEG-0201,2025-03-18,9.2,207.2,2,0.4102,26196.0,0.265,40.9,29.2,85.4,28.4,0,2535.9,3,2,19,10,0.268,1
SEG-0202,2025-03-18,7.13,1343.6,2,0.6629,12123.0,0.191,48.3,27.8,175.5,32.0,0,313.2,1,2,7,4,0.2064,0
SEG-0203,2025-03-18,8.92,1107.9,2,0.6437,10663.0,0.314,45.9,34.7,185.8,27.0,0,1986.8,3,2,4,5,0.1807,0
SEG-0204,2025-03-18,2.99,383.7,4,0.8447,7573.0,0.28,43.2,17.1,65.6,30.9,0,346.3,0,1,1,0,0.0647,0
SEG-0205,2025-03-18,6.29,273.8,2,0.6621,41641.0,0.088,36.4,6.9,30.0,26.1,0,1249.4,0,1,6,6,0.2102,0
SEG-0206,2025-03-18,4.13,397.8,2,0.8463,36121.0,0.05,35.4,31.6,75.6,34.8,0,718.8,0,0,7,1,0.0929,0
SEG-0207,2025-03-18,14.16,1473.0,4,0.2629,36601.0,0.27,39.1,38.4,85.8,23.2,0,603.7,4,3,8,9,0.361,1
SEG-0208,2025-03-18,6.31,769.1,4,0.619,20606.0,0.239,45.6,22.7,73.9,31.7,0,152.4,1,0,8,3,0.2046,0
SEG-0209,2025-03-18,10.85,1208.5,2,0.4189,24823.0,0.114,43.4,13.0,74.2,33.0,0,2311.4,2,3,13,6,0.3008,1
SEG-0210,2025-03-18,2.94,1009.2,2,0.8785,25278.0,0.171,44.9,61.9,165.7,30.8,0,284.9,1,1,3,0,0.0835,0
SEG-0211,2025-03-18,13.28,922.8,6,0.432,22571.0,0.28,46.8,51.0,177.2,29.0,0,3679.5,4,1,22,6,0.3192,1
SEG-0212,2025-03-18,2.27,345.9,2,0.937,17631.0,0.345,42.5,69.6,163.5,25.8,1,558.9,0,1,2,0,0.0249,0
SEG-0213,2025-03-18,6.07,1427.1,4,0.7023,7621.0,0.248,47.7,38.1,112.0,24.0,0,1397.2,1,0,7,6,0.1379,0
SEG-0214,2025-03-18,3.7,556.8,4,0.8701,6053.0,0.183,52.5,52.9,141.5,29.2,0,461.4,1,0,4,2,0.0625,0
SEG-0215,2025-03-18,6.04,930.3,4,0.6809,39964.0,0.157,36.5,10.4,34.3,30.1,0,555.4,1,1,11,6,0.1467,0
SEG-0216,2025-03-18,15.18,1094.7,2,0.2585,21425.0,0.228,43.2,56.2,143.6,30.6,0,557.4,4,3,7,6,0.3749,1
SEG-0217,2025-03-18,15.0,1026.5,2,0.2566,45343.0,0.138,20.7,64.1,142.8,27.5,0,1651.6,5,3,24,8,0.4114,0
SEG-0218,2025-03-18,8.16,1419.8,1,0.6506,8526.0,0.202,49.0,18.8,69.6,27.5,0,1999.9,3,1,7,2,0.2394,0
SEG-0219,2025-03-18,4.69,350.4,2,0.7861,26612.0,0.28,47.1,22.2,96.5,26.5,0,272.4,2,1,5,4,0.0825,1
SEG-0220,2025-03-18,10.25,836.3,6,0.4983,11661.0,0.071,47.6,27.3,101.9,29.5,1,2236.1,1,2,5,7,0.2501,1
SEG-0221,2025-03-18,14.67,695.4,2,0.3967,12214.0,0.065,44.0,25.8,75.0,27.9,0,3806.5,4,3,11,6,0.3555,1
SEG-0222,2025-03-18,12.34,790.1,2,0.5054,2649.0,0.11,48.6,8.4,29.2,31.0,0,2783.5,4,2,15,9,0.3267,1
SEG-0223,2025-03-18,7.75,310.9,1,0.6923,6143.0,0.367,53.2,61.5,163.1,29.6,0,2080.9,2,0,8,4,0.2015,0
SEG-0224,2025-03-18,9.62,331.0,6,0.5623,39743.0,0.276,37.6,27.0,69.3,25.5,0,2165.4,1,2,13,4,0.1997,1
SEG-0225,2025-03-18,7.13,525.4,1,0.678,15387.0,0.148,39.6,32.0,160.7,28.2,0,1979.9,1,0,14,6,0.2095,1
SEG-0226,2025-03-18,10.93,561.4,1,0.3922,27050.0,0.34,41.1,12.0,56.9,29.4,0,1755.2,4,1,9,4,0.2907,0
SEG-0227,2025-03-18,7.4,727.7,2,0.6693,21981.0,0.205,41.4,98.8,359.8,28.9,0,980.4,2,1,10,5,0.1997,0
SEG-0228,2025-03-18,11.25,974.8,1,0.4016,16177.0,0.185,47.9,42.2,166.6,32.0,0,1295.8,3,1,8,6,0.3039,0
SEG-0229,2025-03-18,14.78,1006.7,2,0.3541,24984.0,0.34,41.1,19.3,43.7,32.1,0,3267.2,4,2,9,5,0.3688,1
SEG-0230,2025-03-18,12.98,705.9,2,0.4372,9010.0,0.078,48.5,53.8,252.9,32.3,0,573.6,2,1,5,8,0.321,0
SEG-0231,2025-03-18,7.97,701.9,2,0.5514,43674.0,0.142,34.1,26.0,58.4,26.7,0,732.2,3,0,10,4,0.2188,0
SEG-0232,2025-03-18,14.65,443.8,1,0.3234,38354.0,0.229,30.6,33.2,84.1,25.3,0,3753.5,4,1,16,8,0.4132,1
SEG-0233,2025-03-18,5.28,944.2,1,0.7314,32545.0,0.113,38.0,19.5,58.2,29.8,0,1378.9,2,0,15,1,0.1713,0
SEG-0234,2025-03-18,5.01,578.0,2,0.7308,23087.0,0.261,37.6,31.6,70.2,29.6,0,1241.5,2,0,7,2,0.1649,0
SEG-0235,2025-03-18,3.79,198.7,1,0.7837,7361.0,0.091,49.1,37.7,212.7,31.9,0,511.1,0,0,3,1,0.1606,0
SEG-0236,2025-03-18,14.42,714.8,2,0.2579,37316.0,0.093,31.9,23.3,59.4,27.1,0,3112.8,3,3,17,7,0.4468,1
SEG-0237,2025-03-18,8.55,790.1,2,0.63,14523.0,0.112,50.2,51.8,144.9,26.3,0,1776.2,1,2,9,5,0.1989,0
SEG-0238,2025-03-18,13.39,454.6,2,0.3796,2764.0,0.12,58.8,15.2,80.5,26.6,0,1837.4,2,1,6,4,0.352,0
SEG-0239,2025-03-18,8.67,922.8,2,0.6028,17444.0,0.11,38.7,16.6,50.5,27.0,0,419.7,3,0,8,3,0.2155,0
SEG-0240,2025-03-18,12.35,913.8,2,0.4742,34603.0,0.115,32.1,66.7,148.8,26.3,0,1704.9,4,3,22,8,0.3171,1
SEG-0241,2025-03-18,13.96,1097.7,1,0.1644,30369.0,0.332,41.1,49.9,207.9,29.7,0,1131.4,2,3,19,12,0.4623,1
SEG-0242,2025-03-18,12.71,1024.7,1,0.387,38871.0,0.163,35.0,1.5,6.6,26.9,0,1948.9,3,3,14,8,0.3283,0
SEG-0243,2025-03-18,3.68,1030.8,4,0.7901,30624.0,0.185,42.9,30.0,80.5,33.7,0,261.6,0,0,5,3,0.0838,0
SEG-0244,2025-03-18,2.04,576.9,1,0.9291,9275.0,0.031,47.9,8.5,31.2,23.3,1,253.5,0,1,5,2,0.0634,0
SEG-0245,2025-03-18,4.15,1213.0,2,0.8643,47340.0,0.1,32.1,102.8,246.1,30.7,1,278.3,2,0,6,1,0.0676,0
SEG-0246,2025-03-18,4.56,891.3,2,0.8089,17498.0,0.132,44.2,16.7,74.2,27.5,0,268.2,0,0,8,3,0.0935,0
SEG-0247,2025-03-18,9.51,732.4,2,0.53,26095.0,0.272,40.3,43.4,181.3,28.8,0,2572.5,3,1,7,3,0.2852,1
SEG-0248,2025-03-18,10.38,995.1,2,0.4897,967.0,0.095,57.2,21.7,83.2,27.8,0,1698.0,3,3,9,4,0.2768,0
SEG-0249,2025-03-18,1.91,636.9,4,0.8004,51059.0,0.332,20.8,26.7,68.2,30.4,0,426.7,1,0,10,2,0.1423,0
SEG-0250,2025-03-18,5.61,842.2,4,0.714,14101.0,0.387,49.8,47.3,265.5,27.9,1,1026.7,2,1,7,4,0.1749,0
SEG-0001,2025-04-02,2.65,1030.1,4,0.8355,10721.0,0.05,44.9,62.8,184.7,28.3,0,195.0,0,0,3,1,0.116,0
SEG-0002,2025-04-02,8.19,1321.1,4,0.5881,15320.0,0.178,49.2,73.9,216.4,25.1,1,884.7,2,2,11,5,0.2206,0
SEG-0003,2025-04-02,11.77,762.8,4,0.4008,10170.0,0.114,48.6,38.1,85.5,32.4,0,2433.1,4,3,13,7,0.3009,0
SEG-0004,2025-04-02,7.81,484.6,2,0.6224,20186.0,0.102,48.0,48.6,173.8,27.8,0,600.7,3,1,10,1,0.2174,0
SEG-0005,2025-04-02,5.09,469.5,2,0.7715,27368.0,0.254,38.5,13.1,51.9,29.1,0,1127.9,0,1,3,0,0.1497,0
SEG-0006,2025-04-02,7.4,1157.1,4,0.5791,9480.0,0.185,54.1,58.8,162.5,29.2,0,1831.1,1,0,6,6,0.2683,0
SEG-0007,2025-04-02,5.3,1252.4,2,0.8062,15268.0,0.379,46.8,22.5,73.7,29.2,0,131.2,2,1,2,1,0.0961,0
SEG-0008,2025-04-02,3.12,292.1,4,0.8153,46045.0,0.155,30.0,84.6,238.5,34.4,0,188.0,1,0,7,3,0.0703,0
SEG-0009,2025-04-02,4.85,239.9,2,0.8006,3261.0,0.347,48.9,102.0,277.2,28.7,0,335.3,0,0,1,1,0.0695,0
SEG-0010,2025-04-02,11.02,952.5,1,0.4964,20464.0,0.204,39.6,67.2,178.7,34.5,0,1089.8,4,3,8,8,0.2791,1
SEG-0011,2025-04-02,10.57,347.3,1,0.5199,28391.0,0.277,28.1,8.1,50.6,31.9,0,1663.4,1,3,13,5,0.2807,0
SEG-0012,2025-04-02,10.2,1263.3,4,0.496,7823.0,0.268,52.1,98.5,258.0,28.2,1,476.7,2,2,6,9,0.2767,1
SEG-0013,2025-04-02,8.5,569.0,1,0.5121,2647.0,0.214,52.3,100.8,275.8,28.4,1,1599.1,3,1,8,5,0.2768,0
SEG-0014,2025-04-02,8.94,344.2,2,0.5648,6145.0,0.397,47.5,44.7,127.2,35.3,0,203.8,1,1,5,3,0.2049,0
SEG-0015,2025-04-02,14.84,1393.3,2,0.2532,40732.0,0.15,31.0,43.0,107.1,35.7,0,1229.3,4,1,18,5,0.4483,0
SEG-0016,2025-04-02,2.27,373.5,2,0.8773,1217.0,0.108,53.6,14.6,43.3,29.7,0,149.1,0,0,2,1,0.0382,0
SEG-0017,2025-04-02,1.94,534.4,2,0.91,9390.0,0.286,50.9,28.5,96.9,29.9,0,522.4,0,0,5,4,0.0296,0
SEG-0018,2025-04-02,14.08,357.4,4,0.3231,2134.0,0.326,47.6,3.7,18.3,27.1,0,3148.7,3,1,11,5,0.4138,1
SEG-0019,2025-04-02,9.36,305.9,1,0.5914,6563.0,0.069,46.7,55.4,232.3,28.3,0,1559.0,3,0,10,5,0.2043,0
SEG-0020,2025-04-02,9.76,178.5,4,0.4742,31083.0,0.186,31.1,58.0,266.4,30.3,3,2310.7,3,1,15,9,0.261,1
SEG-0021,2025-04-02,4.31,224.8,4,0.7566,10575.0,0.347,54.0,46.9,275.8,32.9,0,603.2,0,0,3,0,0.1309,1
SEG-0022,2025-04-02,5.32,385.8,2,0.67,29461.0,0.283,43.6,82.1,191.5,26.7,0,439.6,0,1,15,5,0.1519,1
SEG-0023,2025-04-02,3.79,222.1,2,0.8307,23121.0,0.39,50.9,24.1,148.9,32.2,0,308.9,0,1,10,5,0.1259,0
SEG-0024,2025-04-02,6.4,948.0,2,0.6956,36789.0,0.222,36.6,31.9,74.8,30.1,0,525.4,2,1,8,4,0.1575,0
SEG-0025,2025-04-02,2.33,1069.0,1,0.8387,1262.0,0.248,57.5,65.2,148.3,27.1,0,552.9,0,0,1,0,0.1106,0
SEG-0026,2025-04-02,4.52,681.4,2,0.8355,36451.0,0.19,32.3,51.2,209.8,33.3,0,566.1,2,0,8,1,0.1186,0
SEG-0027,2025-04-02,4.35,579.3,6,0.8281,24641.0,0.33,43.7,30.8,144.3,26.2,0,1181.2,1,0,6,4,0.0639,0
SEG-0028,2025-04-02,13.52,831.1,6,0.4993,9075.0,0.136,47.6,15.8,60.7,27.6,0,1720.7,3,2,13,8,0.2835,0
SEG-0029,2025-04-02,14.78,1331.3,4,0.3173,33317.0,0.302,40.3,3.3,17.5,29.7,0,1060.6,3,2,17,8,0.3163,1
SEG-0030,2025-04-02,9.49,1299.0,2,0.5362,38842.0,0.18,30.8,63.4,270.1,28.3,1,630.4,1,1,16,5,0.2291,0
SEG-0031,2025-04-02,9.75,208.7,2,0.4713,13866.0,0.238,44.8,79.3,337.0,25.6,1,699.0,1,1,7,4,0.2923,0
SEG-0032,2025-04-02,14.63,395.0,4,0.3511,35433.0,0.256,35.4,5.9,20.1,27.6,0,955.3,3,3,14,6,0.3732,0
SEG-0033,2025-04-02,4.68,469.6,2,0.7543,19102.0,0.184,50.5,158.5,365.9,29.1,0,985.4,2,0,3,2,0.1199,0
SEG-0034,2025-04-02,11.97,486.7,2,0.3161,30221.0,0.347,38.0,57.8,311.3,29.3,0,2110.0,2,2,13,6,0.3746,1
SEG-0035,2025-04-02,2.46,921.2,1,0.8266,48299.0,0.214,30.0,52.0,154.8,29.9,0,213.0,1,0,8,0,0.0724,0
SEG-0036,2025-04-02,14.28,712.0,2,0.333,15447.0,0.285,43.9,36.1,93.6,33.3,0,2990.9,5,1,18,11,0.3468,1
SEG-0037,2025-04-02,14.89,216.5,2,0.1991,34846.0,0.143,35.8,27.5,140.4,35.8,0,1020.7,4,2,23,12,0.4661,1
SEG-0038,2025-04-02,8.18,654.4,2,0.5703,13214.0,0.163,43.4,36.3,99.3,32.8,0,1746.9,3,0,11,7,0.275,0
SEG-0039,2025-04-02,6.25,857.1,2,0.6817,37003.0,0.188,33.9,53.5,135.6,30.7,0,1072.4,2,0,13,4,0.1715,0
SEG-0040,2025-04-02,6.48,287.3,4,0.7664,28296.0,0.062,35.5,23.2,118.5,30.1,0,1031.6,0,1,3,1,0.124,1
SEG-0041,2025-04-02,7.18,1275.2,6,0.6114,9845.0,0.072,50.8,97.3,551.2,28.0,0,970.5,0,1,6,5,0.2358,1
SEG-0042,2025-04-02,7.95,220.1,2,0.6156,16981.0,0.28,47.2,8.8,30.8,31.8,0,1150.2,3,0,7,5,0.2218,0
SEG-0043,2025-04-02,1.63,1398.5,4,0.8852,14427.0,0.256,48.9,68.6,206.8,31.6,0,351.9,0,0,2,1,0.1113,0
SEG-0044,2025-04-02,3.19,283.8,6,0.7828,3847.0,0.268,56.7,44.0,106.4,26.4,0,135.3,1,0,6,6,0.1369,0
SEG-0045,2025-04-02,7.93,1288.8,1,0.6125,2074.0,0.02,57.1,48.5,153.4,33.0,0,1796.2,3,1,8,5,0.2595,0
SEG-0046,2025-04-02,4.22,1368.6,2,0.81,14147.0,0.156,48.7,18.2,62.1,29.6,0,201.3,1,0,5,0,0.1594,0
SEG-0047,2025-04-02,6.89,1472.4,2,0.6219,1566.0,0.066,52.2,104.5,312.2,31.0,1,1871.4,2,1,6,3,0.2322,0
SEG-0048,2025-04-02,9.53,1232.7,1,0.5561,7429.0,0.279,46.7,25.9,128.3,27.9,0,1344.4,1,2,7,6,0.2203,0
SEG-0049,2025-04-02,11.09,1202.3,4,0.5184,34294.0,0.313,36.0,2.8,16.1,30.0,0,1698.7,4,3,12,6,0.222,1
SEG-0050,2025-04-02,14.88,1017.4,2,0.2648,36669.0,0.105,31.2,28.3,81.0,24.8,0,1412.4,4,3,16,7,0.3736,1
SEG-0051,2025-04-02,6.78,1201.6,2,0.721,30809.0,0.299,44.5,51.9,153.6,30.6,1,642.9,2,1,9,5,0.1316,0
SEG-0052,2025-04-02,14.46,331.6,2,0.2841,17065.0,0.084,45.8,12.0,29.1,29.8,0,1202.1,5,2,19,12,0.3796,1
SEG-0053,2025-04-02,7.29,873.7,2,0.5751,34334.0,0.15,31.2,2.6,10.7,32.6,0,538.8,2,2,7,3,0.2386,0
SEG-0054,2025-04-02,2.4,844.2,4,0.9177,27164.0,0.092,40.0,39.7,167.8,30.0,0,638.6,0,0,5,1,0.0492,0
SEG-0055,2025-04-02,4.96,1307.7,1,0.7657,5572.0,0.162,49.9,22.1,139.7,26.3,0,920.9,1,0,4,1,0.1701,0
SEG-0056,2025-04-02,4.95,774.8,2,0.7022,7748.0,0.256,45.9,16.7,61.7,33.6,0,525.8,2,0,6,4,0.1403,1
SEG-0057,2025-04-02,10.72,669.9,2,0.4774,32632.0,0.354,31.5,92.9,246.6,32.1,1,400.6,2,2,6,5,0.318,0
SEG-0058,2025-04-02,5.35,1013.4,2,0.6853,8072.0,0.116,52.7,16.6,88.4,27.7,0,592.7,0,2,6,3,0.144,0
SEG-0059,2025-04-02,9.41,509.7,2,0.5818,22746.0,0.242,43.6,19.8,62.2,35.5,0,164.6,3,1,3,5,0.2259,0
SEG-0060,2025-04-02,3.85,338.7,2,0.8004,46988.0,0.266,23.1,21.6,52.5,31.5,0,791.8,1,0,7,1,0.1397,0
SEG-0061,2025-04-02,13.62,795.1,1,0.3188,1280.0,0.37,56.8,36.2,80.8,30.7,0,374.0,4,1,11,7,0.379,1
SEG-0062,2025-04-02,8.43,712.8,2,0.6437,1821.0,0.232,52.1,46.5,123.5,31.1,0,168.2,3,0,7,2,0.2158,0
SEG-0063,2025-04-02,14.87,464.0,4,0.2608,46792.0,0.127,29.2,55.1,153.9,38.6,0,1531.5,5,2,22,7,0.3513,1
SEG-0064,2025-04-02,13.7,646.1,2,0.3702,24472.0,0.241,37.2,21.2,103.1,28.6,0,2701.9,3,3,14,6,0.3602,1
SEG-0065,2025-04-02,3.08,644.6,2,0.8969,6011.0,0.167,58.5,3.2,14.7,27.4,0,401.0,0,0,6,3,0.1066,0
SEG-0066,2025-04-02,11.0,592.1,2,0.5376,40366.0,0.373,32.2,12.9,53.2,26.8,0,1341.3,3,3,8,6,0.2664,1
SEG-0067,2025-04-02,6.24,662.3,4,0.665,34441.0,0.167,33.1,14.0,42.0,29.6,0,313.2,0,1,3,6,0.1707,0
SEG-0068,2025-04-02,7.72,1075.8,1,0.5729,28268.0,0.278,36.6,36.5,83.5,31.9,0,1560.9,1,2,10,5,0.2742,0
SEG-0069,2025-04-02,15.05,550.8,2,0.3216,27640.0,0.056,41.6,44.5,113.9,28.9,0,2400.2,3,3,8,9,0.3349,1
SEG-0070,2025-04-02,13.89,1431.0,2,0.3768,12834.0,0.172,49.0,21.4,136.5,29.2,0,3620.0,3,1,13,7,0.3331,0
SEG-0071,2025-04-02,7.08,1387.1,2,0.7382,3118.0,0.369,59.1,32.3,174.3,33.5,0,368.2,2,0,3,2,0.1927,0
SEG-0072,2025-04-02,9.67,799.2,4,0.527,28728.0,0.232,45.1,38.0,192.7,34.1,0,385.1,1,1,8,9,0.2451,1
SEG-0073,2025-04-02,11.52,593.3,2,0.4647,15346.0,0.199,47.0,21.1,78.4,31.7,0,1531.8,2,3,16,7,0.2866,1
SEG-0074,2025-04-02,2.71,872.8,4,0.8218,33976.0,0.352,34.5,20.8,88.4,34.2,0,561.7,0,0,7,2,0.1354,0
SEG-0075,2025-04-02,3.77,1295.6,4,0.8009,39258.0,0.358,36.0,41.6,123.2,27.1,0,515.5,2,0,5,1,0.1518,0
SEG-0076,2025-04-02,14.98,1031.0,2,0.2961,2009.0,0.11,51.6,10.3,30.3,26.8,0,2475.9,4,2,6,8,0.3591,1
SEG-0077,2025-04-02,7.54,1235.9,4,0.5979,27893.0,0.196,37.4,80.4,180.1,29.7,0,488.3,1,1,12,3,0.2471,0
SEG-0078,2025-04-02,4.97,869.2,2,0.7313,11811.0,0.192,56.4,28.7,86.4,30.6,1,355.8,2,0,5,4,0.0838,0
SEG-0079,2025-04-02,13.93,1004.4,4,0.3709,40306.0,0.264,27.0,5.4,22.7,29.4,0,1929.7,3,1,25,7,0.3621,1
SEG-0080,2025-04-02,1.39,539.0,2,0.8495,13851.0,0.139,44.7,39.9,137.4,29.0,0,284.4,0,0,4,3,0.064,0
SEG-0081,2025-04-02,8.91,1142.1,2,0.5984,24151.0,0.12,48.4,10.9,66.8,25.4,0,1808.4,3,2,7,6,0.2088,0
SEG-0082,2025-04-02,9.53,423.2,2,0.4083,22007.0,0.371,40.2,34.4,204.7,32.7,0,440.3,3,1,10,8,0.2923,1
SEG-0083,2025-04-02,14.04,1088.0,1,0.3473,20764.0,0.339,36.0,18.0,119.1,28.1,0,510.0,3,1,14,10,0.3732,1
SEG-0084,2025-04-02,4.71,1312.0,2,0.6444,27838.0,0.363,49.4,92.8,510.8,25.9,0,909.0,1,0,15,5,0.2345,0
SEG-0085,2025-04-02,1.36,328.3,4,0.9361,32470.0,0.375,28.2,4.6,24.9,27.5,0,369.1,0,0,13,3,0.0833,0
SEG-0086,2025-04-02,1.75,979.4,2,0.9334,26162.0,0.331,39.5,84.6,286.7,30.3,0,313.0,1,0,4,0,0.0525,0
SEG-0087,2025-04-02,9.89,278.4,2,0.5194,38742.0,0.299,25.3,24.0,117.7,30.3,0,192.6,2,0,13,5,0.2695,0
SEG-0088,2025-04-02,14.13,1129.7,2,0.3324,49211.0,0.267,34.0,26.8,112.8,26.8,0,3307.1,2,3,17,11,0.4018,1
SEG-0089,2025-04-02,9.18,264.1,2,0.4684,21815.0,0.197,50.6,34.9,88.8,26.5,0,2417.8,3,2,8,7,0.3056,0
SEG-0090,2025-04-02,13.43,1413.5,1,0.3452,23646.0,0.186,41.1,43.9,175.1,33.9,2,186.9,3,2,12,8,0.3626,0
SEG-0091,2025-04-02,1.8,335.5,4,0.8942,1494.0,0.141,55.1,27.6,91.4,33.4,0,453.7,0,0,1,2,0.0119,0
SEG-0092,2025-04-02,3.61,1444.5,2,0.8726,38938.0,0.268,33.8,80.3,260.6,31.7,0,490.8,0,1,5,0,0.038,0
SEG-0093,2025-04-02,4.59,1231.2,2,0.7621,24885.0,0.14,38.7,54.3,202.1,29.5,1,168.5,2,0,11,5,0.1156,0
SEG-0094,2025-04-02,9.31,951.5,2,0.5717,18471.0,0.155,47.2,47.7,248.8,32.3,1,974.5,1,1,5,2,0.2246,0
SEG-0095,2025-04-02,9.93,1206.5,1,0.6057,4983.0,0.244,55.4,3.6,21.0,31.4,0,800.9,1,1,8,4,0.2152,0
SEG-0096,2025-04-02,14.55,1223.4,2,0.3283,37377.0,0.161,36.8,15.5,46.9,32.7,0,1579.9,4,1,11,7,0.4446,1
SEG-0097,2025-04-02,4.96,1427.1,4,0.7135,20909.0,0.129,47.2,52.4,130.5,31.2,0,925.5,2,0,10,4,0.1524,0
SEG-0098,2025-04-02,3.23,492.1,2,0.8277,27570.0,0.283,35.5,84.6,188.0,29.5,0,449.1,0,0,6,4,0.0315,0
SEG-0099,2025-04-02,8.49,946.6,6,0.611,6913.0,0.327,63.5,69.9,248.1,29.8,1,1955.4,3,2,5,3,0.2182,0
SEG-0100,2025-04-02,12.12,278.3,2,0.4394,40457.0,0.113,24.4,14.4,33.0,32.2,0,359.4,4,1,16,5,0.278,0
SEG-0101,2025-04-02,7.05,981.8,2,0.6889,9038.0,0.034,47.2,7.5,19.7,33.4,0,905.6,0,0,8,0,0.2342,0
SEG-0102,2025-04-02,7.0,381.2,4,0.6184,8358.0,0.166,48.4,4.7,28.4,26.5,0,1481.8,2,1,7,5,0.1645,0
SEG-0103,2025-04-02,10.35,912.7,4,0.4965,35591.0,0.305,34.2,26.0,157.2,30.0,0,1815.8,2,1,12,7,0.2347,1
SEG-0104,2025-04-02,10.38,922.8,4,0.4337,38648.0,0.344,31.9,107.8,320.8,32.7,0,2279.1,1,3,12,8,0.286,1
SEG-0105,2025-04-02,14.87,779.1,6,0.3116,9289.0,0.094,48.6,23.9,85.1,30.2,1,3358.3,5,2,8,9,0.3631,1
SEG-0106,2025-04-02,14.49,855.6,4,0.3155,22774.0,0.313,33.9,56.1,221.5,30.3,0,3366.9,5,2,13,8,0.3607,1
SEG-0107,2025-04-02,8.24,1181.3,4,0.5148,34211.0,0.117,31.1,51.9,137.2,28.0,0,981.7,1,1,12,5,0.2803,0
SEG-0108,2025-04-02,5.98,1229.0,1,0.6217,38854.0,0.17,37.2,9.7,25.3,29.4,0,173.0,1,1,9,1,0.2142,0
SEG-0109,2025-04-02,8.54,814.4,4,0.5895,19451.0,0.38,43.2,25.7,93.8,28.6,0,882.0,2,2,4,3,0.194,0
SEG-0110,2025-04-02,2.62,959.5,2,0.755,22428.0,0.125,42.9,20.5,69.8,27.9,0,647.2,1,0,6,1,0.1395,0
SEG-0111,2025-04-02,6.16,1407.2,2,0.6847,35805.0,0.087,36.9,16.0,70.7,26.9,0,1093.5,0,0,8,0,0.2139,0
SEG-0112,2025-04-02,6.59,311.6,2,0.6638,29903.0,0.2,38.0,39.3,232.1,32.1,2,1523.3,0,2,6,4,0.176,1
SEG-0113,2025-04-02,11.78,308.1,6,0.3985,36130.0,0.263,31.0,42.3,183.6,27.0,0,3196.9,4,3,16,4,0.3513,0
SEG-0114,2025-04-02,7.27,268.4,6,0.669,25757.0,0.357,40.4,43.3,101.4,31.5,0,1170.6,3,0,6,0,0.2333,0
SEG-0115,2025-04-02,13.98,1038.1,2,0.4042,4881.0,0.367,51.1,41.7,101.3,35.4,0,3183.9,4,2,8,5,0.3337,0
SEG-0116,2025-04-02,5.21,715.1,4,0.7166,42602.0,0.079,28.3,8.7,31.9,31.6,1,270.7,2,0,12,1,0.1874,0
SEG-0117,2025-04-02,5.8,1195.3,4,0.6902,44542.0,0.117,33.7,30.6,172.7,31.6,0,1451.2,2,0,6,0,0.1753,0
SEG-0118,2025-04-02,12.37,1056.2,2,0.4331,41402.0,0.283,27.7,22.5,114.7,30.0,0,3207.8,2,3,12,4,0.3476,1
SEG-0119,2025-04-02,8.49,600.4,1,0.5541,4926.0,0.128,51.6,11.8,41.9,34.0,0,2346.7,2,0,13,6,0.296,1
SEG-0120,2025-04-02,3.09,1362.8,1,0.8127,10688.0,0.373,49.8,17.8,57.7,29.7,0,221.0,0,1,5,2,0.1206,1
SEG-0121,2025-04-02,9.26,1179.4,4,0.5538,36269.0,0.276,41.5,72.5,195.2,28.9,0,505.3,1,1,11,4,0.2409,1
SEG-0122,2025-04-02,6.61,515.2,2,0.6364,2280.0,0.093,52.4,36.5,102.2,32.5,0,908.8,1,1,10,5,0.2114,0
SEG-0123,2025-04-02,10.84,641.7,6,0.479,41511.0,0.328,32.7,23.2,71.8,28.8,0,1358.6,3,1,9,6,0.2677,1
SEG-0124,2025-04-02,3.66,574.5,2,0.8146,15226.0,0.077,52.4,68.2,276.4,30.7,0,414.9,0,0,6,1,0.0827,0
SEG-0125,2025-04-02,8.87,362.8,6,0.5091,28880.0,0.183,38.5,23.7,54.0,31.3,0,1696.4,2,1,14,6,0.2522,0
SEG-0126,2025-04-02,14.84,349.5,2,0.2691,43343.0,0.206,32.1,5.6,36.0,30.1,0,697.4,5,2,19,9,0.3551,0
SEG-0127,2025-04-02,5.57,1413.8,4,0.6826,19087.0,0.194,52.4,23.3,103.9,32.3,0,511.6,2,1,11,3,0.1391,1
SEG-0128,2025-04-02,5.69,741.2,1,0.7519,16029.0,0.309,50.1,22.5,66.5,30.3,0,145.0,0,1,5,1,0.1314,0
SEG-0129,2025-04-02,5.32,667.5,2,0.735,29844.0,0.248,38.3,12.7,59.7,30.7,0,1362.1,0,0,7,3,0.1987,0
SEG-0130,2025-04-02,4.96,1135.1,4,0.7523,24378.0,0.398,40.0,49.0,170.0,30.3,0,992.8,1,0,9,2,0.109,0
SEG-0131,2025-04-02,3.01,896.5,4,0.8669,20465.0,0.337,42.0,6.2,35.6,29.3,0,855.1,0,0,5,0,0.1032,0
SEG-0132,2025-04-02,13.62,1413.8,4,0.409,31586.0,0.18,36.8,49.7,154.7,31.1,0,3512.4,4,2,18,8,0.3216,1
SEG-0133,2025-04-02,3.31,1203.4,1,0.8046,48404.0,0.077,27.6,40.1,138.7,33.9,0,540.3,0,0,7,1,0.1135,0
SEG-0134,2025-04-02,9.11,797.1,2,0.4569,22526.0,0.296,40.3,21.5,82.0,26.5,0,2237.0,1,0,9,8,0.3296,0
SEG-0135,2025-04-02,14.04,658.1,1,0.4117,9773.0,0.398,51.4,56.7,130.9,28.4,1,2805.5,2,1,16,9,0.3015,1
SEG-0136,2025-04-02,3.68,1482.0,1,0.7152,16232.0,0.148,43.1,99.0,273.9,27.3,0,424.3,0,0,2,0,0.1768,0
SEG-0137,2025-04-02,2.76,1119.0,2,0.7956,19508.0,0.196,51.7,13.9,32.4,31.0,0,619.8,0,0,8,3,0.1478,0
SEG-0138,2025-04-02,14.88,1434.1,4,0.4739,6075.0,0.199,47.1,35.1,142.8,29.2,0,194.9,5,2,7,8,0.2781,0
SEG-0139,2025-04-02,4.26,309.9,4,0.8767,7828.0,0.062,50.1,34.6,93.8,33.0,0,966.9,0,0,2,2,0.0874,0
SEG-0140,2025-04-02,5.73,1298.2,4,0.8008,28990.0,0.295,39.7,36.4,96.6,30.5,0,496.2,2,2,14,5,0.1025,0
SEG-0141,2025-04-02,13.75,1010.0,4,0.3501,16191.0,0.146,49.7,14.8,32.9,29.2,0,2066.2,3,3,6,5,0.339,0
SEG-0142,2025-04-02,11.76,314.6,4,0.4656,43662.0,0.309,25.6,14.7,51.5,32.1,0,1631.4,4,2,12,9,0.2603,0
SEG-0143,2025-04-02,9.93,944.1,1,0.4682,13205.0,0.347,50.6,40.4,118.6,27.6,0,1226.4,3,0,15,5,0.3146,0
SEG-0144,2025-04-02,11.54,1076.2,2,0.4852,5393.0,0.355,47.4,94.4,265.6,30.7,0,592.7,4,3,7,3,0.257,0
SEG-0145,2025-04-02,13.22,166.6,2,0.4163,34741.0,0.192,31.5,48.0,172.1,33.3,0,1308.9,2,3,9,5,0.3571,1
SEG-0146,2025-04-02,8.88,763.3,4,0.5753,36685.0,0.125,30.5,64.3,150.5,27.8,0,2479.0,3,0,12,3,0.247,0
SEG-0147,2025-04-02,12.2,1264.3,1,0.4549,11469.0,0.285,47.8,52.5,216.5,32.3,0,1541.0,2,2,5,4,0.2901,1
SEG-0148,2025-04-02,3.55,548.7,2,0.8005,8485.0,0.323,53.0,33.8,157.2,30.1,0,546.9,0,0,1,3,0.09,0
SEG-0149,2025-04-02,11.93,769.0,2,0.4181,8203.0,0.227,58.0,55.6,174.9,29.4,0,802.2,3,2,14,7,0.2756,0
SEG-0150,2025-04-02,13.7,747.1,1,0.3201,23442.0,0.37,43.0,274.6,650.0,36.3,1,3711.1,2,1,16,9,0.3335,1
SEG-0151,2025-04-02,7.54,557.6,2,0.657,22135.0,0.084,43.3,8.8,28.6,27.8,0,846.9,2,1,13,1,0.2065,0
SEG-0152,2025-04-02,13.58,1389.9,4,0.4262,14050.0,0.309,48.7,43.8,230.0,31.9,2,1981.9,3,2,9,5,0.2679,1
SEG-0153,2025-04-02,14.71,1204.7,2,0.3092,2620.0,0.078,57.9,37.7,104.0,29.6,0,4001.1,5,1,12,6,0.4151,1
SEG-0154,2025-04-02,12.14,299.3,2,0.4401,23539.0,0.113,41.4,14.3,32.6,29.3,0,510.7,3,1,8,9,0.2877,1
SEG-0155,2025-04-02,1.81,1496.0,4,0.9404,41897.0,0.226,28.8,64.7,204.2,30.5,0,356.4,1,0,1,0,0.0249,0
SEG-0156,2025-04-02,11.98,1336.9,2,0.4198,31841.0,0.046,42.4,4.7,20.6,26.4,0,1086.7,2,3,21,3,0.3882,1
SEG-0157,2025-04-02,8.17,533.3,4,0.7007,25603.0,0.054,45.8,37.3,91.8,32.8,0,1883.5,2,0,7,4,0.2116,0
SEG-0158,2025-04-02,4.12,1279.8,2,0.7764,5759.0,0.053,46.7,106.4,262.4,31.1,0,503.1,0,0,3,1,0.0885,0
SEG-0159,2025-04-02,4.22,293.7,2,0.7467,11146.0,0.162,47.7,91.2,217.8,29.5,0,681.9,0,1,5,3,0.1426,0
SEG-0160,2025-04-02,11.92,1498.8,2,0.376,15576.0,0.274,44.8,30.0,106.4,30.0,1,3240.5,4,1,7,6,0.3631,0
SEG-0161,2025-04-02,3.38,1048.7,2,0.8439,32033.0,0.02,43.6,39.8,221.1,33.1,0,608.8,0,0,6,1,0.0837,0
SEG-0162,2025-04-02,5.41,1027.7,4,0.7414,40057.0,0.249,28.6,31.7,134.9,30.5,0,1053.7,0,1,7,2,0.103,1
SEG-0163,2025-04-02,7.54,272.1,2,0.6431,35572.0,0.328,34.9,18.9,90.5,25.8,0,1046.0,1,2,15,4,0.2062,0
SEG-0164,2025-04-02,9.83,1361.0,1,0.5295,42123.0,0.103,34.4,38.0,127.9,26.2,0,1865.8,2,2,7,6,0.2298,1
SEG-0165,2025-04-02,5.16,189.1,2,0.6932,40450.0,0.09,34.7,106.7,259.6,27.7,1,998.6,1,1,8,0,0.1611,0
SEG-0166,2025-04-02,2.06,475.1,4,0.8995,42752.0,0.337,37.7,32.9,119.4,29.9,0,458.5,1,1,9,4,0.0837,0
SEG-0167,2025-04-02,1.52,343.1,4,0.9223,3637.0,0.293,55.9,6.0,31.9,29.2,0,243.5,0,1,3,2,0.0853,0
SEG-0168,2025-04-02,3.77,1198.6,6,0.7876,6694.0,0.266,56.5,70.2,278.8,31.2,0,756.5,2,0,4,3,0.1019,0
SEG-0169,2025-04-02,3.87,417.6,2,0.8576,14774.0,0.325,51.7,34.5,177.2,28.0,0,586.5,1,0,5,5,0.1185,0
SEG-0170,2025-04-02,8.35,1379.4,2,0.5529,21588.0,0.086,42.6,85.3,310.3,28.9,1,1325.8,1,2,11,6,0.2223,0
SEG-0171,2025-04-02,14.11,1036.0,1,0.3982,5327.0,0.153,51.6,21.9,68.1,27.3,0,2517.8,4,3,10,4,0.3268,1
SEG-0172,2025-04-02,4.81,198.8,2,0.7872,41439.0,0.29,29.7,28.0,180.2,33.1,0,562.7,2,1,8,2,0.0919,0
SEG-0173,2025-04-02,9.61,157.3,6,0.5545,30136.0,0.131,36.6,4.9,12.5,29.2,0,281.7,1,1,16,7,0.2353,0
SEG-0174,2025-04-02,13.0,219.7,4,0.3813,23757.0,0.278,37.2,101.1,235.6,31.1,1,2486.0,3,1,10,6,0.3354,1
SEG-0175,2025-04-02,10.3,968.0,2,0.4938,8695.0,0.213,48.5,70.4,208.5,25.9,0,344.1,1,1,16,6,0.3265,0
SEG-0176,2025-04-02,15.19,1232.0,2,0.2255,13938.0,0.275,45.5,37.0,82.9,30.9,0,3065.3,5,3,11,8,0.4306,0
SEG-0177,2025-04-02,7.0,472.0,4,0.7393,8581.0,0.19,52.1,4.4,23.3,27.3,0,153.1,1,0,3,3,0.2054,0
SEG-0178,2025-04-02,5.51,1296.7,2,0.7779,39949.0,0.204,35.9,24.0,104.0,30.6,0,603.6,0,2,6,0,0.1621,0
SEG-0179,2025-04-02,14.36,227.3,1,0.439,28077.0,0.115,33.1,8.4,40.7,30.0,0,2718.5,3,2,16,10,0.3693,1
SEG-0180,2025-04-02,9.28,1231.3,2,0.5314,37766.0,0.129,42.5,13.3,46.1,26.7,1,1478.0,2,2,11,5,0.246,1
SEG-0181,2025-04-02,10.11,1402.5,1,0.591,14271.0,0.306,45.4,37.0,139.6,27.0,0,1000.3,3,1,8,3,0.2184,0
SEG-0182,2025-04-02,14.35,1192.3,2,0.3429,18639.0,0.113,49.9,87.0,238.5,29.1,1,863.3,5,1,12,9,0.4151,1
SEG-0183,2025-04-02,14.36,1092.5,1,0.315,16252.0,0.078,46.3,19.8,107.6,29.8,0,3718.6,3,1,14,4,0.3771,1
SEG-0184,2025-04-02,13.41,1281.3,2,0.3391,33872.0,0.128,29.3,31.1,81.2,28.5,0,3688.0,3,3,8,6,0.3649,1
SEG-0185,2025-04-02,9.65,204.2,2,0.5625,40088.0,0.093,27.7,22.3,76.2,30.7,0,1102.4,1,0,11,4,0.2213,0
SEG-0186,2025-04-02,4.19,422.4,2,0.793,10138.0,0.305,46.1,6.7,31.3,31.3,0,893.1,1,0,1,0,0.0858,0
SEG-0187,2025-04-02,10.29,318.6,2,0.4616,42269.0,0.191,28.1,8.1,50.5,28.4,0,1042.8,3,3,8,8,0.2528,1
SEG-0188,2025-04-02,14.47,831.1,6,0.2418,5938.0,0.4,52.7,18.5,66.8,28.4,0,1107.3,4,2,23,10,0.4246,1
SEG-0189,2025-04-02,10.74,1156.0,4,0.4757,39062.0,0.096,25.9,79.3,208.7,29.0,0,1070.9,1,2,15,6,0.3233,1
SEG-0190,2025-04-02,6.23,1000.5,2,0.6873,6118.0,0.254,46.3,29.0,125.4,31.8,0,1464.9,1,0,6,7,0.1435,1
SEG-0191,2025-04-02,11.95,1299.0,2,0.5081,12048.0,0.175,44.1,21.0,64.3,32.8,0,1884.7,4,1,11,8,0.2631,1
SEG-0192,2025-04-02,11.66,359.5,4,0.4747,32668.0,0.166,42.9,17.0,84.8,35.8,0,3201.6,2,3,12,6,0.3214,1
SEG-0193,2025-04-02,12.58,1141.7,2,0.4272,9896.0,0.34,53.3,29.8,94.2,31.0,0,1320.4,2,1,7,4,0.3555,1
SEG-0194,2025-04-02,3.54,410.6,2,0.7732,19453.0,0.359,42.9,14.6,33.8,27.2,0,202.9,1,1,9,2,0.1473,0
SEG-0195,2025-04-02,14.07,515.5,4,0.2763,19385.0,0.333,46.5,36.2,107.3,30.0,1,1622.7,2,3,10,12,0.3865,1
SEG-0196,2025-04-02,3.15,1108.4,2,0.9132,12045.0,0.075,52.0,44.3,223.0,29.0,1,848.3,0,0,1,0,0.0289,0
SEG-0197,2025-04-02,2.06,1473.3,4,0.8977,34541.0,0.112,39.0,24.6,161.8,27.4,0,582.2,1,0,5,0,0.0134,0
SEG-0198,2025-04-02,12.77,975.6,2,0.2986,39222.0,0.219,29.2,30.1,150.3,30.5,0,746.8,2,2,19,9,0.3947,1
SEG-0199,2025-04-02,4.12,223.6,2,0.8259,44983.0,0.161,26.9,63.8,198.7,28.8,0,260.7,0,0,14,5,0.0723,0
SEG-0200,2025-04-02,1.25,982.0,2,0.8874,16880.0,0.302,45.8,32.1,110.0,31.8,0,336.4,0,0,6,0,0.0542,0
SEG-0201,2025-04-02,9.24,207.2,2,0.4499,24139.0,0.234,37.8,22.2,145.6,27.1,0,2550.9,3,2,9,9,0.2602,1
SEG-0202,2025-04-02,7.17,1343.6,2,0.6417,10465.0,0.266,59.1,32.6,201.8,29.5,0,328.2,1,2,5,5,0.1743,0
SEG-0203,2025-04-02,8.96,1107.9,2,0.6219,12606.0,0.289,48.9,44.9,214.0,35.2,0,2001.8,3,2,11,3,0.2238,1
SEG-0204,2025-04-02,3.03,383.7,4,0.8589,7657.0,0.274,49.3,16.7,102.5,30.2,0,361.3,0,1,7,3,0.0751,1
SEG-0205,2025-04-02,6.33,273.8,2,0.6904,37784.0,0.033,30.8,30.7,114.8,34.4,0,1264.4,0,1,16,6,0.1908,0
SEG-0206,2025-04-02,4.18,397.8,2,0.8231,37809.0,0.04,35.4,11.9,45.1,29.2,0,733.8,0,0,8,0,0.0813,0
SEG-0207,2025-04-02,14.2,1473.0,4,0.2992,35828.0,0.23,32.1,48.7,223.9,28.4,1,618.7,4,3,8,8,0.3732,1
SEG-0208,2025-04-02,6.35,769.1,4,0.6488,27029.0,0.2,38.6,78.9,191.2,31.2,0,167.4,1,0,9,3,0.2232,0
SEG-0209,2025-04-02,10.89,1208.5,2,0.413,24502.0,0.146,35.7,49.8,172.7,33.9,0,2326.4,2,3,10,4,0.3121,1
SEG-0210,2025-04-02,2.98,1009.2,2,0.8987,23718.0,0.182,39.7,9.5,56.9,30.6,1,299.9,1,1,5,2,0.0588,0
SEG-0211,2025-04-02,13.32,922.8,6,0.4273,21354.0,0.309,42.8,40.8,116.4,32.6,0,3694.5,4,1,13,7,0.3453,1
SEG-0212,2025-04-02,2.32,345.9,2,0.9151,20452.0,0.335,42.6,35.3,207.4,28.0,0,573.9,0,1,4,1,0.0285,0
SEG-0213,2025-04-02,6.11,1427.1,4,0.6543,7767.0,0.209,49.0,18.8,54.7,34.3,1,1412.2,1,0,6,3,0.1499,0
SEG-0214,2025-04-02,3.74,556.8,4,0.8832,6282.0,0.134,54.2,37.6,197.9,32.6,0,476.4,1,0,1,4,0.0711,0
SEG-0215,2025-04-02,6.09,930.3,4,0.7033,43227.0,0.132,30.5,71.2,164.9,32.5,0,570.4,1,1,6,4,0.1573,0
SEG-0216,2025-04-02,15.22,1094.7,2,0.2389,25134.0,0.191,41.4,5.8,24.4,30.0,0,572.4,4,3,19,8,0.4234,1
SEG-0217,2025-04-02,15.04,1026.5,2,0.2655,46287.0,0.103,26.6,105.6,319.6,33.7,1,1666.6,5,3,3,10,0.4286,1
SEG-0218,2025-04-02,8.2,1419.8,1,0.6171,7454.0,0.202,53.0,23.8,139.9,32.6,0,2014.9,3,1,6,4,0.2178,0
SEG-0219,2025-04-02,4.73,350.4,2,0.7987,23293.0,0.246,40.1,61.9,206.5,26.0,0,287.4,2,1,7,4,0.0925,0
SEG-0220,2025-04-02,10.29,836.3,6,0.4652,9888.0,0.09,49.6,26.3,159.0,30.7,0,2251.1,1,2,9,7,0.2424,1
SEG-0221,2025-04-02,14.71,695.4,2,0.4056,12690.0,0.049,46.4,24.8,74.1,30.2,0,3821.5,4,3,10,6,0.352,1
SEG-0222,2025-04-02,12.38,790.1,2,0.4263,2519.0,0.106,47.8,66.8,256.6,30.3,2,2798.5,4,2,12,9,0.3255,1
SEG-0223,2025-04-02,7.79,310.9,1,0.6394,6354.0,0.325,49.1,81.0,187.9,33.8,0,2095.9,2,0,1,1,0.1905,0
SEG-0224,2025-04-02,9.66,331.0,6,0.5423,41993.0,0.246,25.9,19.2,115.8,31.1,0,2180.4,1,2,10,4,0.2441,1
SEG-0225,2025-04-02,7.17,525.4,1,0.6742,15273.0,0.076,45.9,141.3,358.4,30.4,1,1994.9,1,0,11,6,0.2084,1
SEG-0226,2025-04-02,10.97,561.4,1,0.3517,26641.0,0.355,43.5,49.3,115.5,27.3,0,1770.2,4,1,13,6,0.3251,1
SEG-0227,2025-04-02,7.44,727.7,2,0.7102,18429.0,0.218,42.6,49.4,122.5,29.9,0,995.4,2,1,15,6,0.2021,0
SEG-0228,2025-04-02,11.29,974.8,1,0.3993,19245.0,0.191,46.2,52.0,156.7,31.7,0,1310.8,3,1,10,5,0.3186,0
SEG-0229,2025-04-02,14.82,1006.7,2,0.3307,25868.0,0.343,47.2,14.8,54.3,29.3,0,3282.2,4,2,13,7,0.3303,1
SEG-0230,2025-04-02,13.02,705.9,2,0.4436,8262.0,0.069,50.5,25.8,97.5,33.7,0,588.6,2,1,9,7,0.3207,1
SEG-0231,2025-04-02,8.01,701.9,2,0.5483,47408.0,0.117,37.9,10.1,22.8,27.7,0,747.2,3,0,8,6,0.2503,0
SEG-0232,2025-04-02,14.69,443.8,1,0.3159,35404.0,0.24,25.6,21.0,103.6,29.8,0,3768.5,4,1,11,10,0.373,1
SEG-0233,2025-04-02,5.32,944.2,1,0.7273,29961.0,0.078,45.4,24.5,97.1,34.8,1,1393.9,2,0,7,2,0.1512,0
SEG-0234,2025-04-02,5.05,578.0,2,0.6998,19569.0,0.289,42.2,47.2,161.7,31.1,0,1256.5,2,0,8,5,0.1615,0
SEG-0235,2025-04-02,3.83,198.7,1,0.843,8549.0,0.116,44.5,25.5,81.8,29.1,0,526.1,0,0,4,1,0.1473,0
SEG-0236,2025-04-02,14.46,714.8,2,0.2404,37799.0,0.073,40.0,73.7,227.9,31.3,0,3127.8,3,3,19,7,0.4196,1
SEG-0237,2025-04-02,8.59,790.1,2,0.6271,17032.0,0.087,45.9,21.8,129.8,29.6,0,1791.2,1,2,8,5,0.178,0
SEG-0238,2025-04-02,13.43,454.6,2,0.3718,3596.0,0.187,56.5,10.5,65.5,30.3,0,1852.4,2,1,9,4,0.3581,0
SEG-0239,2025-04-02,8.71,922.8,2,0.5681,18022.0,0.096,48.5,19.8,98.4,33.9,0,434.7,3,0,11,6,0.2227,0
SEG-0240,2025-04-02,12.39,913.8,2,0.4534,38944.0,0.055,35.4,22.6,102.6,27.2,0,1719.9,4,3,5,7,0.331,0
SEG-0241,2025-04-02,14.0,1097.7,1,0.1936,29807.0,0.342,35.4,31.7,83.9,29.7,0,1146.4,2,3,22,11,0.4683,1
SEG-0242,2025-04-02,12.75,1024.7,1,0.37,35505.0,0.172,36.4,59.7,150.2,29.5,0,1963.9,3,3,12,9,0.3464,1
SEG-0243,2025-04-02,3.72,1030.8,4,0.8071,36632.0,0.145,37.9,59.0,185.0,30.6,0,276.6,0,0,2,2,0.0613,0
SEG-0244,2025-04-02,2.08,576.9,1,0.9222,10419.0,0.097,55.7,52.0,223.2,32.8,0,268.5,0,1,3,0,0.1025,0
SEG-0245,2025-04-02,4.19,1213.0,2,0.8391,37315.0,0.129,40.6,32.1,104.6,28.3,0,293.3,2,0,8,1,0.0614,0
SEG-0246,2025-04-02,4.6,891.3,2,0.8003,18635.0,0.115,51.4,81.6,197.7,31.7,0,283.2,0,0,5,4,0.0903,0
SEG-0247,2025-04-02,9.55,732.4,2,0.5454,31768.0,0.266,42.0,43.2,234.0,33.2,0,2587.5,3,1,17,4,0.3154,1
SEG-0248,2025-04-02,10.42,995.1,2,0.4725,992.0,0.128,62.4,6.0,17.0,31.2,0,1713.0,3,3,8,2,0.2589,1
SEG-0249,2025-04-02,1.95,636.9,4,0.766,46449.0,0.317,22.8,35.8,175.9,27.5,1,441.7,1,0,11,0,0.1337,0
SEG-0250,2025-04-02,5.65,842.2,4,0.7086,14922.0,0.379,39.7,43.2,174.4,33.3,0,1041.7,2,1,12,5,0.1389,0
SEG-0001,2025-04-17,2.69,1030.1,4,0.8035,12707.0,0.056,46.4,35.4,179.8,31.0,0,210.0,0,0,3,1,0.1343,0
SEG-0002,2025-04-17,8.23,1321.1,4,0.5784,13008.0,0.209,45.2,9.0,41.2,32.0,0,899.7,2,2,3,8,0.1866,0
SEG-0003,2025-04-17,11.81,762.8,4,0.4094,10294.0,0.106,47.7,97.9,355.7,33.1,0,2448.1,4,3,13,8,0.3052,1
SEG-0004,2025-04-17,7.85,484.6,2,0.5754,24971.0,0.094,48.0,16.7,89.0,34.1,0,615.7,3,1,6,4,0.2067,0
SEG-0005,2025-04-17,5.13,469.5,2,0.803,32619.0,0.281,33.9,6.5,20.3,36.3,0,1142.9,0,1,6,2,0.1312,0
SEG-0006,2025-04-17,7.44,1157.1,4,0.5903,12417.0,0.188,42.2,22.9,147.0,30.7,0,1846.1,1,0,11,5,0.2878,0
SEG-0007,2025-04-17,5.34,1252.4,2,0.7996,14951.0,0.36,37.2,22.0,83.6,31.9,0,146.2,2,1,1,1,0.0969,0
SEG-0008,2025-04-17,3.16,292.1,4,0.8737,43576.0,0.144,30.3,3.2,17.1,30.0,1,203.0,1,0,5,0,0.0619,0
SEG-0009,2025-04-17,4.89,239.9,2,0.7852,2748.0,0.288,48.8,65.3,153.4,33.3,0,350.3,0,0,3,1,0.0578,0
SEG-0010,2025-04-17,11.07,952.5,1,0.4875,23831.0,0.171,38.7,79.8,196.3,36.0,0,1104.8,4,3,10,5,0.2818,1
SEG-0011,2025-04-17,10.61,347.3,1,0.4849,29380.0,0.235,43.6,10.0,29.4,32.2,0,1678.4,1,3,8,8,0.3175,1
SEG-0012,2025-04-17,10.24,1263.3,4,0.4878,6979.0,0.266,58.5,155.7,353.2,33.7,0,491.7,2,2,6,6,0.266,0
SEG-0013,2025-04-17,8.54,569.0,1,0.5745,2804.0,0.204,47.7,165.2,488.9,28.7,3,1614.1,3,1,6,3,0.2348,0
SEG-0014,2025-04-17,8.98,344.2,2,0.5599,6588.0,0.342,51.9,64.1,211.9,26.6,0,218.8,1,1,4,2,0.2429,0
SEG-0015,2025-04-17,14.88,1393.3,2,0.2542,45951.0,0.168,33.4,29.9,93.8,29.7,0,1244.3,4,1,24,6,0.4111,1
SEG-0016,2025-04-17,2.31,373.5,2,0.8776,1515.0,0.077,48.7,24.6,94.0,33.7,1,164.1,0,0,0,0,0.0394,0
SEG-0017,2025-04-17,1.98,534.4,2,0.8899,8556.0,0.275,51.2,70.2,255.9,30.7,1,537.4,0,0,1,1,0.062,0
SEG-0018,2025-04-17,14.12,357.4,4,0.2536,2229.0,0.283,49.8,31.5,162.5,32.8,0,3163.7,3,1,9,6,0.4079,1
SEG-0019,2025-04-17,9.4,305.9,1,0.5285,6292.0,0.08,53.6,60.1,262.4,28.3,0,1574.0,3,0,9,5,0.2406,1
SEG-0020,2025-04-17,9.8,178.5,4,0.4435,26818.0,0.21,32.9,73.1,186.5,32.5,0,2325.7,3,1,9,6,0.2767,1
SEG-0021,2025-04-17,4.36,224.8,4,0.7573,13029.0,0.38,51.8,41.6,145.8,33.6,0,618.2,0,0,2,2,0.1295,0
SEG-0022,2025-04-17,5.36,385.8,2,0.6985,26889.0,0.302,43.2,83.7,265.5,32.3,1,454.6,0,1,7,5,0.1637,0
SEG-0023,2025-04-17,3.83,222.1,2,0.8102,26110.0,0.371,38.3,50.0,193.0,32.2,1,323.9,0,1,4,5,0.131,1
SEG-0024,2025-04-17,6.44,948.0,2,0.7124,33240.0,0.27,39.5,144.5,345.7,30.4,0,540.4,2,1,4,2,0.1249,0
SEG-0025,2025-04-17,2.38,1069.0,1,0.7733,1361.0,0.259,53.6,42.3,142.8,27.4,0,567.9,0,0,1,1,0.1246,0
SEG-0026,2025-04-17,4.56,681.4,2,0.7512,43050.0,0.149,25.7,238.9,650.0,33.3,1,581.1,2,0,12,3,0.1205,1
SEG-0027,2025-04-17,4.39,579.3,6,0.8001,27832.0,0.326,42.3,5.2,19.7,33.3,1,1196.2,1,0,8,2,0.1107,0
SEG-0028,2025-04-17,13.56,831.1,6,0.4812,8376.0,0.15,54.7,31.9,118.6,33.0,0,1735.7,3,2,11,7,0.2625,0
SEG-0029,2025-04-17,14.82,1331.3,4,0.2898,36211.0,0.256,40.1,115.0,334.7,31.9,0,1075.6,3,2,8,8,0.3547,1
SEG-0030,2025-04-17,9.53,1299.0,2,0.5683,39612.0,0.178,31.6,47.6,155.5,27.9,0,645.4,1,1,16,5,0.2492,1
SEG-0031,2025-04-17,9.79,208.7,2,0.4636,11314.0,0.222,47.8,22.1,91.4,32.8,0,714.0,1,1,7,4,0.2801,1
SEG-0032,2025-04-17,14.68,395.0,4,0.3832,42106.0,0.28,31.1,34.8,79.2,26.6,0,970.3,3,3,10,5,0.3561,1
SEG-0033,2025-04-17,4.72,469.6,2,0.7556,19395.0,0.162,42.8,194.5,487.8,32.1,3,1000.4,2,0,6,2,0.1455,1
SEG-0034,2025-04-17,12.01,486.7,2,0.3405,23543.0,0.341,40.8,106.2,339.9,38.8,0,2125.0,2,2,18,9,0.3641,1
SEG-0035,2025-04-17,2.5,921.2,1,0.8298,50903.0,0.154,24.6,10.0,51.9,30.7,0,228.0,1,0,10,2,0.0683,0
SEG-0036,2025-04-17,14.32,712.0,2,0.2673,16227.0,0.28,45.6,119.7,276.6,31.9,0,3005.9,5,1,9,10,0.3402,1
SEG-0037,2025-04-17,14.93,216.5,2,0.1875,41682.0,0.174,30.1,65.2,148.6,29.6,0,1035.7,4,2,13,9,0.4685,1
SEG-0038,2025-04-17,8.22,654.4,2,0.5617,13984.0,0.173,39.9,64.1,302.6,31.9,2,1761.9,3,0,6,7,0.2694,0
SEG-0039,2025-04-17,6.29,857.1,2,0.6494,38600.0,0.168,32.6,55.5,141.7,33.0,0,1087.4,2,0,9,4,0.2059,0
SEG-0040,2025-04-17,6.52,287.3,4,0.8228,29851.0,0.076,32.6,118.5,322.0,31.3,1,1046.6,0,1,9,2,0.1298,0
SEG-0041,2025-04-17,7.22,1275.2,6,0.6358,10529.0,0.095,48.3,59.1,151.1,31.6,1,985.5,0,1,11,3,0.2124,1
SEG-0042,2025-04-17,7.99,220.1,2,0.6288,21997.0,0.317,40.9,49.6,121.7,32.7,0,1165.2,3,0,3,2,0.2331,1
SEG-0043,2025-04-17,1.67,1398.5,4,0.8693,13942.0,0.282,46.5,51.5,279.2,29.1,0,366.9,0,0,4,3,0.0969,0
SEG-0044,2025-04-17,3.23,283.8,6,0.817,3824.0,0.309,57.8,29.0,68.6,31.7,0,150.3,1,0,6,3,0.1205,0
SEG-0045,2025-04-17,7.97,1288.8,1,0.5715,2069.0,0.063,55.4,3.7,11.7,33.0,0,1811.2,3,1,12,7,0.2634,1
SEG-0046,2025-04-17,4.26,1368.6,2,0.8077,18076.0,0.129,42.1,44.9,133.2,35.3,0,216.3,1,0,6,1,0.1364,0
SEG-0047,2025-04-17,6.93,1472.4,2,0.6262,1687.0,0.119,59.7,45.5,122.8,34.3,0,1886.4,2,1,10,3,0.2172,0
SEG-0048,2025-04-17,9.57,1232.7,1,0.5861,7330.0,0.326,47.6,111.2,291.1,30.6,2,1359.4,1,2,7,7,0.2189,0
SEG-0049,2025-04-17,11.13,1202.3,4,0.5156,27986.0,0.323,38.3,69.3,175.5,31.7,0,1713.7,4,3,8,6,0.2287,0
SEG-0050,2025-04-17,14.92,1017.4,2,0.2554,29300.0,0.13,39.7,59.2,179.7,30.7,1,1427.4,4,3,9,8,0.392,1
SEG-0051,2025-04-17,6.82,1201.6,2,0.7319,35812.0,0.295,33.8,113.7,270.5,29.1,1,657.9,2,1,7,5,0.1431,0
SEG-0052,2025-04-17,14.5,331.6,2,0.2594,14533.0,0.094,42.7,14.1,70.6,36.9,0,1217.1,5,2,13,12,0.3825,1
SEG-0053,2025-04-17,7.33,873.7,2,0.6193,42942.0,0.143,32.1,42.4,218.3,29.2,1,553.8,2,2,12,2,0.2536,1
SEG-0054,2025-04-17,2.44,844.2,4,0.9096,30520.0,0.099,36.2,38.2,87.5,34.9,0,653.6,0,0,4,0,0.0226,0
SEG-0055,2025-04-17,5.01,1307.7,1,0.7428,5927.0,0.162,48.8,233.9,606.8,27.3,0,935.9,1,0,4,2,0.1843,1
SEG-0056,2025-04-17,5.0,774.8,2,0.6904,6274.0,0.282,48.1,15.2,100.3,32.4,0,540.8,2,0,3,5,0.144,0
SEG-0057,2025-04-17,10.76,669.9,2,0.4849,29583.0,0.34,35.4,41.8,192.4,30.1,0,415.6,2,2,8,3,0.2804,0
SEG-0058,2025-04-17,5.39,1013.4,2,0.7067,8147.0,0.104,55.9,68.7,293.2,28.1,0,607.7,0,2,9,3,0.1292,0
SEG-0059,2025-04-17,9.45,509.7,2,0.5797,26635.0,0.232,46.6,58.7,168.4,32.6,0,179.6,3,1,13,4,0.2472,0
SEG-0060,2025-04-17,3.89,338.7,2,0.8637,44811.0,0.275,32.1,6.1,27.0,31.5,0,806.8,1,0,8,3,0.1284,0
SEG-0061,2025-04-17,13.66,795.1,1,0.2995,1286.0,0.353,60.3,52.0,132.3,33.4,0,389.0,4,1,9,7,0.3898,1
SEG-0062,2025-04-17,8.48,712.8,2,0.6562,1876.0,0.249,52.7,11.3,58.4,33.9,0,183.2,3,0,2,3,0.176,0
SEG-0063,2025-04-17,14.91,464.0,4,0.2863,40578.0,0.145,34.7,98.7,301.8,27.0,0,1546.5,5,2,21,5,0.3829,1
SEG-0064,2025-04-17,13.74,646.1,2,0.3554,25741.0,0.232,47.2,18.7,77.1,32.0,1,2716.9,3,3,11,4,0.3728,1
SEG-0065,2025-04-17,3.12,644.6,2,0.8881,5654.0,0.15,53.8,17.0,48.7,30.0,0,416.0,0,0,2,4,0.0954,0
SEG-0066,2025-04-17,11.04,592.1,2,0.5319,42829.0,0.375,36.0,47.2,209.5,34.1,1,1356.3,3,3,17,6,0.2965,1
SEG-0067,2025-04-17,6.28,662.3,4,0.6847,37715.0,0.166,31.8,37.2,97.7,31.5,0,328.2,0,1,13,6,0.1653,1
SEG-0068,2025-04-17,7.76,1075.8,1,0.5579,22444.0,0.251,43.5,7.7,48.2,32.6,0,1575.9,1,2,9,4,0.3007,1
SEG-0069,2025-04-17,15.09,550.8,2,0.3155,26915.0,0.082,40.4,9.8,25.4,27.6,0,2415.2,3,3,10,8,0.3722,1
SEG-0070,2025-04-17,13.93,1431.0,2,0.3565,12311.0,0.207,46.5,90.5,397.8,31.4,3,3635.0,3,1,11,9,0.3189,0
SEG-0071,2025-04-17,7.12,1387.1,2,0.6967,2981.0,0.323,55.1,15.7,82.6,31.8,0,383.2,2,0,0,1,0.1653,0
SEG-0072,2025-04-17,9.71,799.2,4,0.5577,27123.0,0.226,38.5,6.3,36.3,35.6,0,400.1,1,1,16,8,0.2595,0
SEG-0073,2025-04-17,11.56,593.3,2,0.4933,12603.0,0.2,48.2,11.2,61.8,33.4,0,1546.8,2,3,9,5,0.2715,0
SEG-0074,2025-04-17,2.75,872.8,4,0.817,26622.0,0.354,37.5,28.8,132.6,33.9,1,576.7,0,0,5,3,0.111,1
SEG-0075,2025-04-17,3.81,1295.6,4,0.8185,33449.0,0.323,35.0,41.5,184.3,30.5,0,530.5,2,0,11,4,0.1291,0
SEG-0076,2025-04-17,15.02,1031.0,2,0.281,2005.0,0.12,50.5,44.1,104.1,29.2,0,2490.9,4,2,6,7,0.36,1
SEG-0077,2025-04-17,7.58,1235.9,4,0.5992,26518.0,0.23,39.8,21.8,69.2,33.6,0,503.3,1,1,10,3,0.2442,0
SEG-0078,2025-04-17,5.01,869.2,2,0.7713,12149.0,0.218,55.9,62.1,177.5,34.9,0,370.8,2,0,3,5,0.0937,0
SEG-0079,2025-04-17,13.97,1004.4,4,0.3487,42641.0,0.273,32.6,39.5,258.7,33.1,0,1944.7,3,1,12,7,0.3469,1
SEG-0080,2025-04-17,1.43,539.0,2,0.8816,12250.0,0.147,49.2,26.9,100.5,34.6,0,299.4,0,0,10,5,0.0583,0
SEG-0081,2025-04-17,8.95,1142.1,2,0.6081,24325.0,0.119,35.7,78.6,178.0,33.0,1,1823.4,3,2,7,4,0.202,0
SEG-0082,2025-04-17,9.57,423.2,2,0.3904,21674.0,0.337,49.4,124.8,355.3,33.6,2,455.3,3,1,11,8,0.3065,1
SEG-0083,2025-04-17,14.09,1088.0,1,0.3218,16123.0,0.333,47.1,160.7,385.9,29.0,1,525.0,3,1,15,9,0.3817,1
SEG-0084,2025-04-17,4.75,1312.0,2,0.6539,28767.0,0.316,38.4,104.1,363.1,33.1,1,924.0,1,0,12,5,0.2167,1
SEG-0085,2025-04-17,1.4,328.3,4,0.908,33132.0,0.368,42.7,62.6,141.3,28.3,0,384.1,0,0,5,1,0.0648,0
SEG-0086,2025-04-17,1.79,979.4,2,0.8945,27275.0,0.304,40.0,87.8,263.1,30.0,1,328.0,1,0,5,0,0.0265,0
SEG-0087,2025-04-17,9.93,278.4,2,0.5244,35437.0,0.312,33.2,5.2,32.9,31.6,0,207.6,2,0,13,5,0.2772,0
SEG-0088,2025-04-17,14.17,1129.7,2,0.3349,50164.0,0.34,19.8,28.0,109.8,31.6,0,3322.1,2,3,21,11,0.3858,1
SEG-0089,2025-04-17,9.22,264.1,2,0.4805,20852.0,0.212,45.5,21.7,85.8,31.0,0,2432.8,3,2,11,7,0.3097,1
SEG-0090,2025-04-17,13.47,1413.5,1,0.3093,26793.0,0.2,44.8,90.0,214.1,33.4,0,201.9,3,2,10,7,0.3568,0
SEG-0091,2025-04-17,1.84,335.5,4,0.9162,1699.0,0.117,55.1,48.1,182.6,31.0,0,468.7,0,0,2,0,0.0199,0
SEG-0092,2025-04-17,3.65,1444.5,2,0.8679,40541.0,0.261,27.8,38.8,90.0,27.5,0,505.8,0,1,5,0,0.0403,0
SEG-0093,2025-04-17,4.63,1231.2,2,0.7544,26706.0,0.165,38.0,46.0,191.5,25.4,0,183.5,2,0,9,5,0.1213,0
SEG-0094,2025-04-17,9.36,951.5,2,0.5566,17626.0,0.129,39.2,11.0,73.2,30.1,0,989.5,1,1,7,4,0.2497,0
SEG-0095,2025-04-17,9.97,1206.5,1,0.5853,5870.0,0.223,49.7,3.1,9.8,31.6,0,815.9,1,1,6,6,0.2309,0
SEG-0096,2025-04-17,14.59,1223.4,2,0.2928,37086.0,0.204,25.8,62.2,148.9,33.2,0,1594.9,4,1,16,7,0.4126,1
SEG-0097,2025-04-17,5.0,1427.1,4,0.7123,16417.0,0.129,43.0,27.2,133.2,30.3,0,940.5,2,0,8,4,0.13,0
SEG-0098,2025-04-17,3.27,492.1,2,0.8694,30146.0,0.327,34.8,26.1,90.3,35.1,0,464.1,0,0,6,5,0.045,0
SEG-0099,2025-04-17,8.53,946.6,6,0.5734,8224.0,0.357,49.5,95.3,235.9,31.8,0,1970.4,3,2,11,3,0.2046,0
SEG-0100,2025-04-17,12.16,278.3,2,0.4119,49208.0,0.064,29.6,42.1,142.1,33.7,0,374.4,4,1,12,6,0.2657,0
SEG-0101,2025-04-17,7.1,981.8,2,0.6869,7896.0,0.02,53.9,38.7,144.0,35.8,0,920.6,0,0,9,0,0.2243,0
SEG-0102,2025-04-17,7.04,381.2,4,0.581,9059.0,0.174,49.7,38.7,98.2,29.9,1,1496.8,2,1,4,2,0.1805,0
SEG-0103,2025-04-17,10.39,912.7,4,0.5023,42345.0,0.301,28.0,44.5,129.9,29.4,0,1830.8,2,1,4,7,0.2498,1
SEG-0104,2025-04-17,10.43,922.8,4,0.4608,37208.0,0.347,26.4,16.0,48.7,28.9,0,2294.1,1,3,8,9,0.2683,1
SEG-0105,2025-04-17,14.91,779.1,6,0.3355,11314.0,0.122,45.6,31.0,90.4,28.8,0,3373.3,5,2,14,9,0.3537,1
SEG-0106,2025-04-17,14.53,855.6,4,0.3442,21824.0,0.286,42.2,19.5,121.1,29.4,0,3381.9,5,2,17,11,0.3259,1
SEG-0107,2025-04-17,8.28,1181.3,4,0.5142,29468.0,0.05,35.0,147.2,334.8,32.0,2,996.7,1,1,9,7,0.2794,0
SEG-0108,2025-04-17,6.02,1229.0,1,0.6723,38657.0,0.176,38.4,19.8,52.7,32.6,0,188.0,1,1,10,3,0.1882,0
SEG-0109,2025-04-17,8.58,814.4,4,0.566,15221.0,0.376,39.2,70.8,240.2,29.4,0,897.0,2,2,5,1,0.2268,0
SEG-0110,2025-04-17,2.66,959.5,2,0.7372,22575.0,0.11,44.0,76.7,231.0,28.1,1,662.2,1,0,6,1,0.1309,0
SEG-0111,2025-04-17,6.2,1407.2,2,0.6402,38509.0,0.085,32.2,76.2,211.6,35.1,0,1108.5,0,0,9,0,0.2504,0
SEG-0112,2025-04-17,6.63,311.6,2,0.6789,28957.0,0.184,41.4,68.7,165.4,32.8,0,1538.3,0,2,5,4,0.1929,0
SEG-0113,2025-04-17,11.82,308.1,6,0.398,38793.0,0.241,38.9,59.9,181.5,33.0,0,3211.9,4,3,14,4,0.3233,1
SEG-0114,2025-04-17,7.31,268.4,6,0.6494,29891.0,0.368,37.6,36.5,94.9,34.0,0,1185.6,3,0,8,0,0.2437,1
SEG-0115,2025-04-17,14.02,1038.1,2,0.3984,4797.0,0.373,49.6,29.1,143.9,36.9,0,3198.9,4,2,5,5,0.3449,1
SEG-0116,2025-04-17,5.25,715.1,4,0.6992,40035.0,0.032,37.5,35.5,96.3,28.2,0,285.7,2,0,8,0,0.185,0
SEG-0117,2025-04-17,5.84,1195.3,4,0.7013,39902.0,0.093,27.0,140.9,458.8,32.5,0,1466.2,2,0,7,1,0.1669,0
SEG-0118,2025-04-17,12.41,1056.2,2,0.3964,30945.0,0.327,35.8,72.1,162.1,29.6,0,3222.8,2,3,15,4,0.3302,1
SEG-0119,2025-04-17,8.53,600.4,1,0.4987,4866.0,0.117,52.7,19.5,60.3,31.4,0,2361.7,2,0,10,8,0.311,0
SEG-0120,2025-04-17,3.13,1362.8,1,0.8527,10453.0,0.372,47.8,49.6,191.5,32.7,0,236.0,0,1,4,0,0.0943,0
SEG-0121,2025-04-17,9.3,1179.4,4,0.5369,35027.0,0.247,36.9,15.4,73.4,31.0,0,520.3,1,1,9,5,0.2679,0
SEG-0122,2025-04-17,6.65,515.2,2,0.6559,1884.0,0.073,55.7,64.7,160.8,36.0,0,923.8,1,1,4,6,0.2084,0
SEG-0123,2025-04-17,10.88,641.7,6,0.4953,49360.0,0.36,24.7,66.1,233.2,38.3,0,1373.6,3,1,16,6,0.2937,1
SEG-0124,2025-04-17,3.7,574.5,2,0.8331,18572.0,0.111,43.7,40.1,140.8,35.3,0,429.9,0,0,2,0,0.082,0
SEG-0125,2025-04-17,8.91,362.8,6,0.5322,27928.0,0.177,42.4,52.1,151.7,33.9,0,1711.4,2,1,6,5,0.2428,0
SEG-0126,2025-04-17,14.88,349.5,2,0.2598,41478.0,0.272,29.9,52.7,146.8,37.4,0,712.4,5,2,11,12,0.3572,1
SEG-0127,2025-04-17,5.61,1413.8,4,0.7212,16500.0,0.249,44.8,197.9,650.0,28.7,0,526.6,2,1,6,7,0.1769,0
SEG-0128,2025-04-17,5.73,741.2,1,0.7651,15855.0,0.268,47.5,6.2,31.4,32.2,0,160.0,0,1,3,0,0.1333,0
SEG-0129,2025-04-17,5.36,667.5,2,0.6662,29818.0,0.258,40.1,157.6,401.8,32.0,0,1377.1,0,0,13,4,0.2067,0
SEG-0130,2025-04-17,5.0,1135.1,4,0.7763,25514.0,0.375,49.1,31.2,96.2,30.4,0,1007.8,1,0,2,4,0.0934,0
SEG-0131,2025-04-17,3.05,896.5,4,0.8979,20397.0,0.357,43.4,57.9,297.8,28.2,2,870.1,0,0,2,1,0.0627,0
SEG-0132,2025-04-17,13.66,1413.8,4,0.4301,30609.0,0.226,35.6,20.1,97.8,33.1,0,3527.4,4,2,12,8,0.2828,1
SEG-0133,2025-04-17,3.36,1203.4,1,0.7769,39738.0,0.03,34.3,105.4,344.3,28.3,1,555.3,0,0,6,2,0.1234,0
SEG-0134,2025-04-17,9.15,797.1,2,0.5046,18983.0,0.28,44.1,38.7,152.7,28.2,0,2252.0,1,0,15,9,0.3027,1
SEG-0135,2025-04-17,14.09,658.1,1,0.3889,10141.0,0.384,51.2,65.4,157.4,31.8,0,2820.5,2,1,10,8,0.2969,0
SEG-0136,2025-04-17,3.73,1482.0,1,0.7116,15036.0,0.152,48.8,29.6,137.0,32.1,0,439.3,0,0,7,0,0.1567,0
SEG-0137,2025-04-17,2.8,1119.0,2,0.7937,17017.0,0.189,46.2,48.4,160.6,33.6,0,634.8,0,0,4,3,0.1208,0
SEG-0138,2025-04-17,14.92,1434.1,4,0.4963,6200.0,0.193,51.3,38.7,92.1,38.0,0,209.9,5,2,6,6,0.2638,1
SEG-0139,2025-04-17,4.3,309.9,4,0.9053,7606.0,0.086,41.0,54.1,196.9,33.3,0,981.9,0,0,2,1,0.0395,0
SEG-0140,2025-04-17,5.77,1298.2,4,0.7996,33182.0,0.273,36.3,42.4,126.5,32.1,0,511.2,2,2,5,4,0.0892,0
SEG-0141,2025-04-17,13.79,1010.0,4,0.3378,15045.0,0.135,39.5,92.0,296.9,30.1,1,2081.2,3,3,10,5,0.3517,1
SEG-0142,2025-04-17,11.8,314.6,4,0.4825,43354.0,0.304,26.7,39.1,158.5,30.6,0,1646.4,4,2,12,6,0.2787,1
SEG-0143,2025-04-17,9.97,944.1,1,0.4482,10479.0,0.331,46.7,75.2,255.6,34.4,1,1241.4,3,0,7,3,0.3336,0
SEG-0144,2025-04-17,11.58,1076.2,2,0.5325,4640.0,0.318,51.0,54.8,283.4,32.3,0,607.7,4,3,2,3,0.2623,1
SEG-0145,2025-04-17,13.26,166.6,2,0.4093,30029.0,0.196,40.7,71.2,282.9,30.2,2,1323.9,2,3,10,5,0.3597,1
SEG-0146,2025-04-17,8.92,763.3,4,0.5833,43219.0,0.153,21.4,13.1,36.1,30.5,0,2494.0,3,0,13,3,0.2661,1
SEG-0147,2025-04-17,12.24,1264.3,1,0.4541,13743.0,0.331,44.0,54.1,128.0,27.8,0,1556.0,2,2,10,4,0.2976,0
SEG-0148,2025-04-17,3.6,548.7,2,0.7806,10805.0,0.294,49.6,40.0,115.0,31.7,0,561.9,0,0,6,3,0.101,0
SEG-0149,2025-04-17,11.98,769.0,2,0.4425,8719.0,0.178,56.3,86.1,211.2,32.7,0,817.2,3,2,15,10,0.2758,1
SEG-0150,2025-04-17,13.74,747.1,1,0.3412,23195.0,0.359,38.7,85.9,305.9,31.8,1,3726.1,2,1,13,10,0.2934,1
SEG-0151,2025-04-17,7.58,557.6,2,0.689,18437.0,0.096,43.7,42.4,119.3,32.8,0,861.9,2,1,7,3,0.1816,0
SEG-0152,2025-04-17,13.63,1389.9,4,0.386,11865.0,0.347,44.8,87.1,247.2,32.2,0,1996.9,3,2,7,6,0.3177,1
SEG-0153,2025-04-17,14.75,1204.7,2,0.3199,3152.0,0.107,58.1,38.6,255.9,34.2,1,4016.1,5,1,9,8,0.3888,1
SEG-0154,2025-04-17,12.18,299.3,2,0.4194,19157.0,0.059,44.7,59.6,155.4,29.3,0,525.7,3,1,10,8,0.3214,1
SEG-0155,2025-04-17,1.85,1496.0,4,0.9247,37922.0,0.244,27.8,27.7,98.6,33.1,0,371.4,1,0,4,2,0.0314,0
SEG-0156,2025-04-17,12.02,1336.9,2,0.3545,33161.0,0.049,40.9,99.5,255.7,31.6,0,1101.7,2,3,14,6,0.3847,0
SEG-0157,2025-04-17,8.21,533.3,4,0.6892,26055.0,0.083,44.7,70.7,226.7,32.6,0,1898.5,2,0,14,5,0.1747,1
SEG-0158,2025-04-17,4.16,1279.8,2,0.7648,5705.0,0.043,56.3,17.7,108.6,31.0,0,518.1,0,0,2,0,0.1135,0
SEG-0159,2025-04-17,4.26,293.7,2,0.7221,12837.0,0.185,44.8,77.1,178.9,30.0,0,696.9,0,1,10,3,0.1408,0
SEG-0160,2025-04-17,11.97,1498.8,2,0.4366,15138.0,0.298,48.4,11.9,56.3,34.6,0,3255.5,4,1,12,5,0.3439,1
SEG-0161,2025-04-17,3.42,1048.7,2,0.8399,33201.0,0.047,31.3,35.0,153.4,32.4,0,623.8,0,0,10,1,0.077,0
SEG-0162,2025-04-17,5.45,1027.7,4,0.763,39467.0,0.274,38.7,123.7,304.1,32.1,0,1068.7,0,1,9,2,0.0839,0
SEG-0163,2025-04-17,7.58,272.1,2,0.6807,40269.0,0.288,32.7,37.9,113.0,33.2,0,1061.0,1,2,14,3,0.1745,0
SEG-0164,2025-04-17,9.87,1361.0,1,0.5446,40083.0,0.075,31.3,86.1,249.9,28.8,0,1880.8,2,2,11,7,0.25,0
SEG-0165,2025-04-17,5.21,189.1,2,0.7528,46126.0,0.103,31.8,45.7,119.2,30.5,1,1013.6,1,1,15,1,0.1526,0
SEG-0166,2025-04-17,2.1,475.1,4,0.8442,39542.0,0.326,42.7,106.9,295.2,32.1,1,473.5,1,1,3,1,0.058,0
SEG-0167,2025-04-17,1.56,343.1,4,0.9071,3870.0,0.305,57.1,35.6,89.6,34.8,0,258.5,0,1,3,2,0.061,0
SEG-0168,2025-04-17,3.81,1198.6,6,0.7898,7009.0,0.249,55.1,34.7,79.1,32.7,0,771.5,2,0,5,6,0.067,0
SEG-0169,2025-04-17,3.91,417.6,2,0.8907,16471.0,0.351,47.1,15.5,57.7,29.8,0,601.5,1,0,7,4,0.0841,0
SEG-0170,2025-04-17,8.39,1379.4,2,0.5781,21600.0,0.076,37.4,13.8,50.6,31.6,1,1340.8,1,2,13,6,0.1924,0
SEG-0171,2025-04-17,14.15,1036.0,1,0.3873,5497.0,0.203,45.6,33.0,136.1,36.0,1,2532.8,4,3,8,6,0.3001,1
SEG-0172,2025-04-17,4.85,198.8,2,0.8332,35814.0,0.265,37.1,97.2,293.7,31.1,0,577.7,2,1,9,0,0.0756,0
SEG-0173,2025-04-17,9.65,157.3,6,0.5642,30506.0,0.124,46.5,63.9,180.5,32.6,0,296.7,1,1,9,8,0.245,0
SEG-0174,2025-04-17,13.04,219.7,4,0.3854,28081.0,0.305,42.2,64.4,182.8,31.8,0,2501.0,3,1,15,8,0.3333,1
SEG-0175,2025-04-17,10.34,968.0,2,0.4035,9103.0,0.209,48.4,97.6,585.3,31.0,1,359.1,1,1,19,7,0.3386,1
SEG-0176,2025-04-17,15.23,1232.0,2,0.2141,12762.0,0.301,42.6,14.9,90.4,30.8,0,3080.3,5,3,12,6,0.442,1
SEG-0177,2025-04-17,7.04,472.0,4,0.7412,7614.0,0.204,46.5,44.6,162.5,29.4,0,168.1,1,0,6,2,0.1937,0
SEG-0178,2025-04-17,5.55,1296.7,2,0.7612,43197.0,0.195,30.5,14.3,50.4,32.4,1,618.6,0,2,10,1,0.1721,0
SEG-0179,2025-04-17,14.4,227.3,1,0.4851,25492.0,0.157,45.7,33.9,171.8,29.0,0,2733.5,3,2,17,7,0.3612,1
SEG-0180,2025-04-17,9.32,1231.3,2,0.5109,33323.0,0.127,40.8,37.1,92.3,31.6,0,1493.0,2,2,10,6,0.293,0
SEG-0181,2025-04-17,10.15,1402.5,1,0.5683,15034.0,0.334,37.9,38.1,85.0,32.8,0,1015.3,3,1,7,2,0.2641,0
SEG-0182,2025-04-17,14.4,1192.3,2,0.3212,18369.0,0.082,45.8,18.0,42.3,30.9,0,878.3,5,1,13,7,0.4144,1
SEG-0183,2025-04-17,14.4,1092.5,1,0.3557,20552.0,0.042,43.4,94.4,252.6,34.5,2,3733.6,3,1,17,6,0.3283,1
SEG-0184,2025-04-17,13.45,1281.3,2,0.3096,35393.0,0.094,41.0,31.7,105.4,33.5,0,3703.0,3,3,12,5,0.3495,0
SEG-0185,2025-04-17,9.69,204.2,2,0.5537,36663.0,0.119,34.3,38.4,187.8,32.7,0,1117.4,1,0,7,3,0.2316,1
SEG-0186,2025-04-17,4.23,422.4,2,0.7968,10639.0,0.321,50.1,72.7,182.9,34.6,0,908.1,1,0,4,3,0.1001,0
SEG-0187,2025-04-17,10.34,318.6,2,0.4308,37101.0,0.171,30.6,41.5,155.2,31.9,0,1057.8,3,3,5,5,0.2599,1
SEG-0188,2025-04-17,14.52,831.1,6,0.2326,6065.0,0.39,43.2,73.8,213.0,31.5,0,1122.3,4,2,16,11,0.4236,1
SEG-0189,2025-04-17,10.79,1156.0,4,0.4629,34785.0,0.072,34.4,47.2,130.5,31.2,0,1085.9,1,2,14,8,0.2965,0
SEG-0190,2025-04-17,6.27,1000.5,2,0.7042,6060.0,0.242,54.9,105.2,287.2,31.5,0,1479.9,1,0,1,6,0.1389,0
SEG-0191,2025-04-17,11.99,1299.0,2,0.4429,12701.0,0.172,53.0,13.8,49.0,31.4,0,1899.7,4,1,6,6,0.249,0
SEG-0192,2025-04-17,11.7,359.5,4,0.4825,32703.0,0.137,37.5,25.5,77.5,32.2,0,3216.6,2,3,22,6,0.2986,0
SEG-0193,2025-04-17,12.62,1141.7,2,0.4341,8353.0,0.354,53.6,11.6,43.4,33.9,0,1335.4,2,1,8,4,0.3405,0
SEG-0194,2025-04-17,3.58,410.6,2,0.7394,16921.0,0.36,41.8,114.8,276.7,36.1,1,217.9,1,1,3,0,0.1241,1
SEG-0195,2025-04-17,14.11,515.5,4,0.28,23586.0,0.315,44.4,79.0,204.7,30.2,0,1637.7,2,3,15,11,0.4007,1
SEG-0196,2025-04-17,3.19,1108.4,2,0.9469,11966.0,0.109,49.1,40.9,140.5,38.2,0,863.3,0,0,3,0,0.0322,0
SEG-0197,2025-04-17,2.1,1473.3,4,0.9134,31226.0,0.115,28.0,20.1,104.4,34.4,0,597.2,1,0,5,0,0.057,0
SEG-0198,2025-04-17,12.81,975.6,2,0.315,34864.0,0.267,40.5,59.3,132.3,33.4,0,761.8,2,2,10,7,0.3919,1
SEG-0199,2025-04-17,4.16,223.6,2,0.7965,38465.0,0.134,31.0,39.5,149.6,34.9,0,275.7,0,0,6,3,0.0396,0
SEG-0200,2025-04-17,1.29,982.0,2,0.8578,17618.0,0.296,44.0,44.2,204.4,31.0,0,351.4,0,0,4,0,0.0386,0
SEG-0201,2025-04-17,9.28,207.2,2,0.4536,23302.0,0.254,42.0,28.0,81.4,30.6,0,2565.9,3,2,9,10,0.2713,1
SEG-0202,2025-04-17,7.22,1343.6,2,0.6794,10756.0,0.226,50.3,12.7,32.9,28.0,0,343.2,1,2,11,6,0.1754,0
SEG-0203,2025-04-17,9.0,1107.9,2,0.6327,13108.0,0.322,44.6,34.5,91.1,32.8,0,2016.8,3,2,4,6,0.2015,0
SEG-0204,2025-04-17,3.07,383.7,4,0.7933,6989.0,0.262,43.0,40.8,124.7,33.2,0,376.3,0,1,2,1,0.0909,0
SEG-0205,2025-04-17,6.37,273.8,2,0.6898,47414.0,0.029,33.0,15.7,51.6,34.6,0,1279.4,0,1,9,4,0.1912,0
SEG-0206,2025-04-17,4.22,397.8,2,0.8105,43041.0,0.058,26.2,59.6,133.5,33.1,0,748.8,0,0,3,0,0.0893,0
SEG-0207,2025-04-17,14.24,1473.0,4,0.2584,35396.0,0.288,34.5,55.4,232.4,31.3,1,633.7,4,3,17,10,0.3651,1
SEG-0208,2025-04-17,6.39,769.1,4,0.5964,26054.0,0.208,38.9,63.2,238.8,34.9,1,182.4,1,0,9,2,0.2128,0
SEG-0209,2025-04-17,10.93,1208.5,2,0.4256,23524.0,0.134,36.6,47.6,133.6,31.3,0,2341.4,2,3,9,3,0.3194,0
SEG-0210,2025-04-17,3.02,1009.2,2,0.8458,26997.0,0.181,40.3,58.6,168.6,36.5,0,314.9,1,1,6,0,0.0809,0
SEG-0211,2025-04-17,13.36,922.8,6,0.3916,24744.0,0.265,45.0,122.7,405.6,32.6,0,3709.5,4,1,15,9,0.3204,1
SEG-0212,2025-04-17,2.36,345.9,2,0.9351,21735.0,0.33,39.8,40.6,118.7,29.4,0,588.9,0,1,7,0,0.0099,0
SEG-0213,2025-04-17,6.15,1427.1,4,0.6641,6123.0,0.207,56.3,68.6,168.5,31.1,0,1427.2,1,0,8,6,0.1816,0
SEG-0214,2025-04-17,3.78,556.8,4,0.8482,5621.0,0.183,55.0,45.1,100.4,31.9,0,491.4,1,0,4,4,0.0637,0
SEG-0215,2025-04-17,6.13,930.3,4,0.667,43386.0,0.166,27.5,52.8,129.4,30.0,0,585.4,1,1,11,4,0.156,0
SEG-0216,2025-04-17,15.27,1094.7,2,0.2457,24895.0,0.217,32.2,34.8,146.9,32.5,0,587.4,4,3,14,8,0.4164,1
SEG-0217,2025-04-17,15.08,1026.5,2,0.2014,40262.0,0.119,30.1,65.4,249.3,31.1,1,1681.6,5,3,16,8,0.4286,1
SEG-0218,2025-04-17,8.24,1419.8,1,0.5757,7322.0,0.227,52.0,39.6,152.1,33.8,0,2029.9,3,1,7,3,0.2241,0
SEG-0219,2025-04-17,4.77,350.4,2,0.7764,24210.0,0.268,37.9,17.4,84.6,32.6,0,302.4,2,1,6,2,0.0667,0
SEG-0220,2025-04-17,10.33,836.3,6,0.48,9235.0,0.072,46.2,19.1,63.2,30.8,0,2266.1,1,2,9,7,0.2779,1
SEG-0221,2025-04-17,14.75,695.4,2,0.3626,13664.0,0.02,53.2,18.9,90.9,32.7,0,3836.5,4,3,10,6,0.3647,1
SEG-0222,2025-04-17,12.42,790.1,2,0.482,2308.0,0.101,56.6,22.8,62.6,29.8,0,2813.5,4,2,13,9,0.3056,1
SEG-0223,2025-04-17,7.83,310.9,1,0.616,6245.0,0.342,48.5,114.3,339.3,36.0,1,2110.9,2,0,4,3,0.1956,0
SEG-0224,2025-04-17,9.7,331.0,6,0.5625,45829.0,0.26,38.6,14.5,71.0,31.5,0,2195.4,1,2,9,4,0.2268,1
SEG-0225,2025-04-17,7.21,525.4,1,0.6873,16746.0,0.088,42.4,14.0,36.8,30.7,0,2009.9,1,0,15,4,0.1737,1
SEG-0226,2025-04-17,11.01,561.4,1,0.4008,27356.0,0.335,48.7,73.4,183.6,27.6,0,1785.2,4,1,20,6,0.2977,1
SEG-0227,2025-04-17,7.48,727.7,2,0.6562,19787.0,0.177,50.7,32.0,118.2,30.9,0,1010.4,2,1,7,5,0.1656,1
SEG-0228,2025-04-17,11.33,974.8,1,0.4013,19258.0,0.184,50.9,21.9,81.0,30.3,0,1325.8,3,1,14,6,0.3105,1
SEG-0229,2025-04-17,14.86,1006.7,2,0.3307,25342.0,0.373,40.7,14.9,62.1,27.4,0,3297.2,4,2,7,6,0.3768,1
SEG-0230,2025-04-17,13.06,705.9,2,0.3904,9537.0,0.077,45.6,18.2,47.4,33.6,0,603.6,2,1,18,10,0.3221,0
SEG-0231,2025-04-17,8.05,701.9,2,0.5292,46492.0,0.13,38.4,12.3,36.7,30.3,0,762.2,3,0,10,6,0.2595,0
SEG-0232,2025-04-17,14.73,443.8,1,0.3183,36199.0,0.224,33.4,36.3,101.4,35.7,1,3783.5,4,1,15,11,0.4048,1
SEG-0233,2025-04-17,5.36,944.2,1,0.7349,37593.0,0.112,37.2,69.6,440.8,32.1,1,1408.9,2,0,6,0,0.1664,0
SEG-0234,2025-04-17,5.09,578.0,2,0.7113,23428.0,0.277,43.6,24.6,91.3,26.4,0,1271.5,2,0,9,4,0.1598,0
SEG-0235,2025-04-17,3.87,198.7,1,0.8262,7280.0,0.12,61.2,33.3,133.5,34.3,0,541.1,0,0,6,2,0.1349,0
SEG-0236,2025-04-17,14.5,714.8,2,0.28,43068.0,0.076,31.9,48.3,167.3,32.3,0,3142.8,3,3,17,9,0.4343,1
SEG-0237,2025-04-17,8.63,790.1,2,0.6479,16547.0,0.084,57.5,40.5,136.7,37.6,0,1806.2,1,2,4,2,0.1965,0
SEG-0238,2025-04-17,13.47,454.6,2,0.3851,3173.0,0.184,51.8,20.8,90.8,32.8,0,1867.4,2,1,11,5,0.3638,0
SEG-0239,2025-04-17,8.75,922.8,2,0.6124,15708.0,0.072,45.9,57.7,180.0,31.3,0,449.7,3,0,7,3,0.1953,0
SEG-0240,2025-04-17,12.43,913.8,2,0.4391,38802.0,0.072,37.0,37.0,116.5,30.0,0,1734.9,4,3,11,10,0.3255,1
SEG-0241,2025-04-17,14.04,1097.7,1,0.1885,25649.0,0.342,37.9,15.1,66.7,33.5,0,1161.4,2,3,23,10,0.4636,1
SEG-0242,2025-04-17,12.79,1024.7,1,0.3607,38674.0,0.14,36.7,86.0,209.4,31.1,0,1978.9,3,3,13,9,0.3469,0
SEG-0243,2025-04-17,3.76,1030.8,4,0.8232,34325.0,0.199,37.2,66.1,281.3,29.5,1,291.6,0,0,10,3,0.0898,0
SEG-0244,2025-04-17,2.12,576.9,1,0.9066,10099.0,0.055,43.6,38.4,127.5,33.1,0,283.5,0,1,1,0,0.0706,0
SEG-0245,2025-04-17,4.23,1213.0,2,0.818,46203.0,0.16,22.2,94.2,240.5,31.6,2,308.3,2,0,8,2,0.057,0
SEG-0246,2025-04-17,4.64,891.3,2,0.7933,20367.0,0.13,44.5,16.8,37.4,32.8,0,298.2,0,0,3,2,0.0805,0
SEG-0247,2025-04-17,9.59,732.4,2,0.5544,29248.0,0.243,42.8,29.2,151.2,36.9,0,2602.5,3,1,15,4,0.2688,1
SEG-0248,2025-04-17,10.46,995.1,2,0.4395,1109.0,0.104,66.0,14.4,78.6,30.0,0,1728.0,3,3,10,3,0.2824,0
SEG-0249,2025-04-17,1.99,636.9,4,0.8033,40053.0,0.331,38.1,43.8,106.5,32.9,0,456.7,1,0,10,0,0.1586,0
SEG-0250,2025-04-17,5.69,842.2,4,0.6412,12640.0,0.357,51.6,85.9,249.7,32.1,0,1056.7,2,1,11,7,0.1773,0
SEG-0001,2025-05-02,2.73,1030.1,4,0.8043,12618.0,0.067,53.9,39.5,209.9,34.0,0,225.0,0,0,5,4,0.1429,0
SEG-0002,2025-05-02,8.27,1321.1,4,0.5822,16981.0,0.199,44.7,14.6,51.5,36.6,0,914.7,2,2,10,6,0.1798,0
SEG-0003,2025-05-02,11.85,762.8,4,0.4447,12360.0,0.072,41.7,55.6,152.0,29.3,0,2463.1,4,3,7,8,0.3156,1
SEG-0004,2025-05-02,7.89,484.6,2,0.6009,25042.0,0.071,41.1,82.6,262.8,29.2,0,630.7,3,1,11,4,0.2327,1
SEG-0005,2025-05-02,5.17,469.5,2,0.7831,35296.0,0.275,47.7,23.7,154.7,34.5,0,1157.9,0,1,9,1,0.1463,0
SEG-0006,2025-05-02,7.48,1157.1,4,0.5845,12306.0,0.178,54.4,40.2,130.2,36.0,0,1861.1,1,0,9,4,0.2826,0
SEG-0007,2025-05-02,5.38,1252.4,2,0.7743,14090.0,0.355,43.4,79.6,238.3,40.6,1,161.2,2,1,6,0,0.0773,0
SEG-0008,2025-05-02,3.21,292.1,4,0.9216,38438.0,0.138,34.4,80.1,223.3,31.6,1,218.0,1,0,8,2,0.0403,0
SEG-0009,2025-05-02,4.93,239.9,2,0.7819,3293.0,0.278,55.3,19.2,74.6,34.0,0,365.3,0,0,2,0,0.0531,0
SEG-0010,2025-05-02,11.11,952.5,1,0.4505,19348.0,0.207,50.3,91.4,239.4,34.1,2,1119.8,4,3,5,8,0.3206,0
SEG-0011,2025-05-02,10.65,347.3,1,0.4829,31211.0,0.263,42.9,66.3,152.2,34.2,0,1693.4,1,3,11,8,0.2716,1
SEG-0012,2025-05-02,10.28,1263.3,4,0.4781,7661.0,0.243,49.2,73.3,175.5,28.7,0,506.7,2,2,8,6,0.2779,0
SEG-0013,2025-05-02,8.58,569.0,1,0.5826,2874.0,0.18,53.3,37.3,137.3,32.5,0,1629.1,3,1,9,4,0.2532,0
SEG-0014,2025-05-02,9.02,344.2,2,0.5627,6654.0,0.335,47.8,25.5,117.7,34.7,0,233.8,1,1,4,5,0.2083,0
SEG-0015,2025-05-02,14.92,1393.3,2,0.2308,45655.0,0.102,32.2,74.4,206.3,30.7,0,1259.3,4,1,14,6,0.4369,1
SEG-0016,2025-05-02,2.35,373.5,2,0.885,1406.0,0.105,47.8,88.4,220.5,32.7,0,179.1,0,0,2,1,0.0301,0
SEG-0017,2025-05-02,2.02,534.4,2,0.8985,8180.0,0.253,51.0,50.4,113.1,32.0,0,552.4,0,0,2,1,0.0647,0
SEG-0018,2025-05-02,14.17,357.4,4,0.2546,2717.0,0.294,59.7,29.3,65.5,34.3,0,3178.7,3,1,13,6,0.4267,1
SEG-0019,2025-05-02,9.44,305.9,1,0.5118,5256.0,0.026,49.1,78.1,191.8,29.5,0,1589.0,3,0,5,4,0.1977,0
SEG-0020,2025-05-02,9.84,178.5,4,0.4653,24671.0,0.172,38.3,31.6,101.0,29.2,0,2340.7,3,1,7,7,0.2699,1
SEG-0021,2025-05-02,4.4,224.8,4,0.7324,11804.0,0.331,51.0,27.2,155.3,32.4,0,633.2,0,0,1,1,0.1407,0
SEG-0022,2025-05-02,5.4,385.8,2,0.6722,28107.0,0.291,40.4,182.2,572.6,33.5,2,469.6,0,1,15,6,0.185,1
SEG-0023,2025-05-02,3.87,222.1,2,0.8315,24786.0,0.4,42.6,57.0,248.3,31.1,1,338.9,0,1,4,4,0.1266,0
SEG-0024,2025-05-02,6.48,948.0,2,0.7162,41484.0,0.225,28.3,13.5,44.4,30.3,0,555.4,2,1,6,2,0.14,0
SEG-0025,2025-05-02,2.42,1069.0,1,0.7749,1029.0,0.285,54.9,34.5,114.3,31.8,0,582.9,0,0,2,0,0.113,0
SEG-0026,2025-05-02,4.6,681.4,2,0.8182,39393.0,0.18,29.6,72.6,431.8,36.4,1,596.1,2,0,10,1,0.1255,0
SEG-0027,2025-05-02,4.43,579.3,6,0.8133,32039.0,0.362,37.4,106.5,265.9,34.1,0,1211.2,1,0,6,2,0.0809,0
SEG-0028,2025-05-02,13.6,831.1,6,0.4319,8977.0,0.182,49.9,48.8,115.8,34.2,0,1750.7,3,2,13,6,0.2836,1
SEG-0029,2025-05-02,14.86,1331.3,4,0.3091,36167.0,0.279,35.1,67.2,209.0,36.8,0,1090.6,3,2,10,10,0.3485,0
SEG-0030,2025-05-02,9.57,1299.0,2,0.5156,37448.0,0.2,39.6,83.3,202.2,34.4,0,660.4,1,1,6,2,0.2221,0
SEG-0031,2025-05-02,9.83,208.7,2,0.4779,11136.0,0.251,50.1,9.7,52.0,33.6,0,729.0,1,1,7,3,0.3154,0
SEG-0032,2025-05-02,14.72,395.0,4,0.3664,38511.0,0.276,40.0,40.8,136.3,33.5,0,985.3,3,3,15,8,0.3697,1
SEG-0033,2025-05-02,4.76,469.6,2,0.7854,22504.0,0.191,39.8,50.5,214.4,31.1,0,1015.4,2,0,5,1,0.1176,0
SEG-0034,2025-05-02,12.05,486.7,2,0.3317,29246.0,0.367,47.8,23.7,67.6,32.2,0,2140.0,2,2,19,9,0.3767,1
SEG-0035,2025-05-02,2.54,921.2,1,0.8375,39935.0,0.158,39.4,37.6,157.4,37.1,0,243.0,1,0,5,0,0.0556,0
SEG-0036,2025-05-02,14.36,712.0,2,0.2714,16139.0,0.246,43.7,55.9,128.8,33.9,0,3020.9,5,1,8,9,0.347,1
SEG-0037,2025-05-02,14.97,216.5,2,0.1996,34062.0,0.122,38.6,81.1,189.6,33.0,0,1050.7,4,2,16,10,0.4672,1
SEG-0038,2025-05-02,8.26,654.4,2,0.5904,14587.0,0.186,48.2,30.1,107.4,28.4,0,1776.9,3,0,10,4,0.288,1
SEG-0039,2025-05-02,6.33,857.1,2,0.6804,33954.0,0.22,35.1,102.5,244.4,36.1,0,1102.4,2,0,11,3,0.2063,0
SEG-0040,2025-05-02,6.56,287.3,4,0.8036,29758.0,0.095,42.4,33.9,221.7,30.9,0,1061.6,0,1,8,0,0.1117,0
SEG-0041,2025-05-02,7.27,1275.2,6,0.6056,12008.0,0.083,57.8,18.9,113.5,32.9,0,1000.5,0,1,10,6,0.2011,0
SEG-0042,2025-05-02,8.03,220.1,2,0.5746,17972.0,0.239,41.7,34.7,222.8,36.4,1,1180.2,3,0,9,3,0.2369,1
SEG-0043,2025-05-02,1.71,1398.5,4,0.9179,12861.0,0.257,53.1,62.9,215.2,35.5,0,381.9,0,0,4,3,0.089,0
SEG-0044,2025-05-02,3.27,283.8,6,0.7632,4949.0,0.263,49.1,46.8,177.3,33.8,2,165.3,1,0,8,4,0.1465,0
SEG-0045,2025-05-02,8.01,1288.8,1,0.5724,2594.0,0.026,54.2,30.6,162.5,28.4,0,1826.2,3,1,10,7,0.2528,0
SEG-0046,2025-05-02,4.3,1368.6,2,0.7886,18297.0,0.169,41.2,80.7,201.1,34.0,0,231.3,1,0,9,1,0.1402,0
SEG-0047,2025-05-02,6.97,1472.4,2,0.5952,1958.0,0.1,56.8,150.5,430.2,31.5,1,1901.4,2,1,5,2,0.2058,0
SEG-0048,2025-05-02,9.61,1232.7,1,0.5639,7362.0,0.294,48.5,32.2,175.3,32.2,0,1374.4,1,2,8,6,0.1975,0
SEG-0049,2025-05-02,11.17,1202.3,4,0.5039,28760.0,0.304,39.2,33.7,134.4,35.2,0,1728.7,4,3,10,7,0.2233,1
SEG-0050,2025-05-02,14.96,1017.4,2,0.2049,30066.0,0.166,39.6,71.8,207.9,35.3,0,1442.4,4,3,20,6,0.4041,1
SEG-0051,2025-05-02,6.86,1201.6,2,0.731,30444.0,0.293,36.8,62.5,213.4,28.6,0,672.9,2,1,6,2,0.1268,0
SEG-0052,2025-05-02,14.54,331.6,2,0.2721,14156.0,0.082,51.2,5.0,27.0,36.1,0,1232.1,5,2,10,9,0.4067,1
SEG-0053,2025-05-02,7.37,873.7,2,0.6194,37895.0,0.126,24.8,8.4,36.8,36.2,0,568.8,2,2,3,3,0.2246,0
SEG-0054,2025-05-02,2.49,844.2,4,0.9427,30564.0,0.063,34.2,4.9,16.1,30.2,0,668.6,0,0,4,0,0.061,0
SEG-0055,2025-05-02,5.05,1307.7,1,0.7646,6556.0,0.145,52.8,50.5,128.4,30.5,0,950.9,1,0,5,1,0.1875,0
SEG-0056,2025-05-02,5.04,774.8,2,0.7257,7674.0,0.245,52.0,46.9,214.4,41.2,0,555.8,2,0,6,7,0.1464,0
SEG-0057,2025-05-02,10.8,669.9,2,0.4917,31071.0,0.338,33.7,15.5,89.3,36.7,0,430.6,2,2,12,4,0.2735,0
SEG-0058,2025-05-02,5.43,1013.4,2,0.6923,9793.0,0.123,54.2,56.3,302.4,31.7,0,622.7,0,2,9,3,0.1628,0
SEG-0059,2025-05-02,9.49,509.7,2,0.5502,21852.0,0.235,41.5,51.9,117.8,38.7,0,194.6,3,1,9,3,0.2448,1
SEG-0060,2025-05-02,3.93,338.7,2,0.8136,48240.0,0.277,30.7,27.2,95.1,35.2,0,821.8,1,0,5,2,0.1099,0
SEG-0061,2025-05-02,13.7,795.1,1,0.3361,1064.0,0.377,53.2,25.4,71.7,34.4,0,404.0,4,1,3,5,0.3666,0
SEG-0062,2025-05-02,8.52,712.8,2,0.6854,1955.0,0.281,55.4,49.8,155.6,31.4,0,198.2,3,0,6,3,0.2197,0
SEG-0063,2025-05-02,14.95,464.0,4,0.3128,48024.0,0.113,37.0,18.1,56.7,36.8,0,1561.5,5,2,16,8,0.3553,0
SEG-0064,2025-05-02,13.78,646.1,2,0.3845,24737.0,0.272,36.7,35.5,116.2,35.2,0,2731.9,3,3,13,5,0.3556,0
SEG-0065,2025-05-02,3.16,644.6,2,0.8576,5601.0,0.155,51.7,100.6,362.3,37.5,2,431.0,0,0,3,3,0.1028,0
SEG-0066,2025-05-02,11.08,592.1,2,0.4913,42161.0,0.36,32.6,60.6,242.1,35.4,0,1371.3,3,3,15,4,0.3145,0
SEG-0067,2025-05-02,6.33,662.3,4,0.6844,45462.0,0.204,33.5,11.8,55.3,28.9,0,343.2,0,1,18,6,0.1776,1
SEG-0068,2025-05-02,7.8,1075.8,1,0.5464,27789.0,0.277,44.1,54.6,178.3,32.5,0,1590.9,1,2,9,6,0.2652,1
SEG-0069,2025-05-02,15.13,550.8,2,0.3228,30791.0,0.051,36.0,13.3,59.5,28.8,0,2430.2,3,3,19,11,0.3694,0
SEG-0070,2025-05-02,13.97,1431.0,2,0.3997,11834.0,0.217,44.7,17.1,98.0,31.1,0,3650.0,3,1,13,8,0.3176,1
SEG-0071,2025-05-02,7.16,1387.1,2,0.6738,3067.0,0.314,53.3,208.5,548.1,33.6,0,398.2,2,0,4,2,0.1767,0
SEG-0072,2025-05-02,9.75,799.2,4,0.5195,29605.0,0.216,32.0,52.9,141.0,37.3,0,415.1,1,1,12,9,0.2456,0
SEG-0073,2025-05-02,11.6,593.3,2,0.4838,11890.0,0.161,42.5,33.0,175.9,26.4,0,1561.8,2,3,6,7,0.2808,1
SEG-0074,2025-05-02,2.79,872.8,4,0.8569,28572.0,0.371,39.6,69.3,290.3,33.2,1,591.7,0,0,6,1,0.1309,0
SEG-0075,2025-05-02,3.86,1295.6,4,0.7709,42039.0,0.343,29.2,21.3,59.3,28.9,0,545.5,2,0,10,4,0.1515,0
SEG-0076,2025-05-02,15.06,1031.0,2,0.2841,1852.0,0.16,53.5,39.3,97.3,34.5,0,2505.9,4,2,11,9,0.3842,1
SEG-0077,2025-05-02,7.62,1235.9,4,0.5579,29897.0,0.233,38.0,129.9,308.3,31.0,1,518.3,1,1,10,4,0.2836,0
SEG-0078,2025-05-02,5.05,869.2,2,0.8027,11378.0,0.17,47.5,146.3,556.8,36.1,0,385.8,2,0,8,5,0.0895,0
SEG-0079,2025-05-02,14.01,1004.4,4,0.324,37009.0,0.245,34.4,83.2,270.3,33.1,1,1959.7,3,1,12,7,0.3584,1
SEG-0080,2025-05-02,1.47,539.0,2,0.8465,10345.0,0.13,53.1,61.4,265.9,32.1,1,314.4,0,0,5,5,0.0369,0
SEG-0081,2025-05-02,8.99,1142.1,2,0.6065,30926.0,0.139,27.6,70.5,224.5,35.2,0,1838.4,3,2,6,4,0.1832,0
SEG-0082,2025-05-02,9.61,423.2,2,0.4168,23220.0,0.306,43.6,36.1,177.2,32.5,1,470.3,3,1,7,8,0.3011,0
SEG-0083,2025-05-02,14.13,1088.0,1,0.3414,19966.0,0.306,43.1,40.7,104.5,32.6,0,540.0,3,1,9,9,0.3773,1
SEG-0084,2025-05-02,4.79,1312.0,2,0.6829,35107.0,0.319,40.4,35.2,186.2,31.2,1,939.0,1,0,12,4,0.215,0
SEG-0085,2025-05-02,1.44,328.3,4,0.9347,37385.0,0.364,36.2,47.6,202.0,37.5,0,399.1,0,0,14,3,0.0447,0
SEG-0086,2025-05-02,1.83,979.4,2,0.8816,23112.0,0.287,43.3,48.2,111.8,29.2,0,343.0,1,0,3,0,0.0532,0
SEG-0087,2025-05-02,9.98,278.4,2,0.4958,36477.0,0.291,43.3,19.9,50.1,35.6,0,222.6,2,0,14,6,0.278,0
SEG-0088,2025-05-02,14.21,1129.7,2,0.3105,49188.0,0.309,26.1,80.8,273.1,36.0,1,3337.1,2,3,17,11,0.4075,1
SEG-0089,2025-05-02,9.26,264.1,2,0.4773,21858.0,0.19,38.4,46.5,225.1,36.4,1,2447.8,3,2,7,8,0.3132,1
SEG-0090,2025-05-02,13.52,1413.5,1,0.3237,22930.0,0.197,43.9,117.9,346.8,30.5,0,216.9,3,2,14,7,0.3639,1
SEG-0091,2025-05-02,1.88,335.5,4,0.9336,1509.0,0.129,48.1,10.3,46.9,30.2,0,483.7,0,0,1,0,0.0381,0
SEG-0092,2025-05-02,3.69,1444.5,2,0.8878,34735.0,0.231,45.2,89.2,210.6,29.0,0,520.8,0,1,8,1,0.0375,0
SEG-0093,2025-05-02,4.67,1231.2,2,0.7983,24903.0,0.14,45.5,51.2,139.0,30.8,0,198.5,2,0,8,6,0.1086,0
SEG-0094,2025-05-02,9.4,951.5,2,0.5709,17277.0,0.159,46.5,157.6,354.4,36.7,1,1004.5,1,1,12,3,0.241,0
SEG-0095,2025-05-02,10.01,1206.5,1,0.5832,5030.0,0.21,51.9,35.7,177.9,34.7,0,830.9,1,1,6,4,0.2459,0
SEG-0096,2025-05-02,14.63,1223.4,2,0.2978,41352.0,0.14,30.5,39.4,185.2,33.4,0,1609.9,4,1,17,7,0.4309,1
SEG-0097,2025-05-02,5.04,1427.1,4,0.6804,19897.0,0.091,54.5,38.9,148.4,29.5,0,955.5,2,0,5,3,0.1197,0
SEG-0098,2025-05-02,3.32,492.1,2,0.8376,31155.0,0.353,32.3,41.9,167.8,33.6,0,479.1,0,0,2,2,0.0394,0
SEG-0099,2025-05-02,8.57,946.6,6,0.5816,8601.0,0.369,47.8,26.9,80.3,30.5,0,1985.4,3,2,7,4,0.2256,1
SEG-0100,2025-05-02,12.2,278.3,2,0.3975,45384.0,0.081,27.5,31.4,77.5,35.2,0,389.4,4,1,11,5,0.2832,0
SEG-0101,2025-05-02,7.14,981.8,2,0.6115,9360.0,0.036,48.3,109.1,386.3,30.8,0,935.6,0,0,4,2,0.2127,0
SEG-0102,2025-05-02,7.08,381.2,4,0.5633,11217.0,0.178,42.6,23.6,97.1,35.4,0,1511.8,2,1,8,5,0.1668,0
SEG-0103,2025-05-02,10.43,912.7,4,0.4801,42421.0,0.284,27.1,76.9,225.3,30.5,0,1845.8,2,1,12,6,0.2308,1
SEG-0104,2025-05-02,10.47,922.8,4,0.4742,45129.0,0.313,26.6,52.4,194.4,39.3,0,2309.1,1,3,13,6,0.2833,0
SEG-0105,2025-05-02,14.95,779.1,6,0.3283,11817.0,0.096,53.2,105.2,303.1,33.4,1,3388.3,5,2,12,7,0.3584,1
SEG-0106,2025-05-02,14.57,855.6,4,0.3029,24576.0,0.306,37.6,95.3,516.1,28.7,2,3396.9,5,2,13,8,0.378,1
SEG-0107,2025-05-02,8.32,1181.3,4,0.4608,31909.0,0.06,33.6,10.7,47.5,32.8,0,1011.7,1,1,15,5,0.3256,0
SEG-0108,2025-05-02,6.06,1229.0,1,0.6716,38017.0,0.147,28.8,24.2,65.7,31.1,0,203.0,1,1,14,2,0.2075,0
SEG-0109,2025-05-02,8.62,814.4,4,0.5333,16111.0,0.394,41.1,36.8,81.9,38.4,0,912.0,2,2,5,1,0.2125,0
SEG-0110,2025-05-02,2.7,959.5,2,0.7314,25228.0,0.103,37.6,41.2,251.1,36.8,0,677.2,1,0,5,2,0.1628,0
SEG-0111,2025-05-02,6.24,1407.2,2,0.6151,36405.0,0.084,36.3,61.4,337.5,35.3,0,1123.5,0,0,7,0,0.259,0
SEG-0112,2025-05-02,6.68,311.6,2,0.6297,32654.0,0.196,32.7,75.2,218.7,32.6,0,1553.3,0,2,7,5,0.153,1
SEG-0113,2025-05-02,11.86,308.1,6,0.3959,34804.0,0.246,39.1,75.6,252.3,31.9,0,3226.9,4,3,11,7,0.35,1
SEG-0114,2025-05-02,7.35,268.4,6,0.6437,27121.0,0.336,44.2,24.5,124.0,32.5,0,1200.6,3,0,8,3,0.2127,0
SEG-0115,2025-05-02,14.07,1038.1,2,0.3661,5447.0,0.36,44.1,28.9,91.2,36.5,0,3213.9,4,2,4,4,0.3607,1
SEG-0116,2025-05-02,5.29,715.1,4,0.7035,34688.0,0.094,43.9,85.9,320.6,29.1,1,300.7,2,0,5,3,0.166,0
SEG-0117,2025-05-02,5.89,1195.3,4,0.7137,44422.0,0.089,31.5,52.1,135.6,28.6,0,1481.2,2,0,6,2,0.1894,0
SEG-0118,2025-05-02,12.45,1056.2,2,0.4072,32102.0,0.324,37.9,33.9,151.0,31.0,1,3237.8,2,3,9,5,0.3264,1
SEG-0119,2025-05-02,8.57,600.4,1,0.5001,6131.0,0.104,50.2,9.8,37.1,33.9,0,2376.7,2,0,7,6,0.2974,0
SEG-0120,2025-05-02,3.17,1362.8,1,0.8284,11314.0,0.354,49.4,63.7,174.1,33.6,0,251.0,0,1,2,2,0.1002,0
SEG-0121,2025-05-02,9.35,1179.4,4,0.5883,30775.0,0.256,34.7,44.5,255.2,34.6,0,535.3,1,1,13,5,0.2427,0
SEG-0122,2025-05-02,6.69,515.2,2,0.6534,2252.0,0.068,58.0,24.1,142.1,33.9,0,938.8,1,1,3,3,0.1926,0
SEG-0123,2025-05-02,10.93,641.7,6,0.4859,42372.0,0.326,35.1,69.9,207.9,30.1,0,1388.6,3,1,12,8,0.2885,1
SEG-0124,2025-05-02,3.75,574.5,2,0.8133,16064.0,0.104,41.2,45.5,136.6,36.9,0,444.9,0,0,5,1,0.1046,0
SEG-0125,2025-05-02,8.95,362.8,6,0.5178,34403.0,0.179,37.7,83.2,215.9,33.5,0,1726.4,2,1,11,4,0.2275,1
SEG-0126,2025-05-02,14.92,349.5,2,0.2442,34642.0,0.243,40.7,30.1,103.3,28.8,1,727.4,5,2,18,11,0.3989,1
SEG-0127,2025-05-02,5.65,1413.8,4,0.6928,16304.0,0.208,46.5,12.8,74.7,36.3,1,541.6,2,1,6,3,0.1771,0
SEG-0128,2025-05-02,5.77,741.2,1,0.7193,15251.0,0.262,48.5,31.4,101.0,30.9,0,175.0,0,1,6,3,0.1362,0
SEG-0129,2025-05-02,5.4,667.5,2,0.7387,24597.0,0.27,39.8,22.8,144.8,33.0,0,1392.1,0,0,5,3,0.2152,0
SEG-0130,2025-05-02,5.04,1135.1,4,0.686,28521.0,0.376,39.8,21.8,118.8,34.3,1,1022.8,1,0,9,4,0.0904,0
SEG-0131,2025-05-02,3.1,896.5,4,0.8736,21435.0,0.419,38.4,72.3,293.0,32.1,0,885.1,0,0,4,1,0.0959,0
SEG-0132,2025-05-02,13.7,1413.8,4,0.4283,30837.0,0.236,38.6,29.0,163.7,35.6,0,3542.4,4,2,8,7,0.2909,1
SEG-0133,2025-05-02,3.4,1203.4,1,0.8029,38051.0,0.053,32.9,46.6,186.0,35.7,0,570.3,0,0,17,4,0.1266,0
SEG-0134,2025-05-02,9.19,797.1,2,0.451,24368.0,0.303,40.9,83.6,213.4,36.4,0,2267.0,1,0,8,9,0.2972,1
SEG-0135,2025-05-02,14.13,658.1,1,0.408,9698.0,0.317,50.7,35.3,186.5,33.7,0,2835.5,2,1,11,10,0.2927,1
SEG-0136,2025-05-02,3.77,1482.0,1,0.7254,18099.0,0.15,47.5,55.4,189.5,35.3,1,454.3,0,0,6,2,0.1736,0
SEG-0137,2025-05-02,2.84,1119.0,2,0.7427,16870.0,0.208,43.8,24.7,79.2,35.3,0,649.8,0,0,5,2,0.1252,0
SEG-0138,2025-05-02,14.96,1434.1,4,0.4338,6396.0,0.179,56.5,23.1,130.2,35.0,0,224.9,5,2,7,7,0.2915,0
SEG-0139,2025-05-02,4.34,309.9,4,0.8499,9089.0,0.071,48.3,44.4,115.3,28.5,0,996.9,0,0,3,3,0.0827,0
SEG-0140,2025-05-02,5.81,1298.2,4,0.7859,28249.0,0.258,41.5,42.5,108.1,35.2,0,526.2,2,2,7,2,0.0879,0
SEG-0141,2025-05-02,13.83,1010.0,4,0.3223,14722.0,0.158,46.1,99.2,339.6,30.9,0,2096.2,3,3,5,5,0.3468,1
SEG-0142,2025-05-02,11.84,314.6,4,0.4615,43466.0,0.33,35.0,87.1,204.8,31.3,0,1661.4,4,2,14,8,0.273,1
SEG-0143,2025-05-02,10.01,944.1,1,0.4785,10254.0,0.323,54.9,29.0,69.3,34.1,0,1256.4,3,0,10,3,0.3233,0
SEG-0144,2025-05-02,11.62,1076.2,2,0.4801,5261.0,0.305,54.4,52.9,119.0,33.9,0,622.7,4,3,6,2,0.2563,0
SEG-0145,2025-05-02,13.3,166.6,2,0.4209,37617.0,0.161,27.8,33.6,128.8,29.8,0,1338.9,2,3,8,4,0.3101,1
SEG-0146,2025-05-02,8.96,763.3,4,0.5294,34781.0,0.163,43.3,89.7,388.9,33.1,1,2509.0,3,0,10,2,0.2474,1
SEG-0147,2025-05-02,12.28,1264.3,1,0.4637,13667.0,0.29,42.8,49.3,222.7,35.9,1,1571.0,2,2,9,3,0.3284,0
SEG-0148,2025-05-02,3.64,548.7,2,0.7462,8452.0,0.317,43.6,155.2,405.0,38.8,2,576.9,0,0,6,4,0.1301,0
SEG-0149,2025-05-02,12.02,769.0,2,0.4247,9770.0,0.206,54.3,61.9,186.7,33.3,1,832.2,3,2,8,7,0.2723,0
SEG-0150,2025-05-02,13.78,747.1,1,0.3717,22695.0,0.342,34.6,54.0,200.9,33.7,0,3741.1,2,1,8,7,0.2802,1
SEG-0151,2025-05-02,7.62,557.6,2,0.6716,24183.0,0.11,44.9,24.0,70.8,34.4,0,876.9,2,1,9,1,0.199,1
SEG-0152,2025-05-02,13.67,1389.9,4,0.4237,13680.0,0.315,52.3,19.6,78.2,33.4,0,2011.9,3,2,8,6,0.3008,1
SEG-0153,2025-05-02,14.79,1204.7,2,0.3481,3298.0,0.064,48.7,52.0,210.1,31.7,0,4031.1,5,1,16,6,0.3829,1
SEG-0154,2025-05-02,12.23,299.3,2,0.4178,21258.0,0.073,42.6,32.1,96.0,36.8,0,540.7,3,1,11,9,0.2995,1
SEG-0155,2025-05-02,1.89,1496.0,4,0.9043,39506.0,0.232,24.4,23.9,99.5,34.9,0,386.4,1,0,2,0,0.0073,0
SEG-0156,2025-05-02,12.06,1336.9,2,0.3646,25715.0,0.042,34.9,79.9,201.3,31.6,0,1116.7,2,3,13,6,0.3851,0
SEG-0157,2025-05-02,8.25,533.3,4,0.6737,20169.0,0.065,35.9,23.3,111.7,34.5,0,1913.5,2,0,8,6,0.2167,0
SEG-0158,2025-05-02,4.2,1279.8,2,0.7731,5909.0,0.039,46.7,13.8,39.9,30.7,0,533.1,0,0,6,1,0.1274,0
SEG-0159,2025-05-02,4.3,293.7,2,0.7235,12496.0,0.153,46.3,6.3,18.1,33.6,0,711.9,0,1,2,0,0.1397,0
SEG-0160,2025-05-02,12.01,1498.8,2,0.3943,11996.0,0.291,48.8,47.4,187.6,29.4,1,3270.5,4,1,10,5,0.3487,1
SEG-0161,2025-05-02,3.46,1048.7,2,0.8462,32664.0,0.038,40.4,17.0,101.4,37.2,0,638.8,0,0,7,0,0.0574,0
SEG-0162,2025-05-02,5.49,1027.7,4,0.7178,44918.0,0.249,26.8,129.4,417.3,35.2,0,1083.7,0,1,12,1,0.0942,0
SEG-0163,2025-05-02,7.62,272.1,2,0.6775,35989.0,0.319,37.6,31.3,82.8,34.9,0,1076.0,1,2,15,3,0.2044,0
SEG-0164,2025-05-02,9.91,1361.0,1,0.5617,43638.0,0.095,34.8,59.3,134.8,34.7,0,1895.8,2,2,8,5,0.2008,0
SEG-0165,2025-05-02,5.25,189.1,2,0.7502,38010.0,0.123,35.8,27.6,76.9,31.1,0,1028.6,1,1,10,0,0.1664,0
SEG-0166,2025-05-02,2.14,475.1,4,0.8738,48891.0,0.351,26.0,29.6,151.7,29.9,0,488.5,1,1,8,1,0.0849,0
SEG-0167,2025-05-02,1.6,343.1,4,0.9035,4549.0,0.338,50.5,81.2,204.5,32.1,0,273.5,0,1,3,0,0.0588,0
SEG-0168,2025-05-02,3.85,1198.6,6,0.7777,7883.0,0.206,47.3,13.4,65.8,31.0,0,786.5,2,0,4,6,0.0757,0
SEG-0169,2025-05-02,3.95,417.6,2,0.8517,12304.0,0.331,56.6,227.1,599.2,33.3,0,616.5,1,0,7,5,0.0928,0
SEG-0170,2025-05-02,8.43,1379.4,2,0.545,25875.0,0.058,40.8,15.5,47.2,33.6,0,1355.8,1,2,11,6,0.2144,0
SEG-0171,2025-05-02,14.19,1036.0,1,0.3794,5635.0,0.167,56.1,51.7,117.7,30.4,0,2547.8,4,3,7,4,0.2963,1
SEG-0172,2025-05-02,4.89,198.8,2,0.8016,39188.0,0.258,35.3,63.0,166.4,34.6,0,592.7,2,1,7,0,0.0858,0
SEG-0173,2025-05-02,9.69,157.3,6,0.543,27099.0,0.1,28.2,28.4,113.6,32.0,0,311.7,1,1,13,8,0.2359,1
SEG-0174,2025-05-02,13.08,219.7,4,0.3973,26859.0,0.328,34.1,12.9,75.3,31.8,0,2516.0,3,1,12,9,0.3567,1
SEG-0175,2025-05-02,10.38,968.0,2,0.4408,7317.0,0.191,51.8,41.3,92.0,34.2,0,374.1,1,1,13,7,0.3308,0
SEG-0176,2025-05-02,15.27,1232.0,2,0.2149,11180.0,0.282,42.2,42.3,123.9,34.3,0,3095.3,5,3,13,6,0.4085,1
SEG-0177,2025-05-02,7.08,472.0,4,0.7371,6869.0,0.194,49.1,41.9,128.0,30.9,0,183.1,1,0,11,5,0.1886,0
SEG-0178,2025-05-02,5.59,1296.7,2,0.7362,32961.0,0.176,41.3,24.0,88.2,32.6,1,633.6,0,2,9,2,0.1668,0
SEG-0179,2025-05-02,14.44,227.3,1,0.4376,23377.0,0.086,44.0,70.0,232.5,34.5,1,2748.5,3,2,13,7,0.3689,1
SEG-0180,2025-05-02,9.36,1231.3,2,0.4823,37183.0,0.108,33.0,60.1,216.0,32.8,0,1508.0,2,2,16,7,0.264,1
SEG-0181,2025-05-02,10.19,1402.5,1,0.5485,13417.0,0.31,49.6,7.1,28.6,35.4,0,1030.3,3,1,10,3,0.2228,0
SEG-0182,2025-05-02,14.44,1192.3,2,0.298,16181.0,0.07,41.7,112.7,373.1,29.3,1,893.3,5,1,23,8,0.4263,1
SEG-0183,2025-05-02,14.44,1092.5,1,0.3417,21080.0,0.059,47.6,7.2,44.2,32.4,0,3748.6,3,1,14,4,0.3456,1
SEG-0184,2025-05-02,13.49,1281.3,2,0.2794,30385.0,0.112,35.8,52.0,246.4,33.1,0,3718.0,3,3,16,8,0.3599,1
SEG-0185,2025-05-02,9.73,204.2,2,0.5532,33739.0,0.159,36.0,34.8,152.4,30.2,1,1132.4,1,0,11,2,0.2179,1
SEG-0186,2025-05-02,4.27,422.4,2,0.8036,10408.0,0.317,45.8,52.1,155.9,30.9,0,923.1,1,0,5,2,0.1068,0
SEG-0187,2025-05-02,10.38,318.6,2,0.414,44618.0,0.223,26.8,21.1,80.5,31.9,0,1072.8,3,3,13,8,0.2938,1
SEG-0188,2025-05-02,14.56,831.1,6,0.2427,6653.0,0.367,47.1,43.3,176.4,34.9,0,1137.3,4,2,9,11,0.4019,0
SEG-0189,2025-05-02,10.83,1156.0,4,0.4401,42889.0,0.097,30.5,58.8,244.9,33.8,1,1100.9,1,2,10,6,0.3229,0
SEG-0190,2025-05-02,6.31,1000.5,2,0.6965,5192.0,0.276,48.6,31.4,76.2,34.3,0,1494.9,1,0,6,6,0.1668,0
SEG-0191,2025-05-02,12.03,1299.0,2,0.4336,12438.0,0.209,47.9,38.2,176.3,31.6,0,1914.7,4,1,8,8,0.2861,1
SEG-0192,2025-05-02,11.74,359.5,4,0.4764,40092.0,0.177,27.3,47.1,144.0,26.4,0,3231.6,2,3,9,5,0.2934,1
SEG-0193,2025-05-02,12.66,1141.7,2,0.3738,8856.0,0.339,52.9,33.1,106.0,34.5,0,1350.4,2,1,3,6,0.3414,0
SEG-0194,2025-05-02,3.62,410.6,2,0.7427,19199.0,0.367,52.3,45.5,220.0,36.3,1,232.9,1,1,6,2,0.155,0
SEG-0195,2025-05-02,14.15,515.5,4,0.2411,20156.0,0.357,37.8,16.0,67.2,34.3,0,1652.7,2,3,13,9,0.4185,0
SEG-0196,2025-05-02,3.23,1108.4,2,0.9,12090.0,0.099,45.6,12.3,37.7,32.0,0,878.3,0,0,3,2,0.0,0
SEG-0197,2025-05-02,2.15,1473.3,4,0.8107,27904.0,0.133,34.8,23.7,137.2,31.9,0,612.2,1,0,3,1,0.0557,0
SEG-0198,2025-05-02,12.85,975.6,2,0.3358,35774.0,0.25,31.1,54.0,167.0,31.4,0,776.8,2,2,12,9,0.3615,1
SEG-0199,2025-05-02,4.2,223.6,2,0.8624,41153.0,0.131,34.1,18.2,95.3,36.4,0,290.7,0,0,9,2,0.0467,0
SEG-0200,2025-05-02,1.33,982.0,2,0.8883,14596.0,0.3,43.5,20.3,63.5,31.1,0,366.4,0,0,1,0,0.0343,0
SEG-0201,2025-05-02,9.32,207.2,2,0.4521,22512.0,0.222,41.5,42.8,211.8,28.0,0,2580.9,3,2,8,9,0.2771,1
SEG-0202,2025-05-02,7.26,1343.6,2,0.6367,11144.0,0.229,50.0,16.0,74.5,32.1,0,358.2,1,2,9,7,0.1993,1
SEG-0203,2025-05-02,9.04,1107.9,2,0.6357,13478.0,0.33,45.6,27.7,174.2,37.2,0,2031.8,3,2,12,4,0.2065,1
SEG-0204,2025-05-02,3.11,383.7,4,0.8352,8115.0,0.372,58.8,26.4,102.2,35.6,0,391.3,0,1,1,0,0.0739,0
SEG-0205,2025-05-02,6.41,273.8,2,0.7144,37268.0,0.046,36.1,78.8,272.5,35.1,1,1294.4,0,1,15,7,0.1847,0
SEG-0206,2025-05-02,4.26,397.8,2,0.81,41865.0,0.055,24.9,51.8,120.7,29.0,0,763.8,0,0,8,0,0.1028,0
SEG-0207,2025-05-02,14.28,1473.0,4,0.2946,34660.0,0.204,43.2,24.7,81.8,34.5,0,648.7,4,3,10,8,0.3739,0
SEG-0208,2025-05-02,6.43,769.1,4,0.5868,24614.0,0.192,35.9,52.2,182.4,36.2,0,197.4,1,0,5,2,0.2203,0
SEG-0209,2025-05-02,10.97,1208.5,2,0.3915,20548.0,0.151,43.3,92.6,289.5,32.8,1,2356.4,2,3,17,6,0.3207,0
SEG-0210,2025-05-02,3.06,1009.2,2,0.9125,26563.0,0.158,40.1,13.1,34.4,37.0,0,329.9,1,1,3,0,0.0891,0
SEG-0211,2025-05-02,13.4,922.8,6,0.4173,21747.0,0.312,41.1,5.4,15.4,36.8,0,3724.5,4,1,13,9,0.3301,1
SEG-0212,2025-05-02,2.4,345.9,2,0.9187,20422.0,0.31,42.7,51.1,279.6,35.8,1,603.9,0,1,0,2,0.0253,0
SEG-0213,2025-05-02,6.19,1427.1,4,0.6579,5869.0,0.257,54.5,88.2,475.2,30.7,2,1442.2,1,0,3,6,0.1609,1
SEG-0214,2025-05-02,3.82,556.8,4,0.8466,7416.0,0.182,52.3,82.8,309.6,32.6,0,506.4,1,0,5,3,0.0438,0
SEG-0215,2025-05-02,6.17,930.3,4,0.7003,44421.0,0.159,30.4,38.5,149.9,34.9,0,600.4,1,1,6,4,0.1298,0
SEG-0216,2025-05-02,15.31,1094.7,2,0.2292,19269.0,0.226,39.8,95.1,518.0,40.2,0,602.4,4,3,17,7,0.4128,1
SEG-0217,2025-05-02,15.12,1026.5,2,0.2594,46260.0,0.139,34.0,12.6,32.7,29.6,0,1696.6,5,3,16,10,0.4241,1
SEG-0218,2025-05-02,8.28,1419.8,1,0.6241,7775.0,0.213,52.1,21.8,64.6,33.5,0,2044.9,3,1,10,5,0.2522,0
SEG-0219,2025-05-02,4.81,350.4,2,0.7768,27385.0,0.242,44.0,50.9,160.5,34.8,0,317.4,2,1,9,3,0.0869,0
SEG-0220,2025-05-02,10.37,836.3,6,0.5016,10875.0,0.039,50.1,136.7,303.9,31.0,0,2281.1,1,2,6,6,0.2496,1
SEG-0221,2025-05-02,14.79,695.4,2,0.4086,12071.0,0.042,42.3,107.9,239.7,35.1,1,3851.5,4,3,12,8,0.3802,1
SEG-0222,2025-05-02,12.47,790.1,2,0.4133,2484.0,0.093,57.0,31.0,202.5,34.2,0,2828.5,4,2,9,6,0.3466,1
SEG-0223,2025-05-02,7.87,310.9,1,0.6385,6189.0,0.328,44.0,30.1,81.9,29.3,0,2125.9,2,0,9,3,0.1851,0
SEG-0224,2025-05-02,9.75,331.0,6,0.5206,44787.0,0.285,25.8,40.4,249.6,33.9,2,2210.4,1,2,15,3,0.2246,1
SEG-0225,2025-05-02,7.25,525.4,1,0.6729,14224.0,0.065,50.2,53.5,193.3,32.7,0,2024.9,1,0,6,5,0.1678,0
SEG-0226,2025-05-02,11.05,561.4,1,0.378,30314.0,0.379,41.1,22.7,93.9,31.8,0,1800.2,4,1,10,5,0.2963,1
SEG-0227,2025-05-02,7.52,727.7,2,0.6851,23552.0,0.22,40.9,13.2,67.8,33.8,1,1025.4,2,1,6,3,0.1842,0
SEG-0228,2025-05-02,11.37,974.8,1,0.3503,20244.0,0.189,45.2,221.7,650.0,34.5,0,1340.8,3,1,11,6,0.3145,1
SEG-0229,2025-05-02,14.91,1006.7,2,0.3785,24862.0,0.337,40.5,31.4,82.1,29.5,0,3312.2,4,2,13,4,0.3379,1
SEG-0230,2025-05-02,13.1,705.9,2,0.397,8201.0,0.102,50.0,62.4,303.8,33.1,2,618.6,2,1,9,9,0.3287,1
SEG-0231,2025-05-02,8.09,701.9,2,0.5521,44577.0,0.094,26.7,117.2,386.0,34.3,1,777.2,3,0,12,6,0.215,0
SEG-0232,2025-05-02,14.77,443.8,1,0.3151,39016.0,0.213,26.1,49.1,124.9,31.3,0,3798.5,4,1,17,9,0.4144,1
SEG-0233,2025-05-02,5.41,944.2,1,0.7143,32784.0,0.13,39.8,99.0,335.2,32.9,0,1423.9,2,0,7,1,0.1652,0
SEG-0234,2025-05-02,5.13,578.0,2,0.6795,22187.0,0.277,36.3,67.2,155.7,32.6,0,1286.5,2,0,10,2,0.1602,0
SEG-0235,2025-05-02,3.91,198.7,1,0.8115,8406.0,0.118,50.1,18.1,42.3,30.7,0,556.1,0,0,2,0,0.1379,0
SEG-0236,2025-05-02,14.54,714.8,2,0.2524,43397.0,0.064,32.4,48.7,121.6,34.4,1,3157.8,3,3,16,6,0.4328,1
SEG-0237,2025-05-02,8.68,790.1,2,0.6357,17266.0,0.123,38.9,44.3,140.3,35.1,0,1821.2,1,2,10,5,0.1711,1
SEG-0238,2025-05-02,13.52,454.6,2,0.3713,3330.0,0.141,53.1,10.3,26.0,34.6,0,1882.4,2,1,11,4,0.3391,1
SEG-0239,2025-05-02,8.79,922.8,2,0.5975,18443.0,0.104,41.7,8.9,23.3,33.0,0,464.7,3,0,7,6,0.212,0
SEG-0240,2025-05-02,12.47,913.8,2,0.4428,40415.0,0.071,40.5,32.4,79.0,31.0,0,1749.9,4,3,8,7,0.296,1
SEG-0241,2025-05-02,14.08,1097.7,1,0.1791,25822.0,0.371,40.7,37.7,108.0,31.9,0,1176.4,2,3,16,12,0.4788,1
SEG-0242,2025-05-02,12.84,1024.7,1,0.3954,30568.0,0.163,41.3,52.0,130.0,31.0,0,1993.9,3,3,15,6,0.3193,1
SEG-0243,2025-05-02,3.8,1030.8,4,0.812,34816.0,0.165,32.3,127.4,393.1,31.0,0,306.6,0,0,7,1,0.098,0
SEG-0244,2025-05-02,2.16,576.9,1,0.8814,10131.0,0.071,48.6,65.8,235.5,30.3,3,298.5,0,1,0,2,0.0946,1
SEG-0245,2025-05-02,4.27,1213.0,2,0.8273,46383.0,0.179,34.3,69.8,178.0,33.6,0,323.3,2,0,8,2,0.0734,0
SEG-0246,2025-05-02,4.68,891.3,2,0.7756,17608.0,0.11,41.8,87.9,239.4,34.6,0,313.2,0,0,3,2,0.0946,0
SEG-0247,2025-05-02,9.63,732.4,2,0.5448,33022.0,0.251,45.2,24.4,133.0,36.1,0,2617.5,3,1,9,5,0.3007,1
SEG-0248,2025-05-02,10.5,995.1,2,0.4642,1150.0,0.113,57.1,15.8,67.7,30.3,0,1743.0,3,3,6,4,0.2623,1
SEG-0249,2025-05-02,2.04,636.9,4,0.7766,40889.0,0.343,33.3,40.2,182.8,33.4,0,471.7,1,0,9,0,0.1533,0
SEG-0250,2025-05-02,5.73,842.2,4,0.7044,14371.0,0.357,52.0,64.1,231.7,32.0,1,1071.7,2,1,4,5,0.1731,0
SEG-0001,2025-05-17,2.77,1030.1,4,0.7911,14233.0,0.073,46.4,17.2,107.3,35.0,0,240.0,0,0,2,4,0.1325,0
SEG-0002,2025-05-17,8.31,1321.1,4,0.5433,16605.0,0.207,49.9,64.7,188.4,31.1,0,929.7,2,2,5,7,0.2083,1
SEG-0003,2025-05-17,11.89,762.8,4,0.4161,12220.0,0.104,49.3,19.1,70.6,32.2,0,2478.1,4,3,12,8,0.3249,1
SEG-0004,2025-05-17,7.93,484.6,2,0.5957,22335.0,0.108,46.5,81.7,254.9,31.2,0,645.7,3,1,4,4,0.2148,0
SEG-0005,2025-05-17,5.21,469.5,2,0.7655,34179.0,0.261,38.4,102.2,285.7,34.2,0,1172.9,0,1,6,2,0.1469,0
SEG-0006,2025-05-17,7.52,1157.1,4,0.6125,11328.0,0.172,49.9,162.9,408.6,33.5,1,1876.1,1,0,5,5,0.2483,1
SEG-0007,2025-05-17,5.42,1252.4,2,0.7692,15356.0,0.351,44.5,80.5,194.8,33.2,0,176.2,2,1,5,1,0.1048,0
SEG-0008,2025-05-17,3.25,292.1,4,0.8449,46828.0,0.142,33.9,43.9,149.2,30.5,0,233.0,1,0,7,0,0.0309,0
SEG-0009,2025-05-17,4.97,239.9,2,0.7476,3279.0,0.281,56.6,82.9,392.6,34.8,1,380.3,0,0,2,1,0.0743,0
SEG-0010,2025-05-17,11.15,952.5,1,0.4756,19841.0,0.193,41.1,45.4,184.0,34.8,0,1134.8,4,3,15,5,0.2865,0
SEG-0011,2025-05-17,10.7,347.3,1,0.4718,30249.0,0.261,36.3,64.1,422.8,35.6,0,1708.4,1,3,20,6,0.2829,1
SEG-0012,2025-05-17,10.32,1263.3,4,0.4654,8055.0,0.225,50.6,27.3,147.4,31.2,0,521.7,2,2,12,8,0.2886,0
SEG-0013,2025-05-17,8.62,569.0,1,0.5725,3207.0,0.202,62.5,41.0,102.1,35.7,0,1644.1,3,1,8,3,0.2352,0
SEG-0014,2025-05-17,9.06,344.2,2,0.5391,6037.0,0.338,51.2,148.4,341.3,34.3,0,248.8,1,1,7,5,0.1981,0
SEG-0015,2025-05-17,14.96,1393.3,2,0.2781,46989.0,0.148,37.2,149.3,442.2,35.5,0,1274.3,4,1,25,7,0.4324,1
SEG-0016,2025-05-17,2.4,373.5,2,0.8721,1515.0,0.074,50.0,93.0,258.1,32.4,1,194.1,0,0,0,0,0.0212,0
SEG-0017,2025-05-17,2.06,534.4,2,0.8772,8537.0,0.235,51.5,14.9,34.0,33.9,0,567.4,0,0,7,4,0.0783,0
SEG-0018,2025-05-17,14.21,357.4,4,0.2723,2507.0,0.339,50.7,42.5,230.0,34.9,0,3193.7,3,1,8,5,0.4074,1
SEG-0019,2025-05-17,9.48,305.9,1,0.5512,6419.0,0.061,46.8,69.3,286.4,33.7,3,1604.0,3,0,3,5,0.2133,0
SEG-0020,2025-05-17,9.88,178.5,4,0.4559,29826.0,0.248,32.6,37.5,118.2,36.5,0,2355.7,3,1,10,6,0.2975,0
SEG-0021,2025-05-17,4.44,224.8,4,0.7164,13014.0,0.326,45.4,182.5,487.0,33.2,0,648.2,0,0,2,0,0.1226,0
SEG-0022,2025-05-17,5.45,385.8,2,0.6664,28595.0,0.309,45.1,95.4,250.9,36.1,1,484.6,0,1,16,4,0.1551,0
SEG-0023,2025-05-17,3.91,222.1,2,0.8409,26960.0,0.369,42.7,59.1,160.5,29.8,0,353.9,0,1,8,5,0.0846,0
SEG-0024,2025-05-17,6.52,948.0,2,0.6749,33648.0,0.209,34.0,57.8,160.0,33.6,0,570.4,2,1,9,3,0.1375,0
SEG-0025,2025-05-17,2.46,1069.0,1,0.7841,1083.0,0.28,55.0,56.7,131.4,31.5,0,597.9,0,0,2,1,0.0952,0
SEG-0026,2025-05-17,4.65,681.4,2,0.7638,36242.0,0.138,37.6,42.5,191.5,33.1,0,611.1,2,0,8,2,0.1598,0
SEG-0027,2025-05-17,4.47,579.3,6,0.832,25773.0,0.407,38.2,87.9,275.4,33.1,1,1226.2,1,0,4,4,0.0939,0
SEG-0028,2025-05-17,13.64,831.1,6,0.4812,8405.0,0.161,48.2,42.1,97.1,30.0,0,1765.7,3,2,6,7,0.2875,1
SEG-0029,2025-05-17,14.9,1331.3,4,0.2836,38130.0,0.302,36.2,48.8,253.6,34.9,0,1105.6,3,2,18,10,0.3585,1
SEG-0030,2025-05-17,9.61,1299.0,2,0.5037,39938.0,0.225,29.1,9.3,26.3,32.7,0,675.4,1,1,7,2,0.2444,0
SEG-0031,2025-05-17,9.88,208.7,2,0.4679,11173.0,0.215,48.1,29.6,140.9,32.6,0,744.0,1,1,9,5,0.2925,0
SEG-0032,2025-05-17,14.76,395.0,4,0.3571,43602.0,0.305,34.9,132.7,362.7,37.2,0,1000.3,3,3,13,6,0.3597,1
SEG-0033,2025-05-17,4.8,469.6,2,0.7724,19717.0,0.194,42.8,137.7,432.1,33.7,0,1030.4,2,0,4,3,0.141,0
SEG-0034,2025-05-17,12.09,486.7,2,0.336,31549.0,0.373,36.6,83.5,247.1,31.1,0,2155.0,2,2,16,7,0.3426,1
SEG-0035,2025-05-17,2.58,921.2,1,0.8398,41486.0,0.19,33.9,57.5,137.7,33.8,0,258.0,1,0,8,0,0.0773,0
SEG-0036,2025-05-17,14.4,712.0,2,0.3073,18481.0,0.26,36.8,115.2,276.7,33.9,1,3035.9,5,1,10,9,0.3408,1
SEG-0037,2025-05-17,15.01,216.5,2,0.1847,35536.0,0.167,35.2,34.3,114.9,31.2,0,1065.7,4,2,25,10,0.4485,1
SEG-0038,2025-05-17,8.3,654.4,2,0.5541,15314.0,0.162,50.1,74.8,201.9,34.9,0,1791.9,3,0,5,4,0.2554,0
SEG-0039,2025-05-17,6.37,857.1,2,0.644,36638.0,0.205,30.1,36.0,237.2,29.8,1,1117.4,2,0,10,3,0.1894,0
SEG-0040,2025-05-17,6.6,287.3,4,0.7562,30332.0,0.092,33.0,282.0,650.0,34.4,1,1076.6,0,1,7,3,0.1519,1
SEG-0041,2025-05-17,7.31,1275.2,6,0.6474,9917.0,0.081,47.0,41.9,141.4,36.2,0,1015.5,0,1,7,3,0.2218,0
SEG-0042,2025-05-17,8.07,220.1,2,0.588,18551.0,0.271,42.7,58.0,195.5,31.3,1,1195.2,3,0,7,5,0.2217,0
SEG-0043,2025-05-17,1.75,1398.5,4,0.848,15125.0,0.262,52.9,139.5,415.7,33.8,0,396.9,0,0,4,2,0.086,0
SEG-0044,2025-05-17,3.32,283.8,6,0.7524,3871.0,0.257,55.5,50.8,315.3,33.0,2,180.3,1,0,8,4,0.1376,0
SEG-0045,2025-05-17,8.05,1288.8,1,0.574,2514.0,0.061,52.7,40.5,104.0,31.8,0,1841.2,3,1,13,7,0.2774,1
SEG-0046,2025-05-17,4.34,1368.6,2,0.7708,14452.0,0.137,49.6,43.4,254.1,36.8,1,246.3,1,0,6,1,0.1578,0
SEG-0047,2025-05-17,7.01,1472.4,2,0.6579,1941.0,0.121,56.6,41.0,184.8,33.7,0,1916.4,2,1,7,5,0.2367,1
SEG-0048,2025-05-17,9.65,1232.7,1,0.5627,7498.0,0.299,56.3,18.2,82.3,31.4,0,1389.4,1,2,12,6,0.2113,0
SEG-0049,2025-05-17,11.21,1202.3,4,0.4918,31290.0,0.331,35.3,56.3,145.3,30.3,0,1743.7,4,3,9,5,0.2464,0
SEG-0050,2025-05-17,15.01,1017.4,2,0.2687,35734.0,0.126,34.5,20.5,75.1,34.7,0,1457.4,4,3,15,9,0.3901,0
SEG-0051,2025-05-17,6.9,1201.6,2,0.7297,32959.0,0.25,33.8,35.3,130.8,35.4,0,687.9,2,1,12,3,0.1279,0
SEG-0052,2025-05-17,14.58,331.6,2,0.2685,14604.0,0.078,49.1,49.7,132.6,33.6,0,1247.1,5,2,9,11,0.3927,1
SEG-0053,2025-05-17,7.41,873.7,2,0.6221,46046.0,0.13,29.4,52.3,163.6,28.3,0,583.8,2,2,11,2,0.2531,0
SEG-0054,2025-05-17,2.53,844.2,4,0.9225,24530.0,0.08,42.7,29.2,90.0,33.6,0,683.6,0,0,3,1,0.0486,0
SEG-0055,2025-05-17,5.09,1307.7,1,0.7611,6287.0,0.138,54.4,63.0,348.5,30.3,0,965.9,1,0,5,2,0.1601,0
SEG-0056,2025-05-17,5.08,774.8,2,0.69,7152.0,0.26,54.5,92.2,359.8,34.2,0,570.8,2,0,5,5,0.1312,1
SEG-0057,2025-05-17,10.84,669.9,2,0.4416,31450.0,0.353,33.6,38.0,245.8,32.2,2,445.6,2,2,8,6,0.3058,1
SEG-0058,2025-05-17,5.47,1013.4,2,0.6998,9767.0,0.11,51.4,9.9,40.7,33.7,0,637.7,0,2,6,3,0.1257,0
SEG-0059,2025-05-17,9.53,509.7,2,0.564,25650.0,0.214,41.3,23.4,100.6,32.8,1,209.6,3,1,12,6,0.2577,0
SEG-0060,2025-05-17,3.98,338.7,2,0.7792,44738.0,0.262,30.9,35.6,141.4,38.4,0,836.8,1,0,9,3,0.1134,0
SEG-0061,2025-05-17,13.74,795.1,1,0.3712,1169.0,0.364,50.1,40.4,105.5,32.0,0,419.0,4,1,3,8,0.3445,1
SEG-0062,2025-05-17,8.56,712.8,2,0.6176,1533.0,0.207,55.4,31.2,107.5,34.6,0,213.2,3,0,3,2,0.2141,0
SEG-0063,2025-05-17,14.99,464.0,4,0.2366,46098.0,0.132,27.8,35.3,87.4,34.4,0,1576.5,5,2,17,6,0.3475,1
SEG-0064,2025-05-17,13.82,646.1,2,0.3478,24518.0,0.253,38.8,66.7,192.0,31.1,0,2746.9,3,3,7,4,0.3733,1
SEG-0065,2025-05-17,3.21,644.6,2,0.8833,5714.0,0.117,52.1,96.9,220.7,31.5,0,446.0,0,0,9,5,0.1217,0
SEG-0066,2025-05-17,11.12,592.1,2,0.5107,35016.0,0.385,31.7,88.4,245.1,32.5,0,1386.3,3,3,10,5,0.296,1
SEG-0067,2025-05-17,6.37,662.3,4,0.6656,36966.0,0.196,31.3,59.3,159.9,32.6,0,358.2,0,1,12,7,0.1779,0
SEG-0068,2025-05-17,7.84,1075.8,1,0.5578,25185.0,0.253,43.0,32.2,103.8,35.4,0,1605.9,1,2,5,5,0.2644,1
SEG-0069,2025-05-17,15.17,550.8,2,0.2818,32358.0,0.053,35.6,38.3,170.6,32.6,1,2445.2,3,3,13,8,0.3655,1
SEG-0070,2025-05-17,14.01,1431.0,2,0.3849,13299.0,0.196,58.6,64.2,192.5,31.9,1,3665.0,3,1,14,6,0.3374,1
SEG-0071,2025-05-17,7.2,1387.1,2,0.726,3364.0,0.276,56.7,84.7,237.7,32.9,0,413.2,2,0,2,0,0.1976,1
SEG-0072,2025-05-17,9.79,799.2,4,0.5294,28500.0,0.242,39.7,38.0,84.9,31.0,0,430.1,1,1,11,8,0.2401,0
SEG-0073,2025-05-17,11.64,593.3,2,0.4734,14951.0,0.175,46.6,59.6,310.5,35.0,0,1576.8,2,3,8,5,0.2873,1
SEG-0074,2025-05-17,2.83,872.8,4,0.8403,26356.0,0.39,41.3,79.5,210.0,35.5,0,606.7,0,0,7,4,0.1192,0
SEG-0075,2025-05-17,3.9,1295.6,4,0.7704,33179.0,0.362,31.1,170.3,396.3,32.5,1,560.5,2,0,9,3,0.1729,0
SEG-0076,2025-05-17,15.1,1031.0,2,0.3047,1840.0,0.14,58.3,30.3,90.2,37.2,0,2520.9,4,2,9,7,0.3614,1
SEG-0077,2025-05-17,7.66,1235.9,4,0.5382,26816.0,0.232,33.6,13.5,85.5,29.0,0,533.3,1,1,9,6,0.2575,0
SEG-0078,2025-05-17,5.09,869.2,2,0.7313,11288.0,0.212,46.7,92.8,391.6,37.2,1,400.8,2,0,9,5,0.1159,0
SEG-0079,2025-05-17,14.05,1004.4,4,0.3797,37541.0,0.298,33.8,70.8,212.0,37.0,0,1974.7,3,1,17,5,0.3347,0
SEG-0080,2025-05-17,1.51,539.0,2,0.873,11611.0,0.144,46.4,9.0,51.7,36.3,0,329.4,0,0,5,3,0.0657,0
SEG-0081,2025-05-17,9.03,1142.1,2,0.5804,24685.0,0.08,47.2,84.3,189.1,32.1,0,1853.4,3,2,7,4,0.1822,1
SEG-0082,2025-05-17,9.65,423.2,2,0.4397,25163.0,0.376,43.6,52.2,181.8,38.0,0,485.3,3,1,15,5,0.3204,0
SEG-0083,2025-05-17,14.17,1088.0,1,0.3042,18094.0,0.378,45.8,90.5,524.6,33.1,0,555.0,3,1,14,11,0.3921,1
SEG-0084,2025-05-17,4.83,1312.0,2,0.6569,31693.0,0.33,37.4,36.9,222.3,37.5,0,954.0,1,0,14,7,0.1941,0
SEG-0085,2025-05-17,1.48,328.3,4,0.8908,31858.0,0.38,36.0,72.9,194.9,36.6,0,414.1,0,0,8,2,0.0871,0
SEG-0086,2025-05-17,1.87,979.4,2,0.9219,22631.0,0.279,45.9,29.8,94.9,30.5,0,358.0,1,0,3,1,0.0538,0
SEG-0087,2025-05-17,10.02,278.4,2,0.5244,34833.0,0.308,40.5,9.7,35.0,30.5,1,237.6,2,0,16,6,0.2673,1
SEG-0088,2025-05-17,14.25,1129.7,2,0.2956,45641.0,0.303,29.5,70.5,422.3,29.7,2,3352.1,2,3,19,10,0.4002,1
SEG-0089,2025-05-17,9.3,264.1,2,0.4686,17505.0,0.216,48.9,44.6,100.0,34.2,0,2462.8,3,2,8,5,0.269,0
SEG-0090,2025-05-17,13.56,1413.5,1,0.3375,23279.0,0.192,40.4,51.4,122.8,33.0,0,231.9,3,2,14,8,0.3592,1
SEG-0091,2025-05-17,1.92,335.5,4,0.915,1509.0,0.119,53.9,24.7,67.3,34.2,0,498.7,0,0,0,0,0.0384,0
SEG-0092,2025-05-17,3.73,1444.5,2,0.885,36973.0,0.224,37.4,21.9,65.1,32.3,0,535.8,0,1,10,2,0.0329,0
SEG-0093,2025-05-17,4.71,1231.2,2,0.7688,24001.0,0.157,39.4,5.4,19.8,36.0,0,213.5,2,0,3,3,0.078,0
SEG-0094,2025-05-17,9.44,951.5,2,0.5902,21089.0,0.118,41.3,25.7,130.6,32.4,0,1019.5,1,1,7,4,0.2395,0
SEG-0095,2025-05-17,10.05,1206.5,1,0.5792,5813.0,0.235,53.2,37.6,186.4,31.0,0,845.9,1,1,5,6,0.2082,0
SEG-0096,2025-05-17,14.67,1223.4,2,0.2746,39198.0,0.177,34.7,53.5,295.6,30.0,0,1624.9,4,1,10,6,0.404,1
SEG-0097,2025-05-17,5.09,1427.1,4,0.6995,17154.0,0.109,52.5,2.1,11.2,34.3,0,970.5,2,0,5,4,0.158,0
SEG-0098,2025-05-17,3.36,492.1,2,0.8521,26587.0,0.338,38.0,13.4,52.3,33.0,0,494.1,0,0,6,4,0.0543,0
SEG-0099,2025-05-17,8.61,946.6,6,0.6064,7303.0,0.302,46.4,29.4,77.1,35.6,0,2000.4,3,2,7,5,0.2184,0
SEG-0100,2025-05-17,12.24,278.3,2,0.3569,37027.0,0.119,37.0,26.8,79.1,35.9,0,404.4,4,1,16,8,0.3051,1
SEG-0101,2025-05-17,7.18,981.8,2,0.683,9718.0,0.058,50.5,149.6,397.1,31.8,1,950.6,0,0,7,1,0.233,0
SEG-0102,2025-05-17,7.12,381.2,4,0.5444,9310.0,0.154,55.3,40.6,90.9,37.4,0,1526.8,2,1,8,4,0.1977,0
SEG-0103,2025-05-17,10.47,912.7,4,0.4692,36517.0,0.3,35.8,54.1,267.2,31.9,1,1860.8,2,1,7,6,0.2565,0
SEG-0104,2025-05-17,10.51,922.8,4,0.4217,44603.0,0.352,26.7,68.4,218.8,38.9,0,2324.1,1,3,12,7,0.2845,1
SEG-0105,2025-05-17,14.99,779.1,6,0.3359,10948.0,0.072,37.9,167.2,383.6,31.1,1,3403.3,5,2,14,9,0.3816,1
SEG-0106,2025-05-17,14.62,855.6,4,0.285,22808.0,0.275,37.9,46.9,135.3,29.9,0,3411.9,5,2,18,11,0.347,1
SEG-0107,2025-05-17,8.37,1181.3,4,0.4964,32170.0,0.098,32.5,54.3,281.0,33.7,1,1026.7,1,1,12,4,0.324,0
SEG-0108,2025-05-17,6.11,1229.0,1,0.6441,35322.0,0.209,34.0,45.5,239.5,34.4,3,218.0,1,1,9,4,0.2121,0
SEG-0109,2025-05-17,8.66,814.4,4,0.5108,19632.0,0.377,38.6,80.1,442.8,33.5,1,927.0,2,2,7,1,0.2363,1
SEG-0110,2025-05-17,2.74,959.5,2,0.7249,20489.0,0.073,47.9,66.2,314.0,35.9,0,692.2,1,0,4,0,0.1272,0
SEG-0111,2025-05-17,6.28,1407.2,2,0.6334,32975.0,0.084,34.2,74.2,298.6,33.6,0,1138.5,0,0,11,2,0.2269,0
SEG-0112,2025-05-17,6.72,311.6,2,0.6611,33623.0,0.187,33.2,89.7,201.0,32.7,0,1568.3,0,2,11,7,0.1563,1
SEG-0113,2025-05-17,11.9,308.1,6,0.4028,31868.0,0.266,33.4,137.3,307.7,35.3,0,3241.9,4,3,11,7,0.3375,1
SEG-0114,2025-05-17,7.4,268.4,6,0.6095,22543.0,0.346,40.4,58.7,261.8,38.2,1,1215.6,3,0,10,2,0.2481,0
SEG-0115,2025-05-17,14.11,1038.1,2,0.416,6000.0,0.373,53.1,35.3,80.9,33.5,0,3228.9,4,2,9,7,0.3799,1
SEG-0116,2025-05-17,5.33,715.1,4,0.7495,46881.0,0.083,30.3,38.4,212.8,31.7,1,315.7,2,0,16,3,0.1937,0
SEG-0117,2025-05-17,5.93,1195.3,4,0.6877,39334.0,0.124,35.0,51.1,175.3,32.8,0,1496.2,2,0,5,0,0.1675,0
SEG-0118,2025-05-17,12.49,1056.2,2,0.395,39537.0,0.319,27.9,117.0,295.7,33.7,1,3252.8,2,3,5,5,0.346,1
SEG-0119,2025-05-17,8.61,600.4,1,0.5073,6165.0,0.141,51.1,45.1,225.7,33.3,0,2391.7,2,0,8,6,0.2949,0
SEG-0120,2025-05-17,3.21,1362.8,1,0.7913,10693.0,0.338,52.6,53.2,122.9,30.9,0,266.0,0,1,1,0,0.1193,0
SEG-0121,2025-05-17,9.39,1179.4,4,0.5703,37249.0,0.264,34.8,80.6,257.4,33.1,1,550.3,1,1,19,5,0.236,0
SEG-0122,2025-05-17,6.73,515.2,2,0.6159,1808.0,0.109,58.4,7.6,48.7,29.6,0,953.8,1,1,7,5,0.2051,0
SEG-0123,2025-05-17,10.97,641.7,6,0.4927,38396.0,0.328,37.9,18.7,81.4,34.3,0,1403.6,3,1,10,6,0.2492,1
SEG-0124,2025-05-17,3.79,574.5,2,0.7912,17130.0,0.07,47.6,114.5,601.1,35.9,1,459.9,0,0,7,2,0.0944,0
SEG-0125,2025-05-17,8.99,362.8,6,0.4747,32429.0,0.203,32.1,11.3,40.8,34.7,0,1741.4,2,1,13,5,0.2492,1
SEG-0126,2025-05-17,14.97,349.5,2,0.2519,37001.0,0.251,29.0,11.3,60.7,34.2,0,742.4,5,2,22,12,0.3849,1
SEG-0127,2025-05-17,5.69,1413.8,4,0.7064,20588.0,0.213,48.6,122.8,316.7,32.7,0,556.6,2,1,9,6,0.1476,0
SEG-0128,2025-05-17,5.81,741.2,1,0.745,17030.0,0.269,50.3,30.7,194.4,25.2,0,190.0,0,1,3,1,0.1516,0
SEG-0129,2025-05-17,5.44,667.5,2,0.6858,30495.0,0.264,39.1,48.5,122.0,34.6,0,1407.1,0,0,18,6,0.2188,0
SEG-0130,2025-05-17,5.08,1135.1,4,0.7122,27946.0,0.364,35.2,10.2,65.7,32.7,0,1037.8,1,0,9,2,0.1327,0
SEG-0131,2025-05-17,3.14,896.5,4,0.8624,19133.0,0.407,44.4,10.1,58.9,32.3,0,900.1,0,0,5,1,0.1095,0
SEG-0132,2025-05-17,13.74,1413.8,4,0.4134,26955.0,0.242,35.7,60.4,147.8,33.9,0,3557.4,4,2,6,6,0.2856,1
SEG-0133,2025-05-17,3.44,1203.4,1,0.7627,37596.0,0.106,35.3,146.5,376.9,33.8,0,585.3,0,0,11,3,0.1559,0
SEG-0134,2025-05-17,9.23,797.1,2,0.4985,23085.0,0.299,42.9,37.4,224.8,29.7,1,2282.0,1,0,18,7,0.2799,1
SEG-0135,2025-05-17,14.17,658.1,1,0.4027,10454.0,0.339,47.8,16.9,45.7,32.3,0,2850.5,2,1,8,9,0.2844,1
SEG-0136,2025-05-17,3.81,1482.0,1,0.7622,17974.0,0.105,38.6,8.8,40.6,31.1,0,469.3,0,0,7,1,0.1739,0
SEG-0137,2025-05-17,2.88,1119.0,2,0.8133,19278.0,0.225,45.1,42.0,160.0,32.6,0,664.8,0,0,5,1,0.1422,0
SEG-0138,2025-05-17,15.0,1434.1,4,0.4372,6852.0,0.161,53.8,64.3,158.7,34.0,0,239.9,5,2,8,8,0.2913,0
SEG-0139,2025-05-17,4.38,309.9,4,0.8906,8195.0,0.054,40.9,24.0,63.7,33.1,0,1011.9,0,0,1,4,0.0699,0
SEG-0140,2025-05-17,5.85,1298.2,4,0.7584,31899.0,0.253,42.0,30.7,88.5,38.0,0,541.2,2,2,8,4,0.0795,1
SEG-0141,2025-05-17,13.87,1010.0,4,0.3724,18156.0,0.172,45.7,6.0,37.3,33.0,0,2111.2,3,3,15,7,0.3329,1
SEG-0142,2025-05-17,11.88,314.6,4,0.4858,49016.0,0.332,33.1,91.0,299.0,33.7,0,1676.4,4,2,12,8,0.262,1
SEG-0143,2025-05-17,10.05,944.1,1,0.4719,11836.0,0.345,47.6,11.5,33.1,36.2,0,1271.4,3,0,10,3,0.3206,0
SEG-0144,2025-05-17,11.66,1076.2,2,0.4788,5721.0,0.311,48.7,86.0,204.4,32.8,0,637.7,4,3,9,4,0.273,0
SEG-0145,2025-05-17,13.35,166.6,2,0.4122,36720.0,0.139,27.5,45.7,136.3,30.4,0,1353.9,2,3,19,6,0.3487,1
SEG-0146,2025-05-17,9.0,763.3,4,0.5605,35938.0,0.153,36.2,58.3,176.0,31.7,0,2524.0,3,0,5,1,0.2298,0
SEG-0147,2025-05-17,12.32,1264.3,1,0.4651,12068.0,0.285,45.8,40.8,119.9,36.7,0,1586.0,2,2,7,3,0.2995,0
SEG-0148,2025-05-17,3.68,548.7,2,0.7761,11354.0,0.264,48.8,69.1,255.2,34.7,1,591.9,0,0,4,3,0.0934,0
SEG-0149,2025-05-17,12.06,769.0,2,0.4248,8956.0,0.231,49.0,113.4,330.2,35.6,2,847.2,3,2,17,10,0.2743,1
SEG-0150,2025-05-17,13.82,747.1,1,0.3615,23639.0,0.348,40.7,263.8,609.1,33.7,2,3756.1,2,1,8,8,0.31,1
SEG-0151,2025-05-17,7.66,557.6,2,0.6385,22419.0,0.068,42.6,94.4,229.3,34.5,1,891.9,2,1,11,2,0.1996,0
SEG-0152,2025-05-17,13.71,1389.9,4,0.3972,11932.0,0.345,49.9,22.3,119.7,35.7,0,2026.9,3,2,8,7,0.286,1
SEG-0153,2025-05-17,14.83,1204.7,2,0.2968,3131.0,0.058,49.4,64.3,160.8,36.8,0,4046.1,5,1,13,7,0.3948,1
SEG-0154,2025-05-17,12.27,299.3,2,0.4556,19082.0,0.076,44.7,60.3,295.2,32.6,2,555.7,3,1,11,6,0.2973,1
SEG-0155,2025-05-17,1.93,1496.0,4,0.8945,39492.0,0.211,31.9,105.5,308.9,28.9,0,401.4,1,0,3,0,0.047,0
SEG-0156,2025-05-17,12.1,1336.9,2,0.3765,31089.0,0.087,37.0,16.5,39.5,36.0,0,1131.7,2,3,12,6,0.3777,1
SEG-0157,2025-05-17,8.29,533.3,4,0.6731,25972.0,0.052,41.6,60.3,311.3,26.2,1,1928.5,2,0,13,7,0.1797,0
SEG-0158,2025-05-17,4.24,1279.8,2,0.8146,6488.0,0.026,53.2,24.9,60.6,35.2,0,548.1,0,0,4,1,0.11,0
SEG-0159,2025-05-17,4.34,293.7,2,0.7274,12085.0,0.15,51.0,77.9,214.3,31.3,0,726.9,0,1,4,2,0.1257,0
SEG-0160,2025-05-17,12.05,1498.8,2,0.3669,15578.0,0.332,48.6,74.2,216.7,34.1,0,3285.5,4,1,5,7,0.3643,1
SEG-0161,2025-05-17,3.5,1048.7,2,0.8062,33819.0,0.077,43.0,176.2,428.4,36.4,1,653.8,0,0,5,1,0.0828,0
SEG-0162,2025-05-17,5.53,1027.7,4,0.7548,40211.0,0.246,39.8,60.7,292.3,34.2,0,1098.7,0,1,13,2,0.1159,0
SEG-0163,2025-05-17,7.66,272.1,2,0.6389,38026.0,0.314,36.2,73.7,315.0,32.1,1,1091.0,1,2,12,5,0.2112,1
SEG-0164,2025-05-17,9.95,1361.0,1,0.5399,41340.0,0.107,30.2,34.5,112.5,36.1,0,1910.8,2,2,8,5,0.2355,0
SEG-0165,2025-05-17,5.29,189.1,2,0.697,48978.0,0.085,27.2,26.5,130.1,30.7,0,1043.6,1,1,10,2,0.1502,0
SEG-0166,2025-05-17,2.18,475.1,4,0.8953,45726.0,0.352,26.7,30.3,79.8,29.0,1,503.5,1,1,9,4,0.064,0
SEG-0167,2025-05-17,1.64,343.1,4,0.8981,3632.0,0.328,48.2,42.9,197.6,31.1,1,288.5,0,1,2,2,0.0456,0
SEG-0168,2025-05-17,3.89,1198.6,6,0.7188,6565.0,0.209,59.0,58.3,181.9,33.9,1,801.5,2,0,9,6,0.0883,1
SEG-0169,2025-05-17,3.99,417.6,2,0.8488,12846.0,0.297,48.4,8.5,27.1,33.8,0,631.5,1,0,9,4,0.1197,0
SEG-0170,2025-05-17,8.47,1379.4,2,0.5412,26395.0,0.068,39.8,177.8,427.0,29.8,1,1370.8,1,2,13,5,0.224,1
SEG-0171,2025-05-17,14.23,1036.0,1,0.3485,4892.0,0.188,53.5,18.3,65.2,33.3,0,2562.8,4,3,8,4,0.3277,1
SEG-0172,2025-05-17,4.93,198.8,2,0.8141,41996.0,0.251,33.6,84.8,285.8,30.9,0,607.7,2,1,5,0,0.0966,0
SEG-0173,2025-05-17,9.73,157.3,6,0.5235,29316.0,0.141,43.9,27.1,112.0,29.6,0,326.7,1,1,10,6,0.2537,0
SEG-0174,2025-05-17,13.12,219.7,4,0.4156,26360.0,0.282,45.4,14.7,36.2,30.3,1,2531.0,3,1,7,7,0.3542,1
SEG-0175,2025-05-17,10.42,968.0,2,0.4622,7507.0,0.235,57.6,86.0,275.1,37.2,0,389.1,1,1,12,6,0.3201,0
SEG-0176,2025-05-17,15.31,1232.0,2,0.2065,11068.0,0.328,52.4,43.8,219.7,33.7,0,3110.3,5,3,16,8,0.4512,1
SEG-0177,2025-05-17,7.13,472.0,4,0.6812,8193.0,0.179,54.7,25.3,88.0,31.4,0,198.1,1,0,4,2,0.1771,0
SEG-0178,2025-05-17,5.63,1296.7,2,0.7194,35721.0,0.147,28.3,156.8,463.2,32.3,1,648.6,0,2,6,0,0.1601,0
SEG-0179,2025-05-17,14.48,227.3,1,0.4523,23891.0,0.093,41.5,181.8,443.6,32.7,0,2763.5,3,2,11,9,0.3221,1
SEG-0180,2025-05-17,9.41,1231.3,2,0.4596,33526.0,0.108,33.8,98.9,232.1,33.8,0,1523.0,2,2,10,6,0.2903,0
SEG-0181,2025-05-17,10.24,1402.5,1,0.5414,12709.0,0.311,51.5,18.4,81.3,31.7,0,1045.3,3,1,7,5,0.2483,1
SEG-0182,2025-05-17,14.48,1192.3,2,0.2859,19057.0,0.083,39.2,50.1,281.8,34.2,2,908.3,5,1,18,9,0.4105,1
SEG-0183,2025-05-17,14.49,1092.5,1,0.3007,17730.0,0.054,46.5,37.6,84.1,32.7,0,3763.6,3,1,10,6,0.3539,1
SEG-0184,2025-05-17,13.53,1281.3,2,0.2998,29352.0,0.105,43.3,82.7,331.1,34.6,1,3733.0,3,3,16,5,0.3671,1
SEG-0185,2025-05-17,9.78,204.2,2,0.5613,32338.0,0.069,39.3,11.6,26.6,30.7,0,1147.4,1,0,5,1,0.2439,0
SEG-0186,2025-05-17,4.31,422.4,2,0.7897,10558.0,0.333,61.0,61.1,396.8,33.9,0,938.1,1,0,5,0,0.0934,0
SEG-0187,2025-05-17,10.42,318.6,2,0.4554,43844.0,0.194,25.4,22.5,135.7,36.9,0,1087.8,3,3,21,7,0.2769,1
SEG-0188,2025-05-17,14.6,831.1,6,0.2405,6072.0,0.36,50.6,53.2,176.6,33.7,0,1152.3,4,2,9,10,0.4359,1
SEG-0189,2025-05-17,10.87,1156.0,4,0.4765,34907.0,0.075,36.1,177.2,401.4,38.0,0,1115.9,1,2,18,5,0.3146,1
SEG-0190,2025-05-17,6.35,1000.5,2,0.7292,5803.0,0.267,50.4,25.8,90.7,33.5,0,1509.9,1,0,5,5,0.1516,0
SEG-0191,2025-05-17,12.07,1299.0,2,0.4348,11274.0,0.16,50.5,16.2,99.7,34.5,0,1929.7,4,1,6,6,0.2507,0
SEG-0192,2025-05-17,11.78,359.5,4,0.4545,42553.0,0.194,30.2,40.9,236.0,35.0,0,3246.6,2,3,16,5,0.3097,1
SEG-0193,2025-05-17,12.7,1141.7,2,0.3998,8851.0,0.347,53.1,80.2,265.7,33.8,2,1365.4,2,1,12,6,0.3713,1
SEG-0194,2025-05-17,3.66,410.6,2,0.6892,22072.0,0.365,44.1,34.0,208.5,29.7,0,247.9,1,1,5,2,0.1475,0
SEG-0195,2025-05-17,14.19,515.5,4,0.2689,23034.0,0.363,38.5,139.2,372.7,34.8,0,1667.7,2,3,12,9,0.4182,1
SEG-0196,2025-05-17,3.27,1108.4,2,0.9201,11955.0,0.074,52.0,46.9,142.1,39.7,0,893.3,0,0,2,0,0.0238,0
SEG-0197,2025-05-17,2.19,1473.3,4,0.8459,28316.0,0.107,40.9,58.5,159.5,29.5,0,627.2,1,0,3,0,0.0395,0
SEG-0198,2025-05-17,12.89,975.6,2,0.3151,34108.0,0.244,37.4,34.8,98.0,34.9,0,791.8,2,2,12,6,0.3912,1
SEG-0199,2025-05-17,4.25,223.6,2,0.8321,35478.0,0.113,32.0,31.2,75.8,33.5,0,305.7,0,0,7,2,0.0576,0
SEG-0200,2025-05-17,1.37,982.0,2,0.8516,15157.0,0.29,52.7,50.6,198.2,35.6,0,381.4,0,0,1,0,0.0429,0
SEG-0201,2025-05-17,9.37,207.2,2,0.4609,27441.0,0.239,27.4,2.1,9.4,38.5,0,2595.9,3,2,12,9,0.2824,1
SEG-0202,2025-05-17,7.3,1343.6,2,0.6768,11449.0,0.223,42.6,62.7,239.0,35.0,0,373.2,1,2,5,5,0.1766,0
SEG-0203,2025-05-17,9.08,1107.9,2,0.622,12153.0,0.315,48.8,19.4,52.0,30.8,0,2046.8,3,2,2,3,0.2005,0
SEG-0204,2025-05-17,3.15,383.7,4,0.8413,7673.0,0.298,52.7,57.9,169.4,30.3,0,406.3,0,1,7,1,0.1014,0
SEG-0205,2025-05-17,6.45,273.8,2,0.657,38483.0,0.02,29.5,60.5,204.5,39.4,0,1309.4,0,1,9,6,0.2125,1
SEG-0206,2025-05-17,4.3,397.8,2,0.8293,44885.0,0.083,34.5,61.4,258.7,35.4,1,778.8,0,0,3,0,0.0729,0
SEG-0207,2025-05-17,14.32,1473.0,4,0.2656,40185.0,0.251,25.3,44.6,165.2,36.6,0,663.7,4,3,15,8,0.3776,1
SEG-0208,2025-05-17,6.47,769.1,4,0.6337,23849.0,0.199,42.3,48.1,144.1,32.4,0,212.4,1,0,5,1,0.1921,0
SEG-0209,2025-05-17,11.01,1208.5,2,0.3943,22791.0,0.124,44.5,51.5,210.4,33.3,0,2371.4,2,3,11,3,0.3135,0
SEG-0210,2025-05-17,3.1,1009.2,2,0.8381,20913.0,0.198,39.1,58.6,146.9,32.9,0,344.9,1,1,4,0,0.0624,0
SEG-0211,2025-05-17,13.45,922.8,6,0.4127,21655.0,0.293,35.2,40.8,223.7,33.0,2,3739.5,4,1,10,6,0.3366,1
SEG-0212,2025-05-17,2.44,345.9,2,0.8696,19050.0,0.337,44.1,140.1,420.2,38.4,3,618.9,0,1,6,1,0.031,0
SEG-0213,2025-05-17,6.23,1427.1,4,0.6567,5868.0,0.236,50.3,58.4,321.2,34.5,0,1457.2,1,0,8,4,0.1745,1
SEG-0214,2025-05-17,3.86,556.8,4,0.8512,5683.0,0.201,51.0,18.7,114.4,36.2,0,521.4,1,0,7,3,0.0703,0
SEG-0215,2025-05-17,6.21,930.3,4,0.639,47562.0,0.182,31.4,129.4,426.3,33.3,0,615.4,1,1,6,5,0.1437,0
SEG-0216,2025-05-17,15.35,1094.7,2,0.2253,23991.0,0.216,38.4,17.0,112.0,35.3,0,617.4,4,3,14,6,0.4206,0
SEG-0217,2025-05-17,15.16,1026.5,2,0.2482,39365.0,0.155,34.9,17.8,50.4,30.3,0,1711.6,5,3,15,8,0.4185,0
SEG-0218,2025-05-17,8.33,1419.8,1,0.6469,8378.0,0.22,48.7,60.9,219.9,33.3,0,2059.9,3,1,10,5,0.2161,1
SEG-0219,2025-05-17,4.85,350.4,2,0.7843,28357.0,0.273,36.6,83.3,305.1,32.5,0,332.4,2,1,9,2,0.0977,0
SEG-0220,2025-05-17,10.41,836.3,6,0.4596,9782.0,0.072,48.8,64.8,264.8,33.5,1,2296.1,1,2,8,9,0.2859,0
SEG-0221,2025-05-17,14.83,695.4,2,0.3763,12896.0,0.049,50.6,60.8,146.9,35.5,0,3866.5,4,3,9,5,0.3789,1
SEG-0222,2025-05-17,12.51,790.1,2,0.4328,2503.0,0.118,49.4,111.5,361.3,31.1,1,2843.5,4,2,9,8,0.3192,1
SEG-0223,2025-05-17,7.92,310.9,1,0.6347,6535.0,0.342,48.8,38.7,116.2,31.6,0,2140.9,2,0,6,2,0.2212,0
SEG-0224,2025-05-17,9.79,331.0,6,0.5548,39126.0,0.242,28.5,5.1,32.6,35.5,0,2225.4,1,2,10,4,0.2268,0
SEG-0225,2025-05-17,7.29,525.4,1,0.7104,16207.0,0.098,42.2,38.4,133.8,29.8,0,2039.9,1,0,8,5,0.1858,0
SEG-0226,2025-05-17,11.09,561.4,1,0.3477,24386.0,0.344,39.8,91.0,271.5,35.4,2,1815.2,4,1,10,5,0.3285,1
SEG-0227,2025-05-17,7.56,727.7,2,0.7124,21736.0,0.196,43.7,43.3,124.7,36.2,0,1040.4,2,1,7,3,0.1715,0
SEG-0228,2025-05-17,11.41,974.8,1,0.3554,16396.0,0.217,46.0,47.8,229.6,30.3,1,1355.8,3,1,7,4,0.3488,0
SEG-0229,2025-05-17,14.95,1006.7,2,0.3536,26366.0,0.412,47.5,124.5,310.7,31.2,1,3327.2,4,2,6,6,0.3695,1
SEG-0230,2025-05-17,13.14,705.9,2,0.3962,8046.0,0.067,42.5,60.3,187.9,36.6,0,633.6,2,1,12,10,0.2964,0
SEG-0231,2025-05-17,8.14,701.9,2,0.5149,51093.0,0.103,33.6,69.8,187.0,37.0,0,792.2,3,0,11,4,0.239,0
SEG-0232,2025-05-17,14.81,443.8,1,0.3094,42262.0,0.243,29.4,10.2,48.8,35.8,0,3813.5,4,1,9,8,0.4164,1
SEG-0233,2025-05-17,5.45,944.2,1,0.7105,36270.0,0.114,27.3,66.9,238.3,39.0,1,1438.9,2,0,8,2,0.1771,0
SEG-0234,2025-05-17,5.17,578.0,2,0.671,23136.0,0.234,42.9,38.3,94.5,36.1,0,1301.5,2,0,5,4,0.1508,0
SEG-0235,2025-05-17,3.96,198.7,1,0.8344,7851.0,0.134,56.2,11.9,45.7,35.3,0,571.1,0,0,4,1,0.1284,0
SEG-0236,2025-05-17,14.59,714.8,2,0.2405,43032.0,0.096,32.4,82.7,215.4,34.0,0,3172.8,3,3,12,6,0.4057,1
SEG-0237,2025-05-17,8.72,790.1,2,0.6386,15133.0,0.121,57.0,59.1,248.0,31.4,2,1836.2,1,2,5,4,0.1878,1
SEG-0238,2025-05-17,13.56,454.6,2,0.3824,2812.0,0.169,59.4,9.3,55.8,33.5,0,1897.4,2,1,6,6,0.3677,1
SEG-0239,2025-05-17,8.84,922.8,2,0.562,17937.0,0.093,46.2,109.7,278.4,34.2,1,479.7,3,0,10,4,0.2146,0
SEG-0240,2025-05-17,12.52,913.8,2,0.4237,41166.0,0.089,27.5,58.7,154.2,31.6,0,1764.9,4,3,15,8,0.3386,1
SEG-0241,2025-05-17,14.12,1097.7,1,0.1922,30876.0,0.336,39.4,61.9,139.5,34.9,0,1191.4,2,3,11,10,0.4714,1
SEG-0242,2025-05-17,12.88,1024.7,1,0.3517,30710.0,0.143,38.7,58.0,361.8,31.6,2,2008.9,3,3,14,6,0.3576,1
SEG-0243,2025-05-17,3.84,1030.8,4,0.8032,36487.0,0.132,37.2,16.0,63.2,31.6,0,321.6,0,0,9,2,0.0869,0
SEG-0244,2025-05-17,2.2,576.9,1,0.9058,9379.0,0.057,53.8,194.9,495.1,31.9,1,313.5,0,1,1,0,0.0896,0
SEG-0245,2025-05-17,4.31,1213.0,2,0.8526,44765.0,0.188,31.1,16.6,85.2,32.6,0,338.3,2,0,12,2,0.0523,0
SEG-0246,2025-05-17,4.72,891.3,2,0.7903,20242.0,0.129,41.7,65.2,189.6,33.4,0,328.2,0,0,3,1,0.0748,0
SEG-0247,2025-05-17,9.67,732.4,2,0.502,32708.0,0.264,34.0,14.8,55.1,33.2,0,2632.5,3,1,12,3,0.3051,1
SEG-0248,2025-05-17,10.55,995.1,2,0.4882,1035.0,0.114,48.3,65.3,153.0,35.7,0,1758.0,3,3,6,2,0.2593,0
SEG-0249,2025-05-17,2.08,636.9,4,0.7758,43702.0,0.348,37.6,59.3,205.5,34.3,0,486.7,1,0,9,2,0.1341,0
SEG-0250,2025-05-17,5.77,842.2,4,0.6967,14876.0,0.323,44.3,25.0,132.6,29.0,2,1086.7,2,1,10,7,0.1396,0
SEG-0001,2025-06-02,2.81,1030.1,4,0.7534,13816.0,0.086,52.8,74.6,220.7,35.3,1,256.0,0,0,8,4,0.1376,0
SEG-0002,2025-06-02,8.35,1321.1,4,0.5326,16389.0,0.187,47.6,55.6,357.6,35.5,1,945.7,2,2,9,5,0.1836,1
SEG-0003,2025-06-02,11.94,762.8,4,0.4128,12488.0,0.106,53.5,3.3,18.5,37.9,0,2494.1,4,3,10,7,0.3154,1
SEG-0004,2025-06-02,7.97,484.6,2,0.6323,23423.0,0.067,44.0,33.7,94.9,32.0,0,661.7,3,1,4,3,0.2305,0
SEG-0005,2025-06-02,5.26,469.5,2,0.7745,29593.0,0.25,39.6,7.8,46.9,38.2,0,1188.9,0,1,8,2,0.1462,0
SEG-0006,2025-06-02,7.56,1157.1,4,0.5959,10365.0,0.182,44.4,31.0,145.7,31.1,0,1892.1,1,0,9,7,0.241,0
SEG-0007,2025-06-02,5.46,1252.4,2,0.7364,13925.0,0.346,44.9,29.2,106.6,32.9,1,192.2,2,1,3,0,0.0794,0
SEG-0008,2025-06-02,3.29,292.1,4,0.8486,40549.0,0.157,34.6,146.5,371.5,36.1,1,249.0,1,0,9,2,0.0385,0
SEG-0009,2025-06-02,5.02,239.9,2,0.8053,2964.0,0.29,66.3,45.6,163.9,36.0,0,396.3,0,0,3,1,0.08,0
SEG-0010,2025-06-02,11.19,952.5,1,0.4734,19613.0,0.187,49.0,63.4,190.4,34.5,0,1150.8,4,3,11,6,0.3256,1
SEG-0011,2025-06-02,10.74,347.3,1,0.4896,33764.0,0.263,39.7,9.9,55.3,34.5,0,1724.4,1,3,11,6,0.3045,1
SEG-0012,2025-06-02,10.37,1263.3,4,0.5274,7853.0,0.271,50.1,32.8,115.8,34.2,2,537.7,2,2,11,8,0.2346,0
SEG-0013,2025-06-02,8.66,569.0,1,0.5547,3215.0,0.173,56.5,30.8,182.6,33.4,0,1660.1,3,1,10,3,0.2693,1
SEG-0014,2025-06-02,9.11,344.2,2,0.5406,7328.0,0.368,54.2,39.3,93.2,29.3,0,264.8,1,1,13,4,0.227,0
SEG-0015,2025-06-02,15.0,1393.3,2,0.2513,41330.0,0.175,36.0,33.6,223.3,28.0,0,1290.3,4,1,20,6,0.4205,1
SEG-0016,2025-06-02,2.44,373.5,2,0.8409,1407.0,0.097,56.6,145.5,400.0,34.2,1,210.1,0,0,1,0,0.0646,0
SEG-0017,2025-06-02,2.11,534.4,2,0.8859,7959.0,0.288,48.4,35.3,165.1,34.4,0,583.4,0,0,11,4,0.0739,0
SEG-0018,2025-06-02,14.25,357.4,4,0.2438,2326.0,0.397,55.4,56.8,266.9,32.7,1,3209.7,3,1,12,5,0.3945,1
SEG-0019,2025-06-02,9.53,305.9,1,0.5368,5429.0,0.073,50.8,27.1,81.8,30.9,0,1620.0,3,0,4,3,0.2099,0
SEG-0020,2025-06-02,9.92,178.5,4,0.4879,31661.0,0.183,44.8,60.4,219.6,31.5,0,2371.7,3,1,15,6,0.2758,1
SEG-0021,2025-06-02,4.48,224.8,4,0.7532,10446.0,0.338,51.8,118.9,310.8,34.4,2,664.2,0,0,4,0,0.1209,0
SEG-0022,2025-06-02,5.49,385.8,2,0.642,24141.0,0.284,39.5,147.7,535.7,31.7,1,500.6,0,1,8,5,0.1571,0
SEG-0023,2025-06-02,3.95,222.1,2,0.8482,27721.0,0.353,37.1,21.7,77.7,37.6,1,369.9,0,1,11,5,0.0905,0
SEG-0024,2025-06-02,6.56,948.0,2,0.7084,39027.0,0.194,36.4,51.2,259.5,29.7,0,586.4,2,1,9,1,0.1342,0
SEG-0025,2025-06-02,2.5,1069.0,1,0.7601,1228.0,0.28,55.7,55.9,137.6,32.1,0,613.9,0,0,2,0,0.1276,0
SEG-0026,2025-06-02,4.69,681.4,2,0.7466,40512.0,0.131,36.6,63.2,156.6,34.8,0,627.1,2,0,8,2,0.1505,0
SEG-0027,2025-06-02,4.52,579.3,6,0.7924,27345.0,0.346,38.8,78.3,393.4,33.4,0,1242.2,1,0,9,4,0.0895,0
SEG-0028,2025-06-02,13.68,831.1,6,0.4652,8079.0,0.144,56.0,46.1,198.5,33.0,0,1781.7,3,2,9,9,0.243,0
SEG-0029,2025-06-02,14.94,1331.3,4,0.3008,37800.0,0.241,33.4,36.1,91.5,32.4,0,1121.6,3,2,12,9,0.3305,1
SEG-0030,2025-06-02,9.66,1299.0,2,0.5021,40942.0,0.174,40.9,49.0,119.3,35.9,0,691.4,1,1,14,4,0.2214,1
SEG-0031,2025-06-02,9.92,208.7,2,0.4999,10729.0,0.247,48.4,53.3,124.6,31.5,0,760.0,1,1,3,5,0.3074,0
SEG-0032,2025-06-02,14.8,395.0,4,0.3196,44966.0,0.262,30.8,64.7,420.3,30.4,0,1016.3,3,3,16,5,0.3813,1
SEG-0033,2025-06-02,4.85,469.6,2,0.7828,20602.0,0.214,45.8,25.9,71.6,35.1,0,1046.4,2,0,10,3,0.137,1
SEG-0034,2025-06-02,12.13,486.7,2,0.3324,31022.0,0.315,38.1,14.1,76.9,27.6,0,2171.0,2,2,16,9,0.3509,0
SEG-0035,2025-06-02,2.63,921.2,1,0.8007,45445.0,0.174,34.3,23.5,56.9,33.9,0,274.0,1,0,8,2,0.0865,0
SEG-0036,2025-06-02,14.45,712.0,2,0.2594,18672.0,0.256,53.4,117.4,359.6,32.9,1,3051.9,5,1,12,9,0.3783,0
SEG-0037,2025-06-02,15.06,216.5,2,0.2156,31381.0,0.204,35.5,55.4,145.7,35.2,0,1081.7,4,2,17,10,0.4568,0
SEG-0038,2025-06-02,8.35,654.4,2,0.5664,15780.0,0.2,49.8,55.4,180.8,35.0,0,1807.9,3,0,12,7,0.2796,1
SEG-0039,2025-06-02,6.41,857.1,2,0.6501,33471.0,0.183,41.8,88.8,239.1,35.0,2,1133.4,2,0,4,2,0.2127,1
SEG-0040,2025-06-02,6.65,287.3,4,0.7396,27751.0,0.071,44.0,91.0,224.2,35.3,2,1092.6,0,1,8,3,0.141,0
SEG-0041,2025-06-02,7.35,1275.2,6,0.6349,9601.0,0.108,56.6,22.8,72.9,30.0,0,1031.5,0,1,6,5,0.2076,0
SEG-0042,2025-06-02,8.11,220.1,2,0.6132,20232.0,0.26,44.2,14.5,34.2,31.5,0,1211.2,3,0,15,4,0.2579,1
SEG-0043,2025-06-02,1.79,1398.5,4,0.8648,13570.0,0.256,42.7,63.0,246.7,31.6,0,412.9,0,0,5,0,0.1095,0
SEG-0044,2025-06-02,3.36,283.8,6,0.781,4737.0,0.306,52.6,31.6,160.9,37.2,0,196.3,1,0,6,4,0.1141,0
SEG-0045,2025-06-02,8.1,1288.8,1,0.5643,2095.0,0.047,53.4,102.6,240.1,36.1,1,1857.2,3,1,4,5,0.2649,0
SEG-0046,2025-06-02,4.38,1368.6,2,0.7479,18072.0,0.139,45.9,101.7,298.4,32.3,1,262.3,1,0,10,2,0.1653,0
SEG-0047,2025-06-02,7.06,1472.4,2,0.6251,1767.0,0.092,61.5,44.6,102.5,30.5,0,1932.4,2,1,8,4,0.2338,0
SEG-0048,2025-06-02,9.7,1232.7,1,0.5601,7898.0,0.298,44.8,24.9,80.0,33.5,0,1405.4,1,2,2,5,0.1955,0
SEG-0049,2025-06-02,11.26,1202.3,4,0.4637,35714.0,0.319,35.1,174.8,557.2,30.0,0,1759.7,4,3,13,7,0.2527,1
SEG-0050,2025-06-02,15.05,1017.4,2,0.2442,30116.0,0.075,35.7,80.6,373.3,32.4,1,1473.4,4,3,16,8,0.3935,1
SEG-0051,2025-06-02,6.95,1201.6,2,0.7021,28914.0,0.234,42.2,63.3,256.7,32.4,0,703.9,2,1,8,5,0.1426,0
SEG-0052,2025-06-02,14.63,331.6,2,0.2697,15137.0,0.058,45.3,62.6,225.0,30.3,1,1263.1,5,2,12,12,0.3966,1
SEG-0053,2025-06-02,7.45,873.7,2,0.6583,45170.0,0.127,29.3,39.5,141.1,37.6,0,599.8,2,2,12,2,0.2221,0
SEG-0054,2025-06-02,2.57,844.2,4,0.9223,23421.0,0.096,42.3,79.3,287.4,40.0,1,699.6,0,0,4,2,0.0208,0
SEG-0055,2025-06-02,5.13,1307.7,1,0.7402,7045.0,0.155,57.4,26.2,173.6,31.9,0,981.9,1,0,15,4,0.1792,0
SEG-0056,2025-06-02,5.12,774.8,2,0.7147,8246.0,0.295,50.1,10.8,50.0,35.9,1,586.8,2,0,10,7,0.1376,0
SEG-0057,2025-06-02,10.89,669.9,2,0.4571,30491.0,0.359,34.5,34.6,111.5,32.6,0,461.6,2,2,14,6,0.2777,1
SEG-0058,2025-06-02,5.52,1013.4,2,0.7029,7450.0,0.088,50.0,45.1,138.3,34.7,0,653.7,0,2,4,2,0.1258,0
SEG-0059,2025-06-02,9.58,509.7,2,0.5919,26157.0,0.219,40.7,43.7,121.4,32.8,0,225.6,3,1,15,6,0.215,0
SEG-0060,2025-06-02,4.02,338.7,2,0.7773,43445.0,0.28,30.3,70.1,243.9,34.4,0,852.8,1,0,6,3,0.1426,0
SEG-0061,2025-06-02,13.78,795.1,1,0.2993,1313.0,0.347,51.5,50.8,133.3,30.9,1,435.0,4,1,8,7,0.3931,1
SEG-0062,2025-06-02,8.6,712.8,2,0.6095,1959.0,0.242,51.2,78.6,274.5,33.2,1,229.2,3,0,6,2,0.2302,0
SEG-0063,2025-06-02,15.04,464.0,4,0.2596,44237.0,0.12,33.6,93.6,227.3,37.7,1,1592.5,5,2,16,5,0.3441,1
SEG-0064,2025-06-02,13.87,646.1,2,0.3641,29385.0,0.272,38.5,5.1,11.6,32.2,1,2762.9,3,3,15,7,0.3702,1
SEG-0065,2025-06-02,3.25,644.6,2,0.873,6575.0,0.138,47.1,27.2,101.7,37.2,0,462.0,0,0,8,3,0.1276,0
SEG-0066,2025-06-02,11.17,592.1,2,0.4911,41664.0,0.386,27.6,77.2,182.9,30.6,0,1402.3,3,3,9,4,0.3022,1
SEG-0067,2025-06-02,6.41,662.3,4,0.633,33789.0,0.209,41.6,95.8,241.6,37.8,0,374.2,0,1,3,5,0.2056,0
SEG-0068,2025-06-02,7.89,1075.8,1,0.5505,23445.0,0.286,35.8,73.5,184.5,34.1,0,1621.9,1,2,11,7,0.2847,1
SEG-0069,2025-06-02,15.21,550.8,2,0.2743,26791.0,0.02,43.1,17.3,74.0,35.5,0,2461.2,3,3,18,11,0.3829,1
SEG-0070,2025-06-02,14.06,1431.0,2,0.3422,11784.0,0.179,44.8,145.9,402.1,36.8,2,3681.0,3,1,11,8,0.3287,1
SEG-0071,2025-06-02,7.24,1387.1,2,0.7403,3535.0,0.323,60.9,211.2,533.2,30.6,0,429.2,2,0,2,1,0.1711,0
SEG-0072,2025-06-02,9.84,799.2,4,0.4873,27205.0,0.266,41.4,114.9,282.2,31.2,2,446.1,1,1,15,6,0.2527,0
SEG-0073,2025-06-02,11.69,593.3,2,0.3989,14895.0,0.24,44.7,199.3,650.0,30.7,1,1592.8,2,3,14,5,0.2743,1
SEG-0074,2025-06-02,2.88,872.8,4,0.8247,30105.0,0.358,40.1,43.6,130.4,34.2,0,622.7,0,0,6,1,0.1245,0
SEG-0075,2025-06-02,3.94,1295.6,4,0.7573,37133.0,0.369,27.3,37.7,200.7,37.4,1,576.5,2,0,3,2,0.1294,0
SEG-0076,2025-06-02,15.15,1031.0,2,0.2746,1835.0,0.187,51.4,77.1,217.5,32.7,0,2536.9,4,2,5,8,0.3885,1
SEG-0077,2025-06-02,7.71,1235.9,4,0.5429,26766.0,0.21,40.7,115.3,282.8,34.7,1,549.3,1,1,11,5,0.2511,0
SEG-0078,2025-06-02,5.14,869.2,2,0.7618,9817.0,0.2,48.2,137.0,316.1,35.7,1,416.8,2,0,7,6,0.1188,0
SEG-0079,2025-06-02,14.1,1004.4,4,0.327,36441.0,0.247,39.7,33.4,98.6,33.6,0,1990.7,3,1,14,8,0.3653,1
SEG-0080,2025-06-02,1.55,539.0,2,0.8638,12732.0,0.127,52.9,144.3,366.6,34.6,1,345.4,0,0,4,5,0.0323,0
SEG-0081,2025-06-02,9.08,1142.1,2,0.6099,28919.0,0.109,39.9,22.8,86.5,34.4,0,1869.4,3,2,12,5,0.1985,0
SEG-0082,2025-06-02,9.69,423.2,2,0.3765,27771.0,0.333,38.1,282.6,650.0,32.9,0,501.3,3,1,14,6,0.3087,1
SEG-0083,2025-06-02,14.21,1088.0,1,0.3413,15696.0,0.336,48.1,141.4,328.2,38.0,0,571.0,3,1,13,10,0.3496,0
SEG-0084,2025-06-02,4.88,1312.0,2,0.6436,35083.0,0.294,36.0,55.7,147.4,29.6,0,970.0,1,0,12,7,0.2065,1
SEG-0085,2025-06-02,1.53,328.3,4,0.9327,31802.0,0.37,28.8,65.1,242.4,35.4,1,430.1,0,0,5,2,0.0621,0
SEG-0086,2025-06-02,1.92,979.4,2,0.9034,27991.0,0.284,39.8,112.4,415.6,36.7,0,374.0,1,0,6,2,0.0396,0
SEG-0087,2025-06-02,10.06,278.4,2,0.4846,30885.0,0.298,36.1,16.9,75.0,30.8,0,253.6,2,0,15,6,0.3127,0
SEG-0088,2025-06-02,14.3,1129.7,2,0.3253,38761.0,0.307,33.8,92.8,312.8,31.1,1,3368.1,2,3,22,10,0.3807,1
SEG-0089,2025-06-02,9.35,264.1,2,0.4653,20212.0,0.222,42.7,13.5,49.0,29.7,0,2478.8,3,2,15,7,0.3057,1
SEG-0090,2025-06-02,13.6,1413.5,1,0.2735,25924.0,0.203,34.4,149.7,626.6,35.1,0,247.9,3,2,16,6,0.3457,1
SEG-0091,2025-06-02,1.96,335.5,4,0.9273,1404.0,0.096,56.9,60.7,361.0,32.1,0,514.7,0,0,0,0,0.0302,0
SEG-0092,2025-06-02,3.78,1444.5,2,0.8878,35155.0,0.241,37.2,30.1,67.4,35.4,0,551.8,0,1,3,2,0.0273,0
SEG-0093,2025-06-02,4.76,1231.2,2,0.7803,23580.0,0.142,44.1,67.4,338.0,34.2,1,229.5,2,0,6,5,0.092,0
SEG-0094,2025-06-02,9.48,951.5,2,0.5572,19316.0,0.086,48.0,125.0,288.8,32.9,1,1035.5,1,1,5,3,0.2244,1
SEG-0095,2025-06-02,10.09,1206.5,1,0.6007,5473.0,0.233,56.8,124.1,319.9,33.4,1,861.9,1,1,4,5,0.2076,1
SEG-0096,2025-06-02,14.72,1223.4,2,0.2636,43860.0,0.183,35.5,69.8,180.3,38.2,0,1640.9,4,1,23,7,0.429,1
SEG-0097,2025-06-02,5.13,1427.1,4,0.6628,19353.0,0.106,40.0,65.6,223.6,34.3,0,986.5,2,0,9,1,0.1284,0
SEG-0098,2025-06-02,3.4,492.1,2,0.8251,30708.0,0.307,36.1,42.7,183.6,35.4,0,510.1,0,0,8,4,0.0685,0
SEG-0099,2025-06-02,8.65,946.6,6,0.5943,8520.0,0.34,49.8,176.6,575.6,38.5,1,2016.4,3,2,8,3,0.2187,1
SEG-0100,2025-06-02,12.28,278.3,2,0.3648,39572.0,0.112,37.6,240.6,629.4,35.9,1,420.4,4,1,9,6,0.3039,1
SEG-0101,2025-06-02,7.22,981.8,2,0.6232,7651.0,0.041,45.8,97.1,378.1,33.7,1,966.6,0,0,3,1,0.2204,0
SEG-0102,2025-06-02,7.16,381.2,4,0.5608,9681.0,0.161,50.0,48.2,196.6,31.3,0,1542.8,2,1,6,2,0.2077,0
SEG-0103,2025-06-02,10.51,912.7,4,0.4927,35388.0,0.301,33.5,75.7,221.9,34.9,1,1876.8,2,1,10,7,0.2451,1
SEG-0104,2025-06-02,10.55,922.8,4,0.4358,44978.0,0.315,28.2,92.8,324.7,32.9,1,2340.1,1,3,4,7,0.2873,1
SEG-0105,2025-06-02,15.03,779.1,6,0.3235,9337.0,0.084,60.4,21.9,63.8,32.0,1,3419.3,5,2,12,7,0.3571,1
SEG-0106,2025-06-02,14.66,855.6,4,0.3071,20059.0,0.293,49.1,55.7,131.9,34.4,1,3427.9,5,2,16,8,0.3697,1
SEG-0107,2025-06-02,8.41,1181.3,4,0.4776,38158.0,0.102,30.1,8.8,54.8,33.5,0,1042.7,1,1,7,5,0.29,0
SEG-0108,2025-06-02,6.15,1229.0,1,0.6264,39939.0,0.171,30.3,44.3,109.8,36.0,0,234.0,1,1,14,4,0.2183,0
SEG-0109,2025-06-02,8.7,814.4,4,0.5839,18217.0,0.364,47.6,150.8,354.2,32.6,2,943.0,2,2,13,4,0.1896,1
SEG-0110,2025-06-02,2.78,959.5,2,0.7392,25885.0,0.111,38.6,96.8,354.1,33.4,2,708.2,1,0,5,0,0.1228,0
SEG-0111,2025-06-02,6.33,1407.2,2,0.6201,36801.0,0.095,40.2,58.2,202.4,36.9,0,1154.5,0,0,12,1,0.2249,0
SEG-0112,2025-06-02,6.76,311.6,2,0.6278,36124.0,0.183,38.1,43.1,134.0,34.7,0,1584.3,0,2,10,4,0.1686,0
SEG-0113,2025-06-02,11.94,308.1,6,0.379,39732.0,0.247,33.2,23.2,78.1,30.8,0,3257.9,4,3,10,5,0.3478,1
SEG-0114,2025-06-02,7.44,268.4,6,0.6426,27217.0,0.387,39.2,88.4,205.4,31.4,1,1231.6,3,0,7,0,0.2364,0
SEG-0115,2025-06-02,14.15,1038.1,2,0.3785,6119.0,0.386,50.3,52.7,166.3,35.8,0,3244.9,4,2,11,6,0.3374,1
SEG-0116,2025-06-02,5.37,715.1,4,0.7129,43929.0,0.076,23.2,40.2,105.9,36.2,0,331.7,2,0,6,0,0.1664,0
SEG-0117,2025-06-02,5.97,1195.3,4,0.7148,44509.0,0.094,34.1,41.9,114.9,35.2,1,1512.2,2,0,7,0,0.179,0
SEG-0118,2025-06-02,12.54,1056.2,2,0.383,40854.0,0.291,32.5,27.1,161.1,38.1,0,3268.8,2,3,11,4,0.3325,1
SEG-0119,2025-06-02,8.65,600.4,1,0.5238,4998.0,0.141,49.6,5.6,16.6,33.3,0,2407.7,2,0,12,6,0.3136,1
SEG-0120,2025-06-02,3.26,1362.8,1,0.782,10617.0,0.323,54.3,81.8,240.7,32.2,0,282.0,0,1,2,0,0.1221,0
SEG-0121,2025-06-02,9.43,1179.4,4,0.5805,37807.0,0.267,31.3,47.6,315.6,33.9,2,566.3,1,1,13,5,0.2494,1
SEG-0122,2025-06-02,6.78,515.2,2,0.6497,1748.0,0.099,50.1,51.0,117.9,32.8,0,969.8,1,1,5,6,0.1812,0
SEG-0123,2025-06-02,11.01,641.7,6,0.4501,44957.0,0.304,35.7,31.6,155.7,32.6,0,1419.6,3,1,10,6,0.2851,1
SEG-0124,2025-06-02,3.83,574.5,2,0.7998,19088.0,0.07,41.7,56.4,256.1,38.5,2,475.9,0,0,5,2,0.0989,0
SEG-0125,2025-06-02,9.04,362.8,6,0.5409,29907.0,0.2,45.8,88.8,213.0,35.3,0,1757.4,2,1,15,6,0.2438,0
SEG-0126,2025-06-02,15.01,349.5,2,0.239,40169.0,0.183,34.1,160.2,650.0,33.3,2,758.4,5,2,20,12,0.3644,1
SEG-0127,2025-06-02,5.73,1413.8,4,0.6866,16726.0,0.222,45.7,114.4,300.3,31.5,0,572.6,2,1,6,6,0.1438,1
SEG-0128,2025-06-02,5.86,741.2,1,0.7349,14623.0,0.256,47.3,58.4,195.0,35.3,0,206.0,0,1,8,3,0.1525,0
SEG-0129,2025-06-02,5.48,667.5,2,0.6889,24478.0,0.282,43.4,19.2,69.9,34.6,0,1423.1,0,0,7,4,0.1954,0
SEG-0130,2025-06-02,5.12,1135.1,4,0.7315,26990.0,0.385,35.9,71.3,253.3,35.2,0,1053.8,1,0,7,3,0.0805,0
SEG-0131,2025-06-02,3.18,896.5,4,0.8449,17406.0,0.384,46.9,164.6,406.4,34.6,0,916.1,0,0,5,2,0.1021,1
SEG-0132,2025-06-02,13.78,1413.8,4,0.4121,29301.0,0.218,39.3,138.3,447.3,34.4,0,3573.4,4,2,16,7,0.3254,1
SEG-0133,2025-06-02,3.48,1203.4,1,0.7963,40164.0,0.062,28.2,53.4,135.4,35.4,0,601.3,0,0,8,4,0.1347,0
SEG-0134,2025-06-02,9.27,797.1,2,0.4411,23764.0,0.301,50.7,37.4,150.2,39.6,0,2298.0,1,0,11,6,0.307,1
SEG-0135,2025-06-02,14.21,658.1,1,0.3945,8540.0,0.365,49.1,169.0,392.4,36.3,3,2866.5,2,1,17,7,0.2932,1
SEG-0136,2025-06-02,3.85,1482.0,1,0.7192,19308.0,0.216,43.5,171.8,400.1,34.3,1,485.3,0,0,6,0,0.1922,0
SEG-0137,2025-06-02,2.92,1119.0,2,0.7993,19564.0,0.206,44.8,36.9,101.0,35.4,0,680.8,0,0,6,3,0.1231,0
SEG-0138,2025-06-02,15.04,1434.1,4,0.4057,6805.0,0.18,54.3,14.3,56.7,31.8,0,255.9,5,2,12,7,0.2985,1
SEG-0139,2025-06-02,4.42,309.9,4,0.8755,9250.0,0.069,46.8,61.6,143.7,34.1,0,1027.9,0,0,3,2,0.0792,0
SEG-0140,2025-06-02,5.9,1298.2,4,0.7639,29669.0,0.263,39.2,29.7,71.2,29.8,1,557.2,2,2,4,4,0.0932,0
SEG-0141,2025-06-02,13.92,1010.0,4,0.3502,17708.0,0.165,47.4,39.0,101.5,35.4,0,2127.2,3,3,7,7,0.3431,1
SEG-0142,2025-06-02,11.93,314.6,4,0.4703,39430.0,0.308,30.2,34.2,123.6,33.2,0,1692.4,4,2,10,8,0.2817,1
SEG-0143,2025-06-02,10.1,944.1,1,0.4681,13454.0,0.292,39.7,44.7,122.7,33.6,0,1287.4,3,0,10,5,0.329,0
SEG-0144,2025-06-02,11.7,1076.2,2,0.5251,6105.0,0.295,42.9,50.3,113.4,36.0,0,653.7,4,3,8,5,0.2484,0
SEG-0145,2025-06-02,13.39,166.6,2,0.3907,29619.0,0.176,34.7,20.6,126.4,35.3,0,1369.9,2,3,13,6,0.3618,1
SEG-0146,2025-06-02,9.05,763.3,4,0.5554,43022.0,0.17,27.8,58.4,172.5,35.7,0,2540.0,3,0,10,1,0.2316,1
SEG-0147,2025-06-02,12.36,1264.3,1,0.4398,12232.0,0.262,52.6,100.6,281.4,35.0,0,1602.0,2,2,6,6,0.3356,0
SEG-0148,2025-06-02,3.72,548.7,2,0.7838,8515.0,0.302,55.3,54.3,221.3,36.7,0,607.9,0,0,2,4,0.094,0
SEG-0149,2025-06-02,12.1,769.0,2,0.4173,8803.0,0.209,59.6,111.4,379.5,35.7,1,863.2,3,2,12,9,0.3033,1
SEG-0150,2025-06-02,13.86,747.1,1,0.3522,24138.0,0.331,42.0,41.7,197.7,36.2,0,3772.1,2,1,14,10,0.3123,1
SEG-0151,2025-06-02,7.71,557.6,2,0.6744,19482.0,0.089,44.3,91.4,232.2,34.5,0,907.9,2,1,7,1,0.2151,0
SEG-0152,2025-06-02,13.75,1389.9,4,0.3567,13256.0,0.324,46.4,127.0,320.1,34.2,1,2042.9,3,2,5,6,0.2857,1
SEG-0153,2025-06-02,14.87,1204.7,2,0.3149,2959.0,0.061,55.5,85.7,210.7,33.0,0,4062.1,5,1,18,7,0.3922,1
SEG-0154,2025-06-02,12.31,299.3,2,0.3941,23114.0,0.076,33.1,186.3,650.0,31.8,1,571.7,3,1,15,10,0.3173,1
SEG-0155,2025-06-02,1.98,1496.0,4,0.9381,45410.0,0.23,37.0,58.2,139.8,29.8,0,417.4,1,0,5,0,0.0488,0
SEG-0156,2025-06-02,12.14,1336.9,2,0.3831,29282.0,0.029,45.6,54.8,162.6,30.4,0,1147.7,2,3,13,3,0.3611,1
SEG-0157,2025-06-02,8.33,533.3,4,0.6914,21188.0,0.033,39.9,52.6,184.8,37.0,0,1944.5,2,0,6,4,0.189,0
SEG-0158,2025-06-02,4.29,1279.8,2,0.7681,6064.0,0.02,45.2,32.9,147.1,35.6,0,564.1,0,0,2,0,0.1313,0
SEG-0159,2025-06-02,4.38,293.7,2,0.7085,13104.0,0.207,43.1,37.7,182.4,36.1,0,742.9,0,1,5,1,0.1314,0
SEG-0160,2025-06-02,12.09,1498.8,2,0.3954,12786.0,0.279,47.1,52.7,146.1,33.4,0,3301.5,4,1,9,6,0.3764,1
SEG-0161,2025-06-02,3.55,1048.7,2,0.8138,38673.0,0.037,35.4,207.8,514.0,33.3,0,669.8,0,0,12,3,0.0537,0
SEG-0162,2025-06-02,5.58,1027.7,4,0.7274,39428.0,0.262,30.4,101.6,480.3,32.6,1,1114.7,0,1,8,3,0.0986,1
SEG-0163,2025-06-02,7.71,272.1,2,0.6284,38996.0,0.312,29.7,38.3,240.3,30.1,1,1107.0,1,2,10,3,0.2058,0
SEG-0164,2025-06-02,9.99,1361.0,1,0.5429,49115.0,0.116,29.3,60.9,140.7,36.3,0,1926.8,2,2,7,5,0.2231,1
SEG-0165,2025-06-02,5.33,189.1,2,0.7482,50375.0,0.1,22.4,42.5,212.6,35.0,0,1059.6,1,1,9,2,0.1356,0
SEG-0166,2025-06-02,2.23,475.1,4,0.8805,40712.0,0.32,40.6,123.8,541.1,32.5,2,519.5,1,1,10,3,0.0727,0
SEG-0167,2025-06-02,1.69,343.1,4,0.8941,4471.0,0.345,49.6,65.9,287.7,39.3,0,304.5,0,1,0,1,0.0878,0
SEG-0168,2025-06-02,3.94,1198.6,6,0.7856,7837.0,0.218,54.5,24.3,94.3,29.6,0,817.5,2,0,3,4,0.1028,0
SEG-0169,2025-06-02,4.03,417.6,2,0.8902,15667.0,0.314,46.4,5.0,12.1,32.5,0,647.5,1,0,3,2,0.0853,0
SEG-0170,2025-06-02,8.52,1379.4,2,0.5131,23424.0,0.053,46.7,38.1,135.0,28.9,0,1386.8,1,2,10,7,0.2057,0
SEG-0171,2025-06-02,14.28,1036.0,1,0.3718,4602.0,0.158,59.7,24.8,139.0,33.6,0,2578.8,4,3,10,7,0.3082,1
SEG-0172,2025-06-02,4.98,198.8,2,0.7816,34836.0,0.257,33.9,61.2,392.9,33.5,2,623.7,2,1,7,0,0.0891,1
SEG-0173,2025-06-02,9.77,157.3,6,0.5427,30708.0,0.101,40.8,28.5,64.0,30.7,0,342.7,1,1,16,6,0.2804,0
SEG-0174,2025-06-02,13.16,219.7,4,0.3945,26198.0,0.313,42.1,51.1,264.0,32.8,0,2547.0,3,1,15,7,0.3218,1
SEG-0175,2025-06-02,10.47,968.0,2,0.4313,8546.0,0.197,38.1,47.8,203.9,27.8,0,405.1,1,1,13,6,0.3291,1
SEG-0176,2025-06-02,15.36,1232.0,2,0.1967,11012.0,0.302,48.4,79.8,338.9,37.0,0,3126.3,5,3,13,6,0.4443,1
SEG-0177,2025-06-02,7.17,472.0,4,0.7249,9089.0,0.191,51.3,52.1,201.5,36.8,0,214.1,1,0,3,2,0.1799,0
SEG-0178,2025-06-02,5.67,1296.7,2,0.7374,33406.0,0.147,39.0,11.9,36.7,33.5,0,664.6,0,2,7,0,0.1743,0
SEG-0179,2025-06-02,14.52,227.3,1,0.4067,24598.0,0.086,38.0,103.0,234.6,36.6,2,2779.5,3,2,14,7,0.3467,1
SEG-0180,2025-06-02,9.45,1231.3,2,0.529,30422.0,0.121,35.6,36.9,146.0,32.5,0,1539.0,2,2,12,7,0.2506,1
SEG-0181,2025-06-02,10.28,1402.5,1,0.5481,13344.0,0.328,42.8,69.9,286.4,34.2,1,1061.3,3,1,5,2,0.2633,1
SEG-0182,2025-06-02,14.52,1192.3,2,0.2637,18219.0,0.051,45.8,127.3,319.2,34.3,1,924.3,5,1,19,10,0.4045,1
SEG-0183,2025-06-02,14.53,1092.5,1,0.2947,17263.0,0.037,44.2,60.1,254.8,30.7,1,3779.6,3,1,10,6,0.3662,1
SEG-0184,2025-06-02,13.58,1281.3,2,0.3079,30576.0,0.107,35.6,108.9,321.1,33.5,2,3749.0,3,3,15,8,0.3693,1
SEG-0185,2025-06-02,9.82,204.2,2,0.5313,32819.0,0.093,37.2,43.3,132.0,32.5,0,1163.4,1,0,4,3,0.2153,0
SEG-0186,2025-06-02,4.35,422.4,2,0.7817,9186.0,0.276,57.2,55.9,259.2,32.0,1,954.1,1,0,2,0,0.0898,0
SEG-0187,2025-06-02,10.46,318.6,2,0.4389,48016.0,0.2,31.2,7.2,31.2,33.9,1,1103.8,3,3,17,5,0.2916,1
SEG-0188,2025-06-02,14.64,831.1,6,0.245,6487.0,0.37,56.1,54.9,188.4,32.9,0,1168.3,4,2,15,9,0.4263,1
SEG-0189,2025-06-02,10.91,1156.0,4,0.4705,46315.0,0.117,26.9,3.4,13.5,35.8,0,1131.9,1,2,15,5,0.3039,1
SEG-0190,2025-06-02,6.39,1000.5,2,0.6693,4905.0,0.31,50.4,42.3,241.2,30.6,0,1525.9,1,0,8,7,0.1754,0
SEG-0191,2025-06-02,12.12,1299.0,2,0.4466,13134.0,0.222,48.4,41.7,101.1,37.2,0,1945.7,4,1,6,8,0.2751,0
SEG-0192,2025-06-02,11.83,359.5,4,0.4348,41615.0,0.224,34.2,77.3,186.6,37.6,0,3262.6,2,3,15,8,0.3257,1
SEG-0193,2025-06-02,12.75,1141.7,2,0.4155,7737.0,0.357,50.8,18.4,54.3,33.1,0,1381.4,2,1,9,5,0.3301,0
SEG-0194,2025-06-02,3.71,410.6,2,0.7094,17703.0,0.31,47.9,48.9,157.5,35.2,0,263.9,1,1,8,2,0.1498,0
SEG-0195,2025-06-02,14.23,515.5,4,0.2874,20197.0,0.353,39.0,19.9,122.7,34.4,0,1683.7,2,3,17,10,0.3967,1
SEG-0196,2025-06-02,3.32,1108.4,2,0.9115,10680.0,0.115,48.8,78.3,468.2,34.8,1,909.3,0,0,1,1,0.0,0
SEG-0197,2025-06-02,2.23,1473.3,4,0.8513,30773.0,0.096,35.8,40.4,94.1,31.1,0,643.2,1,0,5,2,0.0538,0
SEG-0198,2025-06-02,12.94,975.6,2,0.3002,38628.0,0.267,38.3,15.9,82.6,34.4,0,807.8,2,2,11,7,0.3506,1
SEG-0199,2025-06-02,4.29,223.6,2,0.7962,42752.0,0.129,31.6,51.2,206.9,34.1,0,321.7,0,0,5,2,0.0598,0
SEG-0200,2025-06-02,1.42,982.0,2,0.897,16476.0,0.339,42.7,31.4,94.2,35.0,0,397.4,0,0,0,0,0.0397,0
SEG-0201,2025-06-02,9.41,207.2,2,0.4332,24240.0,0.207,34.7,61.2,175.5,33.0,0,2611.9,3,2,12,10,0.2611,1
SEG-0202,2025-06-02,7.34,1343.6,2,0.6165,11426.0,0.219,46.7,137.2,483.5,33.4,0,389.2,1,2,5,5,0.1831,1
SEG-0203,2025-06-02,9.13,1107.9,2,0.6017,11446.0,0.285,49.4,34.1,132.5,33.0,0,2062.8,3,2,8,5,0.2032,0
SEG-0204,2025-06-02,3.2,383.7,4,0.8271,7752.0,0.297,53.5,80.2,188.1,34.8,0,422.3,0,1,3,0,0.1083,0
SEG-0205,2025-06-02,6.49,273.8,2,0.667,36519.0,0.025,37.4,27.2,85.8,32.0,0,1325.4,0,1,8,6,0.1914,0
SEG-0206,2025-06-02,4.34,397.8,2,0.8207,39413.0,0.04,34.3,55.1,217.2,36.9,0,794.8,0,0,7,0,0.093,0
SEG-0207,2025-06-02,14.37,1473.0,4,0.2867,33396.0,0.208,40.7,47.6,139.9,28.9,0,679.7,4,3,20,10,0.3326,1
SEG-0208,2025-06-02,6.51,769.1,4,0.5912,22763.0,0.227,45.1,25.1,155.9,35.7,0,228.4,1,0,4,3,0.244,0
SEG-0209,2025-06-02,11.06,1208.5,2,0.3807,22530.0,0.161,39.5,47.0,196.0,29.2,0,2387.4,2,3,11,6,0.29,1
SEG-0210,2025-06-02,3.14,1009.2,2,0.869,27750.0,0.165,36.5,22.5,112.1,29.4,0,360.9,1,1,4,0,0.0657,0
SEG-0211,2025-06-02,13.49,922.8,6,0.3989,27261.0,0.285,36.5,28.1,63.7,33.9,0,3755.5,4,1,10,6,0.3385,1
SEG-0212,2025-06-02,2.48,345.9,2,0.9066,20937.0,0.304,48.4,62.7,200.7,40.3,0,634.9,0,1,5,0,0.0067,0
SEG-0213,2025-06-02,6.28,1427.1,4,0.6634,6546.0,0.224,47.7,8.6,29.7,35.9,0,1473.2,1,0,5,4,0.1453,0
SEG-0214,2025-06-02,3.91,556.8,4,0.8343,5994.0,0.127,50.4,60.4,190.1,32.6,0,537.4,1,0,2,3,0.0715,0
SEG-0215,2025-06-02,6.25,930.3,4,0.6852,40659.0,0.139,27.9,111.8,262.0,35.4,1,631.4,1,1,8,7,0.1318,1
SEG-0216,2025-06-02,15.39,1094.7,2,0.2071,23239.0,0.24,44.8,14.3,86.3,34.6,0,633.4,4,3,13,5,0.3873,1
SEG-0217,2025-06-02,15.21,1026.5,2,0.2319,47346.0,0.161,28.9,38.9,173.7,35.4,0,1727.6,5,3,18,8,0.4155,1
SEG-0218,2025-06-02,8.37,1419.8,1,0.5935,8661.0,0.199,54.0,86.7,369.1,32.4,0,2075.9,3,1,8,2,0.244,0
SEG-0219,2025-06-02,4.9,350.4,2,0.7679,24498.0,0.265,38.6,52.1,128.2,35.9,0,348.4,2,1,7,3,0.0695,0
SEG-0220,2025-06-02,10.45,836.3,6,0.4791,9205.0,0.031,50.6,95.9,230.3,30.7,1,2312.1,1,2,9,9,0.2652,1
SEG-0221,2025-06-02,14.88,695.4,2,0.3887,13528.0,0.02,46.3,8.5,51.8,32.6,0,3882.5,4,3,15,5,0.375,1
SEG-0222,2025-06-02,12.55,790.1,2,0.4642,2358.0,0.124,53.7,45.2,132.6,34.6,0,2859.5,4,2,6,6,0.3528,0
SEG-0223,2025-06-02,7.96,310.9,1,0.6633,6550.0,0.372,51.0,29.2,157.2,35.1,0,2156.9,2,0,5,1,0.2078,0
SEG-0224,2025-06-02,9.83,331.0,6,0.5337,46800.0,0.275,31.3,40.4,110.6,34.4,0,2241.4,1,2,20,4,0.2219,1
SEG-0225,2025-06-02,7.34,525.4,1,0.6655,14897.0,0.103,44.5,32.1,82.1,29.5,0,2055.9,1,0,4,3,0.2016,0
SEG-0226,2025-06-02,11.13,561.4,1,0.3665,24896.0,0.329,35.4,203.2,489.8,35.9,0,1831.2,4,1,6,4,0.3,1
SEG-0227,2025-06-02,7.61,727.7,2,0.691,22251.0,0.191,46.3,186.2,445.3,39.1,1,1056.4,2,1,3,3,0.1719,0
SEG-0228,2025-06-02,11.46,974.8,1,0.3778,17081.0,0.199,51.4,30.4,145.7,32.0,0,1371.8,3,1,5,4,0.3533,0
SEG-0229,2025-06-02,14.99,1006.7,2,0.3028,27217.0,0.368,38.1,73.3,214.1,32.8,0,3343.2,4,2,15,6,0.3704,1
SEG-0230,2025-06-02,13.19,705.9,2,0.3761,8129.0,0.09,48.8,112.9,318.9,33.6,1,649.6,2,1,11,9,0.3017,1
SEG-0231,2025-06-02,8.18,701.9,2,0.5249,38310.0,0.099,32.0,76.8,509.8,33.2,1,808.2,3,0,16,4,0.2423,0
SEG-0232,2025-06-02,14.86,443.8,1,0.3067,34523.0,0.237,38.6,27.5,89.5,35.8,0,3829.5,4,1,25,11,0.3819,1
SEG-0233,2025-06-02,5.49,944.2,1,0.7363,28706.0,0.129,42.6,19.8,86.1,36.3,0,1454.9,2,0,9,2,0.1793,0
SEG-0234,2025-06-02,5.22,578.0,2,0.683,19206.0,0.276,46.2,202.3,550.4,36.9,1,1317.5,2,0,5,3,0.1741,0
SEG-0235,2025-06-02,4.0,198.7,1,0.7835,7443.0,0.137,54.2,184.7,440.0,31.0,1,587.1,0,0,0,1,0.1424,0
SEG-0236,2025-06-02,14.63,714.8,2,0.2682,36641.0,0.071,33.9,22.3,134.5,28.4,0,3188.8,3,3,11,6,0.4237,1
SEG-0237,2025-06-02,8.76,790.1,2,0.6019,16430.0,0.087,48.3,109.6,423.4,34.0,3,1852.2,1,2,14,5,0.202,0
SEG-0238,2025-06-02,13.6,454.6,2,0.3611,3303.0,0.213,56.5,20.2,64.2,30.4,1,1913.4,2,1,7,5,0.3548,1
SEG-0239,2025-06-02,8.88,922.8,2,0.5749,14649.0,0.057,48.0,124.2,382.5,34.2,0,495.7,3,0,5,5,0.2411,0
SEG-0240,2025-06-02,12.56,913.8,2,0.4365,40238.0,0.094,33.4,40.2,198.8,33.1,0,1780.9,4,3,12,8,0.3412,1
SEG-0241,2025-06-02,14.17,1097.7,1,0.1765,32352.0,0.32,35.5,28.2,132.6,33.5,1,1207.4,2,3,10,9,0.4656,1
SEG-0242,2025-06-02,12.92,1024.7,1,0.3907,37903.0,0.148,30.7,71.3,174.3,29.3,0,2024.9,3,3,11,7,0.3418,1
SEG-0243,2025-06-02,3.89,1030.8,4,0.7613,39483.0,0.169,31.5,58.1,375.2,35.8,0,337.6,0,0,6,3,0.0973,0
SEG-0244,2025-06-02,2.24,576.9,1,0.8919,8863.0,0.031,53.0,76.8,260.1,34.7,0,329.5,0,1,2,0,0.1058,0
SEG-0245,2025-06-02,4.36,1213.0,2,0.8065,43077.0,0.118,32.2,15.9,37.4,28.6,0,354.3,2,0,5,0,0.0873,0
SEG-0246,2025-06-02,4.76,891.3,2,0.7932,20009.0,0.161,49.2,38.3,153.3,34.4,0,344.2,0,0,5,1,0.076,0
SEG-0247,2025-06-02,9.71,732.4,2,0.5226,33252.0,0.256,42.0,25.5,125.5,35.7,0,2648.5,3,1,11,4,0.2716,1
SEG-0248,2025-06-02,10.59,995.1,2,0.4594,1181.0,0.102,55.2,24.3,67.9,29.2,0,1774.0,3,3,11,5,0.2603,0
SEG-0249,2025-06-02,2.12,636.9,4,0.7601,41790.0,0.35,31.1,112.8,271.4,37.9,1,502.7,1,0,7,0,0.1504,0
SEG-0250,2025-06-02,5.81,842.2,4,0.6595,13537.0,0.361,42.0,188.9,650.0,36.8,0,1102.7,2,1,12,7,0.1848,0
SEG-0001,2025-06-17,2.85,1030.1,4,0.7552,12446.0,0.066,47.8,124.3,288.4,31.3,0,271.0,0,0,4,2,0.1504,0
SEG-0002,2025-06-17,8.4,1321.1,4,0.5818,13912.0,0.188,43.8,27.4,74.1,35.8,0,960.7,2,2,10,7,0.1831,0
SEG-0003,2025-06-17,11.98,762.8,4,0.3753,13224.0,0.084,54.9,90.6,469.8,36.5,0,2509.1,4,3,12,5,0.3449,1
SEG-0004,2025-06-17,8.01,484.6,2,0.6011,24093.0,0.115,41.6,30.4,129.1,34.4,0,676.7,3,1,5,4,0.2406,1
SEG-0005,2025-06-17,5.3,469.5,2,0.7558,26780.0,0.229,40.2,70.0,212.8,34.2,0,1203.9,0,1,4,0,0.1604,1
SEG-0006,2025-06-17,7.6,1157.1,4,0.602,11116.0,0.202,50.1,27.6,142.9,30.4,0,1907.1,1,0,7,6,0.2394,0
SEG-0007,2025-06-17,5.5,1252.4,2,0.8153,16186.0,0.344,40.7,31.1,78.0,28.1,0,207.2,2,1,2,1,0.0946,0
SEG-0008,2025-06-17,3.33,292.1,4,0.8396,48024.0,0.137,31.4,70.1,172.1,32.4,0,264.0,1,0,9,1,0.0619,0
SEG-0009,2025-06-17,5.06,239.9,2,0.7945,2747.0,0.305,55.5,14.4,69.8,29.9,0,411.3,0,0,2,0,0.0685,0
SEG-0010,2025-06-17,11.23,952.5,1,0.461,21446.0,0.22,44.5,180.6,462.6,33.6,0,1165.8,4,3,14,7,0.3083,0
SEG-0011,2025-06-17,10.78,347.3,1,0.4619,30769.0,0.285,37.2,44.9,297.0,31.5,1,1739.4,1,3,11,7,0.295,1
SEG-0012,2025-06-17,10.41,1263.3,4,0.4746,8457.0,0.272,52.7,92.5,467.1,35.9,0,552.7,2,2,8,7,0.2781,1
SEG-0013,2025-06-17,8.7,569.0,1,0.5365,3038.0,0.197,53.1,75.2,306.7,37.9,1,1675.1,3,1,4,3,0.258,0
SEG-0014,2025-06-17,9.15,344.2,2,0.5389,7595.0,0.385,51.2,41.1,111.8,35.5,0,279.8,1,1,8,3,0.2,0
SEG-0015,2025-06-17,15.04,1393.3,2,0.2197,43952.0,0.135,26.4,38.7,144.5,33.7,0,1305.3,4,1,21,6,0.4402,1
SEG-0016,2025-06-17,2.48,373.5,2,0.8566,1529.0,0.112,48.7,30.8,70.0,38.1,0,225.1,0,0,0,2,0.0155,0
SEG-0017,2025-06-17,2.15,534.4,2,0.878,9441.0,0.26,45.0,84.3,192.8,33.2,1,598.4,0,0,3,2,0.0664,0
SEG-0018,2025-06-17,14.29,357.4,4,0.251,2419.0,0.319,49.4,28.3,95.6,34.8,0,3224.7,3,1,14,8,0.4292,1
SEG-0019,2025-06-17,9.57,305.9,1,0.5267,6158.0,0.049,55.4,75.6,285.0,32.6,2,1635.0,3,0,3,3,0.2371,0
SEG-0020,2025-06-17,9.96,178.5,4,0.4093,28319.0,0.209,38.5,127.4,408.7,29.8,4,2386.7,3,1,14,7,0.2742,1
SEG-0021,2025-06-17,4.52,224.8,4,0.7418,12828.0,0.368,48.2,45.7,170.4,36.4,0,679.2,0,0,5,1,0.1247,0
SEG-0022,2025-06-17,5.53,385.8,2,0.6537,28022.0,0.309,41.5,14.6,83.7,34.2,0,515.6,0,1,12,6,0.1792,0
SEG-0023,2025-06-17,3.99,222.1,2,0.8057,26020.0,0.326,34.3,76.4,255.9,34.1,0,384.9,0,1,7,4,0.093,0
SEG-0024,2025-06-17,6.61,948.0,2,0.6909,33951.0,0.252,31.5,43.2,144.6,34.1,0,601.4,2,1,7,1,0.1384,0
SEG-0025,2025-06-17,2.54,1069.0,1,0.7733,1058.0,0.246,58.5,58.4,193.7,31.5,0,628.9,0,0,3,1,0.1047,0
SEG-0026,2025-06-17,4.73,681.4,2,0.7373,37225.0,0.128,33.0,49.7,193.7,30.4,0,642.1,2,0,10,3,0.1427,0
SEG-0027,2025-06-17,4.56,579.3,6,0.8141,25141.0,0.375,39.7,28.2,128.2,33.6,0,1257.2,1,0,6,3,0.0786,0
SEG-0028,2025-06-17,13.72,831.1,6,0.4177,8654.0,0.164,48.4,40.0,168.3,36.6,0,1796.7,3,2,15,6,0.2742,0
SEG-0029,2025-06-17,14.98,1331.3,4,0.2869,37876.0,0.308,34.0,42.2,100.9,38.5,0,1136.6,3,2,17,9,0.367,1
SEG-0030,2025-06-17,9.7,1299.0,2,0.5256,44395.0,0.201,27.7,127.7,322.3,37.6,0,706.4,1,1,17,5,0.2381,0
SEG-0031,2025-06-17,9.96,208.7,2,0.4604,10965.0,0.226,42.3,37.1,174.5,31.7,0,775.0,1,1,7,3,0.3022,1
SEG-0032,2025-06-17,14.84,395.0,4,0.3425,35485.0,0.273,32.2,86.0,269.2,32.8,3,1031.3,3,3,13,5,0.3895,1
SEG-0033,2025-06-17,4.89,469.6,2,0.7622,23321.0,0.211,42.8,188.3,631.1,26.5,2,1061.4,2,0,5,3,0.1178,0
SEG-0034,2025-06-17,12.17,486.7,2,0.3181,24656.0,0.296,38.6,81.7,222.3,32.7,1,2186.0,2,2,11,7,0.3493,1
SEG-0035,2025-06-17,2.67,921.2,1,0.8365,50125.0,0.175,21.8,105.6,292.2,33.9,0,289.0,1,0,7,2,0.0879,0
SEG-0036,2025-06-17,14.49,712.0,2,0.2893,14932.0,0.272,45.3,117.1,366.2,34.5,1,3066.9,5,1,19,9,0.3274,1
SEG-0037,2025-06-17,15.1,216.5,2,0.2131,38660.0,0.135,34.9,54.3,193.1,36.1,0,1096.7,4,2,16,9,0.4865,1
SEG-0038,2025-06-17,8.39,654.4,2,0.5801,13982.0,0.163,43.7,39.6,162.5,31.0,0,1822.9,3,0,9,4,0.2921,0
SEG-0039,2025-06-17,6.45,857.1,2,0.6286,30975.0,0.198,39.5,19.1,100.1,29.7,0,1148.4,2,0,12,2,0.1845,0
SEG-0040,2025-06-17,6.69,287.3,4,0.7726,24113.0,0.095,41.9,21.8,51.4,34.8,0,1107.6,0,1,5,0,0.1535,0
SEG-0041,2025-06-17,7.39,1275.2,6,0.6503,10892.0,0.09,48.7,21.0,63.9,33.0,0,1046.5,0,1,5,5,0.2097,0
SEG-0042,2025-06-17,8.15,220.1,2,0.569,20728.0,0.266,44.7,51.9,195.6,33.5,0,1226.2,3,0,7,3,0.2568,0
SEG-0043,2025-06-17,1.83,1398.5,4,0.8663,13486.0,0.313,51.6,87.5,201.4,31.8,0,427.9,0,0,7,2,0.1099,0
SEG-0044,2025-06-17,3.4,283.8,6,0.7634,4525.0,0.289,51.5,78.0,320.0,33.6,0,211.3,1,0,3,4,0.1049,0
SEG-0045,2025-06-17,8.14,1288.8,1,0.5465,2151.0,0.026,53.6,34.5,208.7,29.3,0,1872.2,3,1,7,8,0.2907,0
SEG-0046,2025-06-17,4.42,1368.6,2,0.7808,17456.0,0.127,46.5,108.0,275.2,27.5,0,277.3,1,0,6,0,0.1296,0
SEG-0047,2025-06-17,7.1,1472.4,2,0.5945,1850.0,0.121,50.8,106.7,412.7,30.0,0,1947.4,2,1,5,3,0.2334,0
SEG-0048,2025-06-17,9.74,1232.7,1,0.5519,7089.0,0.311,52.4,30.0,108.8,34.0,0,1420.4,1,2,7,8,0.2123,0
SEG-0049,2025-06-17,11.3,1202.3,4,0.4734,32838.0,0.343,33.1,33.7,119.8,35.0,0,1774.7,4,3,11,6,0.2507,0
SEG-0050,2025-06-17,15.09,1017.4,2,0.2134,33604.0,0.099,33.4,11.0,70.0,35.4,0,1488.4,4,3,17,7,0.4165,1
SEG-0051,2025-06-17,6.99,1201.6,2,0.7258,32932.0,0.264,37.5,34.1,87.1,36.5,0,718.9,2,1,8,5,0.1517,0
SEG-0052,2025-06-17,14.67,331.6,2,0.273,14951.0,0.092,52.4,64.2,161.9,33.2,0,1278.1,5,2,12,10,0.4137,1
SEG-0053,2025-06-17,7.5,873.7,2,0.6135,43219.0,0.126,28.4,43.8,191.0,35.5,0,614.8,2,2,12,4,0.2514,0
SEG-0054,2025-06-17,2.61,844.2,4,0.9152,24025.0,0.096,42.2,126.6,373.1,38.1,0,714.6,0,0,4,1,0.0453,0
SEG-0055,2025-06-17,5.17,1307.7,1,0.7246,6813.0,0.122,58.6,45.7,163.9,32.3,0,996.9,1,0,9,4,0.1765,0
SEG-0056,2025-06-17,5.16,774.8,2,0.6939,7791.0,0.238,48.2,86.2,221.4,33.6,1,601.8,2,0,7,6,0.1456,0
SEG-0057,2025-06-17,10.93,669.9,2,0.4466,28211.0,0.329,34.7,175.1,408.7,31.9,3,476.6,2,2,8,6,0.3148,1
SEG-0058,2025-06-17,5.56,1013.4,2,0.6983,8660.0,0.121,51.8,21.1,61.2,33.2,0,668.7,0,2,3,0,0.1687,0
SEG-0059,2025-06-17,9.62,509.7,2,0.5568,23627.0,0.245,45.5,149.9,339.8,32.8,1,240.6,3,1,11,4,0.243,0
SEG-0060,2025-06-17,4.06,338.7,2,0.7688,44000.0,0.252,36.6,106.7,362.5,33.2,1,867.8,1,0,4,0,0.117,0
SEG-0061,2025-06-17,13.83,795.1,1,0.2989,1238.0,0.349,57.6,51.4,264.3,37.2,0,450.0,4,1,6,5,0.3598,1
SEG-0062,2025-06-17,8.64,712.8,2,0.6339,1686.0,0.246,60.1,97.6,298.7,30.6,1,244.2,3,0,1,0,0.2195,0
SEG-0063,2025-06-17,15.08,464.0,4,0.2466,44615.0,0.129,34.7,27.9,102.4,34.1,0,1607.5,5,2,25,6,0.3739,1
SEG-0064,2025-06-17,13.91,646.1,2,0.3062,26043.0,0.267,41.5,85.7,282.4,33.9,1,2777.9,3,3,14,6,0.373,1
SEG-0065,2025-06-17,3.29,644.6,2,0.8416,5735.0,0.147,57.3,204.6,599.3,33.6,2,477.0,0,0,4,5,0.1307,0
SEG-0066,2025-06-17,11.21,592.1,2,0.4893,35920.0,0.387,38.2,135.8,384.7,30.3,1,1417.3,3,3,13,5,0.2996,1
SEG-0067,2025-06-17,6.45,662.3,4,0.6487,36480.0,0.155,38.2,35.3,154.9,32.2,0,389.2,0,1,16,4,0.1689,0
SEG-0068,2025-06-17,7.93,1075.8,1,0.5626,25432.0,0.282,35.4,13.4,76.0,32.3,0,1636.9,1,2,12,7,0.2729,0
SEG-0069,2025-06-17,15.26,550.8,2,0.2791,25456.0,0.029,40.4,47.6,139.6,34.0,0,2476.2,3,3,11,8,0.3469,1
SEG-0070,2025-06-17,14.1,1431.0,2,0.369,14814.0,0.137,54.5,61.9,223.8,36.8,0,3696.0,3,1,11,9,0.3189,1
SEG-0071,2025-06-17,7.29,1387.1,2,0.7065,3550.0,0.342,54.1,40.8,181.2,35.6,0,444.2,2,0,6,0,0.1938,0
SEG-0072,2025-06-17,9.88,799.2,4,0.5173,28112.0,0.218,46.6,60.5,237.3,32.5,0,461.1,1,1,10,8,0.2557,1
SEG-0073,2025-06-17,11.73,593.3,2,0.4766,13996.0,0.211,43.2,48.8,285.2,35.6,0,1607.8,2,3,14,4,0.2632,1
SEG-0074,2025-06-17,2.92,872.8,4,0.7892,25963.0,0.369,46.2,73.8,223.0,32.8,0,637.7,0,0,5,1,0.118,0
SEG-0075,2025-06-17,3.98,1295.6,4,0.7486,42444.0,0.355,26.7,22.4,133.5,31.1,0,591.5,2,0,8,1,0.1611,0
SEG-0076,2025-06-17,15.19,1031.0,2,0.2447,1960.0,0.151,53.4,23.9,91.1,33.7,1,2551.9,4,2,8,8,0.3886,1
SEG-0077,2025-06-17,7.75,1235.9,4,0.5238,31284.0,0.227,31.8,30.6,97.5,28.3,0,564.3,1,1,10,5,0.2857,0
SEG-0078,2025-06-17,5.18,869.2,2,0.7701,10691.0,0.193,42.7,36.5,140.4,37.1,0,431.8,2,0,5,6,0.0867,0
SEG-0079,2025-06-17,14.14,1004.4,4,0.327,40621.0,0.239,39.8,93.8,292.1,32.1,2,2005.7,3,1,13,5,0.3692,1
SEG-0080,2025-06-17,1.6,539.0,2,0.8581,13149.0,0.181,49.9,90.0,254.1,31.7,0,360.4,0,0,4,3,0.0409,0
SEG-0081,2025-06-17,9.12,1142.1,2,0.5834,25368.0,0.117,42.4,65.6,288.2,31.0,1,1884.4,3,2,15,7,0.1716,1
SEG-0082,2025-06-17,9.73,423.2,2,0.4047,28112.0,0.338,33.7,40.1,100.2,33.8,0,516.3,3,1,7,6,0.2964,0
SEG-0083,2025-06-17,14.25,1088.0,1,0.3501,19512.0,0.344,42.2,23.3,65.8,32.9,0,586.0,3,1,13,9,0.371,0
SEG-0084,2025-06-17,4.92,1312.0,2,0.6384,27933.0,0.305,41.5,167.3,393.9,33.4,1,985.0,1,0,10,6,0.1986,1
SEG-0085,2025-06-17,1.57,328.3,4,0.9384,29303.0,0.39,39.4,36.5,94.7,34.6,0,445.1,0,0,8,2,0.0543,0
SEG-0086,2025-06-17,1.96,979.4,2,0.8858,24621.0,0.318,43.4,90.6,201.6,33.8,1,389.0,1,0,5,2,0.0325,0
SEG-0087,2025-06-17,10.1,278.4,2,0.4894,36447.0,0.284,34.7,22.6,52.5,36.0,0,268.6,2,0,10,6,0.3034,0
SEG-0088,2025-06-17,14.34,1129.7,2,0.2992,46960.0,0.26,38.0,118.6,278.8,29.8,0,3383.1,2,3,12,10,0.3805,1
SEG-0089,2025-06-17,9.39,264.1,2,0.4565,21814.0,0.202,44.6,112.3,273.4,36.6,2,2493.8,3,2,7,5,0.3112,1
SEG-0090,2025-06-17,13.64,1413.5,1,0.3185,22365.0,0.19,42.4,37.2,140.9,34.7,0,262.9,3,2,10,7,0.3488,1
SEG-0091,2025-06-17,2.0,335.5,4,0.9144,1373.0,0.12,54.2,49.6,131.1,36.1,0,529.7,0,0,0,0,0.0161,0
SEG-0092,2025-06-17,3.82,1444.5,2,0.8693,40384.0,0.257,30.9,10.3,44.6,33.4,0,566.8,0,1,3,0,0.0278,0
SEG-0093,2025-06-17,4.8,1231.2,2,0.7693,21261.0,0.133,45.5,82.4,268.9,34.8,0,244.5,2,0,5,5,0.0796,0
SEG-0094,2025-06-17,9.52,951.5,2,0.5788,20356.0,0.123,45.3,41.6,93.0,31.2,0,1050.5,1,1,5,4,0.2264,0
SEG-0095,2025-06-17,10.14,1206.5,1,0.6127,5185.0,0.257,57.3,72.3,356.9,30.1,0,876.9,1,1,4,5,0.2049,0
SEG-0096,2025-06-17,14.76,1223.4,2,0.2795,45260.0,0.223,23.6,23.3,64.3,36.7,0,1655.9,4,1,24,6,0.4363,1
SEG-0097,2025-06-17,5.17,1427.1,4,0.69,15949.0,0.101,45.9,117.3,293.7,33.9,0,1001.5,2,0,7,2,0.1229,0
SEG-0098,2025-06-17,3.44,492.1,2,0.8324,34648.0,0.33,41.9,41.0,127.7,35.5,0,525.1,0,0,7,5,0.0455,0
SEG-0099,2025-06-17,8.7,946.6,6,0.5923,7347.0,0.357,51.4,47.2,213.2,37.5,1,2031.4,3,2,6,5,0.1878,1
SEG-0100,2025-06-17,12.32,278.3,2,0.3775,49273.0,0.097,32.0,63.1,391.7,37.4,0,435.4,4,1,11,7,0.3187,0
SEG-0101,2025-06-17,7.26,981.8,2,0.6582,8766.0,0.026,45.6,32.9,95.7,32.2,0,981.6,0,0,3,1,0.2381,0
SEG-0102,2025-06-17,7.21,381.2,4,0.5906,10820.0,0.15,46.4,110.6,269.8,33.7,1,1557.8,2,1,7,4,0.172,0
SEG-0103,2025-06-17,10.55,912.7,4,0.5054,33521.0,0.322,34.2,13.9,49.6,33.6,0,1891.8,2,1,9,6,0.2508,1
SEG-0104,2025-06-17,10.59,922.8,4,0.4442,46932.0,0.299,26.7,8.4,41.4,33.1,0,2355.1,1,3,21,8,0.3018,1
SEG-0105,2025-06-17,15.08,779.1,6,0.345,9977.0,0.089,44.3,93.0,502.9,30.7,0,3434.3,5,2,11,8,0.351,1
SEG-0106,2025-06-17,14.7,855.6,4,0.3095,23442.0,0.327,43.4,28.8,157.1,31.0,0,3442.9,5,2,12,8,0.3502,1
SEG-0107,2025-06-17,8.45,1181.3,4,0.4839,36081.0,0.087,33.0,94.2,255.1,35.0,1,1057.7,1,1,17,7,0.2954,1
SEG-0108,2025-06-17,6.19,1229.0,1,0.6484,34051.0,0.154,30.3,15.5,41.4,29.9,0,249.0,1,1,9,3,0.1844,0
SEG-0109,2025-06-17,8.75,814.4,4,0.5433,19963.0,0.367,40.6,7.8,23.9,36.6,0,958.0,2,2,3,2,0.2065,0
SEG-0110,2025-06-17,2.83,959.5,2,0.7063,26925.0,0.146,44.3,33.8,86.8,36.8,0,723.2,1,0,3,0,0.1544,0
SEG-0111,2025-06-17,6.37,1407.2,2,0.6362,37146.0,0.094,41.2,11.8,44.0,35.5,0,1169.5,0,0,11,3,0.2623,0
SEG-0112,2025-06-17,6.8,311.6,2,0.6238,34748.0,0.184,39.5,112.6,260.8,28.6,1,1599.3,0,2,7,4,0.1826,0
SEG-0113,2025-06-17,11.98,308.1,6,0.3944,34922.0,0.236,37.4,14.2,35.0,35.3,0,3272.9,4,3,8,4,0.3551,1
SEG-0114,2025-06-17,7.48,268.4,6,0.5991,28162.0,0.35,40.9,52.5,191.8,38.7,0,1246.6,3,0,6,1,0.2179,1
SEG-0115,2025-06-17,14.19,1038.1,2,0.3653,5810.0,0.343,59.3,38.5,126.2,32.2,0,3259.9,4,2,5,5,0.3753,1
SEG-0116,2025-06-17,5.41,715.1,4,0.7056,41455.0,0.097,31.2,128.4,287.6,36.1,1,346.7,2,0,12,2,0.1668,0
SEG-0117,2025-06-17,6.01,1195.3,4,0.6951,37224.0,0.083,34.6,77.4,287.9,34.7,1,1527.2,2,0,8,0,0.1809,1
SEG-0118,2025-06-17,12.58,1056.2,2,0.3613,41088.0,0.331,33.2,31.0,137.9,35.8,0,3283.8,2,3,14,4,0.3637,1
SEG-0119,2025-06-17,8.69,600.4,1,0.553,6122.0,0.162,57.5,23.4,80.8,34.9,0,2422.7,2,0,9,6,0.2924,0
SEG-0120,2025-06-17,3.3,1362.8,1,0.8118,9070.0,0.31,48.3,39.2,118.7,34.8,1,297.0,0,1,5,0,0.1187,0
SEG-0121,2025-06-17,9.47,1179.4,4,0.5526,30758.0,0.26,36.4,29.1,179.2,34.3,0,581.3,1,1,14,5,0.2663,0
SEG-0122,2025-06-17,6.82,515.2,2,0.648,2297.0,0.096,51.8,44.5,232.4,35.9,2,984.8,1,1,8,4,0.1846,0
SEG-0123,2025-06-17,11.05,641.7,6,0.4528,46327.0,0.299,28.7,54.8,309.5,31.5,1,1434.6,3,1,13,6,0.2657,1
SEG-0124,2025-06-17,3.87,574.5,2,0.7706,19169.0,0.121,40.7,99.6,311.5,30.7,0,490.9,0,0,1,0,0.0881,0
SEG-0125,2025-06-17,9.08,362.8,6,0.4887,30112.0,0.165,44.8,16.7,78.6,32.7,0,1772.4,2,1,4,3,0.258,1
SEG-0126,2025-06-17,15.05,349.5,2,0.2928,34507.0,0.218,42.0,25.6,151.7,31.8,0,773.4,5,2,17,9,0.3817,1
SEG-0127,2025-06-17,5.77,1413.8,4,0.689,16231.0,0.201,51.4,90.4,319.1,32.0,1,587.6,2,1,6,6,0.1761,0
SEG-0128,2025-06-17,5.9,741.2,1,0.7317,15614.0,0.286,39.5,29.8,128.8,34.3,0,221.0,0,1,7,2,0.1259,0
SEG-0129,2025-06-17,5.52,667.5,2,0.6752,26061.0,0.276,40.6,34.9,103.2,34.1,0,1438.1,0,0,7,5,0.1835,0
SEG-0130,2025-06-17,5.16,1135.1,4,0.7214,28231.0,0.403,38.6,98.8,235.7,31.2,0,1068.8,1,0,6,5,0.1085,0
SEG-0131,2025-06-17,3.22,896.5,4,0.8697,16895.0,0.386,45.3,9.7,32.8,32.2,0,931.1,0,0,5,2,0.0989,0
SEG-0132,2025-06-17,13.82,1413.8,4,0.4175,30906.0,0.228,42.8,117.3,366.5,32.7,1,3588.4,4,2,17,8,0.2936,1
SEG-0133,2025-06-17,3.52,1203.4,1,0.7742,39946.0,0.062,28.5,46.3,232.9,30.5,2,616.3,0,0,3,1,0.1198,0
SEG-0134,2025-06-17,9.31,797.1,2,0.4609,20689.0,0.331,49.6,161.0,383.6,27.8,0,2313.0,1,0,12,8,0.2805,1
SEG-0135,2025-06-17,14.25,658.1,1,0.4055,9755.0,0.355,50.5,82.5,246.0,33.0,0,2881.5,2,1,14,10,0.3125,1
SEG-0136,2025-06-17,3.89,1482.0,1,0.7424,18989.0,0.13,44.7,54.4,234.0,34.5,0,500.3,0,0,5,0,0.1844,0
SEG-0137,2025-06-17,2.96,1119.0,2,0.7537,17295.0,0.199,49.0,70.8,230.3,37.0,2,695.8,0,0,6,3,0.1241,0
SEG-0138,2025-06-17,15.09,1434.1,4,0.4183,6292.0,0.167,47.1,30.9,106.9,30.7,1,270.9,5,2,14,9,0.2825,1
SEG-0139,2025-06-17,4.46,309.9,4,0.8103,8800.0,0.071,53.4,265.8,650.0,33.9,0,1042.9,0,0,8,3,0.0569,1
SEG-0140,2025-06-17,5.94,1298.2,4,0.7726,29756.0,0.261,42.2,93.5,221.6,34.2,0,572.2,2,2,6,3,0.0796,0
SEG-0141,2025-06-17,13.96,1010.0,4,0.3306,15980.0,0.177,54.6,47.6,177.6,37.7,0,2142.2,3,3,10,7,0.3411,1
SEG-0142,2025-06-17,11.97,314.6,4,0.4422,44285.0,0.313,33.1,60.2,144.1,30.8,0,1707.4,4,2,14,6,0.2374,1
SEG-0143,2025-06-17,10.14,944.1,1,0.4311,11716.0,0.284,43.0,107.9,365.4,32.1,1,1302.4,3,0,5,3,0.3329,0
SEG-0144,2025-06-17,11.75,1076.2,2,0.4843,4620.0,0.331,56.5,20.0,94.2,36.3,0,668.7,4,3,4,3,0.2886,0
SEG-0145,2025-06-17,13.43,166.6,2,0.3996,34267.0,0.168,35.8,31.3,71.8,29.3,0,1384.9,2,3,12,5,0.3464,1
SEG-0146,2025-06-17,9.09,763.3,4,0.5376,41607.0,0.157,33.2,40.4,140.6,30.8,0,2555.0,3,0,7,2,0.2812,1
SEG-0147,2025-06-17,12.4,1264.3,1,0.3957,13584.0,0.288,44.1,64.9,352.8,33.7,1,1617.0,2,2,8,4,0.3303,1
SEG-0148,2025-06-17,3.76,548.7,2,0.7428,9339.0,0.319,49.3,11.0,25.7,33.5,0,622.9,0,0,5,4,0.1377,0
SEG-0149,2025-06-17,12.14,769.0,2,0.4269,10346.0,0.252,43.9,27.6,86.3,34.0,1,878.2,3,2,11,10,0.2707,0
SEG-0150,2025-06-17,13.9,747.1,1,0.4065,20783.0,0.34,51.0,21.4,127.9,36.3,0,3787.1,2,1,10,10,0.2857,1
SEG-0151,2025-06-17,7.75,557.6,2,0.6271,21388.0,0.051,40.2,21.5,71.1,37.9,0,922.9,2,1,7,4,0.2335,0
SEG-0152,2025-06-17,13.79,1389.9,4,0.393,12886.0,0.355,56.6,43.6,122.5,38.8,0,2057.9,3,2,11,7,0.2805,1
SEG-0153,2025-06-17,14.92,1204.7,2,0.3312,2660.0,0.061,50.9,31.2,186.4,36.0,0,4077.1,5,1,9,8,0.3829,1
SEG-0154,2025-06-17,12.35,299.3,2,0.4003,23201.0,0.122,43.9,89.9,212.1,37.9,0,586.7,3,1,11,8,0.2964,1
SEG-0155,2025-06-17,2.02,1496.0,4,0.9644,44581.0,0.226,29.6,31.8,143.9,36.3,0,432.4,1,0,6,0,0.0442,0
SEG-0156,2025-06-17,12.18,1336.9,2,0.3864,31267.0,0.028,35.2,11.1,27.9,33.5,0,1162.7,2,3,7,3,0.3996,1
SEG-0157,2025-06-17,8.37,533.3,4,0.6198,25147.0,0.087,38.5,19.2,60.6,33.5,0,1959.5,2,0,8,4,0.191,0
SEG-0158,2025-06-17,4.33,1279.8,2,0.7599,5649.0,0.032,56.8,21.7,75.9,31.3,0,579.1,0,0,1,1,0.0879,0
SEG-0159,2025-06-17,4.43,293.7,2,0.7262,11102.0,0.186,36.8,44.1,199.8,32.5,0,757.9,0,1,7,3,0.1484,0
SEG-0160,2025-06-17,12.13,1498.8,2,0.3567,14640.0,0.314,47.1,37.3,138.7,36.8,0,3316.5,4,1,13,8,0.3734,1
SEG-0161,2025-06-17,3.59,1048.7,2,0.7827,33215.0,0.047,32.2,14.7,62.3,33.8,0,684.8,0,0,7,3,0.0731,0
SEG-0162,2025-06-17,5.62,1027.7,4,0.7408,35553.0,0.28,39.6,69.7,338.2,31.6,1,1129.7,0,1,6,2,0.1105,1
SEG-0163,2025-06-17,7.75,272.1,2,0.6228,36165.0,0.334,29.2,15.2,71.1,35.8,0,1122.0,1,2,13,5,0.2246,0
SEG-0164,2025-06-17,10.04,1361.0,1,0.5247,40277.0,0.097,25.8,55.8,352.8,31.8,0,1941.8,2,2,12,4,0.2468,0
SEG-0165,2025-06-17,5.37,189.1,2,0.7788,37738.0,0.104,35.1,63.8,188.3,35.7,0,1074.6,1,1,10,1,0.1323,0
SEG-0166,2025-06-17,2.27,475.1,4,0.8759,36783.0,0.33,35.3,101.8,301.1,34.4,0,534.5,1,1,8,2,0.0842,0
SEG-0167,2025-06-17,1.73,343.1,4,0.9356,4049.0,0.322,57.2,17.1,65.0,32.5,0,319.5,0,1,5,3,0.0476,0
SEG-0168,2025-06-17,3.98,1198.6,6,0.7497,6175.0,0.211,47.9,82.5,301.0,34.5,0,832.5,2,0,2,4,0.081,0
SEG-0169,2025-06-17,4.08,417.6,2,0.8455,14536.0,0.343,47.6,22.6,97.9,31.1,0,662.5,1,0,8,4,0.1215,0
SEG-0170,2025-06-17,8.56,1379.4,2,0.5301,25670.0,0.077,40.7,56.4,200.6,34.1,0,1401.8,1,2,11,6,0.2312,0
SEG-0171,2025-06-17,14.32,1036.0,1,0.3507,5532.0,0.185,52.0,42.7,102.1,34.1,0,2593.8,4,3,10,5,0.3286,0
SEG-0172,2025-06-17,5.02,198.8,2,0.7916,40293.0,0.32,35.7,55.0,214.5,33.8,0,638.7,2,1,7,0,0.1055,0
SEG-0173,2025-06-17,9.81,157.3,6,0.5353,31071.0,0.128,42.2,28.4,101.8,36.7,0,357.7,1,1,10,6,0.273,1
SEG-0174,2025-06-17,13.21,219.7,4,0.3667,27023.0,0.289,41.3,37.7,124.2,31.0,0,2562.0,3,1,15,6,0.3503,1
SEG-0175,2025-06-17,10.51,968.0,2,0.4388,7311.0,0.22,50.9,50.5,176.7,30.6,0,420.1,1,1,14,6,0.3242,1
SEG-0176,2025-06-17,15.4,1232.0,2,0.1536,11833.0,0.316,48.5,101.7,254.5,37.7,0,3141.3,5,3,10,6,0.4487,1
SEG-0177,2025-06-17,7.21,472.0,4,0.716,8201.0,0.181,58.3,13.4,47.7,31.4,0,229.1,1,0,3,2,0.1959,0
SEG-0178,2025-06-17,5.71,1296.7,2,0.7382,33442.0,0.172,37.0,22.0,66.8,29.3,0,679.6,0,2,7,0,0.1662,0
SEG-0179,2025-06-17,14.56,227.3,1,0.4142,22793.0,0.111,39.9,61.6,139.7,36.8,0,2794.5,3,2,12,7,0.3535,1
SEG-0180,2025-06-17,9.49,1231.3,2,0.4883,31653.0,0.091,42.4,36.7,98.6,37.0,0,1554.0,2,2,10,4,0.2813,0
SEG-0181,2025-06-17,10.32,1402.5,1,0.5246,11988.0,0.301,47.4,61.4,194.0,28.2,0,1076.3,3,1,7,2,0.2544,0
SEG-0182,2025-06-17,14.56,1192.3,2,0.2842,19725.0,0.097,35.1,26.7,153.7,35.4,1,939.3,5,1,13,10,0.421,1
SEG-0183,2025-06-17,14.57,1092.5,1,0.2893,18965.0,0.045,40.8,84.3,202.6,30.7,0,3794.6,3,1,10,4,0.3781,1
SEG-0184,2025-06-17,13.62,1281.3,2,0.2984,36105.0,0.101,35.2,29.5,70.0,36.7,0,3764.0,3,3,13,5,0.3504,1
SEG-0185,2025-06-17,9.86,204.2,2,0.5792,33657.0,0.079,27.5,61.4,163.1,32.9,0,1178.4,1,0,11,3,0.2207,0
SEG-0186,2025-06-17,4.39,422.4,2,0.7713,11389.0,0.289,56.3,27.2,67.0,40.0,2,969.1,1,0,4,0,0.1072,0
SEG-0187,2025-06-17,10.5,318.6,2,0.4155,44759.0,0.176,28.1,66.3,153.6,34.9,0,1118.8,3,3,16,8,0.2877,1
SEG-0188,2025-06-17,14.68,831.1,6,0.2317,5988.0,0.368,49.7,118.6,650.0,31.2,2,1183.3,4,2,19,13,0.3948,1
SEG-0189,2025-06-17,10.95,1156.0,4,0.4693,39503.0,0.098,36.9,45.5,220.9,37.9,1,1146.9,1,2,17,7,0.3131,1
SEG-0190,2025-06-17,6.43,1000.5,2,0.6829,5662.0,0.238,48.8,39.3,109.8,34.9,1,1540.9,1,0,4,5,0.1662,0
SEG-0191,2025-06-17,12.16,1299.0,2,0.483,14479.0,0.207,49.4,161.3,454.4,33.1,0,1960.7,4,1,10,5,0.2518,1
SEG-0192,2025-06-17,11.87,359.5,4,0.4522,40572.0,0.169,28.8,103.5,274.4,32.0,1,3277.6,2,3,11,8,0.3103,1
SEG-0193,2025-06-17,12.79,1141.7,2,0.423,8473.0,0.34,42.3,61.0,271.3,30.1,0,1396.4,2,1,15,6,0.355,1
SEG-0194,2025-06-17,3.75,410.6,2,0.7071,19271.0,0.39,44.2,65.8,331.5,39.0,0,278.9,1,1,4,2,0.146,0
SEG-0195,2025-06-17,14.27,515.5,4,0.2779,17743.0,0.369,48.0,120.2,357.0,33.6,1,1698.7,2,3,14,12,0.4146,1
SEG-0196,2025-06-17,3.36,1108.4,2,0.9214,11159.0,0.089,47.6,77.2,342.9,32.9,1,924.3,0,0,2,0,0.0093,0
SEG-0197,2025-06-17,2.27,1473.3,4,0.8576,34698.0,0.101,35.9,22.2,78.7,32.1,0,658.2,1,0,6,1,0.0336,0
SEG-0198,2025-06-17,12.98,975.6,2,0.2953,41295.0,0.256,35.8,31.7,104.6,36.0,0,822.8,2,2,19,7,0.3904,1
SEG-0199,2025-06-17,4.33,223.6,2,0.8078,41303.0,0.121,36.5,26.1,135.8,31.2,0,336.7,0,0,6,2,0.0689,0
SEG-0200,2025-06-17,1.46,982.0,2,0.9012,16303.0,0.267,47.8,61.5,162.3,31.4,0,412.4,0,0,6,2,0.0601,0
SEG-0201,2025-06-17,9.45,207.2,2,0.4361,24100.0,0.26,42.3,131.9,348.9,33.2,0,2626.9,3,2,9,10,0.2454,0
SEG-0202,2025-06-17,7.38,1343.6,2,0.6749,12285.0,0.228,50.6,36.7,119.0,34.5,1,404.2,1,2,9,5,0.1583,0
SEG-0203,2025-06-17,9.17,1107.9,2,0.5874,10136.0,0.317,43.1,25.6,80.0,38.0,0,2077.8,3,2,8,5,0.2113,0
SEG-0204,2025-06-17,3.24,383.7,4,0.7909,8601.0,0.274,52.4,40.5,124.8,38.1,0,437.3,0,1,8,2,0.1153,0
SEG-0205,2025-06-17,6.54,273.8,2,0.6228,40577.0,0.049,32.9,86.6,210.8,30.9,0,1340.4,0,1,17,4,0.2088,1
SEG-0206,2025-06-17,4.38,397.8,2,0.8036,42841.0,0.05,30.3,35.1,131.4,35.0,0,809.8,0,0,4,0,0.0813,0
SEG-0207,2025-06-17,14.41,1473.0,4,0.2721,33205.0,0.28,33.6,194.2,650.0,33.3,1,694.7,4,3,11,12,0.3579,1
SEG-0208,2025-06-17,6.56,769.1,4,0.6085,23366.0,0.211,43.3,64.6,415.1,36.2,1,243.4,1,0,4,1,0.2118,0
SEG-0209,2025-06-17,11.1,1208.5,2,0.3938,22941.0,0.133,47.2,51.6,156.2,31.9,0,2402.4,2,3,9,3,0.3025,1
SEG-0210,2025-06-17,3.19,1009.2,2,0.8753,22030.0,0.174,42.4,61.6,137.2,35.1,0,375.9,1,1,10,2,0.0923,0
SEG-0211,2025-06-17,13.53,922.8,6,0.4184,24629.0,0.277,40.7,26.4,134.2,31.8,0,3770.5,4,1,16,9,0.3421,1
SEG-0212,2025-06-17,2.52,345.9,2,0.8865,21749.0,0.3,41.9,10.2,66.0,29.0,0,649.9,0,1,2,2,0.0083,0
SEG-0213,2025-06-17,6.32,1427.1,4,0.6334,6209.0,0.239,53.2,94.0,334.5,36.7,0,1488.2,1,0,2,5,0.1655,0
SEG-0214,2025-06-17,3.95,556.8,4,0.8395,6132.0,0.185,57.8,59.3,148.7,36.4,0,552.4,1,0,3,4,0.0531,0
SEG-0215,2025-06-17,6.29,930.3,4,0.6391,45803.0,0.132,34.1,103.9,258.0,31.5,0,646.4,1,1,10,4,0.1327,0
SEG-0216,2025-06-17,15.43,1094.7,2,0.2386,22262.0,0.205,50.1,47.0,165.1,38.4,0,648.4,4,3,13,7,0.3801,0
SEG-0217,2025-06-17,15.25,1026.5,2,0.2181,39585.0,0.168,33.7,77.5,203.0,37.2,0,1742.6,5,3,22,10,0.4557,1
SEG-0218,2025-06-17,8.41,1419.8,1,0.6111,9189.0,0.25,48.2,26.6,106.5,35.4,0,2090.9,3,1,9,2,0.2099,1
SEG-0219,2025-06-17,4.94,350.4,2,0.7553,25704.0,0.263,41.5,123.4,361.8,30.0,1,363.4,2,1,6,2,0.0951,0
SEG-0220,2025-06-17,10.5,836.3,6,0.4701,11087.0,0.025,49.2,121.1,277.7,35.7,0,2327.1,1,2,15,6,0.281,1
SEG-0221,2025-06-17,14.92,695.4,2,0.3638,12496.0,0.034,45.7,23.8,114.1,35.2,0,3897.5,4,3,11,6,0.3698,1
SEG-0222,2025-06-17,12.59,790.1,2,0.4532,2499.0,0.102,51.9,56.8,280.4,32.7,1,2874.5,4,2,15,8,0.3188,1
SEG-0223,2025-06-17,8.0,310.9,1,0.6062,6699.0,0.363,42.4,54.9,180.9,35.5,0,2171.9,2,0,5,3,0.1934,1
SEG-0224,2025-06-17,9.87,331.0,6,0.5303,39497.0,0.266,42.6,70.9,167.8,32.5,0,2256.4,1,2,11,5,0.2109,0
SEG-0225,2025-06-17,7.38,525.4,1,0.6323,15926.0,0.071,41.8,115.0,301.9,36.6,0,2070.9,1,0,12,5,0.2152,0
SEG-0226,2025-06-17,11.17,561.4,1,0.3631,28052.0,0.345,40.6,31.4,139.4,36.7,1,1846.2,4,1,16,7,0.2899,1
SEG-0227,2025-06-17,7.65,727.7,2,0.6541,20231.0,0.229,45.3,31.1,82.8,30.6,0,1071.4,2,1,9,5,0.1949,0
SEG-0228,2025-06-17,11.5,974.8,1,0.3824,19758.0,0.189,40.1,30.2,85.2,31.0,1,1386.8,3,1,10,6,0.3472,0
SEG-0229,2025-06-17,15.03,1006.7,2,0.333,22865.0,0.341,43.0,122.0,284.0,32.0,0,3358.2,4,2,16,7,0.3336,1
SEG-0230,2025-06-17,13.23,705.9,2,0.4053,8378.0,0.041,49.6,42.2,125.9,37.6,0,664.6,2,1,7,8,0.3236,1
SEG-0231,2025-06-17,8.22,701.9,2,0.5152,48029.0,0.103,30.6,66.2,189.1,33.8,0,823.2,3,0,13,4,0.2248,0
SEG-0232,2025-06-17,14.9,443.8,1,0.2567,39220.0,0.244,27.0,84.2,263.2,32.2,0,3844.5,4,1,15,8,0.3939,1
SEG-0233,2025-06-17,5.53,944.2,1,0.7144,33681.0,0.118,38.5,52.4,203.2,35.7,0,1469.9,2,0,4,2,0.1709,0
SEG-0234,2025-06-17,5.26,578.0,2,0.6681,19069.0,0.285,45.5,53.8,146.6,34.1,0,1332.5,2,0,6,2,0.148,0
SEG-0235,2025-06-17,4.04,198.7,1,0.8341,7130.0,0.129,51.9,36.9,185.8,35.7,0,602.1,0,0,4,1,0.1415,0
SEG-0236,2025-06-17,14.67,714.8,2,0.27,41703.0,0.063,30.7,63.2,217.7,38.4,0,3203.8,3,3,17,7,0.418,1
SEG-0237,2025-06-17,8.8,790.1,2,0.6101,13680.0,0.074,45.1,64.3,155.2,28.0,0,1867.2,1,2,7,3,0.1778,0
SEG-0238,2025-06-17,13.64,454.6,2,0.3249,3478.0,0.185,52.1,131.1,376.3,36.1,2,1928.4,2,1,8,5,0.3421,0
SEG-0239,2025-06-17,8.92,922.8,2,0.562,14000.0,0.114,41.3,155.3,351.3,36.9,0,510.7,3,0,11,6,0.2387,0
SEG-0240,2025-06-17,12.6,913.8,2,0.4603,33175.0,0.095,36.1,19.7,55.2,35.4,0,1795.9,4,3,13,8,0.2916,1
SEG-0241,2025-06-17,14.21,1097.7,1,0.14,32384.0,0.347,36.8,18.1,73.2,33.1,0,1222.4,2,3,23,11,0.4944,1
SEG-0242,2025-06-17,12.96,1024.7,1,0.3431,34247.0,0.148,39.7,85.4,416.9,35.9,0,2039.9,3,3,14,7,0.3707,1
SEG-0243,2025-06-17,3.93,1030.8,4,0.8111,36758.0,0.161,35.6,34.8,166.8,36.2,0,352.6,0,0,14,4,0.0741,0
SEG-0244,2025-06-17,2.28,576.9,1,0.9316,11533.0,0.02,46.7,6.9,38.2,32.5,0,344.5,0,1,1,1,0.061,0
SEG-0245,2025-06-17,4.4,1213.0,2,0.8231,35574.0,0.192,34.2,113.4,421.3,26.8,3,369.3,2,0,12,2,0.0727,0
SEG-0246,2025-06-17,4.81,891.3,2,0.7505,18830.0,0.146,43.1,80.7,258.8,39.8,2,359.2,0,0,6,4,0.0763,0
SEG-0247,2025-06-17,9.75,732.4,2,0.5007,28210.0,0.234,39.5,21.2,68.3,31.8,0,2663.5,3,1,9,3,0.2799,1
SEG-0248,2025-06-17,10.63,995.1,2,0.4453,980.0,0.106,62.0,2.7,14.8,34.7,0,1789.0,3,3,3,3,0.2643,0
SEG-0249,2025-06-17,2.16,636.9,4,0.7798,42670.0,0.355,40.9,15.6,43.7,34.1,0,517.7,1,0,8,0,0.1616,0
SEG-0250,2025-06-17,5.86,842.2,4,0.6974,14300.0,0.345,51.0,103.7,261.4,36.1,1,1117.7,2,1,4,4,0.1777,0
SEG-0001,2025-07-02,2.9,1030.1,4,0.7748,13659.0,0.059,45.8,272.4,650.0,31.3,0,286.0,0,0,12,5,0.155,0
SEG-0002,2025-07-02,8.44,1321.1,4,0.5683,16765.0,0.2,41.6,36.8,97.7,33.4,0,975.7,2,2,6,8,0.2069,0
SEG-0003,2025-07-02,12.02,762.8,4,0.4066,10105.0,0.095,46.1,62.9,144.6,34.8,0,2524.1,4,3,7,6,0.3316,1
SEG-0004,2025-07-02,8.06,484.6,2,0.5839,20677.0,0.064,47.6,16.4,72.3,30.6,0,691.7,3,1,10,1,0.2108,0
SEG-0005,2025-07-02,5.34,469.5,2,0.7669,30608.0,0.242,37.7,65.3,155.3,33.3,0,1218.9,0,1,9,1,0.1584,0
SEG-0006,2025-07-02,7.64,1157.1,4,0.5487,9702.0,0.223,43.2,57.6,233.2,28.9,0,1922.1,1,0,7,6,0.2625,0
SEG-0007,2025-07-02,5.55,1252.4,2,0.7753,15524.0,0.33,47.4,11.0,47.5,35.9,0,222.2,2,1,2,0,0.0845,0
SEG-0008,2025-07-02,3.37,292.1,4,0.8588,35763.0,0.166,38.7,72.7,245.6,28.9,0,279.0,1,0,6,2,0.0512,0
SEG-0009,2025-07-02,5.1,239.9,2,0.8072,3028.0,0.278,51.6,60.0,369.9,31.1,0,426.3,0,0,1,2,0.0649,0
SEG-0010,2025-07-02,11.27,952.5,1,0.4753,23282.0,0.168,45.2,7.0,31.4,28.8,0,1180.8,4,3,6,5,0.2854,0
SEG-0011,2025-07-02,10.82,347.3,1,0.4573,30944.0,0.293,39.4,55.7,200.6,27.2,0,1754.4,1,3,16,7,0.2991,1
SEG-0012,2025-07-02,10.45,1263.3,4,0.4731,7810.0,0.27,54.5,28.6,186.1,33.4,0,567.7,2,2,11,8,0.2866,0
SEG-0013,2025-07-02,8.74,569.0,1,0.5449,3138.0,0.23,45.8,162.1,441.5,35.5,2,1690.1,3,1,10,4,0.2633,1
SEG-0014,2025-07-02,9.19,344.2,2,0.5505,6714.0,0.351,48.7,20.8,79.6,31.9,0,294.8,1,1,5,3,0.2148,0
SEG-0015,2025-07-02,15.09,1393.3,2,0.2446,36775.0,0.171,32.9,35.7,181.4,32.7,0,1320.3,4,1,14,6,0.4123,0
SEG-0016,2025-07-02,2.52,373.5,2,0.8688,1518.0,0.076,50.2,55.0,199.2,31.7,1,240.1,0,0,2,2,0.0143,0
SEG-0017,2025-07-02,2.19,534.4,2,0.8707,10613.0,0.281,47.8,94.5,287.2,34.9,1,613.4,0,0,4,1,0.0649,0
SEG-0018,2025-07-02,14.33,357.4,4,0.2609,2194.0,0.304,54.5,188.7,546.0,31.3,1,3239.7,3,1,9,7,0.4308,1
SEG-0019,2025-07-02,9.61,305.9,1,0.5038,5785.0,0.041,51.8,77.4,480.0,38.6,0,1650.0,3,0,7,6,0.2307,0
SEG-0020,2025-07-02,10.0,178.5,4,0.4647,24423.0,0.214,44.6,58.9,176.8,35.7,0,2401.7,3,1,18,7,0.2658,1
SEG-0021,2025-07-02,4.56,224.8,4,0.7337,10800.0,0.332,46.2,59.3,168.0,32.1,0,694.2,0,0,5,0,0.12,0
SEG-0022,2025-07-02,5.57,385.8,2,0.6839,28917.0,0.301,39.7,28.6,160.4,30.9,0,530.6,0,1,9,7,0.1574,0
SEG-0023,2025-07-02,4.04,222.1,2,0.7984,23742.0,0.373,42.9,9.2,48.7,32.2,1,399.9,0,1,5,2,0.0887,0
SEG-0024,2025-07-02,6.65,948.0,2,0.6768,40900.0,0.225,26.8,8.1,24.0,31.9,0,616.4,2,1,12,3,0.1293,0
SEG-0025,2025-07-02,2.58,1069.0,1,0.7112,1248.0,0.272,51.4,146.0,412.7,33.6,1,643.9,0,0,1,0,0.111,0
SEG-0026,2025-07-02,4.77,681.4,2,0.7339,34067.0,0.163,34.1,67.7,162.1,30.6,0,657.1,2,0,2,1,0.1342,0
SEG-0027,2025-07-02,4.6,579.3,6,0.7735,30240.0,0.402,31.7,20.5,94.6,32.4,0,1272.2,1,0,7,3,0.1055,0
SEG-0028,2025-07-02,13.77,831.1,6,0.4341,7680.0,0.179,47.3,99.3,230.4,31.5,0,1811.7,3,2,5,6,0.2485,1
SEG-0029,2025-07-02,15.02,1331.3,4,0.288,31789.0,0.301,34.7,50.0,148.9,36.3,0,1151.6,3,2,22,11,0.3657,1
SEG-0030,2025-07-02,9.74,1299.0,2,0.5541,36880.0,0.181,35.1,31.0,114.3,33.9,0,721.4,1,1,7,2,0.2452,0
SEG-0031,2025-07-02,10.0,208.7,2,0.4862,12856.0,0.229,50.2,35.2,120.2,31.0,0,790.0,1,1,8,4,0.2902,0
SEG-0032,2025-07-02,14.88,395.0,4,0.3057,42863.0,0.257,31.0,51.1,167.6,34.9,0,1046.3,3,3,17,8,0.4039,1
SEG-0033,2025-07-02,4.93,469.6,2,0.7689,23441.0,0.188,40.0,195.2,491.8,31.6,0,1076.4,2,0,8,3,0.1272,0
SEG-0034,2025-07-02,12.22,486.7,2,0.308,27891.0,0.339,35.4,8.4,33.3,35.9,0,2201.0,2,2,9,8,0.3465,1
SEG-0035,2025-07-02,2.71,921.2,1,0.8023,46038.0,0.157,39.4,82.0,370.9,37.1,1,304.0,1,0,9,0,0.0744,0
SEG-0036,2025-07-02,14.53,712.0,2,0.2553,18643.0,0.259,42.6,7.2,39.3,29.2,0,3081.9,5,1,11,10,0.3568,1
SEG-0037,2025-07-02,15.14,216.5,2,0.1892,40943.0,0.146,33.2,59.7,245.6,34.1,2,1111.7,4,2,25,11,0.4925,1
SEG-0038,2025-07-02,8.43,654.4,2,0.5323,14803.0,0.217,56.2,115.9,545.6,38.0,0,1837.9,3,0,3,5,0.3069,0
SEG-0039,2025-07-02,6.49,857.1,2,0.6712,34987.0,0.203,30.9,2.7,14.7,35.8,0,1163.4,2,0,8,4,0.1953,0
SEG-0040,2025-07-02,6.73,287.3,4,0.7568,27767.0,0.082,36.7,73.4,462.3,32.2,0,1122.6,0,1,6,0,0.1545,1
SEG-0041,2025-07-02,7.43,1275.2,6,0.6464,11003.0,0.054,45.3,53.1,286.3,31.5,0,1061.5,0,1,8,6,0.2294,0
SEG-0042,2025-07-02,8.2,220.1,2,0.5762,20734.0,0.254,37.5,19.3,97.9,33.7,0,1241.2,3,0,6,3,0.2521,1
SEG-0043,2025-07-02,1.88,1398.5,4,0.8703,14758.0,0.29,46.5,8.6,37.3,33.6,0,442.9,0,0,6,3,0.0945,0
SEG-0044,2025-07-02,3.44,283.8,6,0.7814,4820.0,0.251,55.6,66.7,221.3,32.2,1,226.3,1,0,6,6,0.1124,0
SEG-0045,2025-07-02,8.18,1288.8,1,0.5502,2351.0,0.02,55.1,41.7,259.1,32.4,0,1887.2,3,1,10,8,0.2704,1
SEG-0046,2025-07-02,4.46,1368.6,2,0.7741,15909.0,0.16,53.4,27.3,67.3,33.5,0,292.3,1,0,4,0,0.1461,0
SEG-0047,2025-07-02,7.14,1472.4,2,0.6262,1810.0,0.092,59.4,9.4,43.2,34.5,0,1962.4,2,1,6,3,0.2146,0
SEG-0048,2025-07-02,9.78,1232.7,1,0.5403,7462.0,0.298,50.0,25.9,71.0,32.9,0,1435.4,1,2,5,6,0.1881,0
SEG-0049,2025-07-02,11.34,1202.3,4,0.4686,30689.0,0.347,36.6,74.9,221.8,34.2,2,1789.7,4,3,8,6,0.2776,1
SEG-0050,2025-07-02,15.13,1017.4,2,0.2461,35159.0,0.095,41.3,57.5,202.2,31.9,0,1503.4,4,3,14,8,0.3905,1
SEG-0051,2025-07-02,7.03,1201.6,2,0.6806,31187.0,0.301,38.7,167.7,420.2,33.3,0,733.9,2,1,13,5,0.1642,0
SEG-0052,2025-07-02,14.71,331.6,2,0.2334,14343.0,0.063,48.5,77.9,201.3,30.1,0,1293.1,5,2,12,12,0.3832,1
SEG-0053,2025-07-02,7.54,873.7,2,0.5664,40611.0,0.143,35.4,29.0,79.2,33.4,0,629.8,2,2,8,2,0.2249,0
SEG-0054,2025-07-02,2.65,844.2,4,0.8938,25456.0,0.101,38.2,107.6,302.5,31.1,0,729.6,0,0,5,0,0.0636,0
SEG-0055,2025-07-02,5.21,1307.7,1,0.7216,6324.0,0.121,51.4,65.2,221.6,30.0,1,1011.9,1,0,3,2,0.1676,0
SEG-0056,2025-07-02,5.2,774.8,2,0.7005,8375.0,0.266,53.7,150.7,386.4,30.6,2,616.8,2,0,7,6,0.1175,0
SEG-0057,2025-07-02,10.97,669.9,2,0.4688,35955.0,0.356,39.8,93.9,329.1,30.7,2,491.6,2,2,12,6,0.3119,1
SEG-0058,2025-07-02,5.6,1013.4,2,0.6821,8514.0,0.091,54.8,69.5,193.6,32.8,0,683.7,0,2,6,2,0.144,0
SEG-0059,2025-07-02,9.66,509.7,2,0.5206,19924.0,0.231,47.1,81.0,263.3,31.7,1,255.6,3,1,7,6,0.2591,0
SEG-0060,2025-07-02,4.1,338.7,2,0.7881,45571.0,0.288,28.1,24.6,144.7,33.9,0,882.8,1,0,12,0,0.1297,0
SEG-0061,2025-07-02,13.87,795.1,1,0.3097,1005.0,0.35,53.9,43.9,278.6,32.3,1,465.0,4,1,6,7,0.3706,1
SEG-0062,2025-07-02,8.68,712.8,2,0.6076,1838.0,0.229,50.6,101.2,438.3,35.9,0,259.2,3,0,5,1,0.2238,0
SEG-0063,2025-07-02,15.12,464.0,4,0.2621,49926.0,0.1,24.7,188.1,428.7,34.2,0,1622.5,5,2,19,6,0.3777,1
SEG-0064,2025-07-02,13.95,646.1,2,0.3515,26686.0,0.257,40.9,37.9,104.3,32.7,0,2792.9,3,3,7,5,0.3382,1
SEG-0065,2025-07-02,3.33,644.6,2,0.874,6619.0,0.168,55.8,63.0,366.1,35.2,0,492.0,0,0,3,4,0.1015,0
SEG-0066,2025-07-02,11.25,592.1,2,0.4813,45303.0,0.353,27.0,112.5,354.8,31.5,0,1432.3,3,3,16,5,0.31,1
SEG-0067,2025-07-02,6.49,662.3,4,0.6176,44328.0,0.157,34.8,15.5,61.7,30.7,0,404.2,0,1,18,6,0.2109,0
SEG-0068,2025-07-02,7.97,1075.8,1,0.5598,26350.0,0.3,47.4,46.2,201.1,32.2,0,1651.9,1,2,9,4,0.2818,1
SEG-0069,2025-07-02,15.3,550.8,2,0.2896,24539.0,0.02,48.4,47.9,184.7,26.8,0,2491.2,3,3,16,10,0.3384,1
SEG-0070,2025-07-02,14.14,1431.0,2,0.3638,11475.0,0.169,43.6,127.1,533.6,31.4,1,3711.0,3,1,12,7,0.3318,1
SEG-0071,2025-07-02,7.33,1387.1,2,0.7255,2806.0,0.319,51.4,43.6,145.5,33.2,0,459.2,2,0,5,1,0.1789,0
SEG-0072,2025-07-02,9.92,799.2,4,0.5,29358.0,0.249,39.7,80.6,253.3,26.5,1,476.1,1,1,11,9,0.2691,0
SEG-0073,2025-07-02,11.77,593.3,2,0.4607,13488.0,0.194,51.6,129.8,352.1,31.2,1,1622.8,2,3,7,6,0.274,1
SEG-0074,2025-07-02,2.96,872.8,4,0.795,28508.0,0.352,33.2,265.9,650.0,33.7,2,652.7,0,0,11,5,0.1334,0
SEG-0075,2025-07-02,4.02,1295.6,4,0.7361,43183.0,0.349,28.6,26.7,163.5,34.4,0,606.5,2,0,7,3,0.1471,0
SEG-0076,2025-07-02,15.23,1031.0,2,0.2846,1692.0,0.162,52.0,24.8,111.8,31.8,0,2566.9,4,2,13,8,0.3555,1
SEG-0077,2025-07-02,7.79,1235.9,4,0.5455,23556.0,0.259,41.5,27.9,148.2,30.3,0,579.3,1,1,11,3,0.2651,0
SEG-0078,2025-07-02,5.22,869.2,2,0.7844,12457.0,0.191,49.6,8.6,25.2,32.8,0,446.8,2,0,10,6,0.1052,0
SEG-0079,2025-07-02,14.18,1004.4,4,0.3445,34922.0,0.266,36.7,94.8,285.4,31.8,2,2020.7,3,1,11,6,0.3653,1
SEG-0080,2025-07-02,1.64,539.0,2,0.8476,10443.0,0.179,48.6,97.2,227.2,29.7,0,375.4,0,0,7,5,0.0639,0
SEG-0081,2025-07-02,9.16,1142.1,2,0.5634,24846.0,0.096,41.3,85.2,289.6,32.0,0,1899.4,3,2,13,6,0.2151,0
SEG-0082,2025-07-02,9.77,423.2,2,0.3909,23972.0,0.341,46.6,85.9,238.5,30.5,1,531.3,3,1,7,7,0.2973,0
SEG-0083,2025-07-02,14.29,1088.0,1,0.3602,18342.0,0.384,41.8,110.4,343.6,32.5,0,601.0,3,1,15,10,0.3847,1
SEG-0084,2025-07-02,4.96,1312.0,2,0.6546,32785.0,0.352,36.8,44.0,146.5,36.3,0,1000.0,1,0,12,7,0.2408,0
SEG-0085,2025-07-02,1.61,328.3,4,0.9235,31844.0,0.389,36.5,80.5,451.0,32.3,1,460.1,0,0,4,2,0.0457,0
SEG-0086,2025-07-02,2.0,979.4,2,0.9046,29266.0,0.283,36.8,16.6,78.0,32.5,0,404.0,1,0,7,2,0.0604,0
SEG-0087,2025-07-02,10.14,278.4,2,0.456,39143.0,0.288,27.5,27.5,100.1,33.9,0,283.6,2,0,10,5,0.2755,0
SEG-0088,2025-07-02,14.38,1129.7,2,0.2755,47734.0,0.301,25.2,77.5,327.7,27.3,1,3398.1,2,3,25,11,0.3829,1
SEG-0089,2025-07-02,9.43,264.1,2,0.4647,18658.0,0.204,49.9,27.0,107.4,30.6,0,2508.8,3,2,16,5,0.2979,1
SEG-0090,2025-07-02,13.68,1413.5,1,0.3141,23028.0,0.182,39.1,32.8,121.3,32.2,1,277.9,3,2,18,8,0.3682,0
SEG-0091,2025-07-02,2.05,335.5,4,0.8766,1601.0,0.149,58.5,93.6,218.8,33.1,0,544.7,0,0,0,0,0.0143,0
SEG-0092,2025-07-02,3.86,1444.5,2,0.8761,40855.0,0.229,33.0,22.7,84.4,28.0,0,581.8,0,1,4,1,0.0476,0
SEG-0093,2025-07-02,4.84,1231.2,2,0.7737,25845.0,0.147,44.3,28.3,115.3,32.4,0,259.5,2,0,7,4,0.077,0
SEG-0094,2025-07-02,9.56,951.5,2,0.5709,19673.0,0.142,48.2,86.5,194.8,32.6,0,1065.5,1,1,6,5,0.2181,0
SEG-0095,2025-07-02,10.18,1206.5,1,0.5772,5746.0,0.238,55.3,57.0,221.4,31.1,0,891.9,1,1,4,5,0.2074,0
SEG-0096,2025-07-02,14.8,1223.4,2,0.2567,37503.0,0.217,37.1,56.0,248.2,33.6,3,1670.9,4,1,14,9,0.4228,1
SEG-0097,2025-07-02,5.21,1427.1,4,0.6943,21118.0,0.099,37.5,69.7,170.3,27.7,0,1016.5,2,0,6,1,0.1361,0
SEG-0098,2025-07-02,3.48,492.1,2,0.8228,33375.0,0.342,36.8,36.1,146.2,30.6,0,540.1,0,0,6,2,0.0487,0
SEG-0099,2025-07-02,8.74,946.6,6,0.6021,6837.0,0.349,48.7,28.3,106.9,34.6,0,2046.4,3,2,4,6,0.1883,1
SEG-0100,2025-07-02,12.37,278.3,2,0.4063,37338.0,0.136,33.5,180.8,409.6,32.5,0,450.4,4,1,12,6,0.3088,0
SEG-0101,2025-07-02,7.3,981.8,2,0.6201,8330.0,0.046,54.6,58.3,182.0,30.9,0,996.6,0,0,3,2,0.2039,0
SEG-0102,2025-07-02,7.25,381.2,4,0.57,9303.0,0.137,46.2,39.3,145.9,36.4,0,1572.8,2,1,2,2,0.1737,0
SEG-0103,2025-07-02,10.6,912.7,4,0.4802,44542.0,0.333,28.3,26.7,163.4,30.5,0,1906.8,2,1,22,7,0.2313,1
SEG-0104,2025-07-02,10.63,922.8,4,0.4114,44110.0,0.35,31.2,23.3,115.3,31.9,0,2370.1,1,3,18,9,0.3085,1
SEG-0105,2025-07-02,15.12,779.1,6,0.2952,10687.0,0.079,43.7,165.8,388.3,33.1,3,3449.3,5,2,8,7,0.3529,1
SEG-0106,2025-07-02,14.74,855.6,4,0.2934,21884.0,0.32,47.0,50.5,168.7,34.0,0,3457.9,5,2,12,10,0.3396,1
SEG-0107,2025-07-02,8.49,1181.3,4,0.4328,31506.0,0.099,34.4,19.9,83.4,28.8,1,1072.7,1,1,12,5,0.2996,1
SEG-0108,2025-07-02,6.23,1229.0,1,0.6104,34935.0,0.142,26.5,78.3,194.8,34.0,1,264.0,1,1,20,4,0.192,0
SEG-0109,2025-07-02,8.79,814.4,4,0.5317,17647.0,0.378,47.1,90.9,315.4,34.2,1,973.0,2,2,3,4,0.1922,0
SEG-0110,2025-07-02,2.87,959.5,2,0.7492,23707.0,0.112,40.5,107.6,260.8,38.6,0,738.2,1,0,4,0,0.1408,0
SEG-0111,2025-07-02,6.41,1407.2,2,0.5972,34038.0,0.124,40.3,39.7,140.3,31.6,1,1184.5,0,0,9,0,0.2566,0
SEG-0112,2025-07-02,6.84,311.6,2,0.6503,38095.0,0.166,33.5,37.4,186.0,33.4,0,1614.3,0,2,8,6,0.1541,0
SEG-0113,2025-07-02,12.03,308.1,6,0.3428,31712.0,0.254,34.5,106.0,275.8,32.3,1,3287.9,4,3,11,6,0.3672,1
SEG-0114,2025-07-02,7.52,268.4,6,0.5973,27951.0,0.33,41.8,88.9,241.8,41.5,1,1261.6,3,0,13,1,0.2263,0
SEG-0115,2025-07-02,14.23,1038.1,2,0.3909,5225.0,0.339,53.5,52.0,130.8,32.3,0,3274.9,4,2,12,7,0.3807,1
SEG-0116,2025-07-02,5.46,715.1,4,0.662,42840.0,0.033,37.9,96.6,293.0,34.9,0,361.7,2,0,9,0,0.2015,0
SEG-0117,2025-07-02,6.05,1195.3,4,0.6813,42897.0,0.089,31.7,81.0,259.8,31.2,0,1542.2,2,0,3,1,0.1698,0
SEG-0118,2025-07-02,12.62,1056.2,2,0.4002,31849.0,0.318,34.5,39.7,133.7,31.0,0,3298.8,2,3,13,4,0.3297,1
SEG-0119,2025-07-02,8.73,600.4,1,0.5245,5482.0,0.146,49.9,73.4,419.3,33.1,1,2437.7,2,0,9,8,0.3169,1
SEG-0120,2025-07-02,3.34,1362.8,1,0.802,11457.0,0.317,51.7,38.6,140.2,29.7,0,312.0,0,1,7,2,0.1285,0
SEG-0121,2025-07-02,9.51,1179.4,4,0.5426,37185.0,0.27,29.2,60.2,182.9,29.7,0,596.3,1,1,13,6,0.2783,0
SEG-0122,2025-07-02,6.86,515.2,2,0.6264,2198.0,0.06,50.5,83.7,207.8,31.7,0,999.8,1,1,8,5,0.1829,1
SEG-0123,2025-07-02,11.09,641.7,6,0.4701,40900.0,0.314,35.8,111.3,259.8,35.1,1,1449.6,3,1,12,6,0.2746,1
SEG-0124,2025-07-02,3.91,574.5,2,0.8123,19187.0,0.065,38.6,42.5,187.4,32.7,0,505.9,0,0,6,2,0.0982,0
SEG-0125,2025-07-02,9.12,362.8,6,0.4965,37300.0,0.16,31.8,32.7,116.8,32.9,1,1787.4,2,1,14,5,0.2583,1
SEG-0126,2025-07-02,15.09,349.5,2,0.2603,42736.0,0.245,28.9,20.7,58.6,35.8,0,788.4,5,2,19,11,0.38,1
SEG-0127,2025-07-02,5.82,1413.8,4,0.7087,15722.0,0.203,42.2,39.6,140.9,32.1,0,602.6,2,1,7,4,0.1593,0
SEG-0128,2025-07-02,5.94,741.2,1,0.7155,12856.0,0.238,48.9,86.0,205.4,30.8,0,236.0,0,1,4,0,0.1455,0
SEG-0129,2025-07-02,5.57,667.5,2,0.6856,28950.0,0.276,50.3,62.0,338.2,28.4,0,1453.1,0,0,11,6,0.2199,1
SEG-0130,2025-07-02,5.2,1135.1,4,0.7131,25012.0,0.382,48.5,86.1,522.6,31.1,0,1083.8,1,0,6,3,0.1028,1
SEG-0131,2025-07-02,3.26,896.5,4,0.837,18469.0,0.379,37.9,64.0,423.8,34.2,0,946.1,0,0,3,1,0.1024,0
SEG-0132,2025-07-02,13.86,1413.8,4,0.4216,25273.0,0.19,43.0,46.3,206.6,36.8,0,3603.4,4,2,14,8,0.312,1
SEG-0133,2025-07-02,3.56,1203.4,1,0.7884,43840.0,0.074,35.6,54.9,219.2,34.3,0,631.3,0,0,12,3,0.1418,1
SEG-0134,2025-07-02,9.36,797.1,2,0.4992,19891.0,0.27,40.9,24.6,64.0,31.6,0,2328.0,1,0,7,7,0.282,0
SEG-0135,2025-07-02,14.29,658.1,1,0.3385,10366.0,0.372,46.8,42.4,143.4,33.1,0,2896.5,2,1,11,8,0.2823,1
SEG-0136,2025-07-02,3.93,1482.0,1,0.697,18495.0,0.166,39.5,18.7,80.9,36.1,0,515.3,0,0,6,1,0.1985,0
SEG-0137,2025-07-02,3.0,1119.0,2,0.7957,16473.0,0.245,44.8,26.8,177.4,34.1,0,710.8,0,0,7,1,0.1231,0
SEG-0138,2025-07-02,15.13,1434.1,4,0.4225,7144.0,0.177,43.4,78.2,384.6,29.5,0,285.9,5,2,9,9,0.2835,1
SEG-0139,2025-07-02,4.51,309.9,4,0.857,7814.0,0.043,54.3,42.3,280.3,27.9,1,1057.9,0,0,6,4,0.0453,0
SEG-0140,2025-07-02,5.98,1298.2,4,0.7442,26909.0,0.307,34.5,102.6,434.2,31.3,2,587.2,2,2,3,2,0.1164,0
SEG-0141,2025-07-02,14.0,1010.0,4,0.3015,17935.0,0.162,50.7,70.3,366.7,29.9,0,2157.2,3,3,11,7,0.3563,1
SEG-0142,2025-07-02,12.01,314.6,4,0.4652,42504.0,0.308,41.6,52.2,218.0,29.6,0,1722.4,4,2,22,9,0.2615,0
SEG-0143,2025-07-02,10.18,944.1,1,0.4063,12904.0,0.313,41.6,81.5,439.0,35.9,1,1317.4,3,0,12,5,0.3324,0
SEG-0144,2025-07-02,11.79,1076.2,2,0.5288,5616.0,0.316,52.3,29.2,191.5,28.5,0,683.7,4,3,5,3,0.2587,1
SEG-0145,2025-07-02,13.47,166.6,2,0.3434,36062.0,0.153,32.5,29.5,194.3,31.5,0,1399.9,2,3,7,6,0.3372,0
SEG-0146,2025-07-02,9.13,763.3,4,0.538,37281.0,0.164,37.4,67.5,294.5,31.2,0,2570.0,3,0,5,2,0.2405,1
SEG-0147,2025-07-02,12.44,1264.3,1,0.4057,11942.0,0.284,46.4,65.4,221.8,32.3,1,1632.0,2,2,6,4,0.3353,0
SEG-0148,2025-07-02,3.8,548.7,2,0.7353,8878.0,0.299,45.3,70.3,351.0,33.6,0,637.9,0,0,6,5,0.1292,0
SEG-0149,2025-07-02,12.18,769.0,2,0.4117,9091.0,0.209,48.7,97.5,281.8,32.6,0,893.2,3,2,14,10,0.3222,1
SEG-0150,2025-07-02,13.95,747.1,1,0.3304,24976.0,0.357,45.4,97.8,483.6,31.6,1,3802.1,2,1,13,10,0.315,1
SEG-0151,2025-07-02,7.79,557.6,2,0.5964,19561.0,0.114,41.5,59.7,150.1,32.8,0,937.9,2,1,5,2,0.2232,0
SEG-0152,2025-07-02,13.83,1389.9,4,0.3753,13468.0,0.352,41.3,41.1,103.6,32.2,0,2072.9,3,2,15,6,0.3104,0
SEG-0153,2025-07-02,14.96,1204.7,2,0.2888,2754.0,0.064,59.5,189.6,430.6,33.6,2,4092.1,5,1,4,5,0.392,1
SEG-0154,2025-07-02,12.39,299.3,2,0.4272,20699.0,0.128,47.5,118.3,313.2,35.2,2,601.7,3,1,12,8,0.3256,0
SEG-0155,2025-07-02,2.06,1496.0,4,0.9324,48819.0,0.219,25.3,143.5,337.1,28.7,1,447.4,1,0,11,2,0.0361,0
SEG-0156,2025-07-02,12.23,1336.9,2,0.3751,28843.0,0.083,41.7,63.3,228.7,33.5,0,1177.7,2,3,10,4,0.3984,1
SEG-0157,2025-07-02,8.42,533.3,4,0.6635,24088.0,0.057,40.5,20.3,102.8,31.8,0,1974.5,2,0,8,4,0.1779,0
SEG-0158,2025-07-02,4.37,1279.8,2,0.7532,5825.0,0.043,51.1,30.2,92.8,34.9,0,594.1,0,0,5,2,0.1289,0
SEG-0159,2025-07-02,4.47,293.7,2,0.6911,13853.0,0.143,51.8,31.2,167.0,34.7,0,772.9,0,1,5,0,0.1291,0
SEG-0160,2025-07-02,12.17,1498.8,2,0.3506,12967.0,0.311,44.4,63.6,243.0,32.0,0,3331.5,4,1,7,8,0.3853,1
SEG-0161,2025-07-02,3.63,1048.7,2,0.8212,35972.0,0.02,30.6,43.4,129.3,30.6,0,699.8,0,0,10,2,0.0802,0
SEG-0162,2025-07-02,5.66,1027.7,4,0.7218,43873.0,0.265,27.8,30.9,78.6,33.7,0,1144.7,0,1,6,2,0.0994,0
SEG-0163,2025-07-02,7.79,272.1,2,0.6337,42719.0,0.335,29.4,116.4,562.8,35.8,0,1137.0,1,2,7,5,0.2277,1
SEG-0164,2025-07-02,10.08,1361.0,1,0.5105,39166.0,0.137,27.8,70.7,253.3,29.8,1,1956.8,2,2,12,7,0.2549,1
SEG-0165,2025-07-02,5.41,189.1,2,0.7003,49267.0,0.115,31.8,96.4,439.0,31.0,1,1089.6,1,1,7,1,0.1637,0
SEG-0166,2025-07-02,2.31,475.1,4,0.8617,41300.0,0.332,33.2,29.0,161.5,34.2,0,549.5,1,1,9,4,0.0837,0
SEG-0167,2025-07-02,1.77,343.1,4,0.8975,4674.0,0.325,49.6,30.6,81.9,32.1,0,334.5,0,1,3,2,0.0748,0
SEG-0168,2025-07-02,4.02,1198.6,6,0.7465,7279.0,0.243,41.0,157.8,432.9,32.6,0,847.5,2,0,2,3,0.0937,0
SEG-0169,2025-07-02,4.12,417.6,2,0.8435,14978.0,0.308,47.2,65.3,160.4,33.1,0,677.5,1,0,6,3,0.0828,0
SEG-0170,2025-07-02,8.6,1379.4,2,0.4844,21803.0,0.068,40.2,50.6,180.1,37.1,1,1416.8,1,2,11,5,0.2047,1
SEG-0171,2025-07-02,14.36,1036.0,1,0.4078,5070.0,0.186,47.1,13.7,60.1,27.4,0,2608.8,4,3,9,7,0.2784,1
SEG-0172,2025-07-02,5.06,198.8,2,0.769,43291.0,0.266,38.1,110.2,445.8,30.6,0,653.7,2,1,7,1,0.0973,0
SEG-0173,2025-07-02,9.85,157.3,6,0.5146,29885.0,0.138,42.1,30.3,151.0,32.8,1,372.7,1,1,14,8,0.2853,1
SEG-0174,2025-07-02,13.25,219.7,4,0.3456,21279.0,0.274,45.9,78.7,269.2,32.4,2,2577.0,3,1,11,9,0.3235,1
SEG-0175,2025-07-02,10.55,968.0,2,0.4129,9142.0,0.2,45.5,52.9,198.3,31.3,0,435.1,1,1,8,7,0.3475,1
SEG-0176,2025-07-02,15.44,1232.0,2,0.183,11342.0,0.269,45.2,32.0,115.0,33.0,0,3156.3,5,3,9,6,0.4227,1
SEG-0177,2025-07-02,7.25,472.0,4,0.6749,9103.0,0.188,50.9,29.7,114.9,33.7,0,244.1,1,0,3,3,0.2254,0
SEG-0178,2025-07-02,5.75,1296.7,2,0.7133,44143.0,0.153,25.7,116.7,499.8,31.1,0,694.6,0,2,9,0,0.1919,0
SEG-0179,2025-07-02,14.6,227.3,1,0.4176,30565.0,0.099,38.6,55.3,340.8,30.1,1,2809.5,3,2,13,10,0.3377,1
SEG-0180,2025-07-02,9.53,1231.3,2,0.498,30524.0,0.143,38.7,113.6,277.2,37.4,1,1569.0,2,2,10,6,0.26,1
SEG-0181,2025-07-02,10.36,1402.5,1,0.5467,13160.0,0.279,47.5,12.3,79.2,32.2,0,1091.3,3,1,9,2,0.2289,0
SEG-0182,2025-07-02,14.6,1192.3,2,0.2771,15725.0,0.071,49.0,51.9,172.7,36.7,0,954.3,5,1,12,9,0.4176,1
SEG-0183,2025-07-02,14.61,1092.5,1,0.3141,19735.0,0.071,45.7,25.2,64.8,28.6,0,3809.6,3,1,9,6,0.3567,1
SEG-0184,2025-07-02,13.66,1281.3,2,0.3014,30721.0,0.1,39.9,233.4,531.1,33.8,1,3779.0,3,3,16,6,0.3571,1
SEG-0185,2025-07-02,9.9,204.2,2,0.5396,35327.0,0.132,31.1,63.8,182.9,32.2,0,1193.4,1,0,8,1,0.23,0
SEG-0186,2025-07-02,4.43,422.4,2,0.7601,9510.0,0.316,56.3,34.3,223.1,32.8,1,984.1,1,0,5,3,0.1031,0
SEG-0187,2025-07-02,10.54,318.6,2,0.4182,45413.0,0.186,27.2,9.1,42.9,35.2,0,1133.8,3,3,15,8,0.2695,1
SEG-0188,2025-07-02,14.72,831.1,6,0.1925,5799.0,0.381,50.3,87.2,369.9,31.6,0,1198.3,4,2,14,10,0.4345,1
SEG-0189,2025-07-02,10.99,1156.0,4,0.439,42143.0,0.052,26.3,92.7,259.6,33.7,2,1161.9,1,2,12,5,0.3377,1
SEG-0190,2025-07-02,6.48,1000.5,2,0.6834,4990.0,0.258,61.3,42.1,99.4,32.6,1,1555.9,1,0,8,5,0.1612,0
SEG-0191,2025-07-02,12.2,1299.0,2,0.4666,13815.0,0.174,46.5,146.5,549.4,29.2,0,1975.7,4,1,3,8,0.2839,1
SEG-0192,2025-07-02,11.91,359.5,4,0.448,41796.0,0.192,33.1,92.7,338.6,36.0,2,3292.6,2,3,18,6,0.3162,1
SEG-0193,2025-07-02,12.83,1141.7,2,0.3644,10208.0,0.351,52.2,62.4,328.8,32.9,0,1411.4,2,1,7,7,0.3623,1
SEG-0194,2025-07-02,3.79,410.6,2,0.6981,19013.0,0.377,41.6,38.3,109.5,31.3,0,293.9,1,1,2,1,0.1459,0
SEG-0195,2025-07-02,14.32,515.5,4,0.2403,23409.0,0.303,42.8,83.5,217.4,29.5,0,1713.7,2,3,16,11,0.4019,1
SEG-0196,2025-07-02,3.4,1108.4,2,0.8994,13141.0,0.1,45.0,41.8,109.1,35.1,0,939.3,0,0,3,1,0.0281,0
SEG-0197,2025-07-02,2.31,1473.3,4,0.8364,33290.0,0.112,33.1,115.2,353.3,34.4,2,673.2,1,0,5,1,0.063,0
SEG-0198,2025-07-02,13.02,975.6,2,0.27,35005.0,0.266,36.2,6.0,23.8,27.7,0,837.8,2,2,12,9,0.3894,1
SEG-0199,2025-07-02,4.37,223.6,2,0.8144,43465.0,0.157,34.5,16.0,86.9,33.3,0,351.7,0,0,7,2,0.0392,0
SEG-0200,2025-07-02,1.5,982.0,2,0.8661,14780.0,0.275,44.6,16.4,92.7,32.3,1,427.4,0,0,3,2,0.0677,0
SEG-0201,2025-07-02,9.49,207.2,2,0.4349,27439.0,0.235,49.9,68.6,157.7,36.0,0,2641.9,3,2,17,9,0.2646,1
SEG-0202,2025-07-02,7.42,1343.6,2,0.6472,10968.0,0.244,43.6,21.7,74.9,33.7,0,419.2,1,2,9,6,0.2054,0
SEG-0203,2025-07-02,9.21,1107.9,2,0.6086,12544.0,0.286,48.1,53.8,148.6,36.0,0,2092.8,3,2,4,3,0.194,0
SEG-0204,2025-07-02,3.28,383.7,4,0.8099,8623.0,0.296,51.4,9.7,57.0,30.2,0,452.3,0,1,5,2,0.0642,0
SEG-0205,2025-07-02,6.58,273.8,2,0.6689,47664.0,0.035,21.7,19.5,45.6,30.1,0,1355.4,0,1,11,4,0.1774,0
SEG-0206,2025-07-02,4.42,397.8,2,0.7987,34283.0,0.059,34.7,33.2,123.6,33.3,0,824.8,0,0,8,0,0.1177,0
SEG-0207,2025-07-02,14.45,1473.0,4,0.2368,35150.0,0.233,32.2,61.4,194.8,30.0,1,709.7,4,3,20,11,0.344,1
SEG-0208,2025-07-02,6.6,769.1,4,0.6135,21592.0,0.205,42.7,107.1,287.1,34.2,1,258.4,1,0,9,4,0.2431,0
SEG-0209,2025-07-02,11.14,1208.5,2,0.4312,25480.0,0.142,30.0,23.2,116.6,36.8,0,2417.4,2,3,7,5,0.3147,0
SEG-0210,2025-07-02,3.23,1009.2,2,0.8501,23156.0,0.183,38.5,51.1,190.0,28.0,0,390.9,1,1,1,2,0.06,0
SEG-0211,2025-07-02,13.57,922.8,6,0.4168,27290.0,0.264,43.0,22.9,83.3,36.4,0,3785.5,4,1,9,8,0.3278,1
SEG-0212,2025-07-02,2.56,345.9,2,0.8501,20941.0,0.312,45.5,79.9,180.2,30.9,0,664.9,0,1,4,0,0.0121,0
SEG-0213,2025-07-02,6.36,1427.1,4,0.657,6968.0,0.238,58.4,18.0,47.3,32.4,0,1503.2,1,0,7,5,0.1712,0
SEG-0214,2025-07-02,3.99,556.8,4,0.8335,6095.0,0.203,48.3,14.5,68.2,31.3,0,567.4,1,0,2,1,0.0779,0
SEG-0215,2025-07-02,6.33,930.3,4,0.6449,43825.0,0.133,30.2,92.2,288.7,32.9,1,661.4,1,1,12,5,0.1718,1
SEG-0216,2025-07-02,15.47,1094.7,2,0.1867,19926.0,0.174,46.7,20.6,74.6,29.7,0,663.4,4,3,14,5,0.397,1
SEG-0217,2025-07-02,15.29,1026.5,2,0.2133,38657.0,0.165,37.6,167.7,459.0,30.7,0,1757.6,5,3,15,7,0.4319,1
SEG-0218,2025-07-02,8.45,1419.8,1,0.6308,8674.0,0.21,48.8,81.0,249.9,30.2,1,2105.9,3,1,8,2,0.2448,0
SEG-0219,2025-07-02,4.98,350.4,2,0.7498,26693.0,0.255,44.8,66.3,221.3,35.5,1,378.4,2,1,8,4,0.0851,0
SEG-0220,2025-07-02,10.54,836.3,6,0.4763,8652.0,0.072,47.9,24.5,144.8,31.2,0,2342.1,1,2,7,8,0.2508,1
SEG-0221,2025-07-02,14.96,695.4,2,0.4048,12590.0,0.075,50.6,35.2,105.3,31.5,0,3912.5,4,3,8,5,0.3936,1
SEG-0222,2025-07-02,12.63,790.1,2,0.4345,2242.0,0.098,47.2,152.0,397.4,30.6,1,2889.5,4,2,6,7,0.3342,1
SEG-0223,2025-07-02,8.04,310.9,1,0.5983,5394.0,0.353,47.0,201.9,472.4,27.8,1,2186.9,2,0,1,2,0.2169,1
SEG-0224,2025-07-02,9.91,331.0,6,0.5305,44483.0,0.272,28.9,4.0,9.7,31.8,1,2271.4,1,2,8,2,0.2401,0
SEG-0225,2025-07-02,7.42,525.4,1,0.6764,15387.0,0.102,42.1,31.5,105.1,32.9,0,2085.9,1,0,7,4,0.1737,0
SEG-0226,2025-07-02,11.22,561.4,1,0.3525,29236.0,0.348,38.8,36.9,82.7,31.3,0,1861.2,4,1,7,4,0.3119,0
SEG-0227,2025-07-02,7.69,727.7,2,0.6149,23102.0,0.199,40.8,144.8,382.1,31.2,0,1086.4,2,1,6,4,0.1886,0
SEG-0228,2025-07-02,11.54,974.8,1,0.3922,17250.0,0.229,37.0,16.9,106.7,31.9,0,1401.8,3,1,12,6,0.3033,1
SEG-0229,2025-07-02,15.07,1006.7,2,0.3143,22579.0,0.325,42.4,91.5,287.5,35.9,0,3373.2,4,2,12,5,0.3407,1
SEG-0230,2025-07-02,13.27,705.9,2,0.3466,10464.0,0.057,47.8,121.5,293.0,32.4,1,679.6,2,1,15,9,0.3244,1
SEG-0231,2025-07-02,8.26,701.9,2,0.5453,45696.0,0.096,25.6,50.6,172.4,33.1,0,838.2,3,0,15,4,0.2391,0
SEG-0232,2025-07-02,14.94,443.8,1,0.2721,34968.0,0.237,35.3,29.6,80.0,31.2,1,3859.5,4,1,8,8,0.4047,1
SEG-0233,2025-07-02,5.57,944.2,1,0.6779,29484.0,0.109,34.1,35.3,211.6,32.5,0,1484.9,2,0,9,0,0.1597,0
SEG-0234,2025-07-02,5.3,578.0,2,0.6905,21746.0,0.301,38.9,76.8,245.5,34.9,1,1347.5,2,0,4,2,0.1362,0
SEG-0235,2025-07-02,4.08,198.7,1,0.7947,7292.0,0.158,44.9,73.6,229.7,34.2,1,617.1,0,0,5,1,0.1262,0
SEG-0236,2025-07-02,14.71,714.8,2,0.2275,36941.0,0.057,35.8,94.2,364.5,29.0,1,3218.8,3,3,18,9,0.4295,1
SEG-0237,2025-07-02,8.84,790.1,2,0.6326,14773.0,0.148,36.5,21.8,56.7,33.7,0,1882.2,1,2,5,2,0.1711,0
SEG-0238,2025-07-02,13.68,454.6,2,0.3182,3469.0,0.171,47.9,93.2,306.3,33.9,1,1943.4,2,1,6,6,0.3502,1
SEG-0239,2025-07-02,8.96,922.8,2,0.58,14616.0,0.078,49.3,14.2,41.6,29.3,1,525.7,3,0,7,3,0.2067,0
SEG-0240,2025-07-02,12.64,913.8,2,0.4279,30615.0,0.07,43.7,54.1,263.7,30.2,0,1810.9,4,3,19,7,0.3402,0
SEG-0241,2025-07-02,14.25,1097.7,1,0.174,25356.0,0.352,32.7,44.2,156.5,34.0,0,1237.4,2,3,23,10,0.483,1
SEG-0242,2025-07-02,13.0,1024.7,1,0.3642,33836.0,0.143,37.0,30.2,167.6,34.3,0,2054.9,3,3,12,6,0.3246,1
SEG-0243,2025-07-02,3.97,1030.8,4,0.7889,31777.0,0.157,34.7,9.9,58.7,36.5,0,367.6,0,0,6,4,0.0622,0
SEG-0244,2025-07-02,2.33,576.9,1,0.9091,11609.0,0.062,54.9,74.7,210.0,34.1,0,359.5,0,1,5,0,0.1053,0
SEG-0245,2025-07-02,4.44,1213.0,2,0.8015,38278.0,0.17,24.7,102.0,613.2,31.6,0,384.3,2,0,8,2,0.0869,0
SEG-0246,2025-07-02,4.85,891.3,2,0.7321,18453.0,0.151,46.0,86.8,361.2,34.1,0,374.2,0,0,1,1,0.0985,0
SEG-0247,2025-07-02,9.8,732.4,2,0.523,25920.0,0.252,42.5,133.0,323.8,32.8,1,2678.5,3,1,11,3,0.3101,1
SEG-0248,2025-07-02,10.67,995.1,2,0.432,1023.0,0.104,55.0,32.0,73.2,32.5,0,1804.0,3,3,7,4,0.2877,0
SEG-0249,2025-07-02,2.2,636.9,4,0.751,39492.0,0.367,30.9,44.0,113.9,32.6,0,532.7,1,0,8,0,0.1553,0
SEG-0250,2025-07-02,5.9,842.2,4,0.6996,14235.0,0.376,49.7,87.3,201.0,31.5,0,1132.7,2,1,4,6,0.1436,0
SEG-0001,2025-07-17,2.94,1030.1,4,0.7876,11000.0,0.032,47.3,134.3,358.9,30.9,0,301.0,0,0,6,2,0.1477,0
SEG-0002,2025-07-17,8.48,1321.1,4,0.5074,15711.0,0.169,49.4,40.9,133.6,30.7,0,990.7,2,2,8,8,0.1842,0
SEG-0003,2025-07-17,12.06,762.8,4,0.3931,10447.0,0.091,51.5,34.5,132.6,31.5,0,2539.1,4,3,7,6,0.3325,1
SEG-0004,2025-07-17,8.1,484.6,2,0.5735,22439.0,0.098,37.1,63.2,319.1,28.2,2,706.7,3,1,8,3,0.2164,1
SEG-0005,2025-07-17,5.38,469.5,2,0.7883,34216.0,0.23,38.8,40.6,127.2,29.6,0,1233.9,0,1,4,2,0.1426,0
SEG-0006,2025-07-17,7.69,1157.1,4,0.5373,10887.0,0.19,43.3,71.8,224.6,33.1,0,1937.1,1,0,13,6,0.2561,0
SEG-0007,2025-07-17,5.59,1252.4,2,0.7686,13788.0,0.382,46.8,110.2,447.4,30.1,1,237.2,2,1,2,2,0.1009,0
SEG-0008,2025-07-17,3.41,292.1,4,0.8389,39834.0,0.151,29.3,37.8,155.5,33.1,0,294.0,1,0,4,2,0.028,0
SEG-0009,2025-07-17,5.14,239.9,2,0.8178,2696.0,0.269,54.9,48.1,232.7,33.7,0,441.3,0,0,1,3,0.0701,0
SEG-0010,2025-07-17,11.31,952.5,1,0.4613,21685.0,0.193,40.4,62.5,232.6,32.1,1,1195.8,4,3,12,7,0.3224,0
SEG-0011,2025-07-17,10.86,347.3,1,0.442,29351.0,0.253,42.0,199.7,592.7,28.1,1,1769.4,1,3,11,6,0.2824,1
SEG-0012,2025-07-17,10.49,1263.3,4,0.4543,7252.0,0.243,42.5,113.6,427.5,31.8,1,582.7,2,2,14,6,0.2467,1
SEG-0013,2025-07-17,8.79,569.0,1,0.5091,2953.0,0.203,55.2,68.2,226.5,33.2,1,1705.1,3,1,6,6,0.2445,0
SEG-0014,2025-07-17,9.23,344.2,2,0.5416,8125.0,0.376,46.4,57.3,297.5,29.8,0,309.8,1,1,8,2,0.2194,0
SEG-0015,2025-07-17,15.13,1393.3,2,0.2241,36779.0,0.147,33.0,17.9,53.6,28.0,0,1335.3,4,1,13,7,0.4091,0
SEG-0016,2025-07-17,2.56,373.5,2,0.8603,1598.0,0.096,54.7,175.1,395.9,31.0,0,255.1,0,0,5,2,0.0605,0
SEG-0017,2025-07-17,2.23,534.4,2,0.8855,8145.0,0.277,51.2,65.6,199.4,33.0,0,628.4,0,0,2,4,0.0766,0
SEG-0018,2025-07-17,14.37,357.4,4,0.2226,2260.0,0.336,55.8,35.4,175.9,29.5,0,3254.7,3,1,7,8,0.4043,1
SEG-0019,2025-07-17,9.65,305.9,1,0.521,5898.0,0.05,56.8,80.7,264.5,30.4,0,1665.0,3,0,2,4,0.2386,0
SEG-0020,2025-07-17,10.05,178.5,4,0.4321,30910.0,0.203,36.8,32.8,182.6,34.1,0,2416.7,3,1,14,6,0.2842,1
SEG-0021,2025-07-17,4.6,224.8,4,0.7186,10682.0,0.332,46.5,35.6,128.0,29.4,0,709.2,0,0,4,0,0.1348,0
SEG-0022,2025-07-17,5.61,385.8,2,0.677,27365.0,0.298,37.1,39.3,196.7,28.6,0,545.6,0,1,7,5,0.1442,1
SEG-0023,2025-07-17,4.08,222.1,2,0.7813,28376.0,0.391,37.2,57.3,148.5,34.1,0,414.9,0,1,12,5,0.1071,0
SEG-0024,2025-07-17,6.69,948.0,2,0.6623,37087.0,0.239,36.8,88.2,332.6,31.9,1,631.4,2,1,9,3,0.1314,0
SEG-0025,2025-07-17,2.62,1069.0,1,0.8074,1211.0,0.271,54.9,44.8,180.1,29.6,0,658.9,0,0,4,0,0.1009,0
SEG-0026,2025-07-17,4.81,681.4,2,0.8039,44211.0,0.165,24.2,77.1,179.5,27.7,0,672.1,2,0,10,2,0.1475,0
SEG-0027,2025-07-17,4.64,579.3,6,0.7833,26764.0,0.358,41.0,99.0,430.6,34.7,2,1287.2,1,0,6,2,0.1132,0
SEG-0028,2025-07-17,13.81,831.1,6,0.4827,8758.0,0.147,54.4,22.9,52.3,31.6,0,1826.7,3,2,8,7,0.2667,0
SEG-0029,2025-07-17,15.07,1331.3,4,0.2817,33535.0,0.278,33.5,18.6,79.2,29.7,0,1166.6,3,2,17,11,0.3683,1
SEG-0030,2025-07-17,9.78,1299.0,2,0.5421,40635.0,0.159,36.0,10.0,37.8,34.4,0,736.4,1,1,8,3,0.2356,0
SEG-0031,2025-07-17,10.04,208.7,2,0.4931,11146.0,0.264,40.1,43.0,236.8,29.4,0,805.0,1,1,9,4,0.317,0
SEG-0032,2025-07-17,14.92,395.0,4,0.361,40543.0,0.258,30.0,63.5,177.0,32.5,0,1061.3,3,3,21,5,0.3712,1
SEG-0033,2025-07-17,4.97,469.6,2,0.7423,19794.0,0.194,51.9,13.3,80.5,27.5,0,1091.4,2,0,4,4,0.1428,0
SEG-0034,2025-07-17,12.26,486.7,2,0.3235,30103.0,0.34,34.9,195.7,564.2,31.7,0,2216.0,2,2,18,8,0.3825,1
SEG-0035,2025-07-17,2.75,921.2,1,0.8139,42637.0,0.164,33.8,47.7,130.7,33.3,0,319.0,1,0,7,2,0.0609,0
SEG-0036,2025-07-17,14.57,712.0,2,0.2999,15349.0,0.282,48.5,100.3,232.2,33.4,0,3096.9,5,1,12,9,0.3588,1
SEG-0037,2025-07-17,15.18,216.5,2,0.1728,34316.0,0.129,45.3,51.0,148.2,30.0,0,1126.7,4,2,16,12,0.4798,1
SEG-0038,2025-07-17,8.47,654.4,2,0.5644,15764.0,0.201,45.6,9.4,59.2,30.0,0,1852.9,3,0,12,6,0.2788,0
SEG-0039,2025-07-17,6.54,857.1,2,0.6411,41268.0,0.189,34.2,100.9,265.0,29.5,0,1178.4,2,0,4,1,0.1952,0
SEG-0040,2025-07-17,6.77,287.3,4,0.7807,23915.0,0.114,33.2,14.6,82.0,26.6,0,1137.6,0,1,5,1,0.1518,0
SEG-0041,2025-07-17,7.47,1275.2,6,0.6047,8955.0,0.08,45.0,139.4,319.2,34.4,1,1076.5,0,1,8,6,0.2358,0
SEG-0042,2025-07-17,8.24,220.1,2,0.5808,19187.0,0.278,47.6,53.8,135.3,29.0,1,1256.2,3,0,11,4,0.2199,1
SEG-0043,2025-07-17,1.92,1398.5,4,0.8649,13160.0,0.305,52.1,37.0,140.8,37.5,0,457.9,0,0,7,3,0.118,0
SEG-0044,2025-07-17,3.48,283.8,6,0.7482,3954.0,0.265,45.3,20.6,77.1,28.7,0,241.3,1,0,4,5,0.1378,0
SEG-0045,2025-07-17,8.22,1288.8,1,0.5497,1978.0,0.022,51.8,10.7,29.3,30.1,1,1902.2,3,1,7,6,0.2654,0
SEG-0046,2025-07-17,4.51,1368.6,2,0.7846,13823.0,0.188,47.2,118.7,330.3,36.2,0,307.3,1,0,1,0,0.1287,0
SEG-0047,2025-07-17,7.18,1472.4,2,0.5979,1764.0,0.092,57.0,158.9,369.6,33.6,2,1977.4,2,1,6,5,0.2065,1
SEG-0048,2025-07-17,9.82,1232.7,1,0.5399,8769.0,0.306,45.6,4.7,27.2,33.0,0,1450.4,1,2,7,7,0.2091,0
SEG-0049,2025-07-17,11.38,1202.3,4,0.4833,29280.0,0.322,44.3,106.5,237.9,25.9,0,1804.7,4,3,12,5,0.2436,1
SEG-0050,2025-07-17,15.17,1017.4,2,0.2823,33533.0,0.117,44.1,4.8,29.8,35.3,0,1518.4,4,3,16,8,0.3803,0
SEG-0051,2025-07-17,7.07,1201.6,2,0.6655,34174.0,0.279,34.5,101.3,384.8,32.8,1,748.9,2,1,7,4,0.1507,0
SEG-0052,2025-07-17,14.75,331.6,2,0.2462,12898.0,0.112,49.9,52.4,275.1,26.7,0,1308.1,5,2,8,10,0.4145,1
SEG-0053,2025-07-17,7.58,873.7,2,0.5956,35043.0,0.134,29.7,126.5,480.6,33.4,2,644.8,2,2,6,3,0.2282,1
SEG-0054,2025-07-17,2.69,844.2,4,0.9199,29508.0,0.056,38.9,30.7,70.8,31.6,1,744.6,0,0,9,1,0.0264,0
SEG-0055,2025-07-17,5.25,1307.7,1,0.7242,6277.0,0.173,50.2,115.7,327.8,33.5,0,1026.9,1,0,3,3,0.1907,0
SEG-0056,2025-07-17,5.24,774.8,2,0.7068,8090.0,0.25,54.4,79.8,180.4,34.2,0,631.8,2,0,5,5,0.1368,0
SEG-0057,2025-07-17,11.01,669.9,2,0.4114,35847.0,0.318,29.3,227.0,650.0,31.1,1,506.6,2,2,9,4,0.2969,1
SEG-0058,2025-07-17,5.64,1013.4,2,0.6945,9837.0,0.127,52.4,45.0,172.3,31.8,1,698.7,0,2,6,2,0.1343,1
SEG-0059,2025-07-17,9.7,509.7,2,0.5573,24820.0,0.22,41.7,32.7,216.5,32.6,0,270.6,3,1,8,4,0.2382,1
SEG-0060,2025-07-17,4.14,338.7,2,0.7912,38517.0,0.24,27.2,91.3,454.1,34.6,1,897.8,1,0,5,3,0.1282,0
SEG-0061,2025-07-17,13.91,795.1,1,0.3183,1085.0,0.348,50.3,103.5,254.5,29.3,0,480.0,4,1,9,6,0.3604,1
SEG-0062,2025-07-17,8.72,712.8,2,0.6078,1773.0,0.265,47.5,121.1,334.0,28.1,0,274.2,3,0,4,3,0.2167,0
SEG-0063,2025-07-17,15.16,464.0,4,0.2642,43801.0,0.108,25.0,47.2,240.7,37.4,1,1637.5,5,2,15,6,0.3726,1
SEG-0064,2025-07-17,13.99,646.1,2,0.2907,26794.0,0.255,31.0,33.8,154.0,27.7,0,2807.9,3,3,13,7,0.3418,1
SEG-0065,2025-07-17,3.37,644.6,2,0.8615,7361.0,0.134,46.9,20.8,54.0,27.8,0,507.0,0,0,5,4,0.1217,0
SEG-0066,2025-07-17,11.29,592.1,2,0.5205,36209.0,0.345,36.0,55.5,156.1,30.3,0,1447.3,3,3,12,6,0.2709,0
SEG-0067,2025-07-17,6.53,662.3,4,0.6347,36696.0,0.172,39.4,63.0,378.0,30.6,1,419.2,0,1,10,4,0.2128,0
SEG-0068,2025-07-17,8.01,1075.8,1,0.5488,23109.0,0.305,42.3,119.6,381.3,31.5,0,1666.9,1,2,9,6,0.2543,1
SEG-0069,2025-07-17,15.34,550.8,2,0.2694,29925.0,0.055,40.3,85.1,206.0,35.1,0,2506.2,3,3,17,8,0.3753,1
SEG-0070,2025-07-17,14.18,1431.0,2,0.3553,14035.0,0.187,47.2,44.1,144.6,29.1,0,3726.0,3,1,8,6,0.3144,1
SEG-0071,2025-07-17,7.37,1387.1,2,0.7178,3642.0,0.334,55.5,34.4,139.3,31.8,0,474.2,2,0,4,0,0.194,0
SEG-0072,2025-07-17,9.96,799.2,4,0.4889,29379.0,0.28,47.1,51.3,239.3,35.4,3,491.1,1,1,8,9,0.2773,0
SEG-0073,2025-07-17,11.81,593.3,2,0.483,14934.0,0.195,49.2,181.5,585.9,30.0,1,1637.8,2,3,13,6,0.2835,1
SEG-0074,2025-07-17,3.0,872.8,4,0.8131,25915.0,0.329,41.6,14.9,95.5,32.4,0,667.7,0,0,10,2,0.1235,0
SEG-0075,2025-07-17,4.06,1295.6,4,0.7318,36391.0,0.341,36.1,148.9,454.1,30.7,0,621.5,2,0,6,3,0.156,0
SEG-0076,2025-07-17,15.27,1031.0,2,0.2587,1720.0,0.157,58.9,35.5,98.7,28.4,0,2581.9,4,2,12,9,0.3685,1
SEG-0077,2025-07-17,7.83,1235.9,4,0.5385,31146.0,0.208,30.9,68.4,161.9,28.6,0,594.3,1,1,14,5,0.2447,1
SEG-0078,2025-07-17,5.26,869.2,2,0.7224,11033.0,0.195,55.6,17.1,64.7,30.7,0,461.8,2,0,4,3,0.0942,0
SEG-0079,2025-07-17,14.22,1004.4,4,0.2827,34418.0,0.255,37.7,148.8,341.7,33.2,0,2035.7,3,1,21,7,0.3596,1
SEG-0080,2025-07-17,1.68,539.0,2,0.8369,10678.0,0.2,41.8,125.2,562.0,32.2,0,390.4,0,0,5,2,0.0734,0
SEG-0081,2025-07-17,9.2,1142.1,2,0.5646,28294.0,0.129,45.2,94.8,352.4,28.7,1,1914.4,3,2,11,4,0.1815,0
SEG-0082,2025-07-17,9.82,423.2,2,0.3784,28230.0,0.361,41.2,82.9,254.9,36.2,2,546.3,3,1,13,6,0.2999,1
SEG-0083,2025-07-17,14.34,1088.0,1,0.3085,19046.0,0.374,49.5,18.6,55.5,29.6,0,616.0,3,1,22,11,0.3624,1
SEG-0084,2025-07-17,5.0,1312.0,2,0.6677,34779.0,0.329,35.3,35.1,116.8,32.8,0,1015.0,1,0,14,4,0.2271,0
SEG-0085,2025-07-17,1.65,328.3,4,0.9078,29992.0,0.359,35.3,16.1,99.8,30.0,0,475.1,0,0,8,3,0.0475,0
SEG-0086,2025-07-17,2.04,979.4,2,0.9003,26996.0,0.303,39.9,116.2,274.8,29.7,1,419.0,1,0,4,0,0.0379,0
SEG-0087,2025-07-17,10.18,278.4,2,0.5182,32344.0,0.312,44.5,20.8,52.1,30.2,0,298.6,2,0,11,6,0.2963,1
SEG-0088,2025-07-17,14.42,1129.7,2,0.3077,49443.0,0.304,28.9,25.5,69.9,31.3,0,3413.1,2,3,17,9,0.3877,1
SEG-0089,2025-07-17,9.47,264.1,2,0.4786,21452.0,0.192,38.4,8.6,29.5,31.0,0,2523.8,3,2,11,6,0.2778,1
SEG-0090,2025-07-17,13.72,1413.5,1,0.3392,25775.0,0.203,41.1,91.7,249.5,30.6,3,292.9,3,2,15,7,0.373,1
SEG-0091,2025-07-17,2.09,335.5,4,0.8773,1525.0,0.137,51.8,83.0,247.6,29.2,1,559.7,0,0,0,1,0.0422,0
SEG-0092,2025-07-17,3.9,1444.5,2,0.8514,40639.0,0.231,32.5,109.4,312.3,32.0,0,596.8,0,1,6,0,0.017,0
SEG-0093,2025-07-17,4.88,1231.2,2,0.7323,23482.0,0.135,41.5,103.7,343.1,36.7,2,274.5,2,0,3,3,0.1175,0
SEG-0094,2025-07-17,9.6,951.5,2,0.5604,21028.0,0.138,47.5,21.9,48.9,30.6,0,1080.5,1,1,4,3,0.2556,0
SEG-0095,2025-07-17,10.22,1206.5,1,0.5749,5829.0,0.258,47.2,89.1,270.3,33.0,1,906.9,1,1,7,6,0.2341,1
SEG-0096,2025-07-17,14.84,1223.4,2,0.2867,40085.0,0.164,35.5,54.7,279.0,33.6,0,1685.9,4,1,17,9,0.4316,1
SEG-0097,2025-07-17,5.25,1427.1,4,0.687,16060.0,0.088,44.9,77.3,203.4,30.4,0,1031.5,2,0,8,3,0.1591,0
SEG-0098,2025-07-17,3.52,492.1,2,0.8291,28185.0,0.317,44.9,25.0,81.2,30.8,0,555.1,0,0,3,5,0.0317,0
SEG-0099,2025-07-17,8.78,946.6,6,0.5371,7594.0,0.352,50.3,141.0,365.1,30.3,1,2061.4,3,2,10,6,0.2325,1
SEG-0100,2025-07-17,12.41,278.3,2,0.3703,48013.0,0.093,34.0,56.0,298.7,29.1,2,465.4,4,1,17,5,0.3137,1
SEG-0101,2025-07-17,7.34,981.8,2,0.6133,8970.0,0.024,48.3,87.4,275.0,33.9,1,1011.6,0,0,8,3,0.2042,0
SEG-0102,2025-07-17,7.29,381.2,4,0.5548,10752.0,0.14,56.5,76.7,255.3,32.5,0,1587.8,2,1,8,5,0.1746,1
SEG-0103,2025-07-17,10.64,912.7,4,0.4501,38432.0,0.283,39.6,29.6,89.9,33.1,0,1921.8,2,1,13,4,0.2326,1
SEG-0104,2025-07-17,10.67,922.8,4,0.4038,44750.0,0.349,28.3,19.7,95.6,33.3,1,2385.1,1,3,13,7,0.2749,1
SEG-0105,2025-07-17,15.16,779.1,6,0.3189,10701.0,0.131,44.5,11.2,41.3,32.0,0,3464.3,5,2,16,9,0.3678,1
SEG-0106,2025-07-17,14.78,855.6,4,0.3012,21196.0,0.293,41.8,3.6,17.5,27.9,0,3472.9,5,2,12,11,0.3336,1
SEG-0107,2025-07-17,8.53,1181.3,4,0.4587,37082.0,0.079,32.3,105.6,353.4,31.3,0,1087.7,1,1,14,4,0.336,1
SEG-0108,2025-07-17,6.27,1229.0,1,0.6005,41087.0,0.161,26.7,138.7,318.8,34.8,0,279.0,1,1,15,3,0.2047,1
SEG-0109,2025-07-17,8.83,814.4,4,0.4945,16893.0,0.39,43.6,45.2,199.7,33.1,0,988.0,2,2,7,1,0.2217,0
SEG-0110,2025-07-17,2.91,959.5,2,0.7048,23263.0,0.097,41.0,103.8,343.4,32.5,0,753.2,1,0,8,3,0.1521,0
SEG-0111,2025-07-17,6.45,1407.2,2,0.5893,30518.0,0.082,39.9,156.2,623.3,28.1,2,1199.5,0,0,10,1,0.2433,0
SEG-0112,2025-07-17,6.88,311.6,2,0.6408,34752.0,0.175,35.9,81.5,363.4,33.9,0,1629.3,0,2,10,4,0.1953,0
SEG-0113,2025-07-17,12.07,308.1,6,0.3736,39431.0,0.243,32.0,11.7,78.0,31.0,0,3302.9,4,3,9,6,0.3397,1
SEG-0114,2025-07-17,7.56,268.4,6,0.595,23841.0,0.363,41.4,49.3,173.8,28.8,0,1276.6,3,0,5,1,0.2317,0
SEG-0115,2025-07-17,14.27,1038.1,2,0.3726,5690.0,0.336,46.7,102.2,309.7,30.1,2,3289.9,4,2,8,7,0.3434,1
SEG-0116,2025-07-17,5.5,715.1,4,0.6825,42577.0,0.081,26.2,2.0,5.6,31.8,0,376.7,2,0,10,3,0.2003,0
SEG-0117,2025-07-17,6.09,1195.3,4,0.7099,37365.0,0.143,37.4,26.9,177.0,30.6,0,1557.2,2,0,8,0,0.187,0
SEG-0118,2025-07-17,12.66,1056.2,2,0.3766,40986.0,0.316,30.2,44.7,164.0,34.7,0,3313.8,2,3,17,7,0.3397,1
SEG-0119,2025-07-17,8.78,600.4,1,0.5314,5981.0,0.138,45.1,24.3,112.3,33.5,0,2452.7,2,0,6,7,0.2744,0
SEG-0120,2025-07-17,3.38,1362.8,1,0.7872,9522.0,0.331,45.3,66.5,188.8,29.3,0,327.0,0,1,2,0,0.1067,0
SEG-0121,2025-07-17,9.55,1179.4,4,0.5299,29124.0,0.266,37.5,67.3,264.4,30.1,0,611.3,1,1,13,7,0.2754,1
SEG-0122,2025-07-17,6.9,515.2,2,0.6583,1813.0,0.054,61.2,32.9,138.4,29.8,0,1014.8,1,1,7,4,0.1946,0
SEG-0123,2025-07-17,11.13,641.7,6,0.4552,45487.0,0.301,31.9,25.8,82.6,35.9,0,1464.6,3,1,18,6,0.2671,0
SEG-0124,2025-07-17,3.95,574.5,2,0.7775,17332.0,0.113,44.3,52.6,233.6,28.9,2,520.9,0,0,5,1,0.1209,0
SEG-0125,2025-07-17,9.16,362.8,6,0.5186,34897.0,0.176,29.6,94.1,281.1,31.9,0,1802.4,2,1,15,3,0.2547,1
SEG-0126,2025-07-17,15.13,349.5,2,0.2618,35562.0,0.215,37.4,62.5,143.2,34.3,0,803.4,5,2,17,12,0.3916,0
SEG-0127,2025-07-17,5.86,1413.8,4,0.7267,15631.0,0.232,55.5,44.6,281.8,31.4,1,617.6,2,1,6,5,0.1653,0
SEG-0128,2025-07-17,5.98,741.2,1,0.7393,15178.0,0.26,42.9,163.1,368.4,32.3,0,251.0,0,1,4,3,0.1152,0
SEG-0129,2025-07-17,5.61,667.5,2,0.7255,24302.0,0.251,39.9,65.3,182.3,33.0,0,1468.1,0,0,15,6,0.1849,0
SEG-0130,2025-07-17,5.25,1135.1,4,0.7088,23693.0,0.36,47.0,45.5,120.2,35.1,0,1098.8,1,0,8,3,0.1299,0
SEG-0131,2025-07-17,3.3,896.5,4,0.8646,18409.0,0.363,51.0,61.1,181.4,31.8,0,961.1,0,0,6,2,0.0812,0
SEG-0132,2025-07-17,13.91,1413.8,4,0.3896,30278.0,0.238,42.3,76.6,192.6,31.3,0,3618.4,4,2,14,8,0.287,1
SEG-0133,2025-07-17,3.6,1203.4,1,0.7513,39844.0,0.104,30.1,182.2,410.2,30.5,0,646.3,0,0,8,1,0.1234,0
SEG-0134,2025-07-17,9.4,797.1,2,0.4362,18752.0,0.276,43.1,44.0,231.2,30.7,0,2343.0,1,0,7,6,0.2943,0
SEG-0135,2025-07-17,14.33,658.1,1,0.375,8226.0,0.373,44.9,61.6,155.6,34.2,0,2911.5,2,1,3,7,0.2929,1
SEG-0136,2025-07-17,3.98,1482.0,1,0.715,15817.0,0.144,47.6,27.7,85.3,31.4,0,530.3,0,0,7,0,0.1918,0
SEG-0137,2025-07-17,3.05,1119.0,2,0.7814,20115.0,0.23,54.4,39.2,119.2,35.4,0,725.8,0,0,3,1,0.1104,0
SEG-0138,2025-07-17,15.17,1434.1,4,0.4069,7642.0,0.141,47.7,32.4,78.8,30.5,0,300.9,5,2,8,9,0.2738,0
SEG-0139,2025-07-17,4.55,309.9,4,0.8458,7511.0,0.067,56.7,124.2,293.4,30.1,3,1072.9,0,0,10,4,0.0744,0
SEG-0140,2025-07-17,6.02,1298.2,4,0.7512,33758.0,0.257,36.9,119.2,275.7,32.8,0,602.2,2,2,5,5,0.0869,0
SEG-0141,2025-07-17,14.04,1010.0,4,0.3514,14694.0,0.172,46.1,5.0,31.4,33.8,0,2172.2,3,3,10,5,0.3116,1
SEG-0142,2025-07-17,12.05,314.6,4,0.4448,42809.0,0.321,36.9,21.7,72.5,28.4,0,1737.4,4,2,14,7,0.2716,1
SEG-0143,2025-07-17,10.22,944.1,1,0.4463,11696.0,0.32,46.4,126.8,356.0,33.5,2,1332.4,3,0,10,6,0.3352,1
SEG-0144,2025-07-17,11.83,1076.2,2,0.5176,5874.0,0.277,46.5,16.8,39.0,32.3,0,698.7,4,3,5,4,0.2885,0
SEG-0145,2025-07-17,13.51,166.6,2,0.3823,37736.0,0.191,24.1,36.2,110.5,33.6,0,1414.9,2,3,7,3,0.3368,0
SEG-0146,2025-07-17,9.17,763.3,4,0.5773,42325.0,0.172,28.8,127.5,438.4,33.5,2,2585.0,3,0,8,2,0.2759,1
SEG-0147,2025-07-17,12.49,1264.3,1,0.4098,13597.0,0.296,53.3,46.2,218.6,33.8,0,1647.0,2,2,12,4,0.3344,1
SEG-0148,2025-07-17,3.84,548.7,2,0.7693,10464.0,0.307,49.1,8.3,54.7,28.9,0,652.9,0,0,9,4,0.0957,0
SEG-0149,2025-07-17,12.22,769.0,2,0.3912,8173.0,0.228,52.3,73.1,240.1,29.5,1,908.2,3,2,9,10,0.3234,1
SEG-0150,2025-07-17,13.99,747.1,1,0.3083,25873.0,0.315,45.1,114.2,389.0,32.9,0,3817.1,2,1,14,9,0.3199,1
SEG-0151,2025-07-17,7.83,557.6,2,0.6071,24418.0,0.105,41.5,92.2,247.0,30.7,2,952.9,2,1,4,4,0.2125,0
SEG-0152,2025-07-17,13.87,1389.9,4,0.3944,13555.0,0.366,44.7,39.1,232.2,28.8,2,2087.9,3,2,7,7,0.2808,1
SEG-0153,2025-07-17,15.0,1204.7,2,0.3255,2933.0,0.1,49.6,22.2,69.6,31.1,0,4107.1,5,1,4,7,0.3816,1
SEG-0154,2025-07-17,12.43,299.3,2,0.3961,23209.0,0.088,41.7,46.8,164.2,32.9,0,616.7,3,1,9,7,0.3225,1
SEG-0155,2025-07-17,2.1,1496.0,4,0.8748,39802.0,0.213,26.6,44.0,126.2,35.6,0,462.4,1,0,8,0,0.0191,0
SEG-0156,2025-07-17,12.27,1336.9,2,0.3469,26543.0,0.085,37.1,91.6,276.4,26.8,4,1192.7,2,3,8,3,0.3951,0
SEG-0157,2025-07-17,8.46,533.3,4,0.6329,20604.0,0.057,38.0,82.7,194.5,35.3,0,1989.5,2,0,5,7,0.19,1
SEG-0158,2025-07-17,4.41,1279.8,2,0.7227,6444.0,0.036,54.9,155.6,368.8,30.1,2,609.1,0,0,3,0,0.1203,0
SEG-0159,2025-07-17,4.51,293.7,2,0.6871,11618.0,0.195,45.7,50.4,248.6,31.5,0,787.9,0,1,3,0,0.1421,0
SEG-0160,2025-07-17,12.21,1498.8,2,0.37,13532.0,0.334,46.3,53.5,153.2,32.1,0,3346.5,4,1,10,5,0.3672,1
SEG-0161,2025-07-17,3.67,1048.7,2,0.8077,38005.0,0.07,31.6,31.7,113.1,33.6,0,714.8,0,0,5,2,0.0921,0
SEG-0162,2025-07-17,5.7,1027.7,4,0.7047,37497.0,0.28,32.6,11.5,30.9,36.1,0,1159.7,0,1,8,4,0.1157,0
SEG-0163,2025-07-17,7.83,272.1,2,0.6297,38816.0,0.298,39.5,53.5,175.3,27.4,1,1152.0,1,2,12,3,0.2113,0
SEG-0164,2025-07-17,10.12,1361.0,1,0.5198,44332.0,0.08,28.8,106.0,359.8,30.8,1,1971.8,2,2,11,7,0.2259,1
SEG-0165,2025-07-17,5.45,189.1,2,0.7199,46377.0,0.085,30.5,37.1,125.2,35.6,0,1104.6,1,1,6,0,0.1653,0
SEG-0166,2025-07-17,2.35,475.1,4,0.8402,43578.0,0.314,28.2,17.4,69.4,33.4,0,564.5,1,1,6,3,0.0628,0
SEG-0167,2025-07-17,1.81,343.1,4,0.8529,4352.0,0.335,61.0,43.8,145.4,28.7,0,349.5,0,1,5,3,0.0734,0
SEG-0168,2025-07-17,4.06,1198.6,6,0.7348,7355.0,0.243,54.7,73.3,258.7,30.3,0,862.5,2,0,3,6,0.0899,0
SEG-0169,2025-07-17,4.16,417.6,2,0.8272,12336.0,0.321,50.7,76.3,272.9,31.9,0,692.5,1,0,6,5,0.1241,0
SEG-0170,2025-07-17,8.64,1379.4,2,0.5069,29110.0,0.063,32.9,51.1,282.6,31.9,2,1431.8,1,2,11,6,0.1894,1
SEG-0171,2025-07-17,14.4,1036.0,1,0.3417,5182.0,0.167,53.1,37.9,128.0,28.2,0,2623.8,4,3,3,5,0.2982,1
SEG-0172,2025-07-17,5.1,198.8,2,0.7338,32890.0,0.302,39.0,53.5,170.9,36.0,1,668.7,2,1,2,2,0.0868,1
SEG-0173,2025-07-17,9.9,157.3,6,0.5075,31879.0,0.153,39.3,25.7,170.3,24.4,0,387.7,1,1,16,6,0.2593,0
SEG-0174,2025-07-17,13.29,219.7,4,0.363,26302.0,0.314,41.5,30.8,105.5,32.1,0,2592.0,3,1,15,9,0.3545,1
SEG-0175,2025-07-17,10.59,968.0,2,0.4487,7093.0,0.199,54.4,23.8,137.2,29.6,0,450.1,1,1,3,5,0.3401,1
SEG-0176,2025-07-17,15.48,1232.0,2,0.1863,12802.0,0.273,49.7,50.4,235.6,29.8,0,3171.3,5,3,10,8,0.4282,1
SEG-0177,2025-07-17,7.29,472.0,4,0.6738,7398.0,0.197,47.3,49.6,116.7,29.0,0,259.1,1,0,4,3,0.1841,0
SEG-0178,2025-07-17,5.8,1296.7,2,0.7077,43393.0,0.162,33.0,48.3,321.7,31.5,0,709.6,0,2,9,2,0.1506,0
SEG-0179,2025-07-17,14.65,227.3,1,0.3891,24547.0,0.132,30.9,20.9,118.8,31.1,0,2824.5,3,2,14,9,0.3425,1
SEG-0180,2025-07-17,9.57,1231.3,2,0.4802,35763.0,0.093,31.4,138.5,356.8,33.4,0,1584.0,2,2,12,6,0.2626,1
SEG-0181,2025-07-17,10.4,1402.5,1,0.5654,13318.0,0.283,46.5,36.5,209.0,34.0,0,1106.3,3,1,11,5,0.2436,0
SEG-0182,2025-07-17,14.65,1192.3,2,0.2955,15474.0,0.054,37.7,47.4,111.7,30.9,0,969.3,5,1,20,9,0.4441,1
SEG-0183,2025-07-17,14.65,1092.5,1,0.3199,16059.0,0.081,47.8,62.9,165.8,31.9,0,3824.6,3,1,7,6,0.362,1
SEG-0184,2025-07-17,13.7,1281.3,2,0.2864,30735.0,0.117,38.2,78.4,240.6,27.0,1,3794.0,3,3,13,5,0.3477,1
SEG-0185,2025-07-17,9.94,204.2,2,0.5386,38681.0,0.135,29.6,75.9,169.0,31.4,0,1208.4,1,0,9,2,0.2303,0
SEG-0186,2025-07-17,4.48,422.4,2,0.7247,11542.0,0.3,46.8,29.3,146.7,29.1,0,999.1,1,0,5,1,0.0911,0
SEG-0187,2025-07-17,10.59,318.6,2,0.4168,48083.0,0.157,26.9,74.5,220.2,33.1,1,1148.8,3,3,17,8,0.2584,1
SEG-0188,2025-07-17,14.76,831.1,6,0.2242,7212.0,0.386,51.8,32.9,191.8,30.0,0,1213.3,4,2,11,11,0.4258,1
SEG-0189,2025-07-17,11.03,1156.0,4,0.4564,41141.0,0.109,37.4,131.9,581.8,31.0,0,1176.9,1,2,9,5,0.3246,0
SEG-0190,2025-07-17,6.52,1000.5,2,0.6826,4677.0,0.228,50.9,55.1,161.7,32.6,0,1570.9,1,0,3,4,0.1581,0
SEG-0191,2025-07-17,12.24,1299.0,2,0.4357,13477.0,0.146,42.4,11.3,62.8,30.5,0,1990.7,4,1,9,8,0.2828,1
SEG-0192,2025-07-17,11.95,359.5,4,0.4454,37278.0,0.18,43.9,52.0,179.8,29.3,0,3307.6,2,3,10,5,0.3398,1
SEG-0193,2025-07-17,12.87,1141.7,2,0.3695,8089.0,0.338,47.4,143.9,330.1,32.0,0,1426.4,2,1,9,6,0.341,1
SEG-0194,2025-07-17,3.83,410.6,2,0.7257,19010.0,0.33,49.2,10.3,38.5,36.7,0,308.9,1,1,8,1,0.1268,0
SEG-0195,2025-07-17,14.36,515.5,4,0.2594,21421.0,0.333,51.4,73.2,278.8,33.0,0,1728.7,2,3,12,12,0.4061,1
SEG-0196,2025-07-17,3.44,1108.4,2,0.8774,10462.0,0.08,43.6,14.6,54.2,32.6,0,954.3,0,0,2,0,0.0062,0
SEG-0197,2025-07-17,2.35,1473.3,4,0.8501,31638.0,0.115,42.9,7.1,36.8,25.4,0,688.2,1,0,3,0,0.022,0
SEG-0198,2025-07-17,13.06,975.6,2,0.26,35556.0,0.264,29.4,58.3,218.9,31.2,0,852.8,2,2,13,7,0.3829,1
SEG-0199,2025-07-17,4.41,223.6,2,0.7958,38156.0,0.132,33.3,57.0,200.7,32.2,0,366.7,0,0,4,2,0.0654,0
SEG-0200,2025-07-17,1.54,982.0,2,0.8767,15648.0,0.266,47.9,21.4,92.7,30.1,0,442.4,0,0,3,0,0.0274,0
SEG-0201,2025-07-17,9.53,207.2,2,0.4051,27126.0,0.232,39.1,48.0,138.6,23.8,0,2656.9,3,2,11,10,0.2738,1
SEG-0202,2025-07-17,7.46,1343.6,2,0.6007,10594.0,0.225,49.2,111.6,348.0,28.9,1,434.2,1,2,13,7,0.2007,0
SEG-0203,2025-07-17,9.25,1107.9,2,0.5941,12854.0,0.331,44.6,65.4,269.4,33.3,0,2107.8,3,2,5,6,0.2045,0
SEG-0204,2025-07-17,3.32,383.7,4,0.7687,8624.0,0.241,53.7,102.2,236.7,30.9,0,467.3,0,1,1,1,0.0815,0
SEG-0205,2025-07-17,6.62,273.8,2,0.5937,44378.0,0.072,32.1,131.4,391.0,30.5,0,1370.4,0,1,13,7,0.2,0
SEG-0206,2025-07-17,4.47,397.8,2,0.8051,37462.0,0.065,36.9,27.0,98.1,35.5,0,839.8,0,0,3,2,0.1243,0
SEG-0207,2025-07-17,14.49,1473.0,4,0.292,32531.0,0.237,40.8,41.9,146.8,34.3,0,724.7,4,3,15,8,0.3304,0
SEG-0208,2025-07-17,6.64,769.1,4,0.5834,22393.0,0.21,37.8,72.9,393.5,31.5,0,273.4,1,0,4,2,0.2206,0
SEG-0209,2025-07-17,11.18,1208.5,2,0.3887,22246.0,0.147,49.4,16.2,81.5,32.0,0,2432.4,2,3,8,3,0.3322,0
SEG-0210,2025-07-17,3.27,1009.2,2,0.8893,24098.0,0.171,40.3,35.3,225.6,33.5,1,405.9,1,1,5,0,0.0464,0
SEG-0211,2025-07-17,13.61,922.8,6,0.3737,22671.0,0.313,41.9,24.9,90.5,31.3,0,3800.5,4,1,9,9,0.3288,1
SEG-0212,2025-07-17,2.61,345.9,2,0.8828,19870.0,0.308,38.8,149.0,343.9,29.5,0,679.9,0,1,0,0,0.0247,0
SEG-0213,2025-07-17,6.4,1427.1,4,0.6274,7031.0,0.217,55.1,31.2,74.9,36.4,0,1518.2,1,0,6,4,0.169,0
SEG-0214,2025-07-17,4.03,556.8,4,0.8308,6955.0,0.141,53.8,11.4,61.5,34.4,1,582.4,1,0,2,1,0.0458,0
SEG-0215,2025-07-17,6.38,930.3,4,0.6245,42830.0,0.157,31.9,150.9,469.3,29.4,0,676.4,1,1,15,6,0.1668,0
SEG-0216,2025-07-17,15.52,1094.7,2,0.2141,18895.0,0.232,37.7,98.5,432.7,29.5,0,678.4,4,3,18,6,0.4056,1
SEG-0217,2025-07-17,15.33,1026.5,2,0.2249,39321.0,0.133,34.0,11.4,72.0,27.6,0,1772.6,5,3,17,8,0.4469,1
SEG-0218,2025-07-17,8.49,1419.8,1,0.6526,7010.0,0.24,46.5,47.0,255.4,30.4,0,2120.9,3,1,7,5,0.2186,0
SEG-0219,2025-07-17,5.02,350.4,2,0.7781,27893.0,0.266,42.8,61.1,186.3,33.1,0,393.4,2,1,6,3,0.0996,0
SEG-0220,2025-07-17,10.58,836.3,6,0.4705,9706.0,0.031,49.6,39.7,93.9,35.0,0,2357.1,1,2,9,7,0.2542,0
SEG-0221,2025-07-17,15.0,695.4,2,0.3464,12216.0,0.062,51.2,31.8,82.1,33.9,1,3927.5,4,3,17,6,0.3926,1
SEG-0222,2025-07-17,12.67,790.1,2,0.4284,2238.0,0.124,56.2,42.0,277.7,27.4,1,2904.5,4,2,6,8,0.3266,1
SEG-0223,2025-07-17,8.08,310.9,1,0.6437,6222.0,0.337,52.2,79.5,295.7,31.7,0,2201.9,2,0,10,2,0.2077,1
SEG-0224,2025-07-17,9.95,331.0,6,0.5455,46644.0,0.272,31.4,47.0,110.2,26.5,0,2286.4,1,2,10,4,0.2294,1
SEG-0225,2025-07-17,7.46,525.4,1,0.6274,13330.0,0.118,48.2,95.1,367.9,31.3,0,2100.9,1,0,3,3,0.1847,1
SEG-0226,2025-07-17,11.26,561.4,1,0.3652,31718.0,0.398,37.0,79.1,248.2,31.6,1,1876.2,4,1,9,5,0.2957,1
SEG-0227,2025-07-17,7.73,727.7,2,0.6132,22982.0,0.185,43.5,48.9,150.2,36.8,0,1101.4,2,1,8,3,0.1787,0
SEG-0228,2025-07-17,11.58,974.8,1,0.3838,20712.0,0.207,49.4,102.0,275.6,31.6,0,1416.8,3,1,9,5,0.3386,1
SEG-0229,2025-07-17,15.11,1006.7,2,0.2968,27832.0,0.361,33.6,46.3,178.3,34.6,1,3388.2,4,2,13,7,0.3779,1
SEG-0230,2025-07-17,13.31,705.9,2,0.3638,9186.0,0.072,50.2,14.5,59.5,28.4,0,694.6,2,1,15,7,0.3001,0
SEG-0231,2025-07-17,8.3,701.9,2,0.5095,48851.0,0.088,25.0,48.3,164.7,31.4,0,853.2,3,0,5,4,0.2473,1
SEG-0232,2025-07-17,14.98,443.8,1,0.2824,38591.0,0.244,33.8,24.3,73.5,33.6,0,3874.5,4,1,20,8,0.3762,1
SEG-0233,2025-07-17,5.61,944.2,1,0.694,38192.0,0.107,31.1,146.8,359.6,32.2,1,1499.9,2,0,7,2,0.1527,0
SEG-0234,2025-07-17,5.34,578.0,2,0.663,19502.0,0.299,50.5,62.4,266.4,31.4,0,1362.5,2,0,6,4,0.1695,0
SEG-0235,2025-07-17,4.12,198.7,1,0.7842,8328.0,0.135,53.1,44.2,145.0,30.3,0,632.1,0,0,3,1,0.1229,0
SEG-0236,2025-07-17,14.75,714.8,2,0.2565,40192.0,0.095,34.7,84.0,223.4,30.3,0,3233.8,3,3,12,6,0.4112,1
SEG-0237,2025-07-17,8.88,790.1,2,0.6271,16114.0,0.099,42.0,63.4,178.5,33.1,1,1897.2,1,2,6,2,0.1673,0
SEG-0238,2025-07-17,13.72,454.6,2,0.3071,2817.0,0.196,46.1,134.3,421.1,35.3,0,1958.4,2,1,7,4,0.3794,1
SEG-0239,2025-07-17,9.0,922.8,2,0.5497,16404.0,0.091,38.8,96.1,332.9,36.3,0,540.7,3,0,16,6,0.2414,0
SEG-0240,2025-07-17,12.68,913.8,2,0.4459,32725.0,0.06,36.2,70.5,276.2,28.1,3,1825.9,4,3,14,8,0.2949,1
SEG-0241,2025-07-17,14.29,1097.7,1,0.208,25230.0,0.362,37.1,32.8,144.2,35.2,0,1252.4,2,3,11,10,0.4592,1
SEG-0242,2025-07-17,13.04,1024.7,1,0.3469,29570.0,0.113,40.2,56.9,186.1,31.1,0,2069.9,3,3,11,8,0.3464,1
SEG-0243,2025-07-17,4.01,1030.8,4,0.7749,31188.0,0.169,37.1,19.2,82.3,32.4,0,382.6,0,0,4,2,0.0624,0
SEG-0244,2025-07-17,2.37,576.9,1,0.8949,9398.0,0.083,53.4,9.6,45.1,34.6,0,374.5,0,1,3,2,0.1071,0
SEG-0245,2025-07-17,4.48,1213.0,2,0.7989,41969.0,0.171,31.4,26.5,63.5,35.9,1,399.3,2,0,5,0,0.0696,0
SEG-0246,2025-07-17,4.89,891.3,2,0.7721,20244.0,0.159,42.8,49.1,204.2,33.7,0,389.2,0,0,1,2,0.0861,0
SEG-0247,2025-07-17,9.84,732.4,2,0.4853,25809.0,0.26,37.5,76.8,249.6,29.9,0,2693.5,3,1,5,3,0.2937,1
SEG-0248,2025-07-17,10.71,995.1,2,0.4194,1148.0,0.141,53.7,137.1,374.5,29.8,0,1819.0,3,3,7,3,0.2935,0
SEG-0249,2025-07-17,2.24,636.9,4,0.7545,38685.0,0.364,34.5,137.5,428.5,29.3,1,547.7,1,0,6,2,0.1276,0
SEG-0250,2025-07-17,5.94,842.2,4,0.6685,14286.0,0.368,46.9,118.2,279.7,29.9,3,1147.7,2,1,4,4,0.1502,0
SEG-0001,2025-08-02,2.98,1030.1,4,0.733,13509.0,0.038,50.3,59.9,165.8,28.7,0,317.0,0,0,4,2,0.1704,0
SEG-0002,2025-08-02,8.52,1321.1,4,0.5415,16392.0,0.204,47.1,24.1,55.8,30.2,0,1006.7,2,2,6,6,0.2274,0
SEG-0003,2025-08-02,12.1,762.8,4,0.3855,13314.0,0.07,50.7,64.1,285.1,30.2,0,2555.1,4,3,11,7,0.3298,1
SEG-0004,2025-08-02,8.14,484.6,2,0.5579,20645.0,0.107,48.2,71.3,171.1,30.2,0,722.7,3,1,9,3,0.22,0
SEG-0005,2025-08-02,5.42,469.5,2,0.7302,26410.0,0.253,44.6,71.5,175.9,30.0,0,1249.9,0,1,12,0,0.1512,0
SEG-0006,2025-08-02,7.73,1157.1,4,0.5552,12450.0,0.222,47.8,46.0,162.6,29.5,0,1953.1,1,0,15,5,0.262,1
SEG-0007,2025-08-02,5.63,1252.4,2,0.7496,15789.0,0.356,40.7,124.2,338.2,27.9,0,253.2,2,1,2,0,0.0897,0
SEG-0008,2025-08-02,3.46,292.1,4,0.8403,36198.0,0.158,33.5,100.3,299.8,26.9,2,310.0,1,0,6,3,0.0428,0
SEG-0009,2025-08-02,5.19,239.9,2,0.7972,3083.0,0.29,52.0,40.7,95.0,32.6,0,457.3,0,0,2,1,0.0533,0
SEG-0010,2025-08-02,11.36,952.5,1,0.4129,20700.0,0.179,39.5,51.9,216.0,28.3,0,1211.8,4,3,6,5,0.3064,1
SEG-0011,2025-08-02,10.91,347.3,1,0.4907,35663.0,0.267,37.2,30.7,114.1,32.4,0,1785.4,1,3,14,8,0.2754,1
SEG-0012,2025-08-02,10.53,1263.3,4,0.4552,7210.0,0.247,54.9,84.5,288.4,32.7,1,598.7,2,2,11,6,0.267,1
SEG-0013,2025-08-02,8.83,569.0,1,0.5404,3358.0,0.185,53.5,29.3,126.5,28.0,0,1721.1,3,1,5,6,0.2588,0
SEG-0014,2025-08-02,9.27,344.2,2,0.5335,6978.0,0.358,52.0,25.3,57.3,25.0,0,325.8,1,1,4,4,0.2317,0
SEG-0015,2025-08-02,15.17,1393.3,2,0.2042,46792.0,0.168,23.4,19.9,115.0,28.3,0,1351.3,4,1,19,6,0.4433,1
SEG-0016,2025-08-02,2.61,373.5,2,0.868,1315.0,0.155,56.7,145.4,372.3,31.3,0,271.1,0,0,0,0,0.0539,0
SEG-0017,2025-08-02,2.27,534.4,2,0.8388,9285.0,0.284,48.5,80.1,269.6,33.4,2,644.4,0,0,3,3,0.0787,0
SEG-0018,2025-08-02,14.42,357.4,4,0.2552,2053.0,0.327,50.6,22.5,136.0,26.3,0,3270.7,3,1,4,5,0.4063,1
SEG-0019,2025-08-02,9.69,305.9,1,0.5525,5073.0,0.085,50.7,6.8,28.7,32.0,0,1681.0,3,0,5,3,0.1999,0
SEG-0020,2025-08-02,10.09,178.5,4,0.4178,28839.0,0.167,43.9,23.2,151.9,27.9,0,2432.7,3,1,15,8,0.2649,1
SEG-0021,2025-08-02,4.65,224.8,4,0.7008,11926.0,0.343,50.0,38.7,185.6,29.7,0,725.2,0,0,7,1,0.1474,0
SEG-0022,2025-08-02,5.66,385.8,2,0.6336,23471.0,0.326,44.8,53.3,130.5,30.7,0,561.6,0,1,3,4,0.1539,0
SEG-0023,2025-08-02,4.12,222.1,2,0.7747,29671.0,0.398,40.3,34.6,106.6,33.4,0,430.9,0,1,9,5,0.1202,0
SEG-0024,2025-08-02,6.73,948.0,2,0.6511,37987.0,0.243,34.8,63.3,173.1,32.5,0,647.4,2,1,11,1,0.1653,0
SEG-0025,2025-08-02,2.67,1069.0,1,0.7818,1257.0,0.26,50.5,42.5,215.5,27.6,0,674.9,0,0,1,2,0.1207,0
SEG-0026,2025-08-02,4.86,681.4,2,0.7526,32792.0,0.148,33.9,82.7,262.3,27.3,3,688.1,2,0,3,1,0.1522,0
SEG-0027,2025-08-02,4.68,579.3,6,0.7579,27281.0,0.386,43.5,63.2,169.9,30.2,0,1303.2,1,0,10,2,0.1165,1
SEG-0028,2025-08-02,13.85,831.1,6,0.4461,8148.0,0.176,48.7,35.7,203.7,32.7,0,1842.7,3,2,12,8,0.2629,0
SEG-0029,2025-08-02,15.11,1331.3,4,0.2492,30320.0,0.285,35.3,30.8,175.1,30.8,0,1182.6,3,2,11,11,0.358,0
SEG-0030,2025-08-02,9.82,1299.0,2,0.5105,35297.0,0.183,39.4,63.8,208.0,28.6,0,752.4,1,1,11,5,0.2594,0
SEG-0031,2025-08-02,10.09,208.7,2,0.5162,13819.0,0.207,50.1,38.8,192.8,24.6,0,821.0,1,1,4,4,0.283,0
SEG-0032,2025-08-02,14.97,395.0,4,0.3299,43939.0,0.26,23.9,59.6,141.7,30.2,0,1077.3,3,3,16,5,0.4088,1
SEG-0033,2025-08-02,5.01,469.6,2,0.7632,19045.0,0.238,49.6,111.0,253.2,33.3,0,1107.4,2,0,13,2,0.1578,0
SEG-0034,2025-08-02,12.3,486.7,2,0.281,28758.0,0.346,43.3,281.5,650.0,28.9,3,2232.0,2,2,23,10,0.3502,1
SEG-0035,2025-08-02,2.8,921.2,1,0.7968,40932.0,0.187,33.7,39.5,200.2,31.2,0,335.0,1,0,5,1,0.0512,0
SEG-0036,2025-08-02,14.61,712.0,2,0.2701,15365.0,0.254,50.5,25.6,125.8,30.6,1,3112.9,5,1,9,10,0.3721,1
SEG-0037,2025-08-02,15.23,216.5,2,0.164,40810.0,0.16,35.2,101.5,415.4,29.9,2,1142.7,4,2,23,9,0.4525,1
SEG-0038,2025-08-02,8.51,654.4,2,0.5311,14307.0,0.177,48.4,89.0,299.6,31.5,0,1868.9,3,0,12,6,0.3031,0
SEG-0039,2025-08-02,6.58,857.1,2,0.6125,39607.0,0.239,35.8,80.0,247.0,28.2,0,1194.4,2,0,11,1,0.2025,1
SEG-0040,2025-08-02,6.81,287.3,4,0.7762,31504.0,0.054,33.8,87.8,392.7,33.0,1,1153.6,0,1,7,0,0.1375,0
SEG-0041,2025-08-02,7.52,1275.2,6,0.6065,10316.0,0.082,52.0,71.1,185.3,30.3,0,1092.5,0,1,9,6,0.2005,0
SEG-0042,2025-08-02,8.28,220.1,2,0.6081,17009.0,0.241,45.1,72.3,316.9,26.8,0,1272.2,3,0,5,4,0.2361,1
SEG-0043,2025-08-02,1.96,1398.5,4,0.8125,16238.0,0.27,45.8,38.0,145.0,30.3,0,473.9,0,0,11,3,0.1252,0
SEG-0044,2025-08-02,3.53,283.8,6,0.7689,5009.0,0.296,50.1,34.4,191.5,35.2,0,257.3,1,0,4,3,0.1078,0
SEG-0045,2025-08-02,8.26,1288.8,1,0.5421,2020.0,0.061,52.4,10.0,36.9,26.2,0,1918.2,3,1,2,5,0.2716,0
SEG-0046,2025-08-02,4.55,1368.6,2,0.7567,17742.0,0.162,44.8,80.6,196.3,30.3,0,323.3,1,0,5,0,0.1482,0
SEG-0047,2025-08-02,7.22,1472.4,2,0.5885,1794.0,0.099,61.3,34.8,165.0,28.4,0,1993.4,2,1,11,4,0.2476,0
SEG-0048,2025-08-02,9.86,1232.7,1,0.5288,7823.0,0.28,48.2,66.4,337.2,29.0,1,1466.4,1,2,13,8,0.2008,1
SEG-0049,2025-08-02,11.42,1202.3,4,0.4549,30875.0,0.317,40.7,9.5,28.6,29.4,1,1820.7,4,3,9,7,0.241,1
SEG-0050,2025-08-02,15.22,1017.4,2,0.2548,36547.0,0.089,26.0,21.2,76.6,29.8,0,1534.4,4,3,18,7,0.3794,1
SEG-0051,2025-08-02,7.11,1201.6,2,0.7132,29371.0,0.229,38.4,36.5,211.0,26.9,0,764.9,2,1,3,2,0.133,0
SEG-0052,2025-08-02,14.79,331.6,2,0.2616,14929.0,0.063,50.1,103.1,449.3,25.4,0,1324.1,5,2,13,12,0.37,1
SEG-0053,2025-08-02,7.62,873.7,2,0.6157,42502.0,0.144,38.5,66.6,177.4,29.0,1,660.8,2,2,16,3,0.2328,0
SEG-0054,2025-08-02,2.74,844.2,4,0.9042,29226.0,0.089,41.7,64.3,309.9,28.4,1,760.6,0,0,8,1,0.0441,0
SEG-0055,2025-08-02,5.3,1307.7,1,0.7667,5918.0,0.118,53.7,68.3,288.5,29.0,1,1042.9,1,0,1,2,0.1792,0
SEG-0056,2025-08-02,5.29,774.8,2,0.6867,8293.0,0.273,49.8,127.4,385.3,30.9,0,647.8,2,0,11,7,0.1448,0
SEG-0057,2025-08-02,11.06,669.9,2,0.4518,28607.0,0.362,28.2,98.3,334.2,27.8,1,522.6,2,2,17,6,0.2911,0
SEG-0058,2025-08-02,5.69,1013.4,2,0.6798,9901.0,0.105,54.7,61.5,326.3,28.1,1,714.7,0,2,4,2,0.1675,0
SEG-0059,2025-08-02,9.74,509.7,2,0.5578,25007.0,0.218,41.3,29.8,135.0,30.9,1,286.6,3,1,7,3,0.2114,0
SEG-0060,2025-08-02,4.19,338.7,2,0.7791,45006.0,0.285,28.1,67.6,262.9,32.5,1,913.8,1,0,7,3,0.1573,0
SEG-0061,2025-08-02,13.95,795.1,1,0.28,1169.0,0.358,51.4,25.9,111.8,30.9,0,496.0,4,1,7,8,0.3687,1
SEG-0062,2025-08-02,8.77,712.8,2,0.6369,1592.0,0.257,58.8,80.0,232.7,29.1,2,290.2,3,0,0,1,0.2102,0
SEG-0063,2025-08-02,15.2,464.0,4,0.2151,50863.0,0.155,24.4,48.4,192.7,27.2,0,1653.5,5,2,15,6,0.369,1
SEG-0064,2025-08-02,14.03,646.1,2,0.3168,22928.0,0.269,41.5,32.8,128.9,27.5,0,2823.9,3,3,11,4,0.3335,1
SEG-0065,2025-08-02,3.42,644.6,2,0.8497,6906.0,0.146,49.6,46.4,137.5,30.9,0,523.0,0,0,8,5,0.1357,0
SEG-0066,2025-08-02,11.33,592.1,2,0.4936,38679.0,0.348,30.7,168.6,433.0,31.0,1,1463.3,3,3,15,7,0.2913,1
SEG-0067,2025-08-02,6.58,662.3,4,0.6471,38269.0,0.193,38.3,24.4,76.3,30.6,0,435.2,0,1,14,7,0.2144,1
SEG-0068,2025-08-02,8.05,1075.8,1,0.5334,22833.0,0.279,40.9,16.0,50.2,29.9,0,1682.9,1,2,12,5,0.2961,1
SEG-0069,2025-08-02,15.38,550.8,2,0.3053,29663.0,0.05,37.7,10.8,68.5,30.8,0,2522.2,3,3,15,10,0.3514,1
SEG-0070,2025-08-02,14.22,1431.0,2,0.3245,11447.0,0.17,49.0,70.2,217.5,30.8,0,3742.0,3,1,10,6,0.3414,0
SEG-0071,2025-08-02,7.41,1387.1,2,0.677,3045.0,0.346,52.7,67.2,300.3,27.1,1,490.2,2,0,3,0,0.1701,0
SEG-0072,2025-08-02,10.01,799.2,4,0.5395,29013.0,0.237,36.3,24.0,74.3,29.6,0,507.1,1,1,13,6,0.246,0
SEG-0073,2025-08-02,11.85,593.3,2,0.472,12965.0,0.147,47.9,15.9,62.1,30.8,0,1653.8,2,3,16,5,0.2563,1
SEG-0074,2025-08-02,3.04,872.8,4,0.8194,26923.0,0.379,37.9,16.6,43.1,32.6,1,683.7,0,0,4,3,0.1117,0
SEG-0075,2025-08-02,4.11,1295.6,4,0.7153,35832.0,0.302,33.1,57.8,219.8,27.5,0,637.5,2,0,5,1,0.1668,0
SEG-0076,2025-08-02,15.31,1031.0,2,0.2595,1728.0,0.118,58.6,46.6,125.0,25.7,0,2597.9,4,2,8,8,0.3887,1
SEG-0077,2025-08-02,7.87,1235.9,4,0.5324,24137.0,0.204,40.4,10.7,49.7,29.6,0,610.3,1,1,10,6,0.2737,1
SEG-0078,2025-08-02,5.3,869.2,2,0.7536,11505.0,0.219,50.1,52.5,274.2,28.7,2,477.8,2,0,7,4,0.1085,0
SEG-0079,2025-08-02,14.27,1004.4,4,0.3271,39469.0,0.266,32.0,60.6,173.9,32.5,0,2051.7,3,1,17,7,0.3397,1
SEG-0080,2025-08-02,1.72,539.0,2,0.8208,12979.0,0.165,48.8,31.8,122.7,32.0,0,406.4,0,0,6,5,0.0746,0
SEG-0081,2025-08-02,9.25,1142.1,2,0.5912,26510.0,0.12,43.7,23.9,125.9,29.7,0,1930.4,3,2,9,5,0.2059,1
SEG-0082,2025-08-02,9.86,423.2,2,0.389,28925.0,0.36,36.1,116.7,425.3,27.4,2,562.3,3,1,7,5,0.3195,1
SEG-0083,2025-08-02,14.38,1088.0,1,0.3081,17381.0,0.364,44.7,2.5,11.5,27.9,0,632.0,3,1,14,10,0.3926,0
SEG-0084,2025-08-02,5.05,1312.0,2,0.646,27456.0,0.34,38.6,57.0,148.7,29.7,0,1031.0,1,0,10,4,0.2134,0
SEG-0085,2025-08-02,1.7,328.3,4,0.9113,28939.0,0.396,36.9,80.8,193.9,31.5,0,491.1,0,0,3,1,0.054,0
SEG-0086,2025-08-02,2.08,979.4,2,0.8414,22848.0,0.309,42.5,169.8,493.5,29.0,1,435.0,1,0,2,1,0.0667,0
SEG-0087,2025-08-02,10.23,278.4,2,0.458,31661.0,0.285,35.9,124.8,310.6,32.6,0,314.6,2,0,10,4,0.2844,1
SEG-0088,2025-08-02,14.46,1129.7,2,0.2851,45892.0,0.315,28.6,34.2,150.0,31.5,0,3429.1,2,3,18,8,0.4149,1
SEG-0089,2025-08-02,9.51,264.1,2,0.5016,18474.0,0.208,42.7,26.0,142.0,31.9,1,2539.8,3,2,13,7,0.293,1
SEG-0090,2025-08-02,13.77,1413.5,1,0.3103,21554.0,0.208,44.7,198.5,534.4,33.0,1,308.9,3,2,12,8,0.3591,1
SEG-0091,2025-08-02,2.13,335.5,4,0.8704,1558.0,0.128,52.3,31.5,162.7,33.5,0,575.7,0,0,0,0,0.0329,0
SEG-0092,2025-08-02,3.94,1444.5,2,0.8608,36229.0,0.251,34.3,28.8,85.6,27.7,0,612.8,0,1,9,2,0.0527,0
SEG-0093,2025-08-02,4.92,1231.2,2,0.7299,21062.0,0.17,41.6,15.1,87.6,32.2,0,290.5,2,0,5,6,0.1008,0
SEG-0094,2025-08-02,9.65,951.5,2,0.5416,16608.0,0.128,39.1,58.7,250.7,28.9,1,1096.5,1,1,11,4,0.2356,0
SEG-0095,2025-08-02,10.26,1206.5,1,0.5798,5582.0,0.246,46.8,48.6,160.9,32.5,0,922.9,1,1,9,4,0.2033,0
SEG-0096,2025-08-02,14.88,1223.4,2,0.2265,41731.0,0.179,28.8,265.2,608.3,32.1,0,1701.9,4,1,15,8,0.4278,1
SEG-0097,2025-08-02,5.3,1427.1,4,0.6902,16768.0,0.107,42.6,9.4,37.6,30.8,0,1047.5,2,0,6,2,0.137,0
SEG-0098,2025-08-02,3.57,492.1,2,0.8007,26914.0,0.31,41.5,68.0,300.5,35.2,1,571.1,0,0,10,2,0.036,0
SEG-0099,2025-08-02,8.82,946.6,6,0.6093,7015.0,0.337,52.0,33.1,97.1,28.9,0,2077.4,3,2,7,6,0.1852,0
SEG-0100,2025-08-02,12.45,278.3,2,0.3702,47062.0,0.093,25.7,32.1,171.3,26.8,0,481.4,4,1,16,8,0.3139,1
SEG-0101,2025-08-02,7.39,981.8,2,0.6464,8606.0,0.023,45.3,46.8,174.8,30.9,0,1027.6,0,0,3,0,0.215,0
SEG-0102,2025-08-02,7.33,381.2,4,0.5096,8591.0,0.163,49.6,13.9,57.7,28.5,0,1603.8,2,1,8,4,0.1943,0
SEG-0103,2025-08-02,10.68,912.7,4,0.506,34821.0,0.341,37.1,20.7,100.1,30.6,0,1937.8,2,1,9,4,0.2678,1
SEG-0104,2025-08-02,10.72,922.8,4,0.4166,36277.0,0.316,35.0,8.1,44.2,27.3,0,2401.1,1,3,14,9,0.2706,1
SEG-0105,2025-08-02,15.2,779.1,6,0.2955,10376.0,0.053,43.0,9.1,35.1,31.1,0,3480.3,5,2,8,6,0.3518,1
SEG-0106,2025-08-02,14.83,855.6,4,0.2651,21446.0,0.311,40.6,121.7,301.8,30.7,2,3488.9,5,2,12,8,0.3429,1
SEG-0107,2025-08-02,8.58,1181.3,4,0.472,33497.0,0.062,42.5,89.9,271.5,27.8,1,1103.7,1,1,13,7,0.2921,1
SEG-0108,2025-08-02,6.32,1229.0,1,0.6223,34185.0,0.178,33.9,20.4,61.2,31.0,0,295.0,1,1,4,2,0.22,0
SEG-0109,2025-08-02,8.87,814.4,4,0.5101,18599.0,0.337,38.6,58.9,137.4,30.5,1,1004.0,2,2,7,1,0.218,0
SEG-0110,2025-08-02,2.95,959.5,2,0.7267,26719.0,0.075,44.0,77.5,186.2,28.1,0,769.2,1,0,8,0,0.1515,0
SEG-0111,2025-08-02,6.49,1407.2,2,0.6117,32150.0,0.094,40.2,21.6,82.0,28.0,1,1215.5,0,0,14,2,0.2251,0
SEG-0112,2025-08-02,6.93,311.6,2,0.6328,32311.0,0.174,37.1,28.7,90.5,28.3,0,1645.3,0,2,11,7,0.1537,0
SEG-0113,2025-08-02,12.11,308.1,6,0.3481,33147.0,0.213,38.0,39.2,146.9,30.9,0,3318.9,4,3,21,7,0.3634,1
SEG-0114,2025-08-02,7.61,268.4,6,0.6427,22577.0,0.331,45.5,64.3,194.1,30.0,0,1292.6,3,0,6,3,0.2448,1
SEG-0115,2025-08-02,14.32,1038.1,2,0.351,5373.0,0.406,51.5,19.5,115.2,34.4,0,3305.9,4,2,5,4,0.3897,1
SEG-0116,2025-08-02,5.54,715.1,4,0.6959,45852.0,0.051,20.4,71.2,172.1,29.8,0,392.7,2,0,8,1,0.1796,0
SEG-0117,2025-08-02,6.14,1195.3,4,0.6602,43724.0,0.074,30.6,95.0,496.4,32.5,2,1573.2,2,0,10,0,0.172,0
SEG-0118,2025-08-02,12.7,1056.2,2,0.3912,38821.0,0.301,32.6,36.1,188.7,26.1,0,3329.8,2,3,14,7,0.3292,1
SEG-0119,2025-08-02,8.82,600.4,1,0.539,5567.0,0.148,52.5,9.9,28.9,32.5,0,2468.7,2,0,9,7,0.302,0
SEG-0120,2025-08-02,3.42,1362.8,1,0.7972,10188.0,0.331,45.4,40.5,119.3,30.1,0,343.0,0,1,3,1,0.1114,0
SEG-0121,2025-08-02,9.6,1179.4,4,0.5063,33364.0,0.238,34.0,112.5,269.0,30.6,2,627.3,1,1,13,4,0.2429,1
SEG-0122,2025-08-02,6.94,515.2,2,0.5969,2143.0,0.071,65.5,55.0,253.9,22.4,1,1030.8,1,1,4,3,0.2018,0
SEG-0123,2025-08-02,11.18,641.7,6,0.5092,38234.0,0.349,39.0,21.2,131.0,29.9,0,1480.6,3,1,14,8,0.2922,1
SEG-0124,2025-08-02,4.0,574.5,2,0.7712,17001.0,0.106,46.8,65.7,258.4,27.4,0,536.9,0,0,3,0,0.0884,0
SEG-0125,2025-08-02,9.2,362.8,6,0.5077,29406.0,0.225,41.4,64.1,159.2,32.4,0,1818.4,2,1,13,4,0.2401,0
SEG-0126,2025-08-02,15.18,349.5,2,0.2343,37881.0,0.242,29.4,17.9,55.5,28.6,0,819.4,5,2,19,9,0.3774,1
SEG-0127,2025-08-02,5.9,1413.8,4,0.7112,17715.0,0.235,50.3,55.7,196.9,29.9,0,633.6,2,1,7,3,0.1546,0
SEG-0128,2025-08-02,6.03,741.2,1,0.7254,15199.0,0.262,43.4,41.1,98.4,33.7,0,267.0,0,1,7,3,0.1457,0
SEG-0129,2025-08-02,5.65,667.5,2,0.6449,26142.0,0.259,45.3,48.7,165.4,32.2,0,1484.1,0,0,12,4,0.2071,0
SEG-0130,2025-08-02,5.29,1135.1,4,0.6899,25444.0,0.403,42.5,24.0,136.8,27.8,1,1114.8,1,0,3,5,0.1317,0
SEG-0131,2025-08-02,3.35,896.5,4,0.8306,17572.0,0.399,42.9,83.1,305.9,31.4,0,977.1,0,0,5,0,0.0881,0
SEG-0132,2025-08-02,13.95,1413.8,4,0.3687,30005.0,0.221,42.8,37.9,170.1,36.1,0,3634.4,4,2,15,8,0.2934,1
SEG-0133,2025-08-02,3.65,1203.4,1,0.7462,46365.0,0.063,31.8,91.7,283.8,29.4,1,662.3,0,0,11,1,0.1594,0
SEG-0134,2025-08-02,9.44,797.1,2,0.4557,22652.0,0.294,42.5,38.3,180.1,28.3,0,2359.0,1,0,7,6,0.3079,1
SEG-0135,2025-08-02,14.38,658.1,1,0.368,10268.0,0.383,48.0,85.9,311.6,30.0,1,2927.5,2,1,12,8,0.3231,1
SEG-0136,2025-08-02,4.02,1482.0,1,0.7043,15466.0,0.17,44.3,46.5,173.7,34.2,0,546.3,0,0,2,0,0.155,0
SEG-0137,2025-08-02,3.09,1119.0,2,0.7795,17331.0,0.238,42.8,7.9,42.1,30.0,0,741.8,0,0,7,1,0.1311,0
SEG-0138,2025-08-02,15.21,1434.1,4,0.4155,6405.0,0.175,49.9,73.2,227.1,28.0,2,316.9,5,2,7,6,0.2925,1
SEG-0139,2025-08-02,4.59,309.9,4,0.8612,7148.0,0.085,52.9,76.5,182.7,33.0,0,1088.9,0,0,0,2,0.063,0
SEG-0140,2025-08-02,6.06,1298.2,4,0.7547,32456.0,0.277,37.1,46.5,252.1,33.2,0,618.2,2,2,10,3,0.1102,0
SEG-0141,2025-08-02,14.08,1010.0,4,0.3535,14471.0,0.164,43.4,9.5,61.0,33.1,0,2188.2,3,3,10,7,0.3288,1
SEG-0142,2025-08-02,12.1,314.6,4,0.4466,40904.0,0.312,31.9,125.5,317.8,26.8,0,1753.4,4,2,12,7,0.2509,1
SEG-0143,2025-08-02,10.26,944.1,1,0.4346,13125.0,0.314,58.8,29.4,87.0,31.6,0,1348.4,3,0,10,5,0.3134,1
SEG-0144,2025-08-02,11.87,1076.2,2,0.4895,5070.0,0.343,51.4,14.7,39.9,31.2,1,714.7,4,3,5,2,0.2977,1
SEG-0145,2025-08-02,13.56,166.6,2,0.3792,33820.0,0.208,32.1,29.5,66.0,29.8,0,1430.9,2,3,14,3,0.3417,1
SEG-0146,2025-08-02,9.21,763.3,4,0.53,36989.0,0.124,34.0,65.3,222.9,32.2,0,2601.0,3,0,10,4,0.2471,1
SEG-0147,2025-08-02,12.53,1264.3,1,0.4353,14685.0,0.281,49.5,47.7,224.7,29.1,1,1663.0,2,2,7,4,0.29,1
SEG-0148,2025-08-02,3.89,548.7,2,0.7475,9412.0,0.269,55.6,18.0,114.3,28.6,0,668.9,0,0,8,3,0.0998,0
SEG-0149,2025-08-02,12.27,769.0,2,0.4008,9707.0,0.203,48.9,25.8,133.2,26.0,0,924.2,3,2,11,9,0.2871,1
SEG-0150,2025-08-02,14.03,747.1,1,0.335,22832.0,0.336,40.1,46.4,294.0,29.8,1,3833.1,2,1,14,8,0.335,1
SEG-0151,2025-08-02,7.87,557.6,2,0.6464,22247.0,0.098,47.7,27.0,68.9,29.7,0,968.9,2,1,6,3,0.2327,0
SEG-0152,2025-08-02,13.92,1389.9,4,0.3961,13949.0,0.323,37.4,123.4,280.2,31.0,0,2103.9,3,2,21,5,0.304,1
SEG-0153,2025-08-02,15.04,1204.7,2,0.3346,3299.0,0.099,52.4,23.1,58.8,31.3,0,4123.1,5,1,12,6,0.373,1
SEG-0154,2025-08-02,12.48,299.3,2,0.3982,22469.0,0.093,42.5,14.1,48.7,29.6,0,632.7,3,1,12,7,0.3265,0
SEG-0155,2025-08-02,2.14,1496.0,4,0.9405,43587.0,0.188,36.7,9.7,36.1,31.6,0,478.4,1,0,6,2,0.0064,0
SEG-0156,2025-08-02,12.31,1336.9,2,0.3334,27154.0,0.048,39.1,63.3,166.7,30.9,0,1208.7,2,3,10,4,0.3854,1
SEG-0157,2025-08-02,8.5,533.3,4,0.6211,23523.0,0.043,43.1,13.0,52.7,28.1,0,2005.5,2,0,10,4,0.1799,1
SEG-0158,2025-08-02,4.45,1279.8,2,0.7181,6552.0,0.052,48.2,18.3,118.7,26.0,0,625.1,0,0,2,2,0.1084,0
SEG-0159,2025-08-02,4.55,293.7,2,0.7228,12944.0,0.205,43.4,49.2,140.8,29.1,0,803.9,0,1,4,0,0.1579,0
SEG-0160,2025-08-02,12.26,1498.8,2,0.3506,14588.0,0.329,46.8,85.2,225.2,30.9,0,3362.5,4,1,4,7,0.3781,1
SEG-0161,2025-08-02,3.71,1048.7,2,0.7986,39046.0,0.033,30.1,123.9,490.6,26.9,0,730.8,0,0,7,2,0.0935,0
SEG-0162,2025-08-02,5.74,1027.7,4,0.7235,40050.0,0.245,35.1,45.2,121.2,31.4,0,1175.7,0,1,11,3,0.1192,0
SEG-0163,2025-08-02,7.88,272.1,2,0.6473,41089.0,0.317,27.1,8.4,42.9,30.9,0,1168.0,1,2,16,4,0.1882,1
SEG-0164,2025-08-02,10.16,1361.0,1,0.5004,46132.0,0.113,34.2,105.7,340.1,30.0,3,1987.8,2,2,11,5,0.2259,1
SEG-0165,2025-08-02,5.5,189.1,2,0.7008,49231.0,0.072,24.8,47.9,266.0,27.6,3,1120.6,1,1,6,0,0.1291,0
SEG-0166,2025-08-02,2.39,475.1,4,0.8511,44799.0,0.286,36.0,55.0,186.7,26.2,0,580.5,1,1,10,4,0.0817,0
SEG-0167,2025-08-02,1.85,343.1,4,0.8471,3881.0,0.336,53.0,80.7,187.1,29.1,0,365.5,0,1,0,0,0.0714,0
SEG-0168,2025-08-02,4.11,1198.6,6,0.715,7373.0,0.18,49.8,36.2,174.7,31.0,0,878.5,2,0,7,4,0.087,0
SEG-0169,2025-08-02,4.2,417.6,2,0.8528,16182.0,0.306,45.5,59.4,154.1,31.9,0,708.5,1,0,5,2,0.0862,0
SEG-0170,2025-08-02,8.69,1379.4,2,0.5084,23591.0,0.062,44.3,37.3,153.9,31.8,0,1447.8,1,2,9,5,0.1983,0
SEG-0171,2025-08-02,14.44,1036.0,1,0.3182,5704.0,0.148,50.4,57.1,235.8,30.8,1,2639.8,4,3,10,7,0.2997,1
SEG-0172,2025-08-02,5.15,198.8,2,0.8074,36451.0,0.278,38.6,105.5,244.8,31.2,1,684.7,2,1,9,0,0.0855,0
SEG-0173,2025-08-02,9.94,157.3,6,0.5125,24288.0,0.134,43.5,28.9,65.9,27.0,1,403.7,1,1,13,6,0.2553,0
SEG-0174,2025-08-02,13.33,219.7,4,0.353,22363.0,0.308,35.4,59.4,256.2,28.5,0,2608.0,3,1,13,6,0.3504,1
SEG-0175,2025-08-02,10.63,968.0,2,0.4197,7516.0,0.187,52.1,14.6,84.7,30.1,0,466.1,1,1,11,7,0.3367,0
SEG-0176,2025-08-02,15.53,1232.0,2,0.1973,12456.0,0.314,48.8,9.0,35.2,23.8,0,3187.3,5,3,12,5,0.458,1
SEG-0177,2025-08-02,7.34,472.0,4,0.6726,7300.0,0.173,49.2,33.3,103.5,29.4,0,275.1,1,0,7,5,0.1896,0
SEG-0178,2025-08-02,5.84,1296.7,2,0.7241,33695.0,0.156,31.0,121.5,383.2,30.2,1,725.6,0,2,11,1,0.1914,0
SEG-0179,2025-08-02,14.69,227.3,1,0.397,30226.0,0.104,40.3,18.7,65.5,30.3,0,2840.5,3,2,9,9,0.371,0
SEG-0180,2025-08-02,9.62,1231.3,2,0.4881,34093.0,0.099,39.0,48.5,148.3,29.9,0,1600.0,2,2,19,6,0.2779,0
SEG-0181,2025-08-02,10.45,1402.5,1,0.5448,12744.0,0.277,51.2,25.6,86.1,30.5,0,1122.3,3,1,4,3,0.2508,1
SEG-0182,2025-08-02,14.69,1192.3,2,0.2657,16530.0,0.057,48.8,108.8,256.5,27.1,2,985.3,5,1,12,7,0.43,1
SEG-0183,2025-08-02,14.7,1092.5,1,0.2925,20139.0,0.067,51.0,51.4,182.3,30.8,0,3840.6,3,1,12,4,0.3546,1
SEG-0184,2025-08-02,13.74,1281.3,2,0.269,35858.0,0.107,35.1,81.0,224.8,35.6,1,3810.0,3,3,12,6,0.3495,1
SEG-0185,2025-08-02,9.99,204.2,2,0.5249,34119.0,0.072,35.8,35.0,170.0,29.6,0,1224.4,1,0,8,2,0.2404,0
SEG-0186,2025-08-02,4.52,422.4,2,0.7836,9060.0,0.324,50.0,43.1,112.4,32.9,0,1015.1,1,0,5,3,0.0997,0
SEG-0187,2025-08-02,10.63,318.6,2,0.4176,48030.0,0.149,29.4,56.0,146.1,26.9,0,1164.8,3,3,15,6,0.259,1
SEG-0188,2025-08-02,14.81,831.1,6,0.2193,7047.0,0.355,54.5,10.3,57.2,22.4,0,1229.3,4,2,12,9,0.4286,1
SEG-0189,2025-08-02,11.08,1156.0,4,0.4675,42653.0,0.081,30.0,6.5,37.3,30.5,0,1192.9,1,2,17,6,0.2948,0
SEG-0190,2025-08-02,6.56,1000.5,2,0.6449,5008.0,0.237,48.2,44.3,286.9,31.6,0,1586.9,1,0,5,4,0.1569,0
SEG-0191,2025-08-02,12.28,1299.0,2,0.406,12914.0,0.187,40.9,47.9,166.3,32.7,0,2006.7,4,1,9,5,0.2745,1
SEG-0192,2025-08-02,11.99,359.5,4,0.4524,41895.0,0.182,28.6,37.1,84.8,29.9,0,3323.6,2,3,17,8,0.3348,1
SEG-0193,2025-08-02,12.91,1141.7,2,0.3946,7689.0,0.359,51.6,20.2,50.8,28.8,0,1442.4,2,1,6,5,0.3645,1
SEG-0194,2025-08-02,3.88,410.6,2,0.732,16962.0,0.338,47.5,44.4,161.0,32.7,0,324.9,1,1,4,2,0.1583,0
SEG-0195,2025-08-02,14.4,515.5,4,0.2148,22738.0,0.308,40.4,35.3,91.6,29.9,0,1744.7,2,3,15,10,0.3944,0
SEG-0196,2025-08-02,3.48,1108.4,2,0.9061,12579.0,0.108,46.7,54.1,157.9,32.1,0,970.3,0,0,1,1,0.0413,0
SEG-0197,2025-08-02,2.4,1473.3,4,0.7856,32946.0,0.125,40.8,49.5,259.5,33.1,0,704.2,1,0,5,0,0.054,0
SEG-0198,2025-08-02,13.1,975.6,2,0.3002,44141.0,0.227,24.3,61.8,307.2,30.2,0,868.8,2,2,15,8,0.3829,1
SEG-0199,2025-08-02,4.46,223.6,2,0.7844,42769.0,0.118,27.1,108.7,389.0,28.7,0,382.7,0,0,8,5,0.0602,0
SEG-0200,2025-08-02,1.59,982.0,2,0.8378,17305.0,0.289,45.5,104.9,333.5,29.5,0,458.4,0,0,3,2,0.063,0
SEG-0201,2025-08-02,9.58,207.2,2,0.3993,21518.0,0.239,38.5,15.8,72.9,30.1,0,2672.9,3,2,6,9,0.2947,0
SEG-0202,2025-08-02,7.51,1343.6,2,0.6262,12353.0,0.215,44.8,186.3,443.1,26.8,1,450.2,1,2,7,5,0.1902,1
SEG-0203,2025-08-02,9.29,1107.9,2,0.6077,11822.0,0.305,48.9,44.3,205.7,34.4,0,2123.8,3,2,10,5,0.2022,1
SEG-0204,2025-08-02,3.36,383.7,4,0.8196,6964.0,0.277,56.4,28.3,173.0,28.4,0,483.3,0,1,2,1,0.0764,0
SEG-0205,2025-08-02,6.66,273.8,2,0.6317,42037.0,0.057,27.8,106.8,265.8,31.6,1,1386.4,0,1,17,4,0.2101,0
SEG-0206,2025-08-02,4.51,397.8,2,0.7782,42637.0,0.053,32.6,28.6,145.0,25.2,0,855.8,0,0,10,1,0.1023,0
SEG-0207,2025-08-02,14.53,1473.0,4,0.2311,34145.0,0.257,32.0,26.2,60.5,28.5,0,740.7,4,3,22,10,0.3573,1
SEG-0208,2025-08-02,6.68,769.1,4,0.5885,20698.0,0.198,42.7,37.2,87.6,31.4,1,289.4,1,0,7,1,0.2086,0
SEG-0209,2025-08-02,11.23,1208.5,2,0.372,24916.0,0.107,40.3,187.6,542.4,39.3,1,2448.4,2,3,5,4,0.2872,1
SEG-0210,2025-08-02,3.31,1009.2,2,0.8676,20709.0,0.179,41.5,64.4,150.5,28.6,0,421.9,1,1,6,0,0.0824,0
SEG-0211,2025-08-02,13.66,922.8,6,0.3816,20938.0,0.269,41.2,15.1,50.6,27.5,0,3816.5,4,1,19,9,0.3581,1
SEG-0212,2025-08-02,2.65,345.9,2,0.9175,21055.0,0.327,46.4,95.4,221.2,31.0,1,695.9,0,1,2,0,0.0398,0
SEG-0213,2025-08-02,6.44,1427.1,4,0.6444,7696.0,0.239,51.0,63.5,161.8,23.4,0,1534.2,1,0,7,6,0.171,0
SEG-0214,2025-08-02,4.07,556.8,4,0.8725,6840.0,0.182,48.8,41.3,143.4,31.1,0,598.4,1,0,3,3,0.0281,0
SEG-0215,2025-08-02,6.42,930.3,4,0.6787,37399.0,0.142,29.4,48.6,111.9,33.7,0,692.4,1,1,14,6,0.1676,0
SEG-0216,2025-08-02,15.56,1094.7,2,0.2167,24413.0,0.228,43.3,11.0,55.9,26.3,1,694.4,4,3,18,8,0.3912,1
SEG-0217,2025-08-02,15.37,1026.5,2,0.213,47597.0,0.16,33.6,22.4,69.7,30.5,0,1788.6,5,3,18,9,0.4364,1
SEG-0218,2025-08-02,8.54,1419.8,1,0.6203,9105.0,0.198,47.6,89.6,258.4,27.8,0,2136.9,3,1,4,2,0.2303,0
SEG-0219,2025-08-02,5.06,350.4,2,0.7558,27850.0,0.279,50.6,19.2,71.4,28.8,1,409.4,2,1,6,4,0.0628,0
SEG-0220,2025-08-02,10.62,836.3,6,0.4624,9023.0,0.089,54.1,180.3,417.9,30.8,0,2373.1,1,2,13,7,0.273,1
SEG-0221,2025-08-02,15.04,695.4,2,0.3832,12296.0,0.055,53.2,14.6,57.5,30.5,0,3943.5,4,3,7,5,0.3655,1
SEG-0222,2025-08-02,12.72,790.1,2,0.4249,1982.0,0.143,54.7,23.6,93.1,32.8,0,2920.5,4,2,13,9,0.3335,1
SEG-0223,2025-08-02,8.13,310.9,1,0.6175,5520.0,0.338,50.9,56.8,367.7,25.4,1,2217.9,2,0,10,1,0.2141,0
SEG-0224,2025-08-02,10.0,331.0,6,0.5541,36604.0,0.253,33.1,77.9,201.7,24.9,0,2302.4,1,2,13,5,0.2414,1
SEG-0225,2025-08-02,7.51,525.4,1,0.6375,17023.0,0.098,43.9,136.9,310.9,28.1,1,2116.9,1,0,12,4,0.1878,1
SEG-0226,2025-08-02,11.3,561.4,1,0.3455,28943.0,0.345,36.6,46.2,129.9,27.6,0,1892.2,4,1,10,5,0.3002,1
SEG-0227,2025-08-02,7.77,727.7,2,0.645,24009.0,0.211,37.4,69.1,205.2,30.2,0,1117.4,2,1,8,4,0.2113,1
SEG-0228,2025-08-02,11.62,974.8,1,0.3171,16238.0,0.169,50.3,173.6,650.0,35.2,0,1432.8,3,1,9,6,0.3329,1
SEG-0229,2025-08-02,15.16,1006.7,2,0.3366,22200.0,0.372,42.4,29.0,100.9,32.8,0,3404.2,4,2,10,4,0.3515,1
SEG-0230,2025-08-02,13.35,705.9,2,0.3686,9433.0,0.057,52.7,15.2,96.3,29.0,0,710.6,2,1,10,8,0.3188,0
SEG-0231,2025-08-02,8.35,701.9,2,0.5247,45539.0,0.128,24.7,54.2,127.1,26.7,0,869.2,3,0,10,4,0.2148,0
SEG-0232,2025-08-02,15.02,443.8,1,0.2987,31550.0,0.252,29.9,74.0,240.3,32.3,1,3890.5,4,1,8,9,0.3757,1
SEG-0233,2025-08-02,5.66,944.2,1,0.6754,30159.0,0.118,30.8,84.9,206.6,32.2,0,1515.9,2,0,4,0,0.1589,0
SEG-0234,2025-08-02,5.38,578.0,2,0.7132,18564.0,0.263,46.2,21.1,77.8,26.2,0,1378.5,2,0,9,4,0.1658,1
SEG-0235,2025-08-02,4.17,198.7,1,0.818,8747.0,0.084,48.4,98.0,247.6,31.0,0,648.1,0,0,1,0,0.1271,0
SEG-0236,2025-08-02,14.8,714.8,2,0.2073,42782.0,0.11,29.2,30.5,113.5,27.3,1,3249.8,3,3,16,8,0.4513,1
SEG-0237,2025-08-02,8.93,790.1,2,0.575,14458.0,0.109,54.0,132.8,394.4,32.8,0,1913.2,1,2,4,4,0.1637,1
SEG-0238,2025-08-02,13.77,454.6,2,0.3436,3407.0,0.161,55.1,58.2,139.9,26.8,0,1974.4,2,1,13,7,0.3456,1
SEG-0239,2025-08-02,9.05,922.8,2,0.5766,16106.0,0.11,44.1,57.9,204.4,30.9,0,556.7,3,0,4,4,0.2315,0
SEG-0240,2025-08-02,12.73,913.8,2,0.4031,35071.0,0.086,26.3,62.9,405.1,26.9,0,1841.9,4,3,11,9,0.3067,1
SEG-0241,2025-08-02,14.33,1097.7,1,0.1345,31724.0,0.325,35.5,39.0,146.5,28.3,0,1268.4,2,3,15,11,0.4726,1
SEG-0242,2025-08-02,13.09,1024.7,1,0.3232,36184.0,0.164,32.5,12.4,57.5,28.5,0,2085.9,3,3,9,6,0.3312,0
SEG-0243,2025-08-02,4.05,1030.8,4,0.7768,38907.0,0.135,40.1,39.6,193.0,28.3,0,398.6,0,0,9,1,0.0649,0
SEG-0244,2025-08-02,2.41,576.9,1,0.8388,8854.0,0.096,52.6,81.4,371.1,30.0,0,390.5,0,1,2,2,0.0979,0
SEG-0245,2025-08-02,4.52,1213.0,2,0.7964,36348.0,0.155,36.9,190.1,464.8,26.7,1,415.3,2,0,4,0,0.0862,0
SEG-0246,2025-08-02,4.93,891.3,2,0.7588,18275.0,0.14,41.7,12.3,80.9,31.4,0,405.2,0,0,5,3,0.0863,0
SEG-0247,2025-08-02,9.88,732.4,2,0.497,25672.0,0.276,39.7,45.3,164.5,28.1,0,2709.5,3,1,10,3,0.3201,0
SEG-0248,2025-08-02,10.76,995.1,2,0.4386,1051.0,0.112,57.4,17.5,106.4,27.3,0,1835.0,3,3,4,5,0.2839,0
SEG-0249,2025-08-02,2.29,636.9,4,0.7478,49602.0,0.327,26.1,87.0,204.0,25.2,1,563.7,1,0,9,0,0.1277,0
SEG-0250,2025-08-02,5.98,842.2,4,0.6932,12895.0,0.372,42.8,40.7,201.6,31.0,0,1163.7,2,1,6,7,0.1443,0
SEG-0001,2025-08-17,3.02,1030.1,4,0.7265,11967.0,0.027,49.2,87.8,463.8,29.1,0,332.0,0,0,8,2,0.1625,0
SEG-0002,2025-08-17,8.56,1321.1,4,0.5322,13147.0,0.228,48.3,99.9,225.3,29.3,0,1021.7,2,2,13,8,0.1843,0
SEG-0003,2025-08-17,12.15,762.8,4,0.4023,12081.0,0.102,54.4,72.4,316.7,30.2,0,2570.1,4,3,3,7,0.3199,0
SEG-0004,2025-08-17,8.18,484.6,2,0.5773,18830.0,0.113,44.3,68.8,154.3,26.0,0,737.7,3,1,12,2,0.2516,0
SEG-0005,2025-08-17,5.46,469.5,2,0.7233,27834.0,0.247,43.5,139.0,460.5,26.7,0,1264.9,0,1,6,2,0.1511,0
SEG-0006,2025-08-17,7.77,1157.1,4,0.5435,9966.0,0.181,48.4,82.2,402.3,28.5,1,1968.1,1,0,10,5,0.2742,1
SEG-0007,2025-08-17,5.67,1252.4,2,0.7332,14502.0,0.31,46.8,114.6,256.4,24.2,0,268.2,2,1,1,0,0.0716,0
SEG-0008,2025-08-17,3.5,292.1,4,0.8493,43636.0,0.191,35.7,74.5,185.3,27.9,0,325.0,1,0,1,2,0.0509,0
SEG-0009,2025-08-17,5.23,239.9,2,0.7415,3444.0,0.256,50.5,108.0,290.6,22.9,0,472.3,0,0,1,0,0.0858,0
SEG-0010,2025-08-17,11.4,952.5,1,0.4413,21590.0,0.185,35.6,30.0,125.4,33.2,0,1226.8,4,3,7,5,0.3075,0
SEG-0011,2025-08-17,10.95,347.3,1,0.4975,28562.0,0.305,35.6,20.8,65.0,28.4,0,1800.4,1,3,12,6,0.312,0
SEG-0012,2025-08-17,10.58,1263.3,4,0.4591,7261.0,0.197,49.8,88.2,223.0,30.0,0,613.7,2,2,8,6,0.2564,1
SEG-0013,2025-08-17,8.87,569.0,1,0.5141,3231.0,0.177,55.4,70.7,209.7,27.9,0,1736.1,3,1,5,6,0.2633,0
SEG-0014,2025-08-17,9.32,344.2,2,0.5362,6359.0,0.366,55.3,33.1,83.0,30.1,0,340.8,1,1,7,3,0.219,0
SEG-0015,2025-08-17,15.21,1393.3,2,0.1925,36791.0,0.179,31.2,15.3,64.2,28.0,1,1366.3,4,1,13,5,0.445,1
SEG-0016,2025-08-17,2.65,373.5,2,0.8353,1533.0,0.08,57.2,79.0,196.8,27.2,0,286.1,0,0,2,0,0.0385,0
SEG-0017,2025-08-17,2.31,534.4,2,0.887,8419.0,0.268,48.5,12.7,52.7,29.2,0,659.4,0,0,3,2,0.0446,0
SEG-0018,2025-08-17,14.46,357.4,4,0.222,2036.0,0.32,53.5,43.5,161.1,29.3,0,3285.7,3,1,13,8,0.4266,1
SEG-0019,2025-08-17,9.74,305.9,1,0.5057,5691.0,0.052,58.2,42.5,210.0,28.9,0,1696.0,3,0,7,5,0.2181,1
SEG-0020,2025-08-17,10.13,178.5,4,0.4336,28521.0,0.195,43.7,5.2,30.1,26.1,0,2447.7,3,1,9,6,0.2986,1
SEG-0021,2025-08-17,4.69,224.8,4,0.713,10139.0,0.361,48.6,105.9,442.5,23.6,1,740.2,0,0,8,2,0.1325,0
SEG-0022,2025-08-17,5.7,385.8,2,0.6414,29216.0,0.295,35.7,62.4,166.3,30.4,0,576.6,0,1,9,4,0.1551,0
SEG-0023,2025-08-17,4.16,222.1,2,0.7993,28086.0,0.37,41.2,21.4,74.5,30.4,0,445.9,0,1,12,4,0.1032,0
SEG-0024,2025-08-17,6.77,948.0,2,0.6266,34188.0,0.189,35.7,27.5,141.6,23.2,0,662.4,2,1,11,3,0.1342,0
SEG-0025,2025-08-17,2.71,1069.0,1,0.7743,1310.0,0.268,56.5,23.9,81.4,28.3,1,689.9,0,0,1,1,0.1136,0
SEG-0026,2025-08-17,4.9,681.4,2,0.7827,36024.0,0.143,37.7,58.9,131.4,26.4,0,703.1,2,0,9,3,0.1325,0
SEG-0027,2025-08-17,4.73,579.3,6,0.8047,29575.0,0.366,48.7,16.9,48.5,27.9,0,1318.2,1,0,5,3,0.0787,0
SEG-0028,2025-08-17,13.89,831.1,6,0.4321,9039.0,0.17,46.8,20.7,95.7,29.3,0,1857.7,3,2,16,6,0.2698,0
SEG-0029,2025-08-17,15.15,1331.3,4,0.247,31274.0,0.296,44.0,18.6,50.5,27.1,0,1197.6,3,2,12,10,0.3367,1
SEG-0030,2025-08-17,9.86,1299.0,2,0.4801,41268.0,0.145,33.6,92.1,254.8,28.2,0,767.4,1,1,8,2,0.268,0
SEG-0031,2025-08-17,10.13,208.7,2,0.4498,12999.0,0.237,48.6,30.3,100.1,27.4,0,836.0,1,1,13,6,0.3272,0
SEG-0032,2025-08-17,15.01,395.0,4,0.3305,43475.0,0.274,29.4,29.5,134.1,22.7,0,1092.3,3,3,17,6,0.4097,1
SEG-0033,2025-08-17,5.05,469.6,2,0.777,21522.0,0.21,42.3,37.2,111.7,27.6,0,1122.4,2,0,7,1,0.1423,0
SEG-0034,2025-08-17,12.34,486.7,2,0.3558,25507.0,0.341,42.2,44.2,125.2,26.0,0,2247.0,2,2,17,8,0.3786,1
SEG-0035,2025-08-17,2.84,921.2,1,0.7895,48613.0,0.206,34.5,34.9,165.9,27.8,0,350.0,1,0,10,0,0.0609,0
SEG-0036,2025-08-17,14.66,712.0,2,0.2862,18671.0,0.281,36.7,14.1,84.7,26.9,0,3127.9,5,1,11,11,0.3446,1
SEG-0037,2025-08-17,15.27,216.5,2,0.1947,40446.0,0.179,30.9,86.0,318.6,27.1,1,1157.7,4,2,13,9,0.4723,1
SEG-0038,2025-08-17,8.56,654.4,2,0.5478,13835.0,0.186,50.6,22.1,54.5,28.1,0,1883.9,3,0,12,7,0.261,0
SEG-0039,2025-08-17,6.62,857.1,2,0.6476,30946.0,0.178,40.5,49.8,130.7,26.7,0,1209.4,2,0,7,2,0.204,0
SEG-0040,2025-08-17,6.86,287.3,4,0.7533,28917.0,0.137,43.9,109.3,257.1,24.7,3,1168.6,0,1,5,2,0.1243,1
SEG-0041,2025-08-17,7.56,1275.2,6,0.615,11656.0,0.096,48.3,63.6,164.7,30.1,0,1107.5,0,1,6,3,0.2122,0
SEG-0042,2025-08-17,8.32,220.1,2,0.5465,18988.0,0.294,39.2,85.7,195.0,29.0,1,1287.2,3,0,4,2,0.2631,0
SEG-0043,2025-08-17,2.0,1398.5,4,0.859,17221.0,0.265,49.5,12.2,49.3,25.0,0,488.9,0,0,5,0,0.1191,0
SEG-0044,2025-08-17,3.57,283.8,6,0.7471,4571.0,0.259,46.4,90.2,262.1,25.6,0,272.3,1,0,5,5,0.1564,0
SEG-0045,2025-08-17,8.3,1288.8,1,0.5229,2304.0,0.02,58.7,69.1,275.3,35.0,1,1933.2,3,1,10,6,0.2789,0
SEG-0046,2025-08-17,4.59,1368.6,2,0.7531,14403.0,0.161,49.2,58.3,145.6,22.7,0,338.3,1,0,0,0,0.1632,0
SEG-0047,2025-08-17,7.26,1472.4,2,0.5997,1808.0,0.099,52.3,91.2,302.4,26.1,0,2008.4,2,1,4,3,0.2495,0
SEG-0048,2025-08-17,9.91,1232.7,1,0.5008,8172.0,0.316,52.5,110.3,274.8,25.8,2,1481.4,1,2,6,8,0.218,1
SEG-0049,2025-08-17,11.46,1202.3,4,0.4382,30213.0,0.35,39.2,29.1,66.1,33.2,0,1835.7,4,3,12,8,0.2573,0
SEG-0050,2025-08-17,15.26,1017.4,2,0.2313,29469.0,0.106,40.1,113.6,272.5,28.2,1,1549.4,4,3,17,6,0.3998,1
SEG-0051,2025-08-17,7.15,1201.6,2,0.6826,37935.0,0.264,31.8,86.8,196.4,26.9,0,779.9,2,1,10,3,0.1301,0
SEG-0052,2025-08-17,14.84,331.6,2,0.2382,15611.0,0.106,47.6,88.8,221.5,25.3,0,1339.1,5,2,10,11,0.3735,1
SEG-0053,2025-08-17,7.66,873.7,2,0.5943,35912.0,0.111,37.5,36.9,118.7,24.9,0,675.8,2,2,14,4,0.2506,0
SEG-0054,2025-08-17,2.78,844.2,4,0.8334,27637.0,0.082,40.4,39.2,258.5,29.2,0,775.6,0,0,5,0,0.0302,0
SEG-0055,2025-08-17,5.34,1307.7,1,0.6872,7102.0,0.137,52.0,104.7,402.4,26.1,1,1057.9,1,0,2,2,0.1969,0
SEG-0056,2025-08-17,5.33,774.8,2,0.7193,7714.0,0.292,51.0,26.1,58.2,26.5,0,662.8,2,0,2,5,0.1379,0
SEG-0057,2025-08-17,11.1,669.9,2,0.4138,28073.0,0.334,32.4,65.1,157.2,24.9,0,537.6,2,2,8,3,0.3213,0
SEG-0058,2025-08-17,5.73,1013.4,2,0.6949,8940.0,0.094,55.9,43.7,258.1,29.0,1,729.7,0,2,4,2,0.1386,0
SEG-0059,2025-08-17,9.78,509.7,2,0.5502,20816.0,0.246,43.4,10.9,38.8,29.0,0,301.6,3,1,9,4,0.2558,0
SEG-0060,2025-08-17,4.23,338.7,2,0.7989,42222.0,0.255,30.2,19.1,55.7,23.3,0,928.8,1,0,6,2,0.1268,0
SEG-0061,2025-08-17,13.99,795.1,1,0.2721,1234.0,0.386,53.7,64.3,200.6,29.2,0,511.0,4,1,8,5,0.3553,1
SEG-0062,2025-08-17,8.81,712.8,2,0.6122,1643.0,0.256,55.7,61.1,361.5,26.9,0,305.2,3,0,6,3,0.21,0
SEG-0063,2025-08-17,15.24,464.0,4,0.2359,42449.0,0.123,32.4,31.4,174.3,23.3,1,1668.5,5,2,10,6,0.393,1
SEG-0064,2025-08-17,14.07,646.1,2,0.3635,24829.0,0.255,44.0,62.6,167.8,29.8,0,2838.9,3,3,9,7,0.3676,1
SEG-0065,2025-08-17,3.46,644.6,2,0.8559,5605.0,0.143,54.9,18.7,110.8,23.6,0,538.0,0,0,2,2,0.1089,0
SEG-0066,2025-08-17,11.38,592.1,2,0.5153,44959.0,0.336,32.4,61.1,162.5,25.7,1,1478.3,3,3,16,7,0.3156,1
SEG-0067,2025-08-17,6.62,662.3,4,0.6446,39798.0,0.128,25.7,23.0,147.2,26.0,0,450.2,0,1,14,6,0.2109,0
SEG-0068,2025-08-17,8.09,1075.8,1,0.5597,22337.0,0.256,46.6,35.7,186.6,27.6,0,1697.9,1,2,13,4,0.2994,1
SEG-0069,2025-08-17,15.42,550.8,2,0.2711,29251.0,0.061,42.4,27.9,64.4,25.3,0,2537.2,3,3,12,8,0.3511,1
SEG-0070,2025-08-17,14.27,1431.0,2,0.3555,14483.0,0.173,52.8,75.2,210.6,29.0,1,3757.0,3,1,10,7,0.3556,1
SEG-0071,2025-08-17,7.45,1387.1,2,0.6868,3477.0,0.339,54.9,46.3,298.1,31.5,1,505.2,2,0,6,1,0.1969,0
SEG-0072,2025-08-17,10.05,799.2,4,0.4773,24548.0,0.276,44.3,34.0,156.0,27.6,0,522.1,1,1,5,6,0.2461,1
SEG-0073,2025-08-17,11.89,593.3,2,0.4627,12411.0,0.199,54.3,31.4,90.8,29.0,0,1668.8,2,3,5,6,0.2742,1
SEG-0074,2025-08-17,3.09,872.8,4,0.7927,30341.0,0.401,35.7,76.9,173.2,31.5,0,698.7,0,0,8,2,0.1502,0
SEG-0075,2025-08-17,4.15,1295.6,4,0.764,41497.0,0.322,26.3,25.9,96.5,23.1,0,652.5,2,0,5,2,0.158,0
SEG-0076,2025-08-17,15.35,1031.0,2,0.248,1748.0,0.177,51.1,11.7,59.1,28.3,0,2612.9,4,2,13,10,0.375,1
SEG-0077,2025-08-17,7.92,1235.9,4,0.5312,24688.0,0.227,43.7,17.6,106.3,27.7,0,625.3,1,1,9,4,0.2594,1
SEG-0078,2025-08-17,5.35,869.2,2,0.7054,11992.0,0.205,50.4,113.7,273.6,31.5,1,492.8,2,0,7,6,0.0886,0
SEG-0079,2025-08-17,14.31,1004.4,4,0.3245,36128.0,0.262,32.4,12.3,50.5,29.1,0,2066.7,3,1,15,7,0.3408,1
SEG-0080,2025-08-17,1.76,539.0,2,0.8602,11637.0,0.154,45.6,33.6,195.1,25.0,1,421.4,0,0,2,3,0.0239,0
SEG-0081,2025-08-17,9.29,1142.1,2,0.5523,29857.0,0.095,45.2,79.4,196.6,27.8,0,1945.4,3,2,11,6,0.172,0
SEG-0082,2025-08-17,9.9,423.2,2,0.388,27088.0,0.338,39.0,76.2,285.8,25.9,0,577.3,3,1,4,8,0.3191,1
SEG-0083,2025-08-17,14.42,1088.0,1,0.3017,16313.0,0.353,46.3,40.1,216.5,25.4,0,647.0,3,1,15,10,0.364,1
SEG-0084,2025-08-17,5.09,1312.0,2,0.6574,30251.0,0.317,44.0,19.4,90.0,27.1,0,1046.0,1,0,14,7,0.2001,0
SEG-0085,2025-08-17,1.74,328.3,4,0.8968,29756.0,0.364,38.1,22.5,76.4,22.3,0,506.1,0,0,6,3,0.0882,0
SEG-0086,2025-08-17,2.12,979.4,2,0.8522,27431.0,0.288,41.5,33.8,149.7,31.1,0,450.0,1,0,5,2,0.0609,0
SEG-0087,2025-08-17,10.27,278.4,2,0.4938,37111.0,0.275,31.9,41.6,141.9,21.5,0,329.6,2,0,8,4,0.2801,0
SEG-0088,2025-08-17,14.51,1129.7,2,0.3005,43652.0,0.311,34.7,97.0,295.0,23.2,0,3444.1,2,3,18,8,0.3741,1
SEG-0089,2025-08-17,9.56,264.1,2,0.471,19629.0,0.224,44.2,27.0,88.5,26.0,0,2554.8,3,2,11,8,0.3054,1
SEG-0090,2025-08-17,13.81,1413.5,1,0.2942,25937.0,0.146,35.8,32.0,131.1,24.0,0,323.9,3,2,11,6,0.3747,1
SEG-0091,2025-08-17,2.17,335.5,4,0.8732,1603.0,0.127,59.7,78.6,218.1,26.8,0,590.7,0,0,1,2,0.0304,0
SEG-0092,2025-08-17,3.98,1444.5,2,0.8504,32802.0,0.24,30.8,34.8,90.3,26.4,0,627.8,0,1,8,2,0.0625,0
SEG-0093,2025-08-17,4.96,1231.2,2,0.6976,22818.0,0.125,42.3,129.3,435.3,28.6,0,305.5,2,0,5,4,0.1122,0
SEG-0094,2025-08-17,9.69,951.5,2,0.5503,18049.0,0.111,39.0,49.2,110.7,28.1,0,1111.5,1,1,7,5,0.2642,0
SEG-0095,2025-08-17,10.3,1206.5,1,0.547,5672.0,0.212,50.6,50.8,175.3,25.8,0,937.9,1,1,8,5,0.2153,1
SEG-0096,2025-08-17,14.93,1223.4,2,0.2823,36356.0,0.17,34.1,26.2,132.1,29.7,0,1716.9,4,1,17,8,0.4306,1
SEG-0097,2025-08-17,5.34,1427.1,4,0.6619,17934.0,0.083,46.8,50.8,210.3,29.2,0,1062.5,2,0,5,3,0.1545,0
SEG-0098,2025-08-17,3.61,492.1,2,0.8123,31833.0,0.306,32.9,45.6,143.7,30.5,0,586.1,0,0,7,3,0.0732,0
SEG-0099,2025-08-17,8.86,946.6,6,0.5677,7941.0,0.298,45.3,120.9,273.9,32.9,0,2092.4,3,2,10,4,0.2105,0
SEG-0100,2025-08-17,12.49,278.3,2,0.3419,42037.0,0.057,32.9,65.0,235.9,26.2,1,496.4,4,1,11,7,0.2806,1
SEG-0101,2025-08-17,7.43,981.8,2,0.6445,7851.0,0.027,51.0,14.4,38.3,28.8,0,1042.6,0,0,4,3,0.1946,0
SEG-0102,2025-08-17,7.37,381.2,4,0.5726,8383.0,0.148,49.5,75.1,199.7,24.5,0,1618.8,2,1,8,5,0.1925,0
SEG-0103,2025-08-17,10.72,912.7,4,0.4387,33295.0,0.304,43.2,21.7,138.2,32.1,0,1952.8,2,1,10,6,0.2407,1
SEG-0104,2025-08-17,10.76,922.8,4,0.3864,37326.0,0.357,26.0,33.5,205.1,30.8,0,2416.1,1,3,9,6,0.2913,0
SEG-0105,2025-08-17,15.24,779.1,6,0.2797,10603.0,0.042,51.8,54.9,131.4,22.3,0,3495.3,5,2,14,7,0.3872,1
SEG-0106,2025-08-17,14.87,855.6,4,0.3162,21766.0,0.318,40.0,4.3,20.5,26.6,0,3503.9,5,2,8,11,0.3685,1
SEG-0107,2025-08-17,8.62,1181.3,4,0.4348,32709.0,0.1,28.8,31.7,114.5,24.8,0,1118.7,1,1,18,6,0.3111,1
SEG-0108,2025-08-17,6.36,1229.0,1,0.5947,41157.0,0.186,33.3,41.4,112.7,23.5,0,310.0,1,1,13,4,0.1859,0
SEG-0109,2025-08-17,8.91,814.4,4,0.478,16563.0,0.387,42.4,77.5,260.7,26.6,2,1019.0,2,2,11,3,0.2127,0
SEG-0110,2025-08-17,2.99,959.5,2,0.7307,24613.0,0.126,42.2,22.0,126.7,28.7,0,784.2,1,0,11,2,0.1556,0
SEG-0111,2025-08-17,6.53,1407.2,2,0.6016,37473.0,0.075,35.1,62.4,393.1,29.9,0,1230.5,0,0,13,1,0.2239,0
SEG-0112,2025-08-17,6.97,311.6,2,0.6226,37058.0,0.207,33.0,39.9,157.0,31.6,0,1660.3,0,2,9,7,0.2027,1
SEG-0113,2025-08-17,12.15,308.1,6,0.3378,35086.0,0.226,35.6,118.2,302.2,27.3,0,3333.9,4,3,11,4,0.3371,1
SEG-0114,2025-08-17,7.65,268.4,6,0.6892,25131.0,0.368,44.4,21.9,67.6,22.4,0,1307.6,3,0,8,0,0.2137,0
SEG-0115,2025-08-17,14.36,1038.1,2,0.3351,5794.0,0.387,51.6,62.8,143.5,29.0,0,3320.9,4,2,12,6,0.3677,1
SEG-0116,2025-08-17,5.58,715.1,4,0.6677,44580.0,0.055,33.5,76.2,239.5,30.0,0,407.7,2,0,9,3,0.1834,0
SEG-0117,2025-08-17,6.18,1195.3,4,0.7142,41831.0,0.046,28.0,27.1,78.5,26.8,0,1588.2,2,0,5,1,0.1612,0
SEG-0118,2025-08-17,12.74,1056.2,2,0.3404,32406.0,0.315,31.5,67.0,252.1,25.7,2,3344.8,2,3,7,4,0.3587,1
SEG-0119,2025-08-17,8.86,600.4,1,0.456,4609.0,0.154,58.6,66.8,209.2,29.9,0,2483.7,2,0,11,6,0.3269,1
SEG-0120,2025-08-17,3.46,1362.8,1,0.7722,9194.0,0.319,55.9,51.3,314.4,25.0,2,358.0,0,1,2,0,0.1347,1
SEG-0121,2025-08-17,9.64,1179.4,4,0.4926,29856.0,0.258,35.3,55.9,238.3,27.3,0,642.3,1,1,18,7,0.2726,1
SEG-0122,2025-08-17,6.99,515.2,2,0.6387,1934.0,0.08,62.9,71.5,169.4,26.0,0,1045.8,1,1,6,5,0.171,1
SEG-0123,2025-08-17,11.22,641.7,6,0.4683,40605.0,0.32,35.9,30.7,198.0,27.9,0,1495.6,3,1,16,6,0.2956,0
SEG-0124,2025-08-17,4.04,574.5,2,0.7737,16449.0,0.102,45.2,48.8,122.2,28.4,0,551.9,0,0,5,0,0.12,0
SEG-0125,2025-08-17,9.24,362.8,6,0.4993,31400.0,0.211,40.2,48.6,163.3,30.7,0,1833.4,2,1,5,5,0.2358,0
SEG-0126,2025-08-17,15.22,349.5,2,0.2022,34072.0,0.211,34.1,35.6,150.1,22.1,0,834.4,5,2,11,12,0.375,1
SEG-0127,2025-08-17,5.94,1413.8,4,0.6841,16915.0,0.211,46.2,49.3,257.0,25.4,2,648.6,2,1,7,4,0.1842,0
SEG-0128,2025-08-17,6.07,741.2,1,0.6912,14210.0,0.252,40.3,16.5,89.5,26.4,0,282.0,0,1,8,0,0.1589,0
SEG-0129,2025-08-17,5.69,667.5,2,0.6958,27960.0,0.264,46.6,36.6,104.6,24.4,0,1499.1,0,0,9,3,0.2089,0
SEG-0130,2025-08-17,5.33,1135.1,4,0.6909,25120.0,0.359,42.3,45.3,205.7,29.9,0,1129.8,1,0,6,2,0.0921,0
SEG-0131,2025-08-17,3.39,896.5,4,0.804,18209.0,0.382,45.2,65.2,169.4,26.7,0,992.1,0,0,2,0,0.1136,0
SEG-0132,2025-08-17,13.99,1413.8,4,0.3904,27902.0,0.244,38.1,37.6,133.5,32.0,1,3649.4,4,2,11,6,0.3065,1
SEG-0133,2025-08-17,3.69,1203.4,1,0.7769,41456.0,0.068,36.7,69.6,174.0,27.8,0,677.3,0,0,14,3,0.1536,0
SEG-0134,2025-08-17,9.48,797.1,2,0.4508,19031.0,0.288,46.8,34.1,134.1,26.4,0,2374.0,1,0,13,9,0.3147,1
SEG-0135,2025-08-17,14.42,658.1,1,0.3419,9332.0,0.348,49.8,51.0,124.4,24.7,0,2942.5,2,1,14,9,0.2992,1
SEG-0136,2025-08-17,4.06,1482.0,1,0.6963,17240.0,0.177,44.4,55.7,170.2,28.9,0,561.3,0,0,7,0,0.1752,0
SEG-0137,2025-08-17,3.13,1119.0,2,0.7753,16230.0,0.23,46.7,56.6,161.7,29.6,0,756.8,0,0,4,1,0.1546,0
SEG-0138,2025-08-17,15.25,1434.1,4,0.4294,6599.0,0.212,51.0,19.1,54.7,30.4,0,331.9,5,2,13,8,0.2958,0
SEG-0139,2025-08-17,4.63,309.9,4,0.8427,8064.0,0.055,46.8,95.4,450.6,26.5,0,1103.9,0,0,2,1,0.0673,0
SEG-0140,2025-08-17,6.1,1298.2,4,0.766,28052.0,0.279,34.9,9.4,27.2,30.6,0,633.2,2,2,13,2,0.0922,0
SEG-0141,2025-08-17,14.12,1010.0,4,0.2941,16798.0,0.158,42.2,37.4,126.0,23.9,0,2203.2,3,3,11,6,0.3488,1
SEG-0142,2025-08-17,12.14,314.6,4,0.4544,39722.0,0.34,28.8,53.8,242.8,28.2,0,1768.4,4,2,12,8,0.2589,1
SEG-0143,2025-08-17,10.3,944.1,1,0.4353,11430.0,0.361,55.2,60.1,184.5,27.6,0,1363.4,3,0,10,4,0.3105,0
SEG-0144,2025-08-17,11.91,1076.2,2,0.4631,4707.0,0.273,52.1,14.5,82.7,31.5,0,729.7,4,3,5,3,0.3029,0
SEG-0145,2025-08-17,13.6,166.6,2,0.3785,29100.0,0.17,40.5,7.8,43.0,26.9,0,1445.9,2,3,9,3,0.3646,0
SEG-0146,2025-08-17,9.25,763.3,4,0.556,42135.0,0.125,25.6,97.0,232.9,27.6,1,2616.0,3,0,10,2,0.2762,0
SEG-0147,2025-08-17,12.57,1264.3,1,0.4149,11453.0,0.267,52.5,21.8,107.2,26.9,0,1678.0,2,2,7,5,0.306,1
SEG-0148,2025-08-17,3.93,548.7,2,0.7405,10651.0,0.32,48.2,29.5,126.4,30.1,0,683.9,0,0,3,2,0.1392,0
SEG-0149,2025-08-17,12.31,769.0,2,0.3536,7971.0,0.207,50.8,97.9,422.8,29.6,1,939.2,3,2,13,8,0.3014,1
SEG-0150,2025-08-17,14.07,747.1,1,0.3484,21066.0,0.356,44.7,55.6,300.3,28.0,0,3848.1,2,1,12,7,0.286,1
SEG-0151,2025-08-17,7.91,557.6,2,0.6458,22662.0,0.103,43.4,70.5,179.3,28.1,0,983.9,2,1,13,4,0.2246,0
SEG-0152,2025-08-17,13.96,1389.9,4,0.3731,12656.0,0.338,51.3,71.8,173.9,28.2,0,2118.9,3,2,10,5,0.3088,1
SEG-0153,2025-08-17,15.08,1204.7,2,0.3087,3382.0,0.06,52.7,17.0,52.3,29.2,1,4138.1,5,1,7,5,0.3833,1
SEG-0154,2025-08-17,12.52,299.3,2,0.4224,19853.0,0.083,42.2,60.0,140.9,25.8,0,647.7,3,1,12,8,0.3284,1
SEG-0155,2025-08-17,2.19,1496.0,4,0.8946,44128.0,0.209,26.7,119.9,641.5,28.7,0,493.4,1,0,5,2,0.0233,0
SEG-0156,2025-08-17,12.35,1336.9,2,0.3765,25739.0,0.067,39.3,53.2,126.5,27.1,0,1223.7,2,3,7,5,0.3695,1
SEG-0157,2025-08-17,8.54,533.3,4,0.6428,26209.0,0.072,38.0,51.4,145.5,27.2,0,2020.5,2,0,14,7,0.1887,0
SEG-0158,2025-08-17,4.5,1279.8,2,0.7188,5103.0,0.024,55.8,33.5,152.0,27.2,0,640.1,0,0,0,0,0.1312,0
SEG-0159,2025-08-17,4.59,293.7,2,0.7159,13021.0,0.18,44.9,43.8,150.8,29.2,0,818.9,0,1,12,2,0.1411,0
SEG-0160,2025-08-17,12.3,1498.8,2,0.3736,13967.0,0.274,50.8,24.1,151.4,26.8,0,3377.5,4,1,11,6,0.3521,1
SEG-0161,2025-08-17,3.75,1048.7,2,0.7847,35910.0,0.037,33.0,22.5,147.9,29.8,0,745.8,0,0,8,3,0.0593,0
SEG-0162,2025-08-17,5.78,1027.7,4,0.6885,36511.0,0.229,38.6,22.1,66.6,29.2,0,1190.7,0,1,5,3,0.1348,0
SEG-0163,2025-08-17,7.92,272.1,2,0.6358,34856.0,0.312,37.5,81.5,262.7,24.7,1,1183.0,1,2,17,4,0.2142,1
SEG-0164,2025-08-17,10.2,1361.0,1,0.4611,38321.0,0.082,31.2,46.5,168.1,27.3,1,2002.8,2,2,6,4,0.2361,0
SEG-0165,2025-08-17,5.54,189.1,2,0.6883,48293.0,0.08,30.8,23.6,130.6,29.2,0,1135.6,1,1,8,0,0.1511,0
SEG-0166,2025-08-17,2.43,475.1,4,0.8439,40788.0,0.347,29.0,21.3,121.3,29.0,0,595.5,1,1,7,2,0.0639,0
SEG-0167,2025-08-17,1.9,343.1,4,0.8441,3760.0,0.321,53.1,75.7,177.2,25.3,0,380.5,0,1,2,1,0.0737,0
SEG-0168,2025-08-17,4.15,1198.6,6,0.6957,6822.0,0.238,47.9,56.4,179.9,29.7,0,893.5,2,0,3,5,0.1048,0
SEG-0169,2025-08-17,4.24,417.6,2,0.845,13658.0,0.347,49.1,23.5,91.3,29.3,0,723.5,1,0,5,2,0.0878,0
SEG-0170,2025-08-17,8.73,1379.4,2,0.5269,28700.0,0.064,44.3,55.2,283.4,27.9,0,1462.8,1,2,14,4,0.2281,0
SEG-0171,2025-08-17,14.49,1036.0,1,0.3437,5460.0,0.191,51.1,58.2,153.6,29.4,0,2654.8,4,3,10,4,0.2933,1
SEG-0172,2025-08-17,5.19,198.8,2,0.8011,43094.0,0.312,31.4,11.1,46.5,28.6,0,699.7,2,1,7,0,0.1084,0
SEG-0173,2025-08-17,9.98,157.3,6,0.5282,26185.0,0.129,43.7,45.9,124.4,24.7,0,418.7,1,1,10,9,0.2468,0
SEG-0174,2025-08-17,13.37,219.7,4,0.3442,22986.0,0.29,41.7,83.1,312.5,27.1,2,2623.0,3,1,14,6,0.3304,1
SEG-0175,2025-08-17,10.67,968.0,2,0.388,8880.0,0.207,47.4,78.7,213.5,28.7,0,481.1,1,1,18,7,0.3332,0
SEG-0176,2025-08-17,15.57,1232.0,2,0.1923,10520.0,0.298,55.0,40.4,186.1,28.1,0,3202.3,5,3,14,6,0.4522,1
SEG-0177,2025-08-17,7.38,472.0,4,0.6741,7334.0,0.229,54.1,56.9,133.2,28.6,0,290.1,1,0,11,5,0.2231,0
SEG-0178,2025-08-17,5.88,1296.7,2,0.7376,35190.0,0.184,33.2,40.4,127.3,29.4,0,740.6,0,2,6,0,0.1817,0
SEG-0179,2025-08-17,14.73,227.3,1,0.4063,28361.0,0.117,42.2,67.2,181.9,25.4,0,2855.5,3,2,14,8,0.3748,1
SEG-0180,2025-08-17,9.66,1231.3,2,0.4933,29308.0,0.137,38.9,63.8,162.1,28.8,0,1615.0,2,2,18,6,0.273,1
SEG-0181,2025-08-17,10.49,1402.5,1,0.5179,14328.0,0.284,50.9,92.6,328.6,24.9,3,1137.3,3,1,7,2,0.2594,1
SEG-0182,2025-08-17,14.73,1192.3,2,0.2492,16425.0,0.039,44.6,21.3,61.8,30.3,0,1000.3,5,1,9,7,0.4156,0
SEG-0183,2025-08-17,14.74,1092.5,1,0.2785,19219.0,0.047,44.2,40.3,186.0,23.0,0,3855.6,3,1,8,5,0.356,1
SEG-0184,2025-08-17,13.79,1281.3,2,0.304,32743.0,0.103,29.0,30.1,164.8,24.0,0,3825.0,3,3,10,8,0.333,1
SEG-0185,2025-08-17,10.03,204.2,2,0.5272,36698.0,0.085,38.2,5.6,20.3,29.6,0,1239.4,1,0,5,2,0.2609,0
SEG-0186,2025-08-17,4.56,422.4,2,0.717,9781.0,0.356,57.2,70.2,182.5,29.3,0,1030.1,1,0,4,0,0.0918,0
SEG-0187,2025-08-17,10.67,318.6,2,0.4043,48536.0,0.182,26.3,16.7,88.0,25.6,0,1179.8,3,3,9,5,0.2871,0
SEG-0188,2025-08-17,14.85,831.1,6,0.1885,6814.0,0.359,49.3,42.2,274.4,26.2,0,1244.3,4,2,17,12,0.4326,1
SEG-0189,2025-08-17,11.12,1156.0,4,0.4493,39184.0,0.1,29.5,20.2,92.9,25.7,0,1207.9,1,2,18,8,0.3351,1
SEG-0190,2025-08-17,6.6,1000.5,2,0.6634,4796.0,0.28,51.2,57.4,131.6,23.9,0,1601.9,1,0,3,4,0.1591,0
SEG-0191,2025-08-17,12.32,1299.0,2,0.4521,10756.0,0.185,45.3,94.8,271.1,29.4,0,2021.7,4,1,5,8,0.2739,0
SEG-0192,2025-08-17,12.03,359.5,4,0.3911,38911.0,0.177,30.3,15.7,94.7,27.2,0,3338.6,2,3,14,8,0.3195,1
SEG-0193,2025-08-17,12.95,1141.7,2,0.3889,7631.0,0.346,50.3,22.9,57.8,31.1,0,1457.4,2,1,7,5,0.3716,1
SEG-0194,2025-08-17,3.92,410.6,2,0.7176,21842.0,0.375,45.6,94.1,324.4,27.4,2,339.9,1,1,5,1,0.1585,0
SEG-0195,2025-08-17,14.44,515.5,4,0.2247,23405.0,0.361,52.8,21.6,130.8,27.8,0,1759.7,2,3,25,12,0.4139,1
SEG-0196,2025-08-17,3.52,1108.4,2,0.8626,12324.0,0.106,43.0,30.3,112.0,26.6,0,985.3,0,0,4,2,0.045,0
SEG-0197,2025-08-17,2.44,1473.3,4,0.8135,27812.0,0.141,38.8,59.7,138.3,31.4,0,719.2,1,0,6,0,0.042,0
SEG-0198,2025-08-17,13.14,975.6,2,0.299,39874.0,0.268,27.8,81.9,271.4,26.5,0,883.8,2,2,22,9,0.3521,1
SEG-0199,2025-08-17,4.5,223.6,2,0.7961,33693.0,0.107,27.7,38.2,207.3,29.9,0,397.7,0,0,4,3,0.0639,0
SEG-0200,2025-08-17,1.63,982.0,2,0.8886,15185.0,0.286,51.5,43.8,126.4,28.3,0,473.4,0,0,2,0,0.021,0
SEG-0201,2025-08-17,9.62,207.2,2,0.4313,24487.0,0.232,31.5,69.5,192.9,31.1,0,2687.9,3,2,16,9,0.2503,1
SEG-0202,2025-08-17,7.55,1343.6,2,0.6036,12237.0,0.25,49.7,29.6,66.2,24.2,0,465.2,1,2,8,4,0.1864,0
SEG-0203,2025-08-17,9.33,1107.9,2,0.5905,10724.0,0.333,50.1,64.8,295.5,27.8,0,2138.8,3,2,6,6,0.2183,1
SEG-0204,2025-08-17,3.4,383.7,4,0.8113,8922.0,0.265,49.5,36.7,121.7,28.0,0,498.3,0,1,10,2,0.0998,0
SEG-0205,2025-08-17,6.7,273.8,2,0.6407,39689.0,0.031,33.2,16.2,70.7,26.3,0,1401.4,0,1,9,4,0.181,0
SEG-0206,2025-08-17,4.55,397.8,2,0.7799,44993.0,0.052,31.2,19.9,56.2,22.9,0,870.8,0,0,6,2,0.0887,0
SEG-0207,2025-08-17,14.58,1473.0,4,0.2507,38529.0,0.25,37.7,19.2,45.8,30.5,0,755.7,4,3,16,10,0.3372,1
SEG-0208,2025-08-17,6.72,769.1,4,0.6031,22778.0,0.234,38.6,24.7,95.0,27.7,0,304.4,1,0,10,2,0.2005,0
SEG-0209,2025-08-17,11.27,1208.5,2,0.3676,23397.0,0.127,39.6,188.5,421.6,26.8,0,2463.4,2,3,14,5,0.3314,1
SEG-0210,2025-08-17,3.35,1009.2,2,0.864,27002.0,0.185,44.0,13.6,68.4,27.2,0,436.9,1,1,8,0,0.0928,0
SEG-0211,2025-08-17,13.7,922.8,6,0.3631,26820.0,0.332,36.6,57.9,131.9,30.2,0,3831.5,4,1,23,7,0.3542,1
SEG-0212,2025-08-17,2.69,345.9,2,0.8696,17543.0,0.347,49.1,22.5,123.7,25.8,0,710.9,0,1,6,1,0.046,0
SEG-0213,2025-08-17,6.49,1427.1,4,0.6134,6247.0,0.239,53.5,108.8,274.3,33.0,2,1549.2,1,0,13,5,0.1554,1
SEG-0214,2025-08-17,4.11,556.8,4,0.8273,6378.0,0.15,53.4,61.1,212.2,29.9,0,613.4,1,0,0,1,0.0466,0
SEG-0215,2025-08-17,6.46,930.3,4,0.6161,47466.0,0.133,20.0,47.9,137.8,30.2,0,707.4,1,1,13,4,0.1659,0
SEG-0216,2025-08-17,15.6,1094.7,2,0.2105,24598.0,0.237,42.0,50.1,187.0,26.4,0,709.4,4,3,13,7,0.4205,1
SEG-0217,2025-08-17,15.42,1026.5,2,0.1616,40379.0,0.114,38.8,67.0,210.1,25.5,0,1803.6,5,3,13,9,0.4299,1
SEG-0218,2025-08-17,8.58,1419.8,1,0.5665,8882.0,0.213,49.8,80.8,260.3,28.7,0,2151.9,3,1,11,3,0.2199,0
SEG-0219,2025-08-17,5.11,350.4,2,0.7569,25225.0,0.259,37.0,24.1,61.0,29.1,0,424.4,2,1,14,5,0.0809,0
SEG-0220,2025-08-17,10.66,836.3,6,0.468,9871.0,0.089,42.7,21.6,60.1,26.8,0,2388.1,1,2,7,9,0.2582,1
SEG-0221,2025-08-17,15.08,695.4,2,0.3624,11599.0,0.051,48.4,56.0,131.2,27.1,0,3958.5,4,3,8,7,0.3892,1
SEG-0222,2025-08-17,12.76,790.1,2,0.4481,2562.0,0.123,58.1,128.3,312.4,26.4,1,2935.5,4,2,10,6,0.307,1
SEG-0223,2025-08-17,8.17,310.9,1,0.6044,5680.0,0.334,52.9,99.0,254.8,26.3,1,2232.9,2,0,9,3,0.2008,1
SEG-0224,2025-08-17,10.04,331.0,6,0.5367,35666.0,0.258,40.6,55.0,183.7,25.7,0,2317.4,1,2,10,2,0.2412,1
SEG-0225,2025-08-17,7.55,525.4,1,0.6499,14027.0,0.094,42.2,10.0,56.4,28.9,0,2131.9,1,0,9,6,0.1895,1
SEG-0226,2025-08-17,11.34,561.4,1,0.3212,28410.0,0.315,45.5,106.1,298.5,24.8,3,1907.2,4,1,9,6,0.3207,1
SEG-0227,2025-08-17,7.81,727.7,2,0.674,19112.0,0.18,43.8,33.2,101.2,31.4,0,1132.4,2,1,9,6,0.1778,0
SEG-0228,2025-08-17,11.67,974.8,1,0.3829,20556.0,0.191,46.4,15.9,39.8,26.9,0,1447.8,3,1,10,4,0.3406,0
SEG-0229,2025-08-17,15.2,1006.7,2,0.3455,20751.0,0.35,41.6,101.4,247.3,28.8,0,3419.2,4,2,10,7,0.3305,1
SEG-0230,2025-08-17,13.4,705.9,2,0.3576,8201.0,0.111,47.1,190.6,538.9,29.8,0,725.6,2,1,8,7,0.3324,1
SEG-0231,2025-08-17,8.39,701.9,2,0.5467,42367.0,0.097,36.1,26.3,94.5,28.6,0,884.2,3,0,10,5,0.2294,0
SEG-0232,2025-08-17,15.06,443.8,1,0.281,33398.0,0.254,44.7,81.2,191.9,29.1,0,3905.5,4,1,19,11,0.413,1
SEG-0233,2025-08-17,5.7,944.2,1,0.6893,32224.0,0.098,36.1,52.1,132.7,27.8,0,1530.9,2,0,7,1,0.1529,0
SEG-0234,2025-08-17,5.42,578.0,2,0.6303,20468.0,0.277,43.9,42.1,121.0,27.7,0,1393.5,2,0,4,3,0.1501,0
SEG-0235,2025-08-17,4.21,198.7,1,0.8167,8740.0,0.107,49.4,59.2,158.2,24.9,0,663.1,0,0,3,1,0.1514,0
SEG-0236,2025-08-17,14.84,714.8,2,0.2344,40634.0,0.076,28.2,12.0,74.6,25.1,0,3264.8,3,3,9,7,0.4483,1
SEG-0237,2025-08-17,8.97,790.1,2,0.589,17406.0,0.118,37.3,38.6,118.9,31.6,0,1928.2,1,2,8,4,0.1944,0
SEG-0238,2025-08-17,13.81,454.6,2,0.2578,2825.0,0.165,51.1,62.6,206.5,30.9,0,1989.4,2,1,3,4,0.3732,1
SEG-0239,2025-08-17,9.09,922.8,2,0.5421,14958.0,0.101,47.1,98.0,219.9,27.7,0,571.7,3,0,10,4,0.244,0
SEG-0240,2025-08-17,12.77,913.8,2,0.4315,31982.0,0.122,53.4,70.3,176.3,29.4,0,1856.9,4,3,11,7,0.3029,1
SEG-0241,2025-08-17,14.37,1097.7,1,0.1516,30213.0,0.35,33.1,72.5,445.8,25.0,0,1283.4,2,3,12,10,0.4612,1
SEG-0242,2025-08-17,13.13,1024.7,1,0.3773,38044.0,0.112,33.7,31.8,136.4,26.4,0,2100.9,3,3,17,8,0.3256,1
SEG-0243,2025-08-17,4.1,1030.8,4,0.7596,40987.0,0.161,34.9,156.2,543.6,26.9,0,413.6,0,0,3,1,0.0634,0
SEG-0244,2025-08-17,2.45,576.9,1,0.897,9322.0,0.072,53.2,23.7,74.1,28.0,0,405.5,0,1,1,0,0.1,0
SEG-0245,2025-08-17,4.56,1213.0,2,0.7785,41461.0,0.171,35.8,40.0,121.3,24.4,0,430.3,2,0,7,0,0.0774,0
SEG-0246,2025-08-17,4.97,891.3,2,0.7917,21818.0,0.113,37.3,46.5,107.3,32.3,0,420.2,0,0,4,4,0.0897,0
SEG-0247,2025-08-17,9.92,732.4,2,0.4675,29009.0,0.266,39.5,52.0,267.0,29.4,1,2724.5,3,1,11,3,0.3047,1
SEG-0248,2025-08-17,10.8,995.1,2,0.4262,1251.0,0.104,51.8,45.3,186.5,21.4,2,1850.0,3,3,10,5,0.2732,0
SEG-0249,2025-08-17,2.33,636.9,4,0.7034,43517.0,0.357,28.2,45.2,276.9,34.2,2,578.7,1,0,6,1,0.1669,0
SEG-0250,2025-08-17,6.02,842.2,4,0.6734,13686.0,0.332,45.3,10.2,54.9,25.6,0,1178.7,2,1,6,6,0.1619,0
SEG-0001,2025-09-01,3.06,1030.1,4,0.7286,11428.0,0.076,41.9,59.1,187.3,22.7,0,347.0,0,0,7,2,0.1737,0
SEG-0002,2025-09-01,8.6,1321.1,4,0.5703,14112.0,0.214,49.8,50.2,141.7,28.1,0,1036.7,2,2,7,6,0.1921,1
SEG-0003,2025-09-01,12.19,762.8,4,0.3939,12089.0,0.08,55.4,53.5,142.6,29.2,0,2585.1,4,3,5,7,0.3432,1
SEG-0004,2025-09-01,8.22,484.6,2,0.5502,24654.0,0.14,39.4,108.6,329.7,27.2,0,752.7,3,1,10,3,0.246,0
SEG-0005,2025-09-01,5.5,469.5,2,0.768,35701.0,0.282,27.6,35.0,140.6,22.2,0,1279.9,0,1,11,0,0.1484,0
SEG-0006,2025-09-01,7.81,1157.1,4,0.5514,11345.0,0.219,54.4,22.8,110.6,26.3,0,1983.1,1,0,13,5,0.2772,1
SEG-0007,2025-09-01,5.71,1252.4,2,0.7437,17839.0,0.341,44.0,27.2,74.0,26.6,0,283.2,2,1,2,0,0.0745,0
SEG-0008,2025-09-01,3.54,292.1,4,0.8246,46775.0,0.155,32.9,34.7,165.8,25.9,0,340.0,1,0,7,0,0.0449,0
SEG-0009,2025-09-01,5.27,239.9,2,0.7654,2771.0,0.303,57.0,35.1,169.0,29.8,0,487.3,0,0,1,0,0.094,0
SEG-0010,2025-09-01,11.44,952.5,1,0.408,18722.0,0.205,54.9,101.7,243.9,23.6,0,1241.8,4,3,7,5,0.3014,0
SEG-0011,2025-09-01,10.99,347.3,1,0.4436,33667.0,0.238,35.0,15.1,43.0,30.2,0,1815.4,1,3,21,6,0.2831,0
SEG-0012,2025-09-01,10.62,1263.3,4,0.4604,8399.0,0.244,46.0,32.6,96.3,29.9,0,628.7,2,2,5,6,0.2654,0
SEG-0013,2025-09-01,8.91,569.0,1,0.5807,2827.0,0.219,46.2,32.6,157.3,30.0,0,1751.1,3,1,11,5,0.2566,0
SEG-0014,2025-09-01,9.36,344.2,2,0.54,6435.0,0.394,53.1,68.9,172.5,24.8,0,355.8,1,1,5,5,0.2168,0
SEG-0015,2025-09-01,15.25,1393.3,2,0.2334,40684.0,0.146,33.8,24.5,88.9,23.8,0,1381.3,4,1,12,6,0.4439,1
SEG-0016,2025-09-01,2.69,373.5,2,0.8557,1449.0,0.088,56.5,10.5,67.8,24.3,0,301.1,0,0,2,1,0.0625,0
SEG-0017,2025-09-01,2.36,534.4,2,0.8813,10310.0,0.244,47.0,75.5,270.4,25.1,1,674.4,0,0,6,4,0.0338,0
SEG-0018,2025-09-01,14.5,357.4,4,0.2427,2563.0,0.324,49.2,59.3,253.5,23.3,1,3300.7,3,1,16,8,0.4257,1
SEG-0019,2025-09-01,9.78,305.9,1,0.4781,5361.0,0.066,52.9,65.8,327.0,27.3,2,1711.0,3,0,5,5,0.2275,0
SEG-0020,2025-09-01,10.17,178.5,4,0.4262,26705.0,0.208,43.6,16.2,107.5,29.3,0,2462.7,3,1,19,9,0.3072,1
SEG-0021,2025-09-01,4.73,224.8,4,0.6694,11555.0,0.34,42.0,71.7,286.2,26.4,2,755.2,0,0,3,0,0.1431,0
SEG-0022,2025-09-01,5.74,385.8,2,0.6749,23914.0,0.288,37.8,78.5,259.5,28.7,2,591.6,0,1,10,6,0.1605,0
SEG-0023,2025-09-01,4.2,222.1,2,0.8044,27217.0,0.391,32.5,10.6,43.7,23.4,0,460.9,0,1,5,2,0.1267,0
SEG-0024,2025-09-01,6.81,948.0,2,0.6552,37551.0,0.201,27.1,39.7,97.1,23.9,0,677.4,2,1,4,2,0.1484,0
SEG-0025,2025-09-01,2.75,1069.0,1,0.7289,1031.0,0.273,52.7,11.8,42.0,20.8,0,704.9,0,0,2,1,0.1229,0
SEG-0026,2025-09-01,4.94,681.4,2,0.7811,36969.0,0.204,40.4,24.6,122.8,24.6,0,718.1,2,0,3,2,0.1212,0
SEG-0027,2025-09-01,4.77,579.3,6,0.7934,29210.0,0.337,37.3,48.7,203.1,26.6,0,1333.2,1,0,6,5,0.1129,0
SEG-0028,2025-09-01,13.93,831.1,6,0.4263,8987.0,0.182,48.1,42.8,124.6,23.9,0,1872.7,3,2,13,6,0.2605,1
SEG-0029,2025-09-01,15.19,1331.3,4,0.2757,34702.0,0.283,32.4,66.0,283.3,24.7,0,1212.6,3,2,12,9,0.3569,0
SEG-0030,2025-09-01,9.91,1299.0,2,0.4793,42107.0,0.197,27.2,29.7,80.6,26.5,0,782.4,1,1,10,4,0.2664,0
SEG-0031,2025-09-01,10.17,208.7,2,0.4502,11333.0,0.222,55.7,46.9,140.1,27.6,1,851.0,1,1,10,5,0.3047,0
SEG-0032,2025-09-01,15.05,395.0,4,0.3154,47067.0,0.339,33.7,36.9,104.5,28.1,1,1107.3,3,3,12,8,0.3965,1
SEG-0033,2025-09-01,5.09,469.6,2,0.7481,23042.0,0.191,44.7,76.9,228.6,24.7,0,1137.4,2,0,8,2,0.1409,0
SEG-0034,2025-09-01,12.38,486.7,2,0.2972,31668.0,0.336,40.5,164.4,462.3,27.0,0,2262.0,2,2,16,7,0.3874,1
SEG-0035,2025-09-01,2.88,921.2,1,0.8184,45730.0,0.213,30.6,10.2,42.0,25.4,0,365.0,1,0,7,0,0.0605,0
SEG-0036,2025-09-01,14.7,712.0,2,0.2418,16719.0,0.255,43.5,32.9,154.0,27.8,0,3142.9,5,1,11,10,0.3517,1
SEG-0037,2025-09-01,15.31,216.5,2,0.1501,37257.0,0.157,25.7,107.9,254.9,27.6,0,1172.7,4,2,25,12,0.4542,1
SEG-0038,2025-09-01,8.6,654.4,2,0.4846,14389.0,0.193,39.4,67.5,197.2,24.6,0,1898.9,3,0,13,7,0.298,0
SEG-0039,2025-09-01,6.66,857.1,2,0.6204,39762.0,0.198,32.6,10.2,57.1,22.2,0,1224.4,2,0,7,3,0.2172,0
SEG-0040,2025-09-01,6.9,287.3,4,0.7126,29939.0,0.074,35.7,101.9,231.7,26.2,0,1183.6,0,1,10,3,0.1475,0
SEG-0041,2025-09-01,7.6,1275.2,6,0.5724,10531.0,0.071,49.4,13.9,38.9,24.7,0,1122.5,0,1,5,3,0.2185,0
SEG-0042,2025-09-01,8.36,220.1,2,0.5424,16648.0,0.303,45.9,78.1,258.6,28.7,1,1302.2,3,0,10,4,0.2462,1
SEG-0043,2025-09-01,2.04,1398.5,4,0.854,15167.0,0.272,46.6,91.2,243.1,27.4,0,503.9,0,0,4,1,0.121,0
SEG-0044,2025-09-01,3.61,283.8,6,0.7758,3995.0,0.293,45.5,105.5,246.9,27.2,2,287.3,1,0,5,6,0.1283,0
SEG-0045,2025-09-01,8.34,1288.8,1,0.4986,2221.0,0.066,55.7,95.4,567.2,24.6,2,1948.2,3,1,12,7,0.2907,1
SEG-0046,2025-09-01,4.63,1368.6,2,0.7726,15453.0,0.163,43.4,25.0,89.5,28.0,0,353.3,1,0,10,1,0.1448,0
SEG-0047,2025-09-01,7.31,1472.4,2,0.5918,1667.0,0.102,48.0,64.1,151.9,25.8,0,2023.4,2,1,1,2,0.2182,0
SEG-0048,2025-09-01,9.95,1232.7,1,0.5262,7995.0,0.328,51.5,44.0,169.5,23.4,0,1496.4,1,2,6,5,0.2096,0
SEG-0049,2025-09-01,11.5,1202.3,4,0.4622,33191.0,0.334,38.8,58.6,145.6,26.6,0,1850.7,4,3,14,6,0.2531,1
SEG-0050,2025-09-01,15.3,1017.4,2,0.2057,29678.0,0.129,37.6,14.0,88.5,23.9,0,1564.4,4,3,14,8,0.4214,0
SEG-0051,2025-09-01,7.2,1201.6,2,0.7502,38207.0,0.268,39.9,48.6,125.9,22.1,0,794.9,2,1,5,5,0.1222,0
SEG-0052,2025-09-01,14.88,331.6,2,0.2354,16531.0,0.089,52.4,57.5,275.8,25.9,0,1354.1,5,2,21,11,0.4135,1
SEG-0053,2025-09-01,7.7,873.7,2,0.5805,43650.0,0.14,27.5,11.6,31.1,24.0,1,690.8,2,2,9,4,0.2574,0
SEG-0054,2025-09-01,2.82,844.2,4,0.8413,27455.0,0.073,36.7,46.2,232.0,26.3,2,790.6,0,0,3,0,0.0429,0
SEG-0055,2025-09-01,5.38,1307.7,1,0.7475,7121.0,0.168,49.3,14.0,85.8,21.2,0,1072.9,1,0,5,3,0.1937,0
SEG-0056,2025-09-01,5.37,774.8,2,0.7171,7053.0,0.249,50.0,71.5,186.5,28.4,0,677.8,2,0,6,4,0.1524,0
SEG-0057,2025-09-01,11.14,669.9,2,0.4536,35230.0,0.357,32.1,32.7,120.7,28.3,0,552.6,2,2,11,4,0.297,1
SEG-0058,2025-09-01,5.77,1013.4,2,0.6646,8201.0,0.12,46.3,70.7,293.1,26.2,0,744.7,0,2,3,2,0.1597,0
SEG-0059,2025-09-01,9.83,509.7,2,0.5125,21554.0,0.181,43.5,51.1,172.9,22.9,0,316.6,3,1,11,5,0.2603,0
SEG-0060,2025-09-01,4.27,338.7,2,0.7367,44240.0,0.285,31.8,76.4,317.3,24.5,2,943.8,1,0,3,3,0.1276,0
SEG-0061,2025-09-01,14.03,795.1,1,0.2887,1146.0,0.363,49.5,72.9,285.4,23.4,2,526.0,4,1,13,7,0.3754,0
SEG-0062,2025-09-01,8.85,712.8,2,0.6246,1620.0,0.217,51.7,55.2,245.1,26.9,0,320.2,3,0,2,2,0.2037,0
SEG-0063,2025-09-01,15.28,464.0,4,0.1764,38412.0,0.116,28.1,61.0,216.7,25.4,0,1683.5,5,2,19,8,0.3824,1
SEG-0064,2025-09-01,14.11,646.1,2,0.2819,25834.0,0.268,42.4,9.2,29.3,19.2,0,2853.9,3,3,12,7,0.3526,1
SEG-0065,2025-09-01,3.5,644.6,2,0.8612,6037.0,0.16,48.0,31.0,104.0,23.9,0,553.0,0,0,1,2,0.1197,0
SEG-0066,2025-09-01,11.42,592.1,2,0.5315,35474.0,0.384,35.1,92.5,213.0,23.0,0,1493.3,3,3,15,7,0.299,0
SEG-0067,2025-09-01,6.66,662.3,4,0.657,38655.0,0.185,33.5,120.9,385.4,26.8,0,465.2,0,1,19,7,0.1697,1
SEG-0068,2025-09-01,8.13,1075.8,1,0.5491,24308.0,0.263,40.5,60.2,304.5,25.4,0,1712.9,1,2,6,7,0.3001,1
SEG-0069,2025-09-01,15.46,550.8,2,0.2613,31411.0,0.085,39.5,23.6,85.4,27.1,1,2552.2,3,3,16,9,0.3804,1
SEG-0070,2025-09-01,14.31,1431.0,2,0.3384,13223.0,0.186,48.3,29.7,84.1,27.6,0,3772.0,3,1,6,8,0.3326,1
SEG-0071,2025-09-01,7.49,1387.1,2,0.6703,3664.0,0.347,46.6,86.3,208.5,25.9,0,520.2,2,0,2,0,0.1956,0
SEG-0072,2025-09-01,10.09,799.2,4,0.48,26859.0,0.256,42.3,43.0,120.9,25.5,0,537.1,1,1,13,8,0.268,0
SEG-0073,2025-09-01,11.93,593.3,2,0.4321,16006.0,0.14,46.6,7.4,42.4,25.5,0,1683.8,2,3,5,6,0.2958,0
SEG-0074,2025-09-01,3.13,872.8,4,0.7938,32043.0,0.381,30.3,22.9,117.3,28.7,0,713.7,0,0,10,3,0.1329,0
SEG-0075,2025-09-01,4.19,1295.6,4,0.773,34328.0,0.344,39.3,23.3,109.7,28.9,0,667.5,2,0,9,4,0.1387,0
SEG-0076,2025-09-01,15.39,1031.0,2,0.2639,1976.0,0.18,53.1,34.3,82.5,26.0,0,2627.9,4,2,10,8,0.389,1
SEG-0077,2025-09-01,7.96,1235.9,4,0.5299,24165.0,0.229,41.0,74.1,189.3,31.0,0,640.3,1,1,10,5,0.2562,1
SEG-0078,2025-09-01,5.39,869.2,2,0.7001,10101.0,0.216,48.9,17.1,62.7,26.9,0,507.8,2,0,6,5,0.1218,1
SEG-0079,2025-09-01,14.35,1004.4,4,0.345,37154.0,0.221,39.3,15.2,64.5,22.0,0,2081.7,3,1,22,6,0.3751,1
SEG-0080,2025-09-01,1.8,539.0,2,0.8306,10797.0,0.139,49.1,16.7,104.8,23.9,0,436.4,0,0,5,2,0.06,0
SEG-0081,2025-09-01,9.33,1142.1,2,0.5788,28981.0,0.112,38.3,112.9,285.8,21.4,1,1960.4,3,2,14,5,0.2064,0
SEG-0082,2025-09-01,9.94,423.2,2,0.403,25085.0,0.331,44.1,22.7,102.9,28.6,0,592.3,3,1,8,5,0.3247,0
SEG-0083,2025-09-01,14.46,1088.0,1,0.3055,16509.0,0.368,48.4,107.5,274.6,24.5,0,662.0,3,1,23,10,0.3744,1
SEG-0084,2025-09-01,5.13,1312.0,2,0.5842,30305.0,0.319,31.1,19.5,100.7,22.3,0,1061.0,1,0,11,4,0.2235,0
SEG-0085,2025-09-01,1.78,328.3,4,0.8857,30063.0,0.383,40.9,91.7,212.6,26.7,0,521.1,0,0,4,3,0.062,0
SEG-0086,2025-09-01,2.17,979.4,2,0.8848,24746.0,0.295,43.7,13.2,62.9,28.6,0,465.0,1,0,3,0,0.0627,0
SEG-0087,2025-09-01,10.31,278.4,2,0.4366,29797.0,0.313,31.9,22.8,55.7,27.3,0,344.6,2,0,10,6,0.2775,0
SEG-0088,2025-09-01,14.55,1129.7,2,0.2804,45658.0,0.32,23.3,60.2,298.5,27.5,0,3459.1,2,3,20,10,0.3998,1
SEG-0089,2025-09-01,9.6,264.1,2,0.4504,17277.0,0.154,44.1,83.7,211.5,27.5,0,2569.8,3,2,16,8,0.2907,1
SEG-0090,2025-09-01,13.85,1413.5,1,0.3235,26445.0,0.175,44.7,54.3,194.0,30.7,0,338.9,3,2,15,8,0.3789,0
SEG-0091,2025-09-01,2.21,335.5,4,0.8661,1672.0,0.134,54.3,71.1,188.3,25.3,0,605.7,0,0,2,2,0.0447,0
SEG-0092,2025-09-01,4.02,1444.5,2,0.8597,34102.0,0.236,35.9,43.8,155.8,27.8,0,642.8,0,1,8,2,0.0489,0
SEG-0093,2025-09-01,5.0,1231.2,2,0.7359,22579.0,0.163,32.7,46.5,141.9,22.9,0,320.5,2,0,6,3,0.102,0
SEG-0094,2025-09-01,9.73,951.5,2,0.5394,20761.0,0.132,46.7,35.1,114.7,24.5,0,1126.5,1,1,8,4,0.251,1
SEG-0095,2025-09-01,10.34,1206.5,1,0.5616,5617.0,0.247,47.8,71.2,184.2,22.2,0,952.9,1,1,12,7,0.2366,0
SEG-0096,2025-09-01,14.97,1223.4,2,0.2827,39248.0,0.163,32.1,114.4,273.1,25.9,0,1731.9,4,1,13,6,0.4294,1
SEG-0097,2025-09-01,5.38,1427.1,4,0.6709,18797.0,0.137,49.9,32.4,94.2,21.3,0,1077.5,2,0,6,4,0.1228,0
SEG-0098,2025-09-01,3.65,492.1,2,0.7947,30043.0,0.287,40.9,63.5,236.1,24.9,0,601.1,0,0,9,5,0.0367,0
SEG-0099,2025-09-01,8.9,946.6,6,0.5867,7277.0,0.319,46.7,23.6,121.4,28.8,0,2107.4,3,2,7,4,0.2241,0
SEG-0100,2025-09-01,12.53,278.3,2,0.3426,43468.0,0.075,29.0,106.1,265.6,23.1,0,511.4,4,1,12,8,0.2884,1
SEG-0101,2025-09-01,7.47,981.8,2,0.5996,8502.0,0.06,51.8,57.3,139.5,25.4,0,1057.6,0,0,11,1,0.2417,0
SEG-0102,2025-09-01,7.41,381.2,4,0.5499,9428.0,0.133,50.3,21.4,90.0,23.2,0,1633.8,2,1,7,5,0.1869,0
SEG-0103,2025-09-01,10.76,912.7,4,0.4439,34953.0,0.294,35.8,48.8,202.4,26.0,0,1967.8,2,1,9,7,0.2553,1
SEG-0104,2025-09-01,10.8,922.8,4,0.4171,39410.0,0.308,32.8,9.3,48.6,27.8,0,2431.1,1,3,11,8,0.3069,1
SEG-0105,2025-09-01,15.28,779.1,6,0.2795,9169.0,0.09,42.8,50.5,221.7,24.5,2,3510.3,5,2,10,7,0.368,1
SEG-0106,2025-09-01,14.91,855.6,4,0.2485,24492.0,0.292,42.5,132.3,310.5,24.3,0,3518.9,5,2,12,11,0.3413,1
SEG-0107,2025-09-01,8.66,1181.3,4,0.4627,30318.0,0.094,40.7,28.8,101.5,25.5,0,1133.7,1,1,12,4,0.3297,0
SEG-0108,2025-09-01,6.4,1229.0,1,0.6116,43826.0,0.2,33.2,18.9,120.4,24.9,0,325.0,1,1,8,4,0.2218,0
SEG-0109,2025-09-01,8.95,814.4,4,0.5202,16587.0,0.405,45.4,18.4,55.1,26.5,0,1034.0,2,2,11,3,0.2028,0
SEG-0110,2025-09-01,3.03,959.5,2,0.7188,25387.0,0.091,31.2,16.9,49.4,26.7,0,799.2,1,0,9,1,0.1372,0
SEG-0111,2025-09-01,6.58,1407.2,2,0.6113,30253.0,0.071,38.7,32.6,107.2,26.0,0,1245.5,0,0,11,2,0.2202,0
SEG-0112,2025-09-01,7.01,311.6,2,0.6094,34623.0,0.238,33.4,40.3,216.5,22.7,0,1675.3,0,2,20,5,0.186,0
SEG-0113,2025-09-01,12.19,308.1,6,0.3477,39621.0,0.279,34.3,22.2,97.2,22.3,0,3348.9,4,3,10,6,0.3645,1
SEG-0114,2025-09-01,7.69,268.4,6,0.5826,27924.0,0.361,43.4,110.0,361.2,26.8,2,1322.6,3,0,13,0,0.2534,1
SEG-0115,2025-09-01,14.4,1038.1,2,0.3668,6406.0,0.345,49.9,63.6,163.0,30.0,0,3335.9,4,2,11,6,0.3488,1
SEG-0116,2025-09-01,5.62,715.1,4,0.6577,39799.0,0.071,31.5,75.4,310.8,29.7,0,422.7,2,0,15,0,0.2009,0
SEG-0117,2025-09-01,6.22,1195.3,4,0.6824,34697.0,0.058,37.2,15.0,97.6,25.2,0,1603.2,2,0,8,0,0.1595,1
SEG-0118,2025-09-01,12.79,1056.2,2,0.3209,35266.0,0.29,36.6,51.0,254.4,23.7,1,3359.8,2,3,18,5,0.3388,1
SEG-0119,2025-09-01,8.9,600.4,1,0.4877,4717.0,0.137,52.0,26.0,63.9,23.4,0,2498.7,2,0,5,6,0.3142,0
SEG-0120,2025-09-01,3.5,1362.8,1,0.7837,11313.0,0.332,44.8,40.9,161.2,26.8,0,373.0,0,1,3,2,0.0979,0
SEG-0121,2025-09-01,9.68,1179.4,4,0.5401,33235.0,0.298,44.0,76.0,170.4,21.3,0,657.3,1,1,16,7,0.2636,0
SEG-0122,2025-09-01,7.03,515.2,2,0.6096,2112.0,0.086,52.5,40.4,125.6,25.7,1,1060.8,1,1,6,5,0.179,0
SEG-0123,2025-09-01,11.26,641.7,6,0.475,41386.0,0.289,29.6,106.8,248.0,21.7,0,1510.6,3,1,9,7,0.2684,1
SEG-0124,2025-09-01,4.08,574.5,2,0.7507,20179.0,0.112,42.0,16.6,65.6,26.3,0,566.9,0,0,7,2,0.0999,0
SEG-0125,2025-09-01,9.28,362.8,6,0.5019,36475.0,0.158,36.4,97.6,312.6,25.7,0,1848.4,2,1,15,4,0.263,0
SEG-0126,2025-09-01,15.26,349.5,2,0.2156,39408.0,0.24,36.0,25.7,131.6,25.2,0,849.4,5,2,14,10,0.4006,1
SEG-0127,2025-09-01,5.98,1413.8,4,0.7062,19353.0,0.238,46.7,4.9,11.5,22.6,0,663.6,2,1,9,4,0.1615,0
SEG-0128,2025-09-01,6.11,741.2,1,0.6962,13945.0,0.283,48.6,5.8,23.8,30.4,0,297.0,0,1,3,0,0.138,0
SEG-0129,2025-09-01,5.73,667.5,2,0.6579,31817.0,0.275,37.9,20.6,101.4,20.2,0,1514.1,0,0,14,5,0.2271,0
SEG-0130,2025-09-01,5.37,1135.1,4,0.6815,26404.0,0.398,39.8,42.5,127.0,29.0,0,1144.8,1,0,13,3,0.0918,0
SEG-0131,2025-09-01,3.43,896.5,4,0.8098,16796.0,0.408,50.6,36.5,113.1,23.4,1,1007.1,0,0,2,0,0.1125,0
SEG-0132,2025-09-01,14.03,1413.8,4,0.4296,27877.0,0.203,35.0,45.0,109.5,28.1,0,3664.4,4,2,9,7,0.2973,1
SEG-0133,2025-09-01,3.73,1203.4,1,0.7464,48194.0,0.063,25.1,90.6,329.6,22.9,1,692.3,0,0,10,2,0.1237,0
SEG-0134,2025-09-01,9.52,797.1,2,0.451,24423.0,0.269,44.1,97.7,256.6,23.7,0,2389.0,1,0,13,7,0.3201,0
SEG-0135,2025-09-01,14.46,658.1,1,0.3251,10499.0,0.359,51.5,42.0,144.3,23.7,0,2957.5,2,1,13,8,0.2941,1
SEG-0136,2025-09-01,4.1,1482.0,1,0.7346,16616.0,0.133,45.9,4.7,25.5,24.5,1,576.3,0,0,4,0,0.1586,0
SEG-0137,2025-09-01,3.17,1119.0,2,0.739,17839.0,0.217,43.9,69.7,404.9,26.6,1,771.8,0,0,5,0,0.1417,0
SEG-0138,2025-09-01,15.29,1434.1,4,0.3889,6098.0,0.191,56.6,46.6,237.5,24.7,0,346.9,5,2,8,6,0.2952,0
SEG-0139,2025-09-01,4.67,309.9,4,0.8426,7294.0,0.02,56.3,81.9,269.1,26.5,1,1118.9,0,0,2,1,0.0798,0
SEG-0140,2025-09-01,6.15,1298.2,4,0.818,29726.0,0.265,36.2,35.3,92.4,29.9,0,648.2,2,2,4,2,0.1096,0
SEG-0141,2025-09-01,14.17,1010.0,4,0.31,16980.0,0.181,48.3,29.5,92.1,26.7,0,2218.2,3,3,12,7,0.3166,1
SEG-0142,2025-09-01,12.18,314.6,4,0.412,42974.0,0.336,30.8,47.9,130.5,24.4,0,1783.4,4,2,14,8,0.2738,0
SEG-0143,2025-09-01,10.34,944.1,1,0.4916,10709.0,0.356,49.0,12.1,43.2,30.0,1,1378.4,3,0,6,5,0.334,1
SEG-0144,2025-09-01,11.95,1076.2,2,0.4763,5174.0,0.328,47.1,75.4,221.7,23.8,0,744.7,4,3,8,5,0.2692,1
SEG-0145,2025-09-01,13.64,166.6,2,0.3814,39238.0,0.198,45.0,104.5,246.7,24.3,0,1460.9,2,3,8,3,0.3269,0
SEG-0146,2025-09-01,9.3,763.3,4,0.5186,44162.0,0.143,29.1,14.6,35.7,26.6,0,2631.0,3,0,19,3,0.2774,1
SEG-0147,2025-09-01,12.61,1264.3,1,0.4178,11845.0,0.296,41.4,22.3,89.4,26.0,1,1693.0,2,2,8,4,0.3146,0
SEG-0148,2025-09-01,3.97,548.7,2,0.7419,11001.0,0.29,42.8,27.7,81.2,26.2,0,698.9,0,0,2,4,0.1104,0
SEG-0149,2025-09-01,12.35,769.0,2,0.4099,9028.0,0.179,50.5,27.7,114.1,23.7,0,954.2,3,2,14,7,0.3171,1
SEG-0150,2025-09-01,14.11,747.1,1,0.3385,23238.0,0.305,34.9,38.4,115.2,28.3,0,3863.1,2,1,9,9,0.3123,1
SEG-0151,2025-09-01,7.96,557.6,2,0.6339,21767.0,0.093,34.7,95.6,231.3,24.4,2,998.9,2,1,10,4,0.1934,1
SEG-0152,2025-09-01,14.0,1389.9,4,0.3416,11264.0,0.332,49.2,7.8,20.6,22.5,0,2133.9,3,2,9,5,0.3167,1
SEG-0153,2025-09-01,15.12,1204.7,2,0.3225,3303.0,0.067,59.3,73.5,164.3,26.5,0,4153.1,5,1,12,7,0.3818,1
SEG-0154,2025-09-01,12.56,299.3,2,0.3546,24556.0,0.084,42.8,64.9,146.0,25.0,1,662.7,3,1,6,8,0.3027,1
SEG-0155,2025-09-01,2.23,1496.0,4,0.9295,39662.0,0.226,32.8,15.8,38.7,24.1,0,508.4,1,0,5,1,0.0327,0
SEG-0156,2025-09-01,12.39,1336.9,2,0.3398,29763.0,0.02,42.5,48.4,205.0,21.5,0,1238.7,2,3,9,5,0.3806,1
SEG-0157,2025-09-01,8.58,533.3,4,0.6084,21496.0,0.081,41.7,43.0,211.4,27.7,0,2035.5,2,0,15,5,0.2049,1
SEG-0158,2025-09-01,4.54,1279.8,2,0.7685,6515.0,0.047,46.4,9.2,41.8,27.2,0,655.1,0,0,5,1,0.1096,0
SEG-0159,2025-09-01,4.63,293.7,2,0.6723,12229.0,0.151,45.2,85.1,199.0,26.2,0,833.9,0,1,6,2,0.1621,0
SEG-0160,2025-09-01,12.34,1498.8,2,0.369,14795.0,0.302,42.6,28.1,134.8,20.7,0,3392.5,4,1,8,6,0.3551,1
SEG-0161,2025-09-01,3.8,1048.7,2,0.7766,38876.0,0.08,35.9,70.1,247.7,22.6,0,760.8,0,0,6,0,0.0536,0
SEG-0162,2025-09-01,5.83,1027.7,4,0.7403,44839.0,0.272,24.1,49.2,128.8,22.9,0,1205.7,0,1,7,1,0.1202,0
SEG-0163,2025-09-01,7.96,272.1,2,0.6519,40887.0,0.302,29.8,45.5,146.1,28.2,0,1198.0,1,2,9,3,0.2052,0
SEG-0164,2025-09-01,10.24,1361.0,1,0.4753,41739.0,0.085,38.7,44.1,116.2,26.6,0,2017.8,2,2,14,5,0.2188,1
SEG-0165,2025-09-01,5.58,189.1,2,0.7089,44671.0,0.078,29.4,20.4,133.3,23.6,1,1150.6,1,1,14,2,0.1342,1
SEG-0166,2025-09-01,2.48,475.1,4,0.8594,38986.0,0.338,44.4,60.0,182.2,27.2,0,610.5,1,1,9,3,0.0621,0
SEG-0167,2025-09-01,1.94,343.1,4,0.8272,4769.0,0.33,61.4,81.5,402.2,24.7,1,395.5,0,1,8,2,0.0985,0
SEG-0168,2025-09-01,4.19,1198.6,6,0.7269,7878.0,0.254,48.3,83.1,260.1,29.7,0,908.5,2,0,6,6,0.0922,0
SEG-0169,2025-09-01,4.28,417.6,2,0.835,12425.0,0.335,52.9,43.5,157.0,22.6,0,738.5,1,0,9,5,0.1128,0
SEG-0170,2025-09-01,8.77,1379.4,2,0.5312,24508.0,0.047,39.7,16.5,37.4,27.2,0,1477.8,1,2,10,5,0.1917,0
SEG-0171,2025-09-01,14.53,1036.0,1,0.3709,5317.0,0.184,48.6,51.3,129.0,29.2,0,2669.8,4,3,3,4,0.298,1
SEG-0172,2025-09-01,5.23,198.8,2,0.7751,35810.0,0.265,35.1,11.4,27.8,24.1,0,714.7,2,1,9,2,0.0673,0
SEG-0173,2025-09-01,10.02,157.3,6,0.5041,32067.0,0.117,32.8,7.3,27.4,23.9,0,433.7,1,1,14,9,0.2824,1
SEG-0174,2025-09-01,13.41,219.7,4,0.3585,24703.0,0.254,42.4,37.6,182.2,27.7,0,2638.0,3,1,12,9,0.339,1
SEG-0175,2025-09-01,10.71,968.0,2,0.4513,7299.0,0.222,53.5,34.6,112.7,27.0,0,496.1,1,1,13,5,0.3417,1
SEG-0176,2025-09-01,15.61,1232.0,2,0.1848,10864.0,0.331,49.8,28.0,67.7,26.2,0,3217.3,5,3,15,8,0.4475,1
SEG-0177,2025-09-01,7.42,472.0,4,0.6699,7729.0,0.151,51.8,6.3,21.6,26.2,0,305.1,1,0,3,3,0.1951,0
SEG-0178,2025-09-01,5.92,1296.7,2,0.7026,38853.0,0.129,29.4,12.5,31.2,24.4,0,755.6,0,2,8,1,0.1979,0
SEG-0179,2025-09-01,14.77,227.3,1,0.3802,24060.0,0.09,49.5,35.6,86.1,25.9,0,2870.5,3,2,9,7,0.3467,1
SEG-0180,2025-09-01,9.7,1231.3,2,0.4712,31920.0,0.091,34.5,35.6,127.2,24.7,0,1630.0,2,2,9,7,0.2756,0
SEG-0181,2025-09-01,10.53,1402.5,1,0.548,13514.0,0.312,44.6,38.2,111.2,26.3,0,1152.3,3,1,8,4,0.258,0
SEG-0182,2025-09-01,14.77,1192.3,2,0.285,19794.0,0.079,42.8,121.6,302.3,24.3,0,1015.3,5,1,17,8,0.4208,1
SEG-0183,2025-09-01,14.78,1092.5,1,0.306,16342.0,0.072,44.3,37.2,184.0,26.7,0,3870.6,3,1,9,4,0.3714,1
SEG-0184,2025-09-01,13.83,1281.3,2,0.2853,31388.0,0.142,33.9,20.7,62.1,21.7,0,3840.0,3,3,8,5,0.3501,1
SEG-0185,2025-09-01,10.07,204.2,2,0.5074,34970.0,0.112,34.3,72.5,205.2,24.4,0,1254.4,1,0,12,3,0.2448,0
SEG-0186,2025-09-01,4.6,422.4,2,0.7657,10833.0,0.297,43.6,94.9,325.8,24.7,1,1045.1,1,0,3,2,0.093,0
SEG-0187,2025-09-01,10.71,318.6,2,0.3693,40039.0,0.209,24.1,22.2,144.3,26.6,1,1194.8,3,3,13,6,0.2725,1
SEG-0188,2025-09-01,14.89,831.1,6,0.2328,6486.0,0.363,50.2,74.1,201.0,23.5,1,1259.3,4,2,13,9,0.4112,1
SEG-0189,2025-09-01,11.16,1156.0,4,0.4446,36426.0,0.084,28.5,85.2,235.1,23.9,0,1222.9,1,2,11,7,0.3252,1
SEG-0190,2025-09-01,6.64,1000.5,2,0.6418,5779.0,0.23,55.1,92.5,216.4,20.8,0,1616.9,1,0,11,6,0.1728,0
SEG-0191,2025-09-01,12.37,1299.0,2,0.4371,14464.0,0.226,47.5,38.0,140.8,27.1,0,2036.7,4,1,9,7,0.2781,0
SEG-0192,2025-09-01,12.08,359.5,4,0.4128,34329.0,0.223,38.2,28.7,165.2,19.6,0,3353.6,2,3,17,6,0.342,1
SEG-0193,2025-09-01,12.99,1141.7,2,0.3781,10212.0,0.353,52.6,19.3,66.8,26.8,0,1472.4,2,1,9,4,0.3744,0
SEG-0194,2025-09-01,3.96,410.6,2,0.7155,19790.0,0.376,49.0,25.8,111.9,21.6,0,354.9,1,1,4,2,0.1203,0
SEG-0195,2025-09-01,14.48,515.5,4,0.2782,20151.0,0.356,41.8,176.0,397.3,25.4,1,1774.7,2,3,19,10,0.3995,1
SEG-0196,2025-09-01,3.56,1108.4,2,0.8619,11215.0,0.1,48.8,115.2,294.9,28.4,0,1000.3,0,0,4,2,0.0394,0
SEG-0197,2025-09-01,2.48,1473.3,4,0.8508,30285.0,0.108,38.6,84.8,193.3,24.1,1,734.2,1,0,2,0,0.0384,0
SEG-0198,2025-09-01,13.18,975.6,2,0.3093,39510.0,0.214,45.1,25.5,169.2,23.8,0,898.8,2,2,10,8,0.3621,1
SEG-0199,2025-09-01,4.54,223.6,2,0.7987,36782.0,0.152,30.0,56.1,179.6,24.8,1,412.7,0,0,5,4,0.0412,0
SEG-0200,2025-09-01,1.67,982.0,2,0.8532,18134.0,0.309,41.3,27.5,119.0,25.9,0,488.4,0,0,2,1,0.0463,0
SEG-0201,2025-09-01,9.66,207.2,2,0.4229,22307.0,0.217,37.7,26.2,82.6,25.3,0,2702.9,3,2,11,7,0.2963,1
SEG-0202,2025-09-01,7.59,1343.6,2,0.6228,11928.0,0.235,53.4,25.1,112.2,26.4,0,480.2,1,2,11,5,0.1683,0
SEG-0203,2025-09-01,9.37,1107.9,2,0.5717,13364.0,0.301,43.9,69.5,195.7,23.8,0,2153.8,3,2,8,5,0.2182,0
SEG-0204,2025-09-01,3.45,383.7,4,0.7908,6920.0,0.257,47.7,42.7,148.5,26.5,0,513.3,0,1,4,2,0.0788,0
SEG-0205,2025-09-01,6.74,273.8,2,0.6176,40679.0,0.04,31.5,32.6,121.3,27.5,0,1416.4,0,1,9,7,0.2056,0
SEG-0206,2025-09-01,4.59,397.8,2,0.774,35571.0,0.089,36.9,37.1,158.1,23.3,0,885.8,0,0,4,2,0.0985,0
SEG-0207,2025-09-01,14.62,1473.0,4,0.2607,39969.0,0.288,28.6,69.0,197.4,24.6,0,770.7,4,3,13,11,0.3742,1
SEG-0208,2025-09-01,6.76,769.1,4,0.5961,22522.0,0.203,35.7,15.5,41.4,25.1,0,319.4,1,0,8,1,0.2208,0
SEG-0209,2025-09-01,11.31,1208.5,2,0.3521,23938.0,0.118,43.2,53.2,177.6,23.1,0,2478.4,2,3,8,5,0.3142,1
SEG-0210,2025-09-01,3.39,1009.2,2,0.8412,27733.0,0.182,51.6,28.4,86.3,29.1,0,451.9,1,1,7,2,0.0714,0
SEG-0211,2025-09-01,13.74,922.8,6,0.3676,23291.0,0.256,43.8,33.3,115.3,25.0,0,3846.5,4,1,14,7,0.3566,1
SEG-0212,2025-09-01,2.73,345.9,2,0.9062,19688.0,0.334,42.1,41.8,95.3,25.0,0,725.9,0,1,6,2,0.0037,0
SEG-0213,2025-09-01,6.53,1427.1,4,0.6091,5995.0,0.238,46.6,28.7,158.0,27.8,0,1564.2,1,0,2,3,0.1551,0
SEG-0214,2025-09-01,4.15,556.8,4,0.7785,6867.0,0.158,44.6,23.7,68.4,22.5,1,628.4,1,0,4,2,0.0498,0
SEG-0215,2025-09-01,6.5,930.3,4,0.6643,43185.0,0.112,34.4,7.4,36.7,23.8,0,722.4,1,1,15,5,0.1462,0
SEG-0216,2025-09-01,15.64,1094.7,2,0.2411,18940.0,0.206,34.8,14.5,40.7,30.5,0,724.4,4,3,9,6,0.4017,1
SEG-0217,2025-09-01,15.46,1026.5,2,0.218,46480.0,0.137,23.8,78.5,185.9,27.0,0,1818.6,5,3,21,10,0.4413,1
SEG-0218,2025-09-01,8.62,1419.8,1,0.5865,7201.0,0.2,46.2,16.1,39.2,20.0,0,2166.9,3,1,2,3,0.2239,0
SEG-0219,2025-09-01,5.15,350.4,2,0.7329,25180.0,0.237,42.5,41.1,116.7,25.5,0,439.4,2,1,13,4,0.0945,1
SEG-0220,2025-09-01,10.7,836.3,6,0.4148,9868.0,0.051,54.7,96.6,230.2,25.4,3,2403.1,1,2,10,8,0.2775,1
SEG-0221,2025-09-01,15.13,695.4,2,0.3615,10827.0,0.038,49.5,73.9,167.9,23.6,0,3973.5,4,3,11,6,0.3656,1
SEG-0222,2025-09-01,12.8,790.1,2,0.4563,2506.0,0.138,58.8,20.3,50.7,26.5,0,2950.5,4,2,11,9,0.3459,1
SEG-0223,2025-09-01,8.21,310.9,1,0.6366,6574.0,0.385,56.8,77.8,344.6,26.5,0,2247.9,2,0,4,1,0.212,0
SEG-0224,2025-09-01,10.08,331.0,6,0.5245,46682.0,0.262,31.5,27.2,141.0,30.7,0,2332.4,1,2,9,5,0.2081,0
SEG-0225,2025-09-01,7.59,525.4,1,0.6252,13208.0,0.074,55.2,87.7,205.0,25.7,0,2146.9,1,0,9,6,0.1708,0
SEG-0226,2025-09-01,11.38,561.4,1,0.3524,24500.0,0.343,31.8,8.0,41.4,20.2,0,1922.2,4,1,9,5,0.2916,1
SEG-0227,2025-09-01,7.86,727.7,2,0.6525,23521.0,0.228,45.4,26.9,74.8,20.4,0,1147.4,2,1,6,6,0.1916,0
SEG-0228,2025-09-01,11.71,974.8,1,0.3453,20127.0,0.159,47.5,27.2,140.1,24.9,0,1462.8,3,1,11,6,0.3316,0
SEG-0229,2025-09-01,15.24,1006.7,2,0.2918,23967.0,0.363,35.3,36.1,81.3,20.8,0,3434.2,4,2,10,4,0.3356,1
SEG-0230,2025-09-01,13.44,705.9,2,0.3238,7950.0,0.021,47.5,18.2,53.2,28.0,0,740.6,2,1,15,10,0.3188,1
SEG-0231,2025-09-01,8.43,701.9,2,0.5052,39288.0,0.114,32.7,66.3,167.3,22.4,1,899.2,3,0,11,3,0.2514,0
SEG-0232,2025-09-01,15.11,443.8,1,0.2403,34680.0,0.241,31.7,33.2,155.4,26.3,1,3920.5,4,1,11,9,0.3904,1
SEG-0233,2025-09-01,5.74,944.2,1,0.6803,31179.0,0.104,39.6,95.1,304.3,25.1,0,1545.9,2,0,6,1,0.189,0
SEG-0234,2025-09-01,5.47,578.0,2,0.6331,22414.0,0.262,42.8,77.0,335.2,21.0,0,1408.5,2,0,7,4,0.1821,0
SEG-0235,2025-09-01,4.25,198.7,1,0.787,6801.0,0.071,51.1,36.6,148.4,26.4,0,678.1,0,0,1,0,0.1438,0
SEG-0236,2025-09-01,14.88,714.8,2,0.243,42386.0,0.035,32.8,58.8,151.0,23.6,0,3279.8,3,3,16,9,0.4356,1
SEG-0237,2025-09-01,9.01,790.1,2,0.6,14619.0,0.076,46.7,41.8,247.0,25.1,0,1943.2,1,2,10,5,0.1934,0
SEG-0238,2025-09-01,13.85,454.6,2,0.342,2809.0,0.198,48.2,20.2,93.1,25.2,0,2004.4,2,1,14,6,0.3713,1
SEG-0239,2025-09-01,9.13,922.8,2,0.5564,16584.0,0.111,42.1,66.9,246.0,26.8,0,586.7,3,0,4,6,0.2128,0
SEG-0240,2025-09-01,12.81,913.8,2,0.4721,39075.0,0.102,39.1,18.4,113.3,30.2,0,1871.9,4,3,13,9,0.29,1
SEG-0241,2025-09-01,14.42,1097.7,1,0.1674,24722.0,0.327,40.6,24.5,99.2,26.1,0,1298.4,2,3,18,11,0.4622,1
SEG-0242,2025-09-01,13.17,1024.7,1,0.3504,33237.0,0.148,47.0,71.2,194.3,23.7,0,2115.9,3,3,10,6,0.3583,0
SEG-0243,2025-09-01,4.14,1030.8,4,0.7442,40890.0,0.163,26.4,114.8,381.3,25.9,0,428.6,0,0,8,4,0.0721,0
SEG-0244,2025-09-01,2.49,576.9,1,0.877,8935.0,0.031,54.9,32.9,144.6,30.7,0,420.5,0,1,1,0,0.0802,0
SEG-0245,2025-09-01,4.61,1213.0,2,0.8514,40050.0,0.138,31.5,38.4,155.4,29.2,0,445.3,2,0,7,0,0.0622,0
SEG-0246,2025-09-01,5.01,891.3,2,0.7386,23230.0,0.133,43.8,25.9,141.2,25.8,0,435.2,0,0,9,4,0.0792,0
SEG-0247,2025-09-01,9.96,732.4,2,0.4697,28086.0,0.256,32.4,73.4,215.4,24.1,0,2739.5,3,1,9,4,0.2811,1
SEG-0248,2025-09-01,10.84,995.1,2,0.4249,988.0,0.108,54.1,31.7,82.3,25.3,0,1865.0,3,3,7,3,0.26,1
SEG-0249,2025-09-01,2.37,636.9,4,0.7168,47814.0,0.365,31.9,34.1,108.2,26.8,0,593.7,1,0,11,2,0.153,0
SEG-0250,2025-09-01,6.06,842.2,4,0.639,14825.0,0.357,47.3,55.7,146.3,23.6,1,1193.7,2,1,7,4,0.1817,0
SEG-0001,2025-09-16,3.1,1030.1,4,0.7659,13133.0,0.046,50.8,12.8,29.4,22.7,0,362.0,0,0,6,4,0.1701,0
SEG-0002,2025-09-16,8.64,1321.1,4,0.5348,16163.0,0.167,52.9,48.9,113.4,19.1,0,1051.7,2,2,6,6,0.2053,0
SEG-0003,2025-09-16,12.23,762.8,4,0.374,13045.0,0.081,51.9,60.3,211.2,25.0,0,2600.1,4,3,9,6,0.3247,1
SEG-0004,2025-09-16,8.26,484.6,2,0.5312,21806.0,0.113,44.4,32.2,85.2,26.1,0,767.7,3,1,3,1,0.2605,1
SEG-0005,2025-09-16,5.55,469.5,2,0.7316,27712.0,0.231,35.8,75.5,188.1,24.3,0,1294.9,0,1,9,1,0.1672,0
SEG-0006,2025-09-16,7.85,1157.1,4,0.5683,10663.0,0.15,47.2,24.3,55.8,25.2,0,1998.1,1,0,10,5,0.2657,0
SEG-0007,2025-09-16,5.75,1252.4,2,0.7669,14109.0,0.338,54.3,30.7,154.5,29.7,0,298.2,2,1,9,1,0.0969,0
SEG-0008,2025-09-16,3.58,292.1,4,0.8198,36345.0,0.13,36.3,48.6,154.3,24.2,0,355.0,1,0,7,1,0.033,0
SEG-0009,2025-09-16,5.31,239.9,2,0.7775,2787.0,0.276,54.6,44.9,103.5,27.2,0,502.3,0,0,0,2,0.053,0
SEG-0010,2025-09-16,11.48,952.5,1,0.4037,19328.0,0.198,42.9,29.4,73.8,18.2,0,1256.8,4,3,10,5,0.2972,0
SEG-0011,2025-09-16,11.03,347.3,1,0.432,33771.0,0.313,41.5,16.6,64.7,24.4,0,1830.4,1,3,11,5,0.2834,1
SEG-0012,2025-09-16,10.66,1263.3,4,0.4921,7841.0,0.23,55.7,30.8,79.2,26.5,1,643.7,2,2,2,7,0.2578,0
SEG-0013,2025-09-16,8.95,569.0,1,0.5519,2667.0,0.183,54.9,34.3,84.4,17.9,0,1766.1,3,1,4,4,0.266,0
SEG-0014,2025-09-16,9.4,344.2,2,0.5435,6955.0,0.366,53.8,49.5,133.1,24.8,0,370.8,1,1,12,5,0.2421,0
SEG-0015,2025-09-16,15.29,1393.3,2,0.2175,39415.0,0.128,39.7,23.3,99.1,23.7,0,1396.3,4,1,10,8,0.4463,1
SEG-0016,2025-09-16,2.73,373.5,2,0.8539,1241.0,0.051,62.4,50.9,118.8,22.1,0,316.1,0,0,0,0,0.0362,0
SEG-0017,2025-09-16,2.4,534.4,2,0.861,7943.0,0.247,53.3,34.2,87.1,26.9,0,689.4,0,0,2,2,0.0748,0
SEG-0018,2025-09-16,14.54,357.4,4,0.2605,2142.0,0.31,52.3,28.5,63.4,22.9,0,3315.7,3,1,11,8,0.4309,1
SEG-0019,2025-09-16,9.82,305.9,1,0.4955,5257.0,0.054,49.0,78.4,225.3,27.8,1,1726.0,3,0,0,5,0.2184,0
SEG-0020,2025-09-16,10.21,178.5,4,0.4118,32245.0,0.187,30.7,24.2,92.2,22.2,0,2477.7,3,1,12,6,0.284,1
SEG-0021,2025-09-16,4.77,224.8,4,0.6958,11581.0,0.343,52.6,10.9,45.8,23.9,1,770.2,0,0,10,1,0.1417,0
SEG-0022,2025-09-16,5.78,385.8,2,0.6307,23063.0,0.315,42.4,61.9,332.8,23.0,0,606.6,0,1,5,4,0.1878,1
SEG-0023,2025-09-16,4.24,222.1,2,0.7832,29961.0,0.362,30.4,2.2,12.2,20.5,0,475.9,0,1,4,4,0.0955,0
SEG-0024,2025-09-16,6.85,948.0,2,0.6625,43179.0,0.229,30.3,115.0,268.9,25.1,0,692.4,2,1,12,3,0.17,0
SEG-0025,2025-09-16,2.79,1069.0,1,0.7523,1304.0,0.215,56.9,25.2,121.3,22.7,0,719.9,0,0,2,0,0.1009,0
SEG-0026,2025-09-16,4.98,681.4,2,0.7424,39017.0,0.148,30.7,27.3,87.6,23.8,0,733.1,2,0,10,4,0.1306,0
SEG-0027,2025-09-16,4.81,579.3,6,0.7483,31994.0,0.374,37.2,14.2,49.4,23.0,0,1348.2,1,0,5,2,0.0831,0
SEG-0028,2025-09-16,13.97,831.1,6,0.3966,8445.0,0.157,56.3,40.0,104.4,28.2,0,1887.7,3,2,14,9,0.2787,1
SEG-0029,2025-09-16,15.23,1331.3,4,0.2975,32667.0,0.296,29.7,113.7,267.7,23.2,1,1227.6,3,2,21,11,0.345,1
SEG-0030,2025-09-16,9.95,1299.0,2,0.461,42413.0,0.22,23.8,38.0,88.7,23.9,0,797.4,1,1,17,3,0.2694,0
SEG-0031,2025-09-16,10.21,208.7,2,0.4324,13581.0,0.249,47.3,31.8,191.4,22.5,0,866.0,1,1,9,5,0.3035,0
SEG-0032,2025-09-16,15.09,395.0,4,0.3195,35221.0,0.273,33.3,40.1,99.7,22.0,0,1122.3,3,3,21,6,0.3832,1
SEG-0033,2025-09-16,5.14,469.6,2,0.7396,20406.0,0.203,47.2,7.5,46.7,23.1,0,1152.4,2,0,5,4,0.1501,0
SEG-0034,2025-09-16,12.42,486.7,2,0.2529,26256.0,0.356,43.0,36.7,243.0,22.4,1,2277.0,2,2,14,7,0.3815,1
SEG-0035,2025-09-16,2.92,921.2,1,0.796,39253.0,0.153,39.5,86.5,342.4,25.8,1,380.0,1,0,3,0,0.062,0
SEG-0036,2025-09-16,14.74,712.0,2,0.2663,16538.0,0.254,41.5,14.7,48.5,25.7,0,3157.9,5,1,10,10,0.3414,1
SEG-0037,2025-09-16,15.35,216.5,2,0.1653,42188.0,0.148,24.3,59.5,191.5,26.1,0,1187.7,4,2,22,10,0.4691,1
SEG-0038,2025-09-16,8.64,654.4,2,0.5146,16180.0,0.191,39.2,79.1,177.4,19.5,0,1913.9,3,0,7,6,0.276,0
SEG-0039,2025-09-16,6.7,857.1,2,0.6504,33816.0,0.168,32.2,9.6,40.6,21.4,0,1239.4,2,0,2,4,0.202,0
SEG-0040,2025-09-16,6.94,287.3,4,0.74,27988.0,0.106,45.7,26.1,63.3,21.1,0,1198.6,0,1,3,2,0.1385,0
SEG-0041,2025-09-16,7.64,1275.2,6,0.5927,10925.0,0.06,47.5,107.3,267.4,24.4,0,1137.5,0,1,7,5,0.2346,0
SEG-0042,2025-09-16,8.4,220.1,2,0.55,17130.0,0.242,42.6,86.3,216.5,24.8,1,1317.2,3,0,5,2,0.2674,0
SEG-0043,2025-09-16,2.08,1398.5,4,0.8364,13976.0,0.246,42.7,11.2,67.3,19.4,0,518.9,0,0,3,3,0.1096,0
SEG-0044,2025-09-16,3.65,283.8,6,0.7476,4120.0,0.25,54.6,54.9,125.2,22.8,0,302.3,1,0,13,5,0.145,0
SEG-0045,2025-09-16,8.39,1288.8,1,0.5082,2188.0,0.076,44.0,76.3,204.3,23.0,0,1963.2,3,1,11,6,0.2979,1
SEG-0046,2025-09-16,4.67,1368.6,2,0.7885,14654.0,0.149,45.6,20.7,104.4,19.8,0,368.3,1,0,3,1,0.1524,0
SEG-0047,2025-09-16,7.35,1472.4,2,0.5781,1707.0,0.072,49.8,84.2,229.2,23.5,0,2038.4,2,1,3,4,0.2252,0
SEG-0048,2025-09-16,9.99,1232.7,1,0.5118,8329.0,0.319,48.7,15.5,47.2,24.9,0,1511.4,1,2,8,6,0.2185,1
SEG-0049,2025-09-16,11.55,1202.3,4,0.4528,29019.0,0.361,43.7,25.7,163.7,26.4,0,1865.7,4,3,6,5,0.232,1
SEG-0050,2025-09-16,15.34,1017.4,2,0.2067,32612.0,0.106,35.3,54.0,148.3,23.5,0,1579.4,4,3,14,8,0.4071,0
SEG-0051,2025-09-16,7.24,1201.6,2,0.69,37926.0,0.272,35.4,1.7,8.8,25.2,0,809.9,2,1,9,3,0.1398,0
SEG-0052,2025-09-16,14.92,331.6,2,0.2457,15459.0,0.066,48.5,14.7,79.1,23.1,0,1369.1,5,2,11,10,0.3931,0
SEG-0053,2025-09-16,7.74,873.7,2,0.5614,34465.0,0.111,34.1,8.6,54.0,24.2,0,705.8,2,2,11,4,0.2541,0
SEG-0054,2025-09-16,2.86,844.2,4,0.8487,27262.0,0.106,45.7,46.6,159.2,20.4,0,805.6,0,0,5,0,0.0439,0
SEG-0055,2025-09-16,5.42,1307.7,1,0.7103,6528.0,0.096,50.0,26.3,78.6,20.6,0,1087.9,1,0,7,2,0.1928,0
SEG-0056,2025-09-16,5.41,774.8,2,0.6801,7534.0,0.312,53.9,51.1,170.8,25.7,0,692.8,2,0,13,4,0.15,0
SEG-0057,2025-09-16,11.18,669.9,2,0.4334,28876.0,0.366,41.9,14.7,83.0,23.8,0,567.6,2,2,16,5,0.2993,1
SEG-0058,2025-09-16,5.81,1013.4,2,0.6854,8759.0,0.089,45.8,41.6,112.3,23.8,0,759.7,0,2,4,0,0.1565,0
SEG-0059,2025-09-16,9.87,509.7,2,0.5323,21648.0,0.23,41.7,12.3,35.3,21.8,0,331.6,3,1,10,5,0.2542,0
SEG-0060,2025-09-16,4.31,338.7,2,0.7957,38812.0,0.272,27.0,19.4,76.7,20.3,0,958.8,1,0,8,2,0.1313,0
SEG-0061,2025-09-16,14.07,795.1,1,0.2929,1008.0,0.375,52.5,18.5,60.7,21.0,0,541.0,4,1,8,5,0.388,1
SEG-0062,2025-09-16,8.89,712.8,2,0.6089,1925.0,0.294,54.4,19.2,52.3,25.3,0,335.2,3,0,6,3,0.2082,0
SEG-0063,2025-09-16,15.33,464.0,4,0.2405,47598.0,0.161,21.5,35.5,192.2,25.0,0,1698.5,5,2,11,5,0.3719,1
SEG-0064,2025-09-16,14.16,646.1,2,0.315,22737.0,0.249,47.5,20.6,48.1,25.6,1,2868.9,3,3,10,6,0.3687,1
SEG-0065,2025-09-16,3.54,644.6,2,0.8579,5734.0,0.15,50.4,20.7,70.6,29.0,0,568.0,0,0,5,2,0.1214,0
SEG-0066,2025-09-16,11.46,592.1,2,0.5008,40836.0,0.37,25.4,120.4,276.4,28.7,0,1508.3,3,3,13,5,0.28,0
SEG-0067,2025-09-16,6.7,662.3,4,0.6485,44319.0,0.195,26.9,27.4,89.2,24.7,0,480.2,0,1,15,7,0.2007,0
SEG-0068,2025-09-16,8.18,1075.8,1,0.5403,20969.0,0.274,44.1,51.1,142.9,25.3,0,1727.9,1,2,8,6,0.285,0
SEG-0069,2025-09-16,15.5,550.8,2,0.2653,24235.0,0.049,42.2,36.2,111.7,24.1,0,2567.2,3,3,13,8,0.3872,1
SEG-0070,2025-09-16,14.35,1431.0,2,0.3395,14111.0,0.152,44.1,17.4,64.7,22.0,0,3787.0,3,1,11,9,0.3538,1
SEG-0071,2025-09-16,7.53,1387.1,2,0.6766,3363.0,0.346,55.0,7.7,23.8,20.1,0,535.2,2,0,4,1,0.1887,0
SEG-0072,2025-09-16,10.13,799.2,4,0.4673,24807.0,0.269,37.6,43.3,98.7,25.9,0,552.1,1,1,6,9,0.2515,0
SEG-0073,2025-09-16,11.98,593.3,2,0.4572,12070.0,0.168,53.7,41.7,131.3,26.7,0,1698.8,2,3,16,4,0.2704,1
SEG-0074,2025-09-16,3.17,872.8,4,0.7873,28241.0,0.351,40.0,28.4,117.4,24.6,0,728.7,0,0,7,2,0.1099,0
SEG-0075,2025-09-16,4.23,1295.6,4,0.7,33859.0,0.308,27.8,23.5,75.5,26.1,0,682.5,2,0,9,1,0.1731,0
SEG-0076,2025-09-16,15.44,1031.0,2,0.26,2019.0,0.163,59.4,16.5,48.9,23.2,0,2642.9,4,2,18,10,0.3681,0
SEG-0077,2025-09-16,8.0,1235.9,4,0.5349,30714.0,0.254,39.7,80.0,184.7,21.7,0,655.3,1,1,7,3,0.2478,0
SEG-0078,2025-09-16,5.43,869.2,2,0.7355,10135.0,0.198,52.2,19.3,68.1,19.7,0,522.8,2,0,14,3,0.118,0
SEG-0079,2025-09-16,14.39,1004.4,4,0.3393,35952.0,0.255,34.4,64.2,146.4,26.2,0,2096.7,3,1,19,8,0.3372,1
SEG-0080,2025-09-16,1.85,539.0,2,0.8397,12825.0,0.15,52.7,37.1,202.2,26.8,0,451.4,0,0,6,4,0.0695,0
SEG-0081,2025-09-16,9.37,1142.1,2,0.5847,29835.0,0.106,37.1,22.3,53.4,25.6,0,1975.4,3,2,6,5,0.2101,0
SEG-0082,2025-09-16,9.98,423.2,2,0.3689,23325.0,0.386,46.1,33.7,100.6,26.9,0,607.3,3,1,6,8,0.3249,1
SEG-0083,2025-09-16,14.5,1088.0,1,0.3408,20599.0,0.373,45.1,50.7,154.3,24.3,0,677.0,3,1,13,11,0.3767,1
SEG-0084,2025-09-16,5.17,1312.0,2,0.6469,26479.0,0.337,34.5,17.0,77.7,24.4,1,1076.0,1,0,11,5,0.2375,0
SEG-0085,2025-09-16,1.82,328.3,4,0.8905,31387.0,0.373,35.8,14.5,35.4,22.0,0,536.1,0,0,5,0,0.0566,0
SEG-0086,2025-09-16,2.21,979.4,2,0.864,26432.0,0.301,33.5,159.3,382.9,21.2,1,480.0,1,0,4,1,0.05,0
SEG-0087,2025-09-16,10.35,278.4,2,0.4607,32450.0,0.312,34.3,26.9,72.9,24.7,0,359.6,2,0,17,5,0.2957,0
SEG-0088,2025-09-16,14.59,1129.7,2,0.2835,39642.0,0.281,33.8,32.2,149.0,21.4,1,3474.1,2,3,15,8,0.4153,1
SEG-0089,2025-09-16,9.64,264.1,2,0.4738,19577.0,0.221,37.0,25.4,65.2,22.9,0,2584.8,3,2,15,6,0.3047,0
SEG-0090,2025-09-16,13.89,1413.5,1,0.2753,22480.0,0.186,49.3,8.2,51.9,25.4,0,353.9,3,2,15,6,0.3515,0
SEG-0091,2025-09-16,2.25,335.5,4,0.879,1616.0,0.121,51.7,54.2,152.0,25.2,0,620.7,0,0,2,1,0.0204,0
SEG-0092,2025-09-16,4.07,1444.5,2,0.8432,35891.0,0.275,35.8,40.1,162.8,23.5,0,657.8,0,1,6,2,0.0547,0
SEG-0093,2025-09-16,5.05,1231.2,2,0.7428,23863.0,0.152,47.1,14.3,67.5,22.5,0,335.5,2,0,9,5,0.1134,0
SEG-0094,2025-09-16,9.77,951.5,2,0.4974,19226.0,0.122,43.4,26.6,66.6,23.3,0,1141.5,1,1,4,5,0.2451,0
SEG-0095,2025-09-16,10.38,1206.5,1,0.5698,5406.0,0.253,49.9,86.1,272.6,23.0,0,967.9,1,1,6,5,0.231,0
SEG-0096,2025-09-16,15.01,1223.4,2,0.2576,45533.0,0.174,25.3,12.0,41.3,22.9,1,1746.9,4,1,13,8,0.4175,1
SEG-0097,2025-09-16,5.42,1427.1,4,0.6703,20458.0,0.105,46.8,30.2,104.4,23.9,0,1092.5,2,0,7,3,0.1538,0
SEG-0098,2025-09-16,3.69,492.1,2,0.8107,29932.0,0.312,36.4,37.7,90.8,22.7,0,616.1,0,0,8,4,0.0655,0
SEG-0099,2025-09-16,8.94,946.6,6,0.5629,8006.0,0.287,51.5,64.5,160.2,25.7,0,2122.4,3,2,8,3,0.2388,0
SEG-0100,2025-09-16,12.57,278.3,2,0.3666,40961.0,0.115,29.7,32.1,95.5,22.7,0,526.4,4,1,15,6,0.3008,1
SEG-0101,2025-09-16,7.51,981.8,2,0.622,10026.0,0.043,46.9,44.1,149.1,17.1,0,1072.6,0,0,7,3,0.2203,0
SEG-0102,2025-09-16,7.45,381.2,4,0.5686,8482.0,0.158,40.1,12.1,46.0,23.3,0,1648.8,2,1,1,2,0.2061,0
SEG-0103,2025-09-16,10.8,912.7,4,0.4669,40125.0,0.304,35.5,54.3,144.7,23.2,0,1982.8,2,1,14,5,0.2322,1
SEG-0104,2025-09-16,10.84,922.8,4,0.4219,46942.0,0.303,36.5,29.6,107.3,25.1,0,2446.1,1,3,15,6,0.2964,1
SEG-0105,2025-09-16,15.32,779.1,6,0.2898,10793.0,0.09,50.2,104.5,273.9,25.5,1,3525.3,5,2,10,7,0.3882,1
SEG-0106,2025-09-16,14.95,855.6,4,0.2712,24745.0,0.299,42.5,45.2,130.8,21.4,0,3533.9,5,2,11,8,0.3615,1
SEG-0107,2025-09-16,8.7,1181.3,4,0.4663,36975.0,0.119,33.0,21.0,91.7,19.8,1,1148.7,1,1,10,7,0.3289,0
SEG-0108,2025-09-16,6.44,1229.0,1,0.615,45432.0,0.176,26.9,41.5,108.5,21.7,0,340.0,1,1,11,4,0.2151,0
SEG-0109,2025-09-16,9.0,814.4,4,0.5136,15843.0,0.372,47.8,39.4,259.2,22.0,0,1049.0,2,2,8,3,0.2235,0
SEG-0110,2025-09-16,3.07,959.5,2,0.707,21858.0,0.148,48.2,21.3,66.5,28.5,0,814.2,1,0,5,0,0.1442,0
SEG-0111,2025-09-16,6.62,1407.2,2,0.5644,29740.0,0.085,45.2,38.0,161.0,20.5,0,1260.5,0,0,8,1,0.2731,0
SEG-0112,2025-09-16,7.05,311.6,2,0.6261,31529.0,0.187,37.6,29.9,70.0,24.1,0,1690.3,0,2,14,6,0.1876,0
SEG-0113,2025-09-16,12.23,308.1,6,0.3427,38742.0,0.23,28.3,29.3,95.9,21.5,0,3363.9,4,3,15,5,0.3438,1
SEG-0114,2025-09-16,7.73,268.4,6,0.6145,24238.0,0.328,38.1,17.7,48.0,22.8,0,1337.6,3,0,6,1,0.2509,0
SEG-0115,2025-09-16,14.44,1038.1,2,0.3641,4878.0,0.383,51.7,10.4,35.8,23.9,0,3350.9,4,2,15,7,0.3814,1
SEG-0116,2025-09-16,5.66,715.1,4,0.6803,42594.0,0.085,26.3,16.3,99.1,22.1,0,437.7,2,0,7,2,0.2,0
SEG-0117,2025-09-16,6.26,1195.3,4,0.6913,41944.0,0.072,37.2,19.6,88.5,24.0,0,1618.2,2,0,9,2,0.2046,0
SEG-0118,2025-09-16,12.83,1056.2,2,0.3675,40002.0,0.263,25.7,37.5,185.1,21.7,0,3374.8,2,3,10,7,0.3625,1
SEG-0119,2025-09-16,8.94,600.4,1,0.5233,4798.0,0.131,55.1,27.8,69.5,25.6,0,2513.7,2,0,8,6,0.3122,0
SEG-0120,2025-09-16,3.55,1362.8,1,0.7683,10313.0,0.331,49.6,29.0,70.7,29.8,0,388.0,0,1,3,0,0.1176,0
SEG-0121,2025-09-16,9.72,1179.4,4,0.522,34396.0,0.276,33.9,66.0,176.7,25.2,0,672.3,1,1,12,4,0.2724,0
SEG-0122,2025-09-16,7.07,515.2,2,0.6253,1812.0,0.104,50.6,26.1,79.9,21.3,0,1075.8,1,1,4,3,0.1803,0
SEG-0123,2025-09-16,11.3,641.7,6,0.4812,37944.0,0.324,30.8,20.8,47.1,20.4,0,1525.6,3,1,16,8,0.2768,0
SEG-0124,2025-09-16,4.12,574.5,2,0.743,16465.0,0.097,50.6,40.6,107.9,24.2,0,581.9,0,0,2,0,0.1029,0
SEG-0125,2025-09-16,9.33,362.8,6,0.4919,36018.0,0.155,42.5,19.4,73.5,22.9,0,1863.4,2,1,9,3,0.2561,0
SEG-0126,2025-09-16,15.3,349.5,2,0.2586,45535.0,0.258,31.2,18.2,108.3,23.0,0,864.4,5,2,16,12,0.36,1
SEG-0127,2025-09-16,6.02,1413.8,4,0.6955,18098.0,0.244,48.3,80.0,211.6,24.6,0,678.6,2,1,4,5,0.1526,0
SEG-0128,2025-09-16,6.15,741.2,1,0.714,13941.0,0.286,48.3,13.6,51.4,25.6,0,312.0,0,1,5,3,0.1503,0
SEG-0129,2025-09-16,5.77,667.5,2,0.6789,31941.0,0.255,44.1,81.9,223.1,22.6,2,1529.1,0,0,9,5,0.1948,1
SEG-0130,2025-09-16,5.41,1135.1,4,0.7009,27558.0,0.369,44.0,36.9,104.9,22.2,0,1159.8,1,0,5,3,0.0909,1
SEG-0131,2025-09-16,3.47,896.5,4,0.8507,16315.0,0.382,43.3,7.5,47.0,25.7,0,1022.1,0,0,3,1,0.0917,0
SEG-0132,2025-09-16,14.07,1413.8,4,0.4219,30780.0,0.227,32.4,17.3,57.4,24.6,0,3679.4,4,2,3,7,0.2998,1
SEG-0133,2025-09-16,3.77,1203.4,1,0.7117,36304.0,0.021,40.7,64.9,398.2,23.3,1,707.3,0,0,13,4,0.1248,1
SEG-0134,2025-09-16,9.56,797.1,2,0.4515,22871.0,0.267,42.5,74.2,179.1,25.8,0,2404.0,1,0,14,9,0.3122,1
SEG-0135,2025-09-16,14.5,658.1,1,0.3474,8841.0,0.38,49.6,18.8,98.7,27.2,0,2972.5,2,1,18,8,0.3249,1
SEG-0136,2025-09-16,4.14,1482.0,1,0.6722,16943.0,0.168,43.5,147.0,424.9,18.2,0,591.3,0,0,7,2,0.2,0
SEG-0137,2025-09-16,3.21,1119.0,2,0.7465,18450.0,0.203,52.3,69.3,177.1,22.7,0,786.8,0,0,3,1,0.1316,0
SEG-0138,2025-09-16,15.33,1434.1,4,0.3978,7373.0,0.204,49.9,18.1,93.2,26.3,0,361.9,5,2,6,6,0.284,1
SEG-0139,2025-09-16,4.71,309.9,4,0.8136,8393.0,0.06,51.4,42.6,176.3,26.0,1,1133.9,0,0,4,1,0.0599,0
SEG-0140,2025-09-16,6.19,1298.2,4,0.7638,27244.0,0.257,35.5,14.9,84.2,27.3,0,663.2,2,2,5,4,0.0852,0
SEG-0141,2025-09-16,14.21,1010.0,4,0.2866,17127.0,0.13,45.1,5.7,13.4,25.0,1,2233.2,3,3,13,4,0.3425,1
SEG-0142,2025-09-16,12.22,314.6,4,0.4575,40172.0,0.276,29.4,31.6,106.3,26.0,0,1798.4,4,2,16,6,0.2486,1
SEG-0143,2025-09-16,10.39,944.1,1,0.4372,12795.0,0.322,51.9,16.7,59.2,25.4,0,1393.4,3,0,9,6,0.3349,0
SEG-0144,2025-09-16,11.99,1076.2,2,0.4672,5732.0,0.335,60.7,30.2,185.7,19.7,0,759.7,4,3,5,5,0.2592,1
SEG-0145,2025-09-16,13.68,166.6,2,0.378,34798.0,0.2,36.7,14.3,62.1,23.6,0,1475.9,2,3,14,4,0.3406,1
SEG-0146,2025-09-16,9.34,763.3,4,0.5352,44428.0,0.147,31.0,42.2,94.7,25.4,1,2646.0,3,0,7,1,0.2394,1
SEG-0147,2025-09-16,12.65,1264.3,1,0.3861,14183.0,0.315,49.8,29.3,110.1,21.3,0,1708.0,2,2,12,6,0.3416,1
SEG-0148,2025-09-16,4.01,548.7,2,0.7449,10836.0,0.318,46.5,34.4,83.6,24.7,1,713.9,0,0,5,5,0.1008,0
SEG-0149,2025-09-16,12.39,769.0,2,0.4006,10475.0,0.232,51.7,23.4,86.0,28.6,0,969.2,3,2,8,10,0.2889,1
SEG-0150,2025-09-16,14.15,747.1,1,0.3015,25192.0,0.354,43.1,73.7,195.3,27.3,0,3878.1,2,1,12,9,0.3098,1
SEG-0151,2025-09-16,8.0,557.6,2,0.6052,21644.0,0.103,36.1,24.1,91.8,21.7,1,1013.9,2,1,10,1,0.2322,0
SEG-0152,2025-09-16,14.04,1389.9,4,0.3604,12841.0,0.349,37.5,65.2,173.4,18.2,0,2148.9,3,2,16,5,0.2808,1
SEG-0153,2025-09-16,15.16,1204.7,2,0.3147,2569.0,0.074,53.3,44.1,222.6,23.3,1,4168.1,5,1,10,7,0.4067,1
SEG-0154,2025-09-16,12.6,299.3,2,0.3896,24238.0,0.118,41.3,35.4,122.7,20.8,0,677.7,3,1,12,8,0.31,1
SEG-0155,2025-09-16,2.27,1496.0,4,0.9011,42273.0,0.242,28.6,70.4,166.5,25.5,0,523.4,1,0,14,2,0.0389,0
SEG-0156,2025-09-16,12.43,1336.9,2,0.3531,29767.0,0.084,43.2,49.1,115.8,25.4,0,1253.7,2,3,11,4,0.3852,0
SEG-0157,2025-09-16,8.62,533.3,4,0.6414,21319.0,0.063,42.2,8.8,20.3,21.4,0,2050.5,2,0,15,6,0.2209,1
SEG-0158,2025-09-16,4.58,1279.8,2,0.7497,5223.0,0.049,50.4,24.4,57.6,21.9,0,670.1,0,0,1,0,0.0931,0
SEG-0159,2025-09-16,4.67,293.7,2,0.6827,12990.0,0.203,51.2,6.3,29.0,19.3,0,848.9,0,1,6,3,0.1475,0
SEG-0160,2025-09-16,12.38,1498.8,2,0.3816,15512.0,0.289,40.4,90.3,250.2,25.9,1,3407.5,4,1,12,6,0.349,1
SEG-0161,2025-09-16,3.84,1048.7,2,0.7922,39138.0,0.067,30.7,2.4,15.7,24.3,0,775.8,0,0,10,2,0.0481,0
SEG-0162,2025-09-16,5.87,1027.7,4,0.6893,39836.0,0.264,33.8,72.4,166.4,28.4,0,1220.7,0,1,13,2,0.1001,0
SEG-0163,2025-09-16,8.0,272.1,2,0.6243,46131.0,0.335,26.8,26.7,123.7,22.6,0,1213.0,1,2,15,5,0.2008,0
SEG-0164,2025-09-16,10.29,1361.0,1,0.5089,49293.0,0.083,29.2,13.2,47.9,21.8,0,2032.8,2,2,12,4,0.2259,0
SEG-0165,2025-09-16,5.62,189.1,2,0.6875,45321.0,0.12,34.9,33.8,151.9,26.0,0,1165.6,1,1,7,1,0.1327,0
SEG-0166,2025-09-16,2.52,475.1,4,0.8204,42852.0,0.359,34.4,34.1,149.2,19.0,0,625.5,1,1,11,4,0.0674,0
SEG-0167,2025-09-16,1.98,343.1,4,0.8504,4488.0,0.338,49.5,61.1,152.3,26.2,0,410.5,0,1,2,0,0.0875,0
SEG-0168,2025-09-16,4.23,1198.6,6,0.7377,6139.0,0.234,60.1,11.8,37.8,15.6,0,923.5,2,0,4,3,0.0796,0
SEG-0169,2025-09-16,4.32,417.6,2,0.7957,12754.0,0.326,49.3,48.1,121.4,27.8,0,753.5,1,0,2,2,0.0904,0
SEG-0170,2025-09-16,8.81,1379.4,2,0.504,26115.0,0.051,44.7,62.0,149.8,24.8,0,1492.8,1,2,8,5,0.2163,0
SEG-0171,2025-09-16,14.57,1036.0,1,0.3467,5823.0,0.202,57.0,49.9,127.2,31.4,0,2684.8,4,3,8,4,0.3271,1
SEG-0172,2025-09-16,5.27,198.8,2,0.7847,40532.0,0.287,33.2,21.1,55.5,23.1,0,729.7,2,1,4,1,0.0859,0
SEG-0173,2025-09-16,10.06,157.3,6,0.4774,28425.0,0.153,38.6,52.0,245.1,25.6,0,448.7,1,1,20,8,0.2862,1
SEG-0174,2025-09-16,13.45,219.7,4,0.3282,24650.0,0.313,40.9,34.8,163.8,19.9,0,2653.0,3,1,8,6,0.3574,0
SEG-0175,2025-09-16,10.76,968.0,2,0.4005,8276.0,0.228,49.3,64.9,283.7,27.8,2,511.1,1,1,6,5,0.323,0
SEG-0176,2025-09-16,15.65,1232.0,2,0.1475,10640.0,0.344,47.4,9.5,39.5,23.4,0,3232.3,5,3,7,5,0.4296,1
SEG-0177,2025-09-16,7.46,472.0,4,0.6927,8998.0,0.201,60.1,50.9,175.6,19.3,0,320.1,1,0,5,3,0.184,0
SEG-0178,2025-09-16,5.96,1296.7,2,0.6902,41227.0,0.171,28.9,17.3,57.5,26.8,0,770.6,0,2,8,1,0.1622,0
SEG-0179,2025-09-16,14.81,227.3,1,0.3982,29330.0,0.117,38.2,52.3,169.4,25.6,0,2885.5,3,2,14,7,0.3455,1
SEG-0180,2025-09-16,9.74,1231.3,2,0.4427,37634.0,0.141,38.5,97.6,264.9,17.7,2,1645.0,2,2,6,6,0.265,0
SEG-0181,2025-09-16,10.57,1402.5,1,0.5403,12511.0,0.279,54.2,23.9,143.9,28.5,0,1167.3,3,1,4,5,0.2285,0
SEG-0182,2025-09-16,14.81,1192.3,2,0.3141,16002.0,0.079,38.9,89.5,214.0,20.7,0,1030.3,5,1,13,9,0.4068,1
SEG-0183,2025-09-16,14.82,1092.5,1,0.328,20992.0,0.069,46.8,8.2,32.5,23.7,1,3885.6,3,1,11,7,0.3298,1
SEG-0184,2025-09-16,13.87,1281.3,2,0.2657,33449.0,0.122,41.7,37.3,100.9,29.3,0,3855.0,3,3,11,6,0.3653,1
SEG-0185,2025-09-16,10.11,204.2,2,0.5313,31174.0,0.122,36.3,19.3,70.2,27.9,0,1269.4,1,0,6,1,0.2328,0
SEG-0186,2025-09-16,4.64,422.4,2,0.7492,10479.0,0.316,54.3,73.3,236.6,21.5,2,1060.1,1,0,6,3,0.1163,0
SEG-0187,2025-09-16,10.75,318.6,2,0.426,45908.0,0.156,32.9,23.1,107.8,26.8,0,1209.8,3,3,13,6,0.2528,1
SEG-0188,2025-09-16,14.93,831.1,6,0.2186,5577.0,0.355,51.8,13.5,76.3,23.5,0,1274.3,4,2,15,11,0.4272,1
SEG-0189,2025-09-16,11.2,1156.0,4,0.4332,40450.0,0.106,32.9,18.0,93.7,22.7,0,1237.9,1,2,16,8,0.334,1
SEG-0190,2025-09-16,6.68,1000.5,2,0.6666,5553.0,0.27,51.7,20.3,67.1,22.8,0,1631.9,1,0,4,4,0.1776,1
SEG-0191,2025-09-16,12.41,1299.0,2,0.3918,13611.0,0.157,46.6,23.0,67.4,26.2,0,2051.7,4,1,13,7,0.2537,1
SEG-0192,2025-09-16,12.12,359.5,4,0.4285,34974.0,0.175,36.2,27.3,81.8,24.7,0,3368.6,2,3,18,6,0.3268,1
SEG-0193,2025-09-16,13.04,1141.7,2,0.3938,9032.0,0.355,49.7,2.7,14.5,23.3,1,1487.4,2,1,6,6,0.3515,1
SEG-0194,2025-09-16,4.0,410.6,2,0.7071,16951.0,0.39,46.8,25.7,76.7,20.6,0,369.9,1,1,9,1,0.1356,0
SEG-0195,2025-09-16,14.52,515.5,4,0.2467,21234.0,0.372,46.4,21.3,88.6,22.4,0,1789.7,2,3,16,11,0.3791,1
SEG-0196,2025-09-16,3.61,1108.4,2,0.8983,11682.0,0.066,46.1,7.4,34.2,26.8,1,1015.3,0,0,1,1,0.0132,0
SEG-0197,2025-09-16,2.52,1473.3,4,0.8049,28822.0,0.104,40.4,34.1,91.2,23.1,0,749.2,1,0,5,0,0.0746,0
SEG-0198,2025-09-16,13.23,975.6,2,0.2866,40594.0,0.271,36.8,33.5,112.8,26.3,0,913.8,2,2,11,8,0.3667,1
SEG-0199,2025-09-16,4.58,223.6,2,0.8037,44275.0,0.144,30.3,23.6,64.9,21.8,0,427.7,0,0,12,4,0.0833,0
SEG-0200,2025-09-16,1.71,982.0,2,0.8294,15422.0,0.269,41.3,14.6,47.5,20.0,0,503.4,0,0,2,0,0.066,0
SEG-0201,2025-09-16,9.7,207.2,2,0.3963,24948.0,0.222,38.7,20.9,85.5,28.0,0,2717.9,3,2,10,7,0.2797,1
SEG-0202,2025-09-16,7.63,1343.6,2,0.6406,10450.0,0.188,53.3,83.0,199.2,22.4,0,495.2,1,2,5,6,0.2119,0
SEG-0203,2025-09-16,9.42,1107.9,2,0.622,12858.0,0.325,45.5,19.8,57.6,27.3,0,2168.8,3,2,2,5,0.2199,0
SEG-0204,2025-09-16,3.49,383.7,4,0.7651,7208.0,0.262,53.7,19.4,49.5,19.8,0,528.3,0,1,3,2,0.1015,0
SEG-0205,2025-09-16,6.78,273.8,2,0.6231,40642.0,0.036,32.8,8.7,30.6,24.5,0,1431.4,0,1,13,5,0.2266,0
SEG-0206,2025-09-16,4.63,397.8,2,0.796,37581.0,0.023,33.1,28.2,83.3,24.9,0,900.8,0,0,3,0,0.0893,0
SEG-0207,2025-09-16,14.66,1473.0,4,0.2103,37011.0,0.247,36.4,30.3,200.1,29.0,0,785.7,4,3,20,9,0.3859,1
SEG-0208,2025-09-16,6.8,769.1,4,0.6121,26679.0,0.201,39.5,28.4,68.8,24.1,0,334.4,1,0,8,2,0.2439,0
SEG-0209,2025-09-16,11.35,1208.5,2,0.3548,25094.0,0.114,44.7,25.1,108.1,23.0,0,2493.4,2,3,13,4,0.3233,1
SEG-0210,2025-09-16,3.44,1009.2,2,0.8029,23104.0,0.151,39.0,31.0,79.9,21.4,0,466.9,1,1,6,1,0.0862,0
SEG-0211,2025-09-16,13.78,922.8,6,0.3849,21978.0,0.311,50.9,62.9,151.8,23.5,0,3861.5,4,1,6,6,0.346,1
SEG-0212,2025-09-16,2.77,345.9,2,0.901,18694.0,0.316,42.3,7.4,34.7,23.9,0,740.9,0,1,1,0,0.0122,0
SEG-0213,2025-09-16,6.57,1427.1,4,0.6107,6985.0,0.26,51.2,68.6,174.1,26.5,0,1579.2,1,0,10,6,0.1979,0
SEG-0214,2025-09-16,4.2,556.8,4,0.8203,7075.0,0.152,46.0,44.2,126.2,22.4,0,643.4,1,0,3,2,0.0518,0
SEG-0215,2025-09-16,6.54,930.3,4,0.6524,38425.0,0.14,35.5,5.0,12.2,22.0,0,737.4,1,1,11,5,0.1423,0
SEG-0216,2025-09-16,15.68,1094.7,2,0.2057,19077.0,0.239,45.8,43.8,149.5,22.1,1,739.4,4,3,17,7,0.3918,1
SEG-0217,2025-09-16,15.5,1026.5,2,0.219,38704.0,0.175,21.8,10.4,25.5,22.4,0,1833.6,5,3,16,7,0.4576,0
SEG-0218,2025-09-16,8.66,1419.8,1,0.5734,7968.0,0.261,54.2,12.4,68.0,20.9,0,2181.9,3,1,6,5,0.2345,0
SEG-0219,2025-09-16,5.19,350.4,2,0.7387,28064.0,0.254,32.4,3.4,16.2,19.8,0,454.4,2,1,14,5,0.1101,0
SEG-0220,2025-09-16,10.74,836.3,6,0.4666,10026.0,0.064,47.9,91.3,217.1,22.4,0,2418.1,1,2,9,8,0.2542,1
SEG-0221,2025-09-16,15.17,695.4,2,0.3758,11321.0,0.07,50.7,29.4,78.3,25.7,0,3988.5,4,3,12,5,0.3825,1
SEG-0222,2025-09-16,12.84,790.1,2,0.4099,2305.0,0.091,53.0,15.3,57.4,25.6,0,2965.5,4,2,10,6,0.3446,0
SEG-0223,2025-09-16,8.25,310.9,1,0.641,6494.0,0.346,55.8,25.3,131.0,21.5,0,2262.9,2,0,8,4,0.1877,0
SEG-0224,2025-09-16,10.12,331.0,6,0.5398,44500.0,0.288,26.9,30.7,128.1,25.5,0,2347.4,1,2,13,4,0.2246,0
SEG-0225,2025-09-16,7.63,525.4,1,0.5937,14585.0,0.086,43.0,29.1,68.3,16.2,0,2161.9,1,0,9,5,0.2093,0
SEG-0226,2025-09-16,11.42,561.4,1,0.333,28319.0,0.304,38.2,74.8,169.8,27.6,0,1937.2,4,1,9,6,0.2885,1
SEG-0227,2025-09-16,7.9,727.7,2,0.6303,19529.0,0.212,45.6,35.3,179.0,22.2,0,1162.4,2,1,8,6,0.1994,1
SEG-0228,2025-09-16,11.75,974.8,1,0.349,16036.0,0.209,49.6,51.4,218.7,21.6,0,1477.8,3,1,10,4,0.3284,1
SEG-0229,2025-09-16,15.28,1006.7,2,0.3181,23601.0,0.341,36.3,8.9,35.8,23.1,0,3449.2,4,2,12,6,0.3505,1
SEG-0230,2025-09-16,13.48,705.9,2,0.3478,8864.0,0.066,47.1,46.5,126.8,23.7,1,755.6,2,1,9,9,0.338,1
SEG-0231,2025-09-16,8.47,701.9,2,0.4808,40202.0,0.119,32.6,39.1,197.4,25.9,0,914.2,3,0,11,6,0.2368,1
SEG-0232,2025-09-16,15.15,443.8,1,0.3115,41299.0,0.287,28.6,21.0,48.3,19.8,0,3935.5,4,1,22,11,0.3672,1
SEG-0233,2025-09-16,5.78,944.2,1,0.6986,37413.0,0.116,37.5,148.7,336.0,22.8,1,1560.9,2,0,5,0,0.1685,0
SEG-0234,2025-09-16,5.51,578.0,2,0.6769,22578.0,0.274,44.4,36.8,115.2,27.6,0,1423.5,2,0,8,4,0.1539,0
SEG-0235,2025-09-16,4.29,198.7,1,0.7837,8457.0,0.104,48.4,68.2,174.7,20.6,0,693.1,0,0,2,0,0.1325,0
SEG-0236,2025-09-16,14.92,714.8,2,0.2534,41821.0,0.069,33.6,89.3,240.0,26.0,1,3294.8,3,3,18,6,0.4372,1
SEG-0237,2025-09-16,9.05,790.1,2,0.589,13890.0,0.144,37.6,55.3,278.2,27.9,1,1958.2,1,2,5,3,0.1935,1
SEG-0238,2025-09-16,13.89,454.6,2,0.3225,2852.0,0.162,53.3,21.9,120.7,24.4,1,2019.4,2,1,6,6,0.3782,1
SEG-0239,2025-09-16,9.17,922.8,2,0.534,15691.0,0.104,40.5,10.7,38.5,25.0,0,601.7,3,0,7,3,0.237,0
SEG-0240,2025-09-16,12.85,913.8,2,0.4282,38098.0,0.112,29.9,17.5,67.0,24.4,0,1886.9,4,3,20,10,0.3045,0
SEG-0241,2025-09-16,14.46,1097.7,1,0.1655,26720.0,0.286,37.5,14.7,50.4,23.1,0,1313.4,2,3,16,10,0.4997,1
SEG-0242,2025-09-16,13.21,1024.7,1,0.3215,38878.0,0.171,31.8,32.0,97.3,23.1,0,2130.9,3,3,14,7,0.359,1
SEG-0243,2025-09-16,4.18,1030.8,4,0.7789,39592.0,0.157,33.2,21.7,58.8,23.0,0,443.6,0,0,3,2,0.0855,0
SEG-0244,2025-09-16,2.53,576.9,1,0.8654,11069.0,0.06,49.8,62.2,268.9,27.4,1,435.5,0,1,2,1,0.0936,0
SEG-0245,2025-09-16,4.65,1213.0,2,0.807,35688.0,0.145,39.7,34.0,76.8,21.0,0,460.3,2,0,6,2,0.1027,0
SEG-0246,2025-09-16,5.05,891.3,2,0.75,20353.0,0.103,44.1,25.2,56.2,23.0,0,450.2,0,0,3,2,0.0815,0
SEG-0247,2025-09-16,10.0,732.4,2,0.4635,29523.0,0.263,34.2,110.6,341.8,23.0,0,2754.5,3,1,11,3,0.2991,0
SEG-0248,2025-09-16,10.88,995.1,2,0.4822,993.0,0.114,57.3,13.7,54.1,25.3,0,1880.0,3,3,4,3,0.2824,1
SEG-0249,2025-09-16,2.41,636.9,4,0.7284,45858.0,0.352,33.8,6.4,25.3,26.7,0,608.7,1,0,7,1,0.1309,0
SEG-0250,2025-09-16,6.1,842.2,4,0.7231,14917.0,0.344,52.4,45.9,144.4,21.5,0,1208.7,2,1,6,5,0.1712,0
SEG-0001,2025-10-01,3.15,1030.1,4,0.6988,11383.0,0.062,52.8,33.8,88.6,21.7,0,377.0,0,0,3,2,0.1365,0
SEG-0002,2025-10-01,8.69,1321.1,4,0.5354,14667.0,0.153,43.2,17.0,72.6,18.5,0,1066.7,2,2,18,7,0.1894,0
SEG-0003,2025-10-01,12.27,762.8,4,0.3516,11148.0,0.082,47.1,20.5,61.4,17.4,0,2615.1,4,3,14,5,0.3463,1
SEG-0004,2025-10-01,8.31,484.6,2,0.5804,20996.0,0.099,47.7,10.9,28.9,21.5,0,782.7,3,1,8,2,0.2177,0
SEG-0005,2025-10-01,5.59,469.5,2,0.7289,26817.0,0.277,41.5,28.9,116.4,23.0,0,1309.9,0,1,4,0,0.1409,0
SEG-0006,2025-10-01,7.89,1157.1,4,0.5599,9490.0,0.163,52.0,15.3,57.7,24.0,0,2013.1,1,0,5,7,0.2699,0
SEG-0007,2025-10-01,5.79,1252.4,2,0.7366,14766.0,0.359,41.3,51.0,115.0,19.5,0,313.2,2,1,5,0,0.1169,0
SEG-0008,2025-10-01,3.62,292.1,4,0.843,44671.0,0.131,27.5,5.2,17.7,21.9,0,370.0,1,0,11,1,0.0689,0
SEG-0009,2025-10-01,5.35,239.9,2,0.7941,3368.0,0.281,54.3,34.7,83.8,20.5,0,517.3,0,0,4,3,0.0654,0
SEG-0010,2025-10-01,11.52,952.5,1,0.4416,21387.0,0.18,42.4,19.7,112.2,24.6,0,1271.8,4,3,11,6,0.3258,1
SEG-0011,2025-10-01,11.07,347.3,1,0.4615,27713.0,0.258,33.8,17.8,61.6,24.2,0,1845.4,1,3,16,8,0.3049,1
SEG-0012,2025-10-01,10.7,1263.3,4,0.4622,8254.0,0.237,53.8,42.7,119.5,22.1,0,658.7,2,2,11,7,0.2885,1
SEG-0013,2025-10-01,8.99,569.0,1,0.5217,2843.0,0.175,53.2,15.8,38.7,20.4,0,1781.1,3,1,5,3,0.2592,1
SEG-0014,2025-10-01,9.44,344.2,2,0.5239,7367.0,0.363,56.3,56.6,130.9,21.7,0,385.8,1,1,2,3,0.2341,0
SEG-0015,2025-10-01,15.33,1393.3,2,0.227,38211.0,0.138,33.0,33.6,75.9,26.9,0,1411.3,4,1,11,5,0.4152,1
SEG-0016,2025-10-01,2.77,373.5,2,0.8865,1279.0,0.117,49.5,13.3,57.8,21.2,0,331.1,0,0,1,2,0.058,0
SEG-0017,2025-10-01,2.44,534.4,2,0.8546,8930.0,0.299,51.5,37.3,124.2,17.9,1,704.4,0,0,3,1,0.0684,0
SEG-0018,2025-10-01,14.58,357.4,4,0.255,2548.0,0.319,57.8,106.6,314.5,24.7,1,3330.7,3,1,12,5,0.4187,1
SEG-0019,2025-10-01,9.86,305.9,1,0.481,5344.0,0.028,55.8,23.0,58.0,23.7,0,1741.0,3,0,4,3,0.2082,1
SEG-0020,2025-10-01,10.25,178.5,4,0.4343,25184.0,0.218,47.2,16.5,49.9,20.0,0,2492.7,3,1,17,9,0.293,1
SEG-0021,2025-10-01,4.81,224.8,4,0.6944,12554.0,0.338,47.1,16.9,50.9,21.7,0,785.2,0,0,7,0,0.1095,0
SEG-0022,2025-10-01,5.82,385.8,2,0.6544,22737.0,0.328,48.7,34.3,90.1,15.2,0,621.6,0,1,8,4,0.1796,0
SEG-0023,2025-10-01,4.28,222.1,2,0.7639,29691.0,0.383,34.0,17.6,43.3,21.8,1,490.9,0,1,10,5,0.1117,0
SEG-0024,2025-10-01,6.9,948.0,2,0.618,41406.0,0.236,24.9,39.2,108.6,21.9,0,707.4,2,1,4,2,0.1642,0
SEG-0025,2025-10-01,2.83,1069.0,1,0.7409,1280.0,0.281,53.4,25.8,122.8,24.0,0,734.9,0,0,1,0,0.1388,0
SEG-0026,2025-10-01,5.02,681.4,2,0.7578,37436.0,0.139,29.5,20.5,134.8,20.4,0,748.1,2,0,10,3,0.1308,0
SEG-0027,2025-10-01,4.85,579.3,6,0.7874,26257.0,0.341,40.7,29.4,164.0,23.4,0,1363.2,1,0,8,2,0.0734,0
SEG-0028,2025-10-01,14.01,831.1,6,0.437,7737.0,0.179,46.2,7.4,30.3,23.7,0,1902.7,3,2,14,7,0.29,0
SEG-0029,2025-10-01,15.27,1331.3,4,0.2361,38343.0,0.28,28.7,11.6,46.9,20.9,0,1242.6,3,2,11,11,0.3466,0
SEG-0030,2025-10-01,9.99,1299.0,2,0.495,42781.0,0.206,38.3,34.4,106.1,19.3,0,812.4,1,1,8,4,0.2466,0
SEG-0031,2025-10-01,10.25,208.7,2,0.4481,13637.0,0.2,50.3,27.5,148.5,15.4,0,881.0,1,1,10,3,0.3017,1
SEG-0032,2025-10-01,15.13,395.0,4,0.2852,46384.0,0.284,25.5,46.9,118.9,17.0,0,1137.3,3,3,18,6,0.398,1
SEG-0033,2025-10-01,5.18,469.6,2,0.7482,20193.0,0.208,49.6,68.7,238.7,19.7,0,1167.4,2,0,8,4,0.1615,0
SEG-0034,2025-10-01,12.46,486.7,2,0.286,27155.0,0.364,33.9,10.9,38.9,23.5,0,2292.0,2,2,16,9,0.3897,1
SEG-0035,2025-10-01,2.96,921.2,1,0.775,50064.0,0.202,27.1,14.1,56.2,22.8,0,395.0,1,0,8,0,0.0598,0
SEG-0036,2025-10-01,14.78,712.0,2,0.272,18033.0,0.252,44.2,24.2,76.2,25.3,0,3172.9,5,1,17,10,0.3284,1
SEG-0037,2025-10-01,15.39,216.5,2,0.1487,39152.0,0.164,26.9,45.2,222.1,21.3,1,1202.7,4,2,22,9,0.4723,1
SEG-0038,2025-10-01,8.68,654.4,2,0.5294,13062.0,0.189,49.6,27.6,157.4,27.6,0,1928.9,3,0,11,4,0.294,1
SEG-0039,2025-10-01,6.74,857.1,2,0.6357,41521.0,0.19,34.8,49.6,174.8,23.6,0,1254.4,2,0,7,1,0.2118,0
SEG-0040,2025-10-01,6.98,287.3,4,0.7854,24200.0,0.101,38.6,43.1,112.1,21.5,0,1213.6,0,1,7,3,0.1411,0
SEG-0041,2025-10-01,7.68,1275.2,6,0.6134,12075.0,0.112,44.6,37.5,131.8,23.8,0,1152.5,0,1,3,3,0.2386,0
SEG-0042,2025-10-01,8.44,220.1,2,0.5553,16963.0,0.29,44.6,25.8,136.0,20.1,0,1332.2,3,0,10,5,0.2218,1
SEG-0043,2025-10-01,2.12,1398.5,4,0.8299,13074.0,0.268,40.5,16.1,95.5,17.6,0,533.9,0,0,6,1,0.1239,0
SEG-0044,2025-10-01,3.69,283.8,6,0.7357,3825.0,0.233,53.8,26.1,104.2,21.7,0,317.3,1,0,5,5,0.1179,0
SEG-0045,2025-10-01,8.43,1288.8,1,0.4995,2551.0,0.073,49.7,95.8,258.1,18.7,0,1978.2,3,1,6,5,0.2877,1
SEG-0046,2025-10-01,4.71,1368.6,2,0.7102,18595.0,0.153,42.6,20.2,56.5,20.9,0,383.3,1,0,2,0,0.1497,0
SEG-0047,2025-10-01,7.39,1472.4,2,0.6071,1715.0,0.102,59.7,24.4,123.1,18.9,0,2053.4,2,1,8,5,0.2345,0
SEG-0048,2025-10-01,10.03,1232.7,1,0.5442,8731.0,0.278,56.3,103.9,269.0,20.2,2,1526.4,1,2,8,7,0.1896,1
SEG-0049,2025-10-01,11.59,1202.3,4,0.4746,29920.0,0.296,36.9,38.5,120.2,19.3,0,1880.7,4,3,14,7,0.2566,0
SEG-0050,2025-10-01,15.38,1017.4,2,0.2319,32903.0,0.089,36.2,35.4,101.3,20.9,0,1594.4,4,3,15,9,0.4135,1
SEG-0051,2025-10-01,7.28,1201.6,2,0.7029,35190.0,0.27,39.6,19.5,49.5,19.6,0,824.9,2,1,9,3,0.1317,0
SEG-0052,2025-10-01,14.96,331.6,2,0.2055,14951.0,0.065,42.6,88.4,215.9,21.0,0,1384.1,5,2,9,11,0.4139,1
SEG-0053,2025-10-01,7.79,873.7,2,0.582,41317.0,0.124,27.7,10.8,57.0,22.5,0,720.8,2,2,8,3,0.2301,0
SEG-0054,2025-10-01,2.9,844.2,4,0.908,24994.0,0.092,46.0,11.8,47.8,20.8,0,820.6,0,0,1,0,0.0326,0
SEG-0055,2025-10-01,5.46,1307.7,1,0.7088,6237.0,0.131,45.7,26.7,111.7,22.9,0,1102.9,1,0,6,1,0.1952,0
SEG-0056,2025-10-01,5.45,774.8,2,0.6476,7785.0,0.245,47.3,9.4,20.9,19.7,0,707.8,2,0,9,5,0.141,0
SEG-0057,2025-10-01,11.22,669.9,2,0.4456,35936.0,0.349,31.3,14.2,78.1,21.7,0,582.6,2,2,14,5,0.2999,0
SEG-0058,2025-10-01,5.85,1013.4,2,0.6609,9179.0,0.111,50.8,21.5,78.0,22.5,0,774.7,0,2,3,2,0.1541,0
SEG-0059,2025-10-01,9.91,509.7,2,0.5042,20951.0,0.277,44.6,17.6,87.2,22.4,0,346.6,3,1,10,4,0.2294,1
SEG-0060,2025-10-01,4.35,338.7,2,0.7512,43200.0,0.241,28.0,14.8,54.9,21.2,0,973.8,1,0,6,2,0.1534,0
SEG-0061,2025-10-01,14.12,795.1,1,0.2508,1351.0,0.337,54.0,38.5,190.5,19.6,0,556.0,4,1,11,7,0.3733,1
SEG-0062,2025-10-01,8.93,712.8,2,0.5701,1656.0,0.244,45.1,46.3,183.6,22.9,0,350.2,3,0,9,3,0.2235,0
SEG-0063,2025-10-01,15.37,464.0,4,0.1787,38657.0,0.132,31.3,29.5,82.0,22.5,0,1713.5,5,2,10,6,0.3808,1
SEG-0064,2025-10-01,14.2,646.1,2,0.3567,26286.0,0.267,39.7,20.3,50.6,18.3,0,2883.9,3,3,10,4,0.354,1
SEG-0065,2025-10-01,3.58,644.6,2,0.8469,6930.0,0.152,45.3,14.5,54.7,20.6,0,583.0,0,0,6,4,0.0953,0
SEG-0066,2025-10-01,11.5,592.1,2,0.5044,44657.0,0.38,31.5,19.7,107.5,19.8,0,1523.3,3,3,16,6,0.3138,0
SEG-0067,2025-10-01,6.74,662.3,4,0.6093,41132.0,0.16,32.7,37.2,94.3,27.4,0,495.2,0,1,9,4,0.1793,0
SEG-0068,2025-10-01,8.22,1075.8,1,0.5346,26805.0,0.297,42.7,29.1,89.8,21.9,0,1742.9,1,2,4,4,0.2833,1
SEG-0069,2025-10-01,15.55,550.8,2,0.2918,28484.0,0.028,44.3,24.3,95.4,23.0,0,2582.2,3,3,21,8,0.3466,1
SEG-0070,2025-10-01,14.39,1431.0,2,0.3261,11074.0,0.15,48.4,52.4,142.7,21.6,1,3802.0,3,1,15,8,0.3449,1
SEG-0071,2025-10-01,7.58,1387.1,2,0.6715,2768.0,0.345,53.7,13.2,68.3,23.0,0,550.2,2,0,1,1,0.2,0
SEG-0072,2025-10-01,10.17,799.2,4,0.4353,24291.0,0.259,35.8,31.3,162.5,23.1,1,567.1,1,1,8,7,0.2646,0
SEG-0073,2025-10-01,12.02,593.3,2,0.4199,14446.0,0.203,48.0,20.8,85.4,17.9,0,1713.8,2,3,13,5,0.2774,0
SEG-0074,2025-10-01,3.21,872.8,4,0.8116,31306.0,0.347,38.9,39.2,211.3,21.9,0,743.7,0,0,10,4,0.1431,0
SEG-0075,2025-10-01,4.27,1295.6,4,0.7521,38375.0,0.347,33.8,32.2,76.7,16.7,0,697.5,2,0,8,1,0.158,0
SEG-0076,2025-10-01,15.48,1031.0,2,0.2603,1976.0,0.149,52.7,28.5,99.1,21.6,0,2657.9,4,2,18,7,0.365,1
SEG-0077,2025-10-01,8.04,1235.9,4,0.492,27038.0,0.254,40.5,11.1,39.7,19.5,1,670.3,1,1,9,3,0.2771,0
SEG-0078,2025-10-01,5.47,869.2,2,0.6911,12826.0,0.212,45.9,39.1,126.7,21.8,0,537.8,2,0,9,6,0.0968,0
SEG-0079,2025-10-01,14.43,1004.4,4,0.2968,40579.0,0.273,33.1,59.6,169.6,19.9,0,2111.7,3,1,12,5,0.3562,1
SEG-0080,2025-10-01,1.89,539.0,2,0.827,12528.0,0.117,45.6,5.5,18.2,21.9,0,466.4,0,0,3,2,0.0495,0
SEG-0081,2025-10-01,9.41,1142.1,2,0.5482,28844.0,0.119,39.8,66.5,158.5,21.2,0,1990.4,3,2,5,4,0.2009,0
SEG-0082,2025-10-01,10.02,423.2,2,0.3422,28517.0,0.346,39.5,51.2,203.7,19.4,0,622.3,3,1,6,5,0.3254,0
SEG-0083,2025-10-01,14.54,1088.0,1,0.3131,20093.0,0.364,44.9,21.6,65.9,24.7,0,692.0,3,1,14,11,0.3489,1
SEG-0084,2025-10-01,5.21,1312.0,2,0.6218,26198.0,0.319,40.6,2.6,14.3,21.5,0,1091.0,1,0,12,4,0.2136,0
SEG-0085,2025-10-01,1.86,328.3,4,0.879,33417.0,0.394,33.8,42.3,96.7,18.4,0,551.1,0,0,7,0,0.0782,0
SEG-0086,2025-10-01,2.25,979.4,2,0.8757,28447.0,0.305,44.1,21.4,124.3,23.8,0,495.0,1,0,4,0,0.0578,0
SEG-0087,2025-10-01,10.39,278.4,2,0.461,30735.0,0.309,36.5,51.3,132.1,23.1,0,374.6,2,0,8,4,0.2889,1
SEG-0088,2025-10-01,14.63,1129.7,2,0.2832,46770.0,0.303,25.0,36.0,232.7,24.2,2,3489.1,2,3,20,9,0.3859,1
SEG-0089,2025-10-01,9.68,264.1,2,0.4432,20971.0,0.225,46.7,3.6,16.2,24.8,0,2599.8,3,2,9,8,0.3144,1
SEG-0090,2025-10-01,13.93,1413.5,1,0.2919,26170.0,0.178,38.0,37.5,101.3,25.0,0,368.9,3,2,15,8,0.3673,1
SEG-0091,2025-10-01,2.3,335.5,4,0.9226,1729.0,0.129,53.6,3.7,19.2,21.7,0,635.7,0,0,3,2,0.0397,0
SEG-0092,2025-10-01,4.11,1444.5,2,0.804,30659.0,0.271,42.8,6.4,21.3,22.2,1,672.8,0,1,10,2,0.0395,0
SEG-0093,2025-10-01,5.09,1231.2,2,0.7035,23215.0,0.181,36.1,21.4,88.7,19.3,0,350.5,2,0,9,6,0.1333,0
SEG-0094,2025-10-01,9.81,951.5,2,0.5291,18260.0,0.152,44.2,13.8,60.0,17.4,0,1156.5,1,1,13,2,0.2343,0
SEG-0095,2025-10-01,10.43,1206.5,1,0.5635,4674.0,0.234,61.5,9.4,28.5,23.1,0,982.9,1,1,6,6,0.2258,0
SEG-0096,2025-10-01,15.05,1223.4,2,0.2453,36488.0,0.163,34.2,6.1,16.1,19.6,0,1761.9,4,1,17,9,0.4298,1
SEG-0097,2025-10-01,5.46,1427.1,4,0.6728,16286.0,0.103,47.5,18.5,66.5,20.9,0,1107.5,2,0,5,3,0.1582,0
SEG-0098,2025-10-01,3.73,492.1,2,0.7731,28423.0,0.348,44.3,44.4,113.9,22.9,0,631.1,0,0,13,4,0.0622,0
SEG-0099,2025-10-01,8.99,946.6,6,0.5713,7014.0,0.291,49.0,11.4,46.1,21.3,0,2137.4,3,2,12,5,0.2298,0
SEG-0100,2025-10-01,12.61,278.3,2,0.3613,41445.0,0.101,35.9,11.5,62.3,21.5,0,541.4,4,1,13,6,0.3169,0
SEG-0101,2025-10-01,7.55,981.8,2,0.6209,9320.0,0.033,51.1,15.5,54.4,20.4,0,1087.6,0,0,5,0,0.2056,0
SEG-0102,2025-10-01,7.5,381.2,4,0.4963,9552.0,0.164,52.5,31.8,106.5,19.1,0,1663.8,2,1,2,2,0.213,0
SEG-0103,2025-10-01,10.84,912.7,4,0.471,35238.0,0.296,33.6,15.0,57.7,22.1,0,1997.8,2,1,8,6,0.2475,1
SEG-0104,2025-10-01,10.88,922.8,4,0.387,42916.0,0.307,30.3,56.2,157.6,18.7,0,2461.1,1,3,12,8,0.2939,0
SEG-0105,2025-10-01,15.37,779.1,6,0.2805,11073.0,0.086,55.4,16.5,62.8,21.5,0,3540.3,5,2,14,8,0.3863,1
SEG-0106,2025-10-01,14.99,855.6,4,0.2792,22578.0,0.348,48.1,34.2,214.3,17.1,0,3548.9,5,2,14,9,0.3782,1
SEG-0107,2025-10-01,8.74,1181.3,4,0.4259,35124.0,0.083,38.4,18.3,109.2,19.5,0,1163.7,1,1,8,4,0.2974,0
SEG-0108,2025-10-01,6.48,1229.0,1,0.6122,34913.0,0.159,37.4,28.0,135.1,22.6,0,355.0,1,1,7,1,0.1987,0
SEG-0109,2025-10-01,9.04,814.4,4,0.4628,17048.0,0.371,40.8,40.2,146.3,26.5,0,1064.0,2,2,7,1,0.2452,0
SEG-0110,2025-10-01,3.12,959.5,2,0.721,23200.0,0.144,40.4,22.8,128.7,22.1,0,829.2,1,0,5,1,0.1493,1
SEG-0111,2025-10-01,6.66,1407.2,2,0.5938,32322.0,0.101,36.3,26.8,77.5,18.9,0,1275.5,0,0,4,1,0.2457,0
SEG-0112,2025-10-01,7.09,311.6,2,0.6159,30037.0,0.25,39.1,19.1,69.7,17.6,0,1705.3,0,2,10,6,0.1576,0
SEG-0113,2025-10-01,12.27,308.1,6,0.3646,36745.0,0.251,42.9,8.7,44.5,14.9,0,3378.9,4,3,16,5,0.3658,1
SEG-0114,2025-10-01,7.77,268.4,6,0.6022,23431.0,0.374,42.5,51.7,131.8,22.2,0,1352.6,3,0,5,2,0.2453,0
SEG-0115,2025-10-01,14.48,1038.1,2,0.3508,5705.0,0.404,46.6,39.3,145.2,25.5,0,3365.9,4,2,10,6,0.3827,1
SEG-0116,2025-10-01,5.7,715.1,4,0.6811,38172.0,0.054,31.8,12.4,31.1,22.5,0,452.7,2,0,10,0,0.1741,0
SEG-0117,2025-10-01,6.3,1195.3,4,0.6691,34420.0,0.064,34.6,4.0,13.1,24.0,0,1633.2,2,0,6,2,0.1825,0
SEG-0118,2025-10-01,12.87,1056.2,2,0.3315,31946.0,0.29,35.3,16.9,81.4,20.1,0,3389.8,2,3,10,5,0.3305,0
SEG-0119,2025-10-01,8.98,600.4,1,0.5043,4617.0,0.116,52.6,34.3,83.3,19.8,0,2528.7,2,0,8,7,0.2996,1
SEG-0120,2025-10-01,3.59,1362.8,1,0.7888,10000.0,0.332,54.3,2.4,13.2,23.0,0,403.0,0,1,5,2,0.1073,0
SEG-0121,2025-10-01,9.76,1179.4,4,0.4766,30876.0,0.249,34.4,54.7,167.7,20.2,0,687.3,1,1,11,7,0.2775,1
SEG-0122,2025-10-01,7.11,515.2,2,0.619,1740.0,0.103,59.2,45.9,174.3,17.8,0,1090.8,1,1,4,4,0.2119,0
SEG-0123,2025-10-01,11.34,641.7,6,0.4661,42563.0,0.302,37.1,27.5,119.3,18.3,0,1540.6,3,1,14,8,0.274,1
SEG-0124,2025-10-01,4.16,574.5,2,0.7713,17499.0,0.135,41.3,16.0,67.2,23.6,0,596.9,0,0,8,1,0.1078,0
SEG-0125,2025-10-01,9.37,362.8,6,0.4579,33536.0,0.154,33.3,10.5,27.3,22.8,0,1878.4,2,1,11,6,0.2697,0
SEG-0126,2025-10-01,15.34,349.5,2,0.1784,36040.0,0.249,35.0,28.6,131.2,23.5,0,879.4,5,2,22,11,0.3748,1
SEG-0127,2025-10-01,6.06,1413.8,4,0.66,17357.0,0.183,42.3,68.3,169.3,19.7,0,693.6,2,1,10,6,0.1907,0
SEG-0128,2025-10-01,6.19,741.2,1,0.6888,15810.0,0.239,48.6,27.6,76.7,21.7,0,327.0,0,1,10,2,0.1427,0
SEG-0129,2025-10-01,5.81,667.5,2,0.6856,30293.0,0.253,42.0,22.7,61.2,18.7,0,1544.1,0,0,5,3,0.2063,0
SEG-0130,2025-10-01,5.45,1135.1,4,0.7075,22820.0,0.392,40.6,12.4,44.5,24.0,0,1174.8,1,0,9,2,0.0844,0
SEG-0131,2025-10-01,3.51,896.5,4,0.8273,16486.0,0.433,47.9,32.2,72.3,24.3,0,1037.1,0,0,5,2,0.0703,0
SEG-0132,2025-10-01,14.11,1413.8,4,0.3827,23958.0,0.256,40.4,17.2,104.7,23.5,0,3694.4,4,2,8,7,0.3097,1
SEG-0133,2025-10-01,3.81,1203.4,1,0.7989,44324.0,0.07,33.8,20.4,131.8,20.7,0,722.3,0,0,5,3,0.1235,0
SEG-0134,2025-10-01,9.6,797.1,2,0.3994,22514.0,0.308,45.8,23.0,73.5,17.5,0,2419.0,1,0,19,8,0.327,1
SEG-0135,2025-10-01,14.54,658.1,1,0.3794,8936.0,0.359,53.9,38.4,103.6,23.5,1,2987.5,2,1,15,10,0.277,1
SEG-0136,2025-10-01,4.18,1482.0,1,0.6724,18990.0,0.145,42.7,16.4,90.6,22.3,0,606.3,0,0,4,1,0.167,0
SEG-0137,2025-10-01,3.25,1119.0,2,0.7704,17424.0,0.193,43.9,18.8,52.5,23.3,0,801.8,0,0,8,1,0.152,0
SEG-0138,2025-10-01,15.38,1434.1,4,0.409,7241.0,0.23,52.7,6.5,21.6,21.7,0,376.9,5,2,15,9,0.2969,1
SEG-0139,2025-10-01,4.76,309.9,4,0.8414,7422.0,0.02,57.2,12.7,68.7,21.7,0,1148.9,0,0,0,3,0.0879,0
SEG-0140,2025-10-01,6.23,1298.2,4,0.7192,34832.0,0.258,29.2,29.7,166.2,20.9,0,678.2,2,2,2,2,0.083,0
SEG-0141,2025-10-01,14.25,1010.0,4,0.3296,15950.0,0.172,45.9,22.0,67.6,21.1,0,2248.2,3,3,5,4,0.3415,1
SEG-0142,2025-10-01,12.26,314.6,4,0.3706,42455.0,0.29,28.0,68.0,186.6,23.4,0,1813.4,4,2,16,7,0.2903,1
SEG-0143,2025-10-01,10.43,944.1,1,0.4335,12630.0,0.35,49.7,5.4,35.7,22.7,0,1408.4,3,0,8,4,0.3391,0
SEG-0144,2025-10-01,12.04,1076.2,2,0.4776,5210.0,0.314,52.6,29.3,133.6,16.4,0,774.7,4,3,9,5,0.2984,1
SEG-0145,2025-10-01,13.72,166.6,2,0.3262,31816.0,0.176,42.3,23.7,84.2,21.6,0,1490.9,2,3,13,4,0.3599,0
SEG-0146,2025-10-01,9.38,763.3,4,0.5392,35901.0,0.14,32.6,23.7,67.3,19.1,0,2661.0,3,0,16,2,0.2795,0
SEG-0147,2025-10-01,12.69,1264.3,1,0.3673,13880.0,0.267,44.8,30.2,96.9,23.8,0,1723.0,2,2,7,4,0.3356,1
SEG-0148,2025-10-01,4.05,548.7,2,0.7561,10158.0,0.275,47.3,11.0,72.9,23.2,0,728.9,0,0,2,2,0.1297,0
SEG-0149,2025-10-01,12.43,769.0,2,0.387,8517.0,0.258,43.1,24.4,73.3,23.6,0,984.2,3,2,14,8,0.2805,1
SEG-0150,2025-10-01,14.19,747.1,1,0.3082,22986.0,0.333,41.4,15.3,39.8,17.5,0,3893.1,2,1,14,10,0.2909,1
SEG-0151,2025-10-01,8.04,557.6,2,0.5944,22956.0,0.127,42.1,13.8,86.9,21.8,0,1028.9,2,1,8,4,0.2311,0
SEG-0152,2025-10-01,14.08,1389.9,4,0.3611,13572.0,0.385,45.7,5.8,26.1,20.9,0,2163.9,3,2,10,8,0.3152,1
SEG-0153,2025-10-01,15.21,1204.7,2,0.2987,3222.0,0.048,55.6,25.5,169.6,24.1,0,4183.1,5,1,7,6,0.3842,1
SEG-0154,2025-10-01,12.64,299.3,2,0.3874,20775.0,0.08,49.1,76.9,195.2,24.4,0,692.7,3,1,8,6,0.2977,1
SEG-0155,2025-10-01,2.31,1496.0,4,0.8994,48075.0,0.213,30.8,36.8,107.3,22.1,0,538.4,1,0,8,0,0.0081,0
SEG-0156,2025-10-01,12.48,1336.9,2,0.3374,31340.0,0.052,42.1,72.1,160.9,21.1,0,1268.7,2,3,12,4,0.3648,1
SEG-0157,2025-10-01,8.67,533.3,4,0.6445,21846.0,0.09,42.2,4.7,27.2,23.2,0,2065.5,2,0,11,6,0.222,0
SEG-0158,2025-10-01,4.62,1279.8,2,0.7234,5115.0,0.02,55.7,11.3,59.3,19.0,0,685.1,0,0,1,0,0.1262,0
SEG-0159,2025-10-01,4.72,293.7,2,0.7037,10378.0,0.19,48.3,37.9,150.7,20.0,0,863.9,0,1,1,2,0.145,0
SEG-0160,2025-10-01,12.42,1498.8,2,0.3447,14525.0,0.273,43.4,38.2,86.6,22.0,0,3422.5,4,1,16,7,0.3695,1
SEG-0161,2025-10-01,3.88,1048.7,2,0.7864,38514.0,0.02,32.4,27.1,138.9,24.9,0,790.8,0,0,5,1,0.0505,0
SEG-0162,2025-10-01,5.91,1027.7,4,0.6997,39699.0,0.249,26.6,5.2,31.5,20.9,0,1235.7,0,1,8,1,0.1118,1
SEG-0163,2025-10-01,8.04,272.1,2,0.5993,38240.0,0.303,35.9,69.9,245.5,22.9,3,1228.0,1,2,8,3,0.2058,0
SEG-0164,2025-10-01,10.33,1361.0,1,0.5234,47653.0,0.127,31.7,37.1,122.2,21.3,0,2047.8,2,2,14,4,0.2531,1
SEG-0165,2025-10-01,5.66,189.1,2,0.7052,46789.0,0.053,24.8,20.9,120.6,19.8,0,1180.6,1,1,8,0,0.1448,0
SEG-0166,2025-10-01,2.56,475.1,4,0.8102,40369.0,0.343,38.8,6.6,31.1,21.5,0,640.5,1,1,9,2,0.066,0
SEG-0167,2025-10-01,2.02,343.1,4,0.8399,4517.0,0.306,55.1,43.6,170.6,23.5,2,425.5,0,1,3,2,0.0956,0
SEG-0168,2025-10-01,4.27,1198.6,6,0.7165,6562.0,0.169,51.4,20.4,92.0,17.6,0,938.5,2,0,5,6,0.1164,0
SEG-0169,2025-10-01,4.37,417.6,2,0.7954,12939.0,0.324,46.3,15.9,39.8,20.9,1,768.5,1,0,9,5,0.0988,0
SEG-0170,2025-10-01,8.85,1379.4,2,0.4908,27148.0,0.045,39.2,21.9,62.4,23.7,0,1507.8,1,2,10,4,0.1914,0
SEG-0171,2025-10-01,14.61,1036.0,1,0.3271,4846.0,0.201,55.1,8.3,30.6,17.8,0,2699.8,4,3,13,6,0.3234,1
SEG-0172,2025-10-01,5.31,198.8,2,0.7572,40944.0,0.261,32.5,87.9,240.2,20.4,2,744.7,2,1,13,2,0.0707,0
SEG-0173,2025-10-01,10.1,157.3,6,0.5003,27194.0,0.106,40.7,23.3,79.6,23.4,0,463.7,1,1,21,9,0.2645,0
SEG-0174,2025-10-01,13.5,219.7,4,0.3425,24469.0,0.261,39.7,90.6,262.9,20.6,3,2668.0,3,1,10,7,0.3474,1
SEG-0175,2025-10-01,10.8,968.0,2,0.4303,7714.0,0.229,56.8,17.0,99.4,19.2,0,526.1,1,1,3,7,0.3102,0
SEG-0176,2025-10-01,15.69,1232.0,2,0.1348,11151.0,0.294,60.9,26.6,106.9,22.5,0,3247.3,5,3,14,8,0.4316,1
SEG-0177,2025-10-01,7.5,472.0,4,0.6548,7084.0,0.2,50.7,80.9,183.1,19.2,1,335.1,1,0,3,4,0.1922,1
SEG-0178,2025-10-01,6.0,1296.7,2,0.7042,39312.0,0.161,32.3,44.6,151.7,17.3,0,785.6,0,2,7,1,0.1498,0
SEG-0179,2025-10-01,14.85,227.3,1,0.3742,28202.0,0.141,37.5,60.4,140.3,22.1,0,2900.5,3,2,4,7,0.3661,1
SEG-0180,2025-10-01,9.78,1231.3,2,0.4765,33597.0,0.153,31.9,17.3,84.2,19.4,0,1660.0,2,2,9,5,0.2729,0
SEG-0181,2025-10-01,10.61,1402.5,1,0.5602,15578.0,0.299,44.3,19.6,58.5,17.8,0,1182.3,3,1,6,3,0.2298,0
SEG-0182,2025-10-01,14.85,1192.3,2,0.2769,19825.0,0.073,35.1,51.3,139.2,19.0,0,1045.3,5,1,17,9,0.4001,1
SEG-0183,2025-10-01,14.86,1092.5,1,0.3144,20129.0,0.045,47.7,23.6,98.8,23.6,0,3900.6,3,1,10,4,0.3469,1
SEG-0184,2025-10-01,13.91,1281.3,2,0.2682,35029.0,0.085,31.4,29.5,96.3,22.5,0,3870.0,3,3,12,5,0.3333,1
SEG-0185,2025-10-01,10.15,204.2,2,0.5393,38884.0,0.119,31.2,11.8,44.9,23.4,0,1284.4,1,0,5,1,0.2241,0
SEG-0186,2025-10-01,4.68,422.4,2,0.7644,11574.0,0.301,50.6,35.8,115.5,25.9,0,1075.1,1,0,7,2,0.0846,0
SEG-0187,2025-10-01,10.79,318.6,2,0.3854,39535.0,0.174,33.9,13.3,38.4,22.3,0,1224.8,3,3,13,5,0.2608,1
SEG-0188,2025-10-01,14.97,831.1,6,0.2207,6251.0,0.375,53.6,32.8,82.1,16.6,0,1289.3,4,2,19,11,0.4023,1
SEG-0189,2025-10-01,11.24,1156.0,4,0.421,43930.0,0.101,34.2,50.9,182.1,18.6,0,1252.9,1,2,15,8,0.308,0
SEG-0190,2025-10-01,6.72,1000.5,2,0.6354,4735.0,0.292,57.3,36.8,115.4,18.3,0,1646.9,1,0,4,7,0.1807,0
SEG-0191,2025-10-01,12.45,1299.0,2,0.3992,12179.0,0.211,46.7,6.6,21.7,19.1,0,2066.7,4,1,11,6,0.2613,1
SEG-0192,2025-10-01,12.16,359.5,4,0.4006,43059.0,0.184,34.4,38.4,119.8,22.2,0,3383.6,2,3,7,6,0.3325,0
SEG-0193,2025-10-01,13.08,1141.7,2,0.3404,8135.0,0.339,51.9,15.3,71.7,20.7,1,1502.4,2,1,10,5,0.3678,1
SEG-0194,2025-10-01,4.04,410.6,2,0.696,18084.0,0.393,46.1,21.6,92.0,25.8,0,384.9,1,1,7,2,0.1584,0
SEG-0195,2025-10-01,14.56,515.5,4,0.2546,21292.0,0.329,45.3,55.9,124.7,24.0,0,1804.7,2,3,16,10,0.3824,1
SEG-0196,2025-10-01,3.65,1108.4,2,0.8857,10407.0,0.121,51.4,18.8,93.7,21.0,0,1030.3,0,0,3,1,0.0407,0
SEG-0197,2025-10-01,2.56,1473.3,4,0.7767,28969.0,0.128,34.1,7.4,24.8,21.4,0,764.2,1,0,4,0,0.0626,0
SEG-0198,2025-10-01,13.27,975.6,2,0.2397,39540.0,0.271,32.2,35.3,136.1,23.2,1,928.8,2,2,19,9,0.3931,1
SEG-0199,2025-10-01,4.62,223.6,2,0.8202,41962.0,0.108,27.1,9.7,26.6,22.2,0,442.7,0,0,9,4,0.072,0
SEG-0200,2025-10-01,1.75,982.0,2,0.8391,18167.0,0.3,38.3,28.4,69.1,22.2,0,518.4,0,0,3,0,0.066,0
SEG-0201,2025-10-01,9.74,207.2,2,0.3855,26623.0,0.23,35.1,30.7,89.5,25.2,0,2732.9,3,2,11,7,0.2847,0
SEG-0202,2025-10-01,7.67,1343.6,2,0.6059,11405.0,0.234,45.5,18.1,43.4,21.0,0,510.2,1,2,12,7,0.2104,0
SEG-0203,2025-10-01,9.46,1107.9,2,0.6171,12922.0,0.318,46.0,23.9,64.0,20.2,1,2183.8,3,2,5,4,0.2109,0
SEG-0204,2025-10-01,3.53,383.7,4,0.7844,7574.0,0.259,45.3,49.1,112.4,18.8,0,543.3,0,1,5,2,0.0728,0
SEG-0205,2025-10-01,6.83,273.8,2,0.6196,45373.0,0.02,28.6,7.1,29.5,24.1,0,1446.4,0,1,11,4,0.2233,0
SEG-0206,2025-10-01,4.67,397.8,2,0.7897,34540.0,0.078,31.0,21.5,86.6,23.2,0,915.8,0,0,5,2,0.0891,0
SEG-0207,2025-10-01,14.7,1473.0,4,0.2419,35544.0,0.217,29.8,12.2,35.6,21.7,0,800.7,4,3,23,11,0.3629,1
SEG-0208,2025-10-01,6.85,769.1,4,0.5833,26627.0,0.196,37.6,13.7,51.4,26.2,0,349.4,1,0,5,3,0.2456,0
SEG-0209,2025-10-01,11.39,1208.5,2,0.4128,25957.0,0.12,41.2,9.2,45.1,23.1,0,2508.4,2,3,13,5,0.3283,1
SEG-0210,2025-10-01,3.48,1009.2,2,0.8158,26245.0,0.18,40.0,8.3,29.3,15.2,0,481.9,1,1,5,1,0.0621,0
SEG-0211,2025-10-01,13.82,922.8,6,0.4165,24344.0,0.338,36.6,13.5,64.8,21.9,0,3876.5,4,1,3,6,0.3315,1
SEG-0212,2025-10-01,2.81,345.9,2,0.8649,20083.0,0.33,45.8,25.9,69.0,20.2,1,755.9,0,1,4,1,0.0172,0
SEG-0213,2025-10-01,6.61,1427.1,4,0.5759,5991.0,0.228,53.7,78.2,217.6,18.2,0,1594.2,1,0,10,5,0.1701,1
SEG-0214,2025-10-01,4.24,556.8,4,0.7934,5690.0,0.18,49.9,59.7,177.1,21.8,0,658.4,1,0,2,2,0.0581,0
SEG-0215,2025-10-01,6.58,930.3,4,0.6461,44001.0,0.099,24.0,13.5,41.7,21.4,0,752.4,1,1,9,4,0.1573,0
SEG-0216,2025-10-01,15.72,1094.7,2,0.2036,20044.0,0.235,48.0,8.6,23.5,22.8,0,754.4,4,3,18,5,0.4199,1
SEG-0217,2025-10-01,15.54,1026.5,2,0.1975,43423.0,0.155,21.6,14.2,75.8,22.5,0,1848.6,5,3,22,7,0.4587,1
SEG-0218,2025-10-01,8.7,1419.8,1,0.6054,7261.0,0.252,52.1,34.4,102.8,25.1,0,2196.9,3,1,7,3,0.2393,1
SEG-0219,2025-10-01,5.23,350.4,2,0.728,24004.0,0.285,37.8,7.4,39.4,23.7,0,469.4,2,1,5,4,0.0645,0
SEG-0220,2025-10-01,10.79,836.3,6,0.4335,11140.0,0.07,44.9,25.5,57.9,19.1,0,2433.1,1,2,18,7,0.274,1
SEG-0221,2025-10-01,15.21,695.4,2,0.3404,11240.0,0.04,46.6,28.0,108.8,22.7,0,4003.5,4,3,14,6,0.3809,1
SEG-0222,2025-10-01,12.88,790.1,2,0.4252,2308.0,0.121,47.9,39.1,88.1,23.4,0,2980.5,4,2,10,9,0.32,0
SEG-0223,2025-10-01,8.29,310.9,1,0.6396,6479.0,0.35,58.7,14.5,73.5,26.7,0,2277.9,2,0,4,1,0.2308,1
SEG-0224,2025-10-01,10.16,331.0,6,0.5135,47396.0,0.259,25.0,13.1,45.5,22.7,0,2362.4,1,2,15,4,0.2162,0
SEG-0225,2025-10-01,7.67,525.4,1,0.6305,16578.0,0.082,47.6,30.7,106.3,17.0,0,2176.9,1,0,6,5,0.1763,0
SEG-0226,2025-10-01,11.46,561.4,1,0.3284,31458.0,0.323,34.2,17.7,83.0,23.0,0,1952.2,4,1,11,7,0.2904,1
SEG-0227,2025-10-01,7.94,727.7,2,0.6457,20950.0,0.188,39.9,18.3,68.8,22.5,0,1177.4,2,1,8,4,0.1781,0
SEG-0228,2025-10-01,11.79,974.8,1,0.3587,15889.0,0.153,46.3,51.4,129.9,21.6,0,1492.8,3,1,4,5,0.3361,1
SEG-0229,2025-10-01,15.32,1006.7,2,0.3064,24340.0,0.36,36.4,46.1,113.6,22.7,0,3464.2,4,2,6,6,0.3593,1
SEG-0230,2025-10-01,13.52,705.9,2,0.2906,9867.0,0.045,49.3,76.3,336.4,22.8,0,770.6,2,1,10,7,0.3102,1
SEG-0231,2025-10-01,8.51,701.9,2,0.5092,43789.0,0.117,33.1,49.0,114.3,21.8,0,929.2,3,0,10,6,0.2586,0
SEG-0232,2025-10-01,15.19,443.8,1,0.2671,37473.0,0.258,30.5,12.9,50.6,19.9,0,3950.5,4,1,17,9,0.3834,1
SEG-0233,2025-10-01,5.82,944.2,1,0.6929,34502.0,0.104,33.2,23.3,53.6,17.4,0,1575.9,2,0,8,2,0.1691,0
SEG-0234,2025-10-01,5.55,578.0,2,0.6671,21701.0,0.245,43.4,27.7,103.3,24.7,0,1438.5,2,0,9,4,0.1584,0
SEG-0235,2025-10-01,4.33,198.7,1,0.7901,8128.0,0.129,50.6,92.2,237.1,24.9,0,708.1,0,0,4,2,0.1314,0
SEG-0236,2025-10-01,14.96,714.8,2,0.2509,46435.0,0.06,29.5,35.2,218.6,22.1,0,3309.8,3,3,21,7,0.4449,1
SEG-0237,2025-10-01,9.09,790.1,2,0.5839,15369.0,0.084,47.7,10.0,28.9,19.2,0,1973.2,1,2,6,5,0.1977,0
SEG-0238,2025-10-01,13.93,454.6,2,0.3155,3631.0,0.184,55.9,17.4,46.6,24.3,0,2034.4,2,1,10,5,0.3718,1
SEG-0239,2025-10-01,9.21,922.8,2,0.5542,15901.0,0.136,40.5,71.1,175.9,18.3,0,616.7,3,0,11,4,0.2415,0
SEG-0240,2025-10-01,12.89,913.8,2,0.3959,32065.0,0.083,35.3,5.9,32.2,18.8,0,1901.9,4,3,11,9,0.3189,0
SEG-0241,2025-10-01,14.5,1097.7,1,0.1318,28207.0,0.328,48.9,18.6,68.5,20.8,0,1328.4,2,3,12,10,0.4717,1
SEG-0242,2025-10-01,13.25,1024.7,1,0.3521,30078.0,0.182,33.2,35.1,184.6,23.0,0,2145.9,3,3,15,6,0.3333,0
SEG-0243,2025-10-01,4.22,1030.8,4,0.75,34456.0,0.165,38.0,15.4,36.0,25.9,1,458.6,0,0,7,4,0.0986,0
SEG-0244,2025-10-01,2.57,576.9,1,0.865,9338.0,0.062,49.6,84.4,192.1,22.1,0,450.5,0,1,4,1,0.0972,0
SEG-0245,2025-10-01,4.69,1213.0,2,0.8041,40352.0,0.171,27.2,16.2,69.0,18.2,0,475.3,2,0,9,1,0.079,0
SEG-0246,2025-10-01,5.1,891.3,2,0.7635,22124.0,0.135,39.5,44.2,129.0,23.5,0,465.2,0,0,3,3,0.0907,0
SEG-0247,2025-10-01,10.05,732.4,2,0.449,26649.0,0.272,42.1,16.5,59.8,21.0,0,2769.5,3,1,8,2,0.2862,0
SEG-0248,2025-10-01,10.92,995.1,2,0.4433,1203.0,0.152,56.0,21.9,94.3,21.4,0,1895.0,3,3,10,5,0.2679,1
SEG-0249,2025-10-01,2.45,636.9,4,0.7534,49596.0,0.301,26.5,22.0,89.2,20.3,0,623.7,1,0,7,0,0.1391,0
SEG-0250,2025-10-01,6.15,842.2,4,0.6526,12933.0,0.329,45.0,42.9,110.9,25.6,0,1223.7,2,1,6,6,0.1443,0
SEG-0001,2025-10-17,3.19,1030.1,4,0.7495,13807.0,0.058,44.4,1.4,6.7,18.9,0,393.0,0,0,5,1,0.1471,0
SEG-0002,2025-10-17,8.73,1321.1,4,0.5413,14169.0,0.204,49.1,17.6,53.2,17.4,0,1082.7,2,2,9,5,0.1917,0
SEG-0003,2025-10-17,12.31,762.8,4,0.3651,11544.0,0.109,54.1,52.0,153.4,21.0,0,2631.1,4,3,11,7,0.3437,1
SEG-0004,2025-10-17,8.35,484.6,2,0.5524,23367.0,0.069,40.3,31.1,149.6,17.8,0,798.7,3,1,6,2,0.214,0
SEG-0005,2025-10-17,5.63,469.5,2,0.7576,34700.0,0.286,35.0,11.1,32.1,16.7,0,1325.9,0,1,11,0,0.1383,0
SEG-0006,2025-10-17,7.94,1157.1,4,0.544,10211.0,0.17,48.7,29.8,73.0,19.9,0,2029.1,1,0,16,4,0.2684,0
SEG-0007,2025-10-17,5.84,1252.4,2,0.7441,13854.0,0.378,44.3,30.0,103.5,21.6,0,329.2,2,1,5,0,0.1134,0
SEG-0008,2025-10-17,3.67,292.1,4,0.8298,46032.0,0.12,31.1,30.5,127.9,20.5,0,386.0,1,0,9,0,0.0497,0
SEG-0009,2025-10-17,5.39,239.9,2,0.7369,3406.0,0.312,50.4,23.0,68.1,19.3,0,533.3,0,0,0,0,0.0741,0
SEG-0010,2025-10-17,11.57,952.5,1,0.4539,22062.0,0.209,42.5,20.5,70.7,19.8,0,1287.8,4,3,10,5,0.2872,1
SEG-0011,2025-10-17,11.11,347.3,1,0.469,36851.0,0.222,34.0,29.1,72.4,21.9,0,1861.4,1,3,16,8,0.3163,1
SEG-0012,2025-10-17,10.74,1263.3,4,0.4521,7730.0,0.194,46.4,31.0,101.7,19.9,0,674.7,2,2,11,9,0.2649,0
SEG-0013,2025-10-17,9.04,569.0,1,0.5224,2869.0,0.171,52.9,30.2,93.8,22.5,0,1797.1,3,1,9,5,0.2606,0
SEG-0014,2025-10-17,9.48,344.2,2,0.4978,7640.0,0.355,50.6,12.6,30.7,17.7,0,401.8,1,1,11,5,0.2224,0
SEG-0015,2025-10-17,15.38,1393.3,2,0.2117,42575.0,0.167,27.1,26.3,98.2,24.4,0,1427.3,4,1,16,7,0.4345,1
SEG-0016,2025-10-17,2.81,373.5,2,0.8176,1475.0,0.068,55.3,47.9,128.0,18.6,0,347.1,0,0,1,0,0.0564,0
SEG-0017,2025-10-17,2.48,534.4,2,0.8813,8980.0,0.293,47.3,28.5,67.1,18.3,0,720.4,0,0,9,4,0.0351,0
SEG-0018,2025-10-17,14.63,357.4,4,0.2216,2425.0,0.351,40.6,13.7,31.0,18.9,0,3346.7,3,1,10,8,0.3972,1
SEG-0019,2025-10-17,9.9,305.9,1,0.4955,5875.0,0.057,50.6,1.1,6.8,19.2,0,1757.0,3,0,12,6,0.23,1
SEG-0020,2025-10-17,10.3,178.5,4,0.3936,26634.0,0.193,36.9,37.7,90.3,17.1,0,2508.7,3,1,15,9,0.2686,1
SEG-0021,2025-10-17,4.86,224.8,4,0.6932,10492.0,0.349,47.3,29.8,78.3,20.8,0,801.2,0,0,5,0,0.1505,1
SEG-0022,2025-10-17,5.86,385.8,2,0.671,28559.0,0.275,46.5,11.4,65.9,20.0,0,637.6,0,1,7,5,0.1537,0
SEG-0023,2025-10-17,4.33,222.1,2,0.8034,25349.0,0.397,42.9,9.8,27.8,21.2,1,506.9,0,1,4,3,0.0952,0
SEG-0024,2025-10-17,6.94,948.0,2,0.6341,38736.0,0.218,36.8,19.4,52.3,22.0,1,723.4,2,1,11,1,0.1736,1
SEG-0025,2025-10-17,2.88,1069.0,1,0.7224,1040.0,0.259,47.3,29.0,131.9,18.3,1,750.9,0,0,2,1,0.1102,0
SEG-0026,2025-10-17,5.06,681.4,2,0.7349,38165.0,0.112,41.7,16.0,47.1,18.2,0,764.1,2,0,9,3,0.1643,0
SEG-0027,2025-10-17,4.89,579.3,6,0.7331,25664.0,0.347,36.2,8.6,23.6,20.0,1,1379.2,1,0,3,4,0.0992,0
SEG-0028,2025-10-17,14.06,831.1,6,0.4268,9086.0,0.153,55.3,11.3,49.2,18.3,0,1918.7,3,2,10,8,0.2681,1
SEG-0029,2025-10-17,15.32,1331.3,4,0.2356,31988.0,0.304,34.2,28.6,90.7,16.5,0,1258.6,3,2,19,11,0.3586,1
SEG-0030,2025-10-17,10.03,1299.0,2,0.5232,37894.0,0.173,33.5,25.2,104.4,18.0,0,828.4,1,1,9,5,0.2193,1
SEG-0031,2025-10-17,10.29,208.7,2,0.4264,14009.0,0.262,46.6,24.3,97.8,17.3,0,897.0,1,1,8,3,0.2958,0
SEG-0032,2025-10-17,15.18,395.0,4,0.3111,46419.0,0.298,33.6,58.6,134.1,18.5,0,1153.3,3,3,17,7,0.3833,1
SEG-0033,2025-10-17,5.22,469.6,2,0.7375,22656.0,0.231,41.6,10.2,42.5,21.7,0,1183.4,2,0,11,4,0.1654,0
SEG-0034,2025-10-17,12.51,486.7,2,0.2891,28789.0,0.348,41.8,13.0,32.2,21.9,0,2308.0,2,2,15,6,0.3769,1
SEG-0035,2025-10-17,3.0,921.2,1,0.7888,44595.0,0.205,30.6,13.7,86.7,19.3,0,411.0,1,0,12,2,0.097,0
SEG-0036,2025-10-17,14.82,712.0,2,0.2241,17524.0,0.241,54.4,45.4,104.2,18.1,1,3188.9,5,1,11,9,0.3458,1
SEG-0037,2025-10-17,15.43,216.5,2,0.1532,41845.0,0.15,36.8,30.5,92.5,21.6,0,1218.7,4,2,22,10,0.4676,1
SEG-0038,2025-10-17,8.72,654.4,2,0.5091,14609.0,0.207,53.4,40.5,185.5,17.8,0,1944.9,3,0,12,4,0.2913,1
SEG-0039,2025-10-17,6.79,857.1,2,0.5783,33231.0,0.221,38.5,46.1,142.1,16.5,0,1270.4,2,0,8,2,0.1971,0
SEG-0040,2025-10-17,7.02,287.3,4,0.7327,25301.0,0.101,38.0,24.1,101.0,16.3,0,1229.6,0,1,8,3,0.1607,1
SEG-0041,2025-10-17,7.73,1275.2,6,0.6327,10220.0,0.097,49.6,22.1,49.6,21.8,1,1168.5,0,1,4,4,0.1872,0
SEG-0042,2025-10-17,8.49,220.1,2,0.5141,17839.0,0.257,49.4,19.2,64.3,17.2,0,1348.2,3,0,10,4,0.2694,0
SEG-0043,2025-10-17,2.17,1398.5,4,0.805,16009.0,0.284,50.3,56.9,135.8,19.0,0,549.9,0,0,3,1,0.1344,0
SEG-0044,2025-10-17,3.73,283.8,6,0.7715,4664.0,0.271,54.5,24.5,72.2,20.9,0,333.3,1,0,9,3,0.1194,0
SEG-0045,2025-10-17,8.47,1288.8,1,0.5392,2366.0,0.039,51.3,29.6,74.8,21.3,0,1994.2,3,1,8,7,0.2876,0
SEG-0046,2025-10-17,4.76,1368.6,2,0.7363,15328.0,0.15,39.2,19.1,62.6,21.0,0,399.3,1,0,5,0,0.1798,0
SEG-0047,2025-10-17,7.43,1472.4,2,0.5687,1685.0,0.089,64.3,12.5,36.5,23.8,0,2069.4,2,1,9,4,0.2536,0
SEG-0048,2025-10-17,10.07,1232.7,1,0.5311,7479.0,0.359,52.4,13.5,89.7,26.0,0,1542.4,1,2,6,8,0.218,0
SEG-0049,2025-10-17,11.63,1202.3,4,0.4366,36396.0,0.357,35.1,47.4,186.9,16.6,0,1896.7,4,3,9,6,0.2758,0
SEG-0050,2025-10-17,15.42,1017.4,2,0.1865,36721.0,0.129,33.2,31.1,113.8,25.2,0,1610.4,4,3,9,6,0.4195,1
SEG-0051,2025-10-17,7.32,1201.6,2,0.69,32291.0,0.29,46.7,19.1,45.0,22.7,0,840.9,2,1,7,4,0.1627,0
SEG-0052,2025-10-17,15.0,331.6,2,0.2374,16205.0,0.078,39.3,16.5,65.0,19.5,0,1400.1,5,2,15,12,0.4208,1
SEG-0053,2025-10-17,7.83,873.7,2,0.5867,43513.0,0.12,33.9,16.5,68.1,20.0,0,736.8,2,2,11,3,0.2446,0
SEG-0054,2025-10-17,2.95,844.2,4,0.8998,27940.0,0.118,41.4,71.4,172.7,21.6,0,836.6,0,0,2,2,0.0226,0
SEG-0055,2025-10-17,5.51,1307.7,1,0.7201,6798.0,0.17,58.2,31.7,125.6,22.2,0,1118.9,1,0,6,2,0.1731,0
SEG-0056,2025-10-17,5.5,774.8,2,0.6659,7880.0,0.272,54.4,19.6,50.2,18.5,0,723.8,2,0,9,5,0.1324,0
SEG-0057,2025-10-17,11.26,669.9,2,0.4306,27825.0,0.389,36.7,20.2,54.5,20.1,0,598.6,2,2,14,6,0.2855,1
SEG-0058,2025-10-17,5.89,1013.4,2,0.6828,8987.0,0.123,46.4,25.2,112.7,26.8,0,790.7,0,2,2,0,0.159,0
SEG-0059,2025-10-17,9.95,509.7,2,0.5211,23687.0,0.199,38.3,35.2,94.0,21.2,0,362.6,3,1,7,4,0.2284,0
SEG-0060,2025-10-17,4.39,338.7,2,0.7568,48786.0,0.256,27.5,14.3,62.8,20.4,0,989.8,1,0,9,1,0.1455,0
SEG-0061,2025-10-17,14.16,795.1,1,0.2959,1056.0,0.336,48.0,43.7,143.9,21.0,0,572.0,4,1,11,6,0.3757,1
SEG-0062,2025-10-17,8.98,712.8,2,0.5969,1571.0,0.228,64.3,16.4,73.7,17.2,0,366.2,3,0,5,3,0.2214,0
SEG-0063,2025-10-17,15.41,464.0,4,0.208,41386.0,0.147,28.3,47.3,107.8,16.4,0,1729.5,5,2,16,8,0.3779,1
SEG-0064,2025-10-17,14.24,646.1,2,0.29,23017.0,0.29,43.7,13.6,32.7,18.2,0,2899.9,3,3,14,7,0.3802,1
SEG-0065,2025-10-17,3.62,644.6,2,0.841,5807.0,0.156,49.3,9.7,47.4,20.8,0,599.0,0,0,1,3,0.1134,0
SEG-0066,2025-10-17,11.54,592.1,2,0.4781,42661.0,0.351,29.9,14.6,38.1,23.7,0,1539.3,3,3,12,6,0.3211,1
SEG-0067,2025-10-17,6.79,662.3,4,0.6094,36786.0,0.155,35.3,17.1,63.3,23.6,0,511.2,0,1,8,6,0.1917,0
SEG-0068,2025-10-17,8.26,1075.8,1,0.5458,24438.0,0.254,47.6,15.9,36.2,18.4,0,1758.9,1,2,13,5,0.2779,0
SEG-0069,2025-10-17,15.59,550.8,2,0.2568,24948.0,0.05,40.3,36.4,232.2,22.5,1,2598.2,3,3,8,9,0.3467,1
SEG-0070,2025-10-17,14.43,1431.0,2,0.322,14917.0,0.159,54.9,5.7,36.5,18.9,0,3818.0,3,1,12,7,0.3608,1
SEG-0071,2025-10-17,7.62,1387.1,2,0.7191,3135.0,0.361,50.4,11.7,37.5,24.7,0,566.2,2,0,1,0,0.1637,0
SEG-0072,2025-10-17,10.21,799.2,4,0.4854,29088.0,0.222,43.3,14.2,42.9,23.3,0,583.1,1,1,9,7,0.2675,1
SEG-0073,2025-10-17,12.06,593.3,2,0.4172,13031.0,0.209,42.4,44.2,122.3,21.1,0,1729.8,2,3,3,5,0.2911,0
SEG-0074,2025-10-17,3.25,872.8,4,0.8127,26511.0,0.364,42.2,22.6,106.9,22.8,0,759.7,0,0,4,1,0.123,0
SEG-0075,2025-10-17,4.31,1295.6,4,0.6925,34227.0,0.355,32.9,14.7,79.8,20.8,0,713.5,2,0,4,2,0.1612,0
SEG-0076,2025-10-17,15.52,1031.0,2,0.2337,1646.0,0.181,60.1,12.2,37.9,19.7,0,2673.9,4,2,6,8,0.3633,1
SEG-0077,2025-10-17,8.08,1235.9,4,0.5252,24488.0,0.209,45.8,33.1,81.1,21.7,0,686.3,1,1,7,5,0.2465,1
SEG-0078,2025-10-17,5.51,869.2,2,0.7081,12704.0,0.23,42.0,18.7,68.3,20.7,1,553.8,2,0,1,3,0.1217,0
SEG-0079,2025-10-17,14.47,1004.4,4,0.3343,43704.0,0.253,22.9,60.8,194.7,20.4,0,2127.7,3,1,10,5,0.3453,1
SEG-0080,2025-10-17,1.93,539.0,2,0.8625,13066.0,0.127,47.1,2.1,14.0,18.3,0,482.4,0,0,6,3,0.0467,0
SEG-0081,2025-10-17,9.45,1142.1,2,0.578,25802.0,0.118,45.4,40.1,121.3,17.3,0,2006.4,3,2,10,7,0.196,0
SEG-0082,2025-10-17,10.07,423.2,2,0.3879,22743.0,0.397,39.7,15.9,77.7,18.4,0,638.3,3,1,5,6,0.3159,0
SEG-0083,2025-10-17,14.59,1088.0,1,0.2885,19743.0,0.333,46.4,26.0,62.9,22.8,0,708.0,3,1,11,11,0.365,0
SEG-0084,2025-10-17,5.25,1312.0,2,0.6158,35296.0,0.321,27.0,14.9,94.4,24.2,0,1107.0,1,0,10,6,0.2083,0
SEG-0085,2025-10-17,1.9,328.3,4,0.8779,29285.0,0.368,37.0,21.6,61.6,22.2,0,567.1,0,0,9,3,0.0824,0
SEG-0086,2025-10-17,2.29,979.4,2,0.8586,27369.0,0.321,42.9,10.3,52.3,21.5,0,511.0,1,0,3,2,0.0372,0
SEG-0087,2025-10-17,10.44,278.4,2,0.4456,38761.0,0.289,32.3,73.4,190.4,22.2,0,390.6,2,0,17,6,0.2862,0
SEG-0088,2025-10-17,14.67,1129.7,2,0.2647,48302.0,0.281,26.7,50.3,180.2,19.1,0,3505.1,2,3,19,10,0.3826,1
SEG-0089,2025-10-17,9.72,264.1,2,0.4532,18355.0,0.23,44.8,14.5,87.2,18.8,0,2615.8,3,2,8,6,0.2818,1
SEG-0090,2025-10-17,13.98,1413.5,1,0.2792,23668.0,0.185,45.4,3.4,8.4,21.6,0,384.9,3,2,13,6,0.3388,1
SEG-0091,2025-10-17,2.34,335.5,4,0.8831,1703.0,0.134,52.8,18.6,86.9,21.1,0,651.7,0,0,2,2,0.038,0
SEG-0092,2025-10-17,4.15,1444.5,2,0.8211,31022.0,0.256,39.3,33.7,76.4,21.4,0,688.8,0,1,2,2,0.0271,0
SEG-0093,2025-10-17,5.13,1231.2,2,0.7052,26065.0,0.139,43.2,30.0,75.8,20.4,0,366.5,2,0,9,5,0.1327,0
SEG-0094,2025-10-17,9.86,951.5,2,0.5859,17361.0,0.145,35.1,9.4,28.3,18.7,0,1172.5,1,1,4,4,0.2199,0
SEG-0095,2025-10-17,10.47,1206.5,1,0.573,5907.0,0.254,48.4,44.1,167.7,17.6,0,998.9,1,1,5,7,0.2422,0
SEG-0096,2025-10-17,15.09,1223.4,2,0.2295,41706.0,0.185,33.2,5.8,30.8,16.7,0,1777.9,4,1,18,7,0.4411,1
SEG-0097,2025-10-17,5.5,1427.1,4,0.6438,18781.0,0.105,40.7,54.8,210.9,17.1,0,1123.5,2,0,4,2,0.1321,0
SEG-0098,2025-10-17,3.78,492.1,2,0.788,30471.0,0.324,36.5,7.6,26.8,21.5,0,647.1,0,0,3,2,0.0663,0
SEG-0099,2025-10-17,9.03,946.6,6,0.5459,8324.0,0.345,52.0,22.0,49.3,15.9,0,2153.4,3,2,6,4,0.2068,0
SEG-0100,2025-10-17,12.66,278.3,2,0.3456,42196.0,0.112,25.8,16.6,47.3,21.6,0,557.4,4,1,11,7,0.3159,0
SEG-0101,2025-10-17,7.6,981.8,2,0.6237,8834.0,0.038,47.2,22.1,88.8,22.5,0,1103.6,0,0,2,0,0.2303,0
SEG-0102,2025-10-17,7.54,381.2,4,0.5805,9353.0,0.173,42.6,4.1,21.0,21.5,0,1679.8,2,1,6,2,0.1965,0
SEG-0103,2025-10-17,10.89,912.7,4,0.4272,42224.0,0.326,34.3,6.3,35.1,22.1,0,2013.8,2,1,10,4,0.2606,0
SEG-0104,2025-10-17,10.93,922.8,4,0.4157,41254.0,0.337,28.3,3.5,19.7,24.5,0,2477.1,1,3,11,7,0.2874,1
SEG-0105,2025-10-17,15.41,779.1,6,0.3105,10572.0,0.048,53.7,15.2,37.8,19.1,0,3556.3,5,2,9,6,0.3722,1
SEG-0106,2025-10-17,15.03,855.6,4,0.2699,22109.0,0.304,43.6,45.2,191.8,17.9,0,3564.9,5,2,6,11,0.3479,0
SEG-0107,2025-10-17,8.78,1181.3,4,0.4191,34018.0,0.077,35.3,34.9,124.1,17.6,0,1179.7,1,1,13,6,0.3056,0
SEG-0108,2025-10-17,6.52,1229.0,1,0.5965,38055.0,0.19,32.7,18.8,56.4,23.2,0,371.0,1,1,9,3,0.2012,0
SEG-0109,2025-10-17,9.08,814.4,4,0.4825,17565.0,0.371,42.0,12.8,70.9,20.9,0,1080.0,2,2,7,1,0.2319,0
SEG-0110,2025-10-17,3.16,959.5,2,0.703,26967.0,0.086,40.0,11.3,51.7,18.6,0,845.2,1,0,10,0,0.1492,0
SEG-0111,2025-10-17,6.7,1407.2,2,0.6229,29217.0,0.078,40.3,9.4,43.1,20.5,0,1291.5,0,0,10,2,0.2317,0
SEG-0112,2025-10-17,7.14,311.6,2,0.633,33280.0,0.161,40.1,38.3,116.0,19.9,0,1721.3,0,2,12,5,0.1927,0
SEG-0113,2025-10-17,12.32,308.1,6,0.343,36968.0,0.247,32.0,5.5,25.6,17.1,0,3394.9,4,3,8,5,0.3695,1
SEG-0114,2025-10-17,7.81,268.4,6,0.5434,25690.0,0.37,34.2,17.9,69.7,21.3,0,1368.6,3,0,7,3,0.2284,0
SEG-0115,2025-10-17,14.53,1038.1,2,0.3336,5508.0,0.378,47.4,30.1,67.3,20.0,0,3381.9,4,2,6,5,0.3616,0
SEG-0116,2025-10-17,5.75,715.1,4,0.638,43346.0,0.056,29.0,10.5,59.4,22.9,0,468.7,2,0,8,0,0.169,0
SEG-0117,2025-10-17,6.35,1195.3,4,0.6462,37126.0,0.072,29.3,7.0,44.7,24.1,1,1649.2,2,0,7,2,0.191,1
SEG-0118,2025-10-17,12.91,1056.2,2,0.3426,33118.0,0.292,33.2,14.9,75.7,18.0,2,3405.8,2,3,15,7,0.3503,1
SEG-0119,2025-10-17,9.03,600.4,1,0.4569,4864.0,0.09,48.3,39.5,104.4,23.1,0,2544.7,2,0,10,9,0.2993,1
SEG-0120,2025-10-17,3.63,1362.8,1,0.784,9507.0,0.341,57.4,11.0,34.4,20.1,0,419.0,0,1,4,2,0.096,0
SEG-0121,2025-10-17,9.81,1179.4,4,0.4898,30868.0,0.234,36.3,12.9,51.7,15.9,0,703.3,1,1,8,5,0.2808,0
SEG-0122,2025-10-17,7.15,515.2,2,0.6231,2222.0,0.105,51.8,22.9,81.9,18.1,0,1106.8,1,1,10,4,0.1855,0
SEG-0123,2025-10-17,11.39,641.7,6,0.4393,45747.0,0.361,30.7,63.7,145.1,22.7,0,1556.6,3,1,6,5,0.3024,1
SEG-0124,2025-10-17,4.21,574.5,2,0.7533,16815.0,0.079,49.9,24.0,68.9,18.5,0,612.9,0,0,2,0,0.0901,0
SEG-0125,2025-10-17,9.41,362.8,6,0.4878,35798.0,0.155,37.7,11.7,62.2,19.9,0,1894.4,2,1,10,5,0.2541,0
SEG-0126,2025-10-17,15.38,349.5,2,0.2097,35863.0,0.214,32.0,8.4,32.3,23.9,0,895.4,5,2,19,12,0.3686,1
SEG-0127,2025-10-17,6.11,1413.8,4,0.6851,20042.0,0.203,44.9,28.7,79.2,18.1,0,709.6,2,1,12,6,0.1735,0
SEG-0128,2025-10-17,6.23,741.2,1,0.6552,15571.0,0.3,47.6,26.7,96.6,18.5,0,343.0,0,1,3,0,0.1652,0
SEG-0129,2025-10-17,5.86,667.5,2,0.6252,28454.0,0.248,33.7,14.9,36.3,21.1,0,1560.1,0,0,10,6,0.1891,0
SEG-0130,2025-10-17,5.5,1135.1,4,0.7349,23566.0,0.355,41.3,12.5,46.9,16.6,0,1190.8,1,0,8,3,0.1181,0
SEG-0131,2025-10-17,3.56,896.5,4,0.7964,16584.0,0.368,49.0,23.4,86.0,21.2,0,1053.1,0,0,6,1,0.0867,0
SEG-0132,2025-10-17,14.16,1413.8,4,0.3871,27036.0,0.277,43.5,15.4,43.3,19.6,0,3710.4,4,2,10,5,0.3188,0
SEG-0133,2025-10-17,3.86,1203.4,1,0.7595,38410.0,0.049,27.6,22.9,139.9,25.3,0,738.3,0,0,7,3,0.1455,0
SEG-0134,2025-10-17,9.65,797.1,2,0.4507,20919.0,0.314,50.8,33.8,81.0,21.0,0,2435.0,1,0,17,8,0.3003,0
SEG-0135,2025-10-17,14.59,658.1,1,0.3599,9705.0,0.376,52.2,40.2,106.8,20.6,0,3003.5,2,1,10,8,0.312,0
SEG-0136,2025-10-17,4.23,1482.0,1,0.6865,16503.0,0.129,45.1,15.9,35.3,17.1,0,622.3,0,0,2,0,0.1598,0
SEG-0137,2025-10-17,3.3,1119.0,2,0.7447,15676.0,0.192,49.8,25.2,64.3,19.0,0,817.8,0,0,3,2,0.1586,0
SEG-0138,2025-10-17,15.42,1434.1,4,0.3987,5812.0,0.181,57.0,18.8,51.9,18.3,0,392.9,5,2,3,9,0.2624,1
SEG-0139,2025-10-17,4.8,309.9,4,0.8468,7830.0,0.041,46.0,20.5,63.7,21.7,0,1164.9,0,0,5,1,0.0852,0
SEG-0140,2025-10-17,6.27,1298.2,4,0.735,27712.0,0.254,37.3,14.3,83.1,19.9,0,694.2,2,2,7,5,0.0812,0
SEG-0141,2025-10-17,14.29,1010.0,4,0.2883,13647.0,0.159,43.1,10.9,37.5,21.9,0,2264.2,3,3,13,5,0.3189,0
SEG-0142,2025-10-17,12.3,314.6,4,0.4259,41012.0,0.274,27.2,38.9,194.3,16.0,0,1829.4,4,2,10,6,0.2449,1
SEG-0143,2025-10-17,10.47,944.1,1,0.4172,12221.0,0.34,47.6,74.4,174.1,20.4,0,1424.4,3,0,15,5,0.3308,1
SEG-0144,2025-10-17,12.08,1076.2,2,0.4622,5775.0,0.348,48.6,17.2,50.3,22.4,0,790.7,4,3,4,4,0.289,0
SEG-0145,2025-10-17,13.76,166.6,2,0.3539,37485.0,0.167,28.0,28.5,93.0,22.5,0,1506.9,2,3,17,6,0.3334,1
SEG-0146,2025-10-17,9.42,763.3,4,0.5364,40519.0,0.129,34.1,26.5,91.9,17.9,1,2677.0,3,0,10,4,0.2726,1
SEG-0147,2025-10-17,12.74,1264.3,1,0.4241,11677.0,0.289,41.5,13.8,48.8,23.2,0,1739.0,2,2,10,6,0.3254,0
SEG-0148,2025-10-17,4.1,548.7,2,0.7063,10572.0,0.269,49.4,6.8,20.5,26.3,0,744.9,0,0,4,4,0.1268,0
SEG-0149,2025-10-17,12.48,769.0,2,0.3919,8323.0,0.224,56.9,73.0,203.7,21.1,0,1000.2,3,2,9,8,0.2826,0
SEG-0150,2025-10-17,14.24,747.1,1,0.3368,24045.0,0.345,36.3,31.5,90.4,21.2,0,3909.1,2,1,8,8,0.2894,1
SEG-0151,2025-10-17,8.08,557.6,2,0.6097,19303.0,0.126,38.0,23.3,55.9,22.5,0,1044.9,2,1,7,3,0.1975,0
SEG-0152,2025-10-17,14.13,1389.9,4,0.3449,11993.0,0.336,37.9,26.8,69.0,19.3,0,2179.9,3,2,9,5,0.2935,1
SEG-0153,2025-10-17,15.25,1204.7,2,0.2997,2625.0,0.034,61.1,9.5,51.8,21.3,0,4199.1,5,1,15,8,0.4019,1
SEG-0154,2025-10-17,12.69,299.3,2,0.4067,24984.0,0.064,42.7,6.8,32.0,23.1,1,708.7,3,1,4,7,0.3183,1
SEG-0155,2025-10-17,2.35,1496.0,4,0.8771,49453.0,0.183,24.7,11.8,55.9,19.6,0,554.4,1,0,11,1,0.0508,0
SEG-0156,2025-10-17,12.52,1336.9,2,0.3186,26590.0,0.043,38.9,115.5,261.8,20.0,0,1284.7,2,3,6,5,0.3731,1
SEG-0157,2025-10-17,8.71,533.3,4,0.6299,22986.0,0.025,42.7,34.2,129.3,23.4,0,2081.5,2,0,12,7,0.216,1
SEG-0158,2025-10-17,4.66,1279.8,2,0.7311,6482.0,0.043,56.5,9.6,46.7,19.5,0,701.1,0,0,0,2,0.0995,0
SEG-0159,2025-10-17,4.76,293.7,2,0.7347,12520.0,0.133,44.4,7.9,43.1,19.6,0,879.9,0,1,8,3,0.1256,0
SEG-0160,2025-10-17,12.47,1498.8,2,0.3678,14389.0,0.321,44.4,33.0,84.7,25.7,1,3438.5,4,1,18,6,0.3855,1
SEG-0161,2025-10-17,3.92,1048.7,2,0.8028,30355.0,0.07,36.3,9.8,49.5,19.7,0,806.8,0,0,2,1,0.0787,0
SEG-0162,2025-10-17,5.95,1027.7,4,0.7255,38815.0,0.249,36.0,42.4,118.8,17.6,0,1251.7,0,1,6,1,0.1279,0
SEG-0163,2025-10-17,8.08,272.1,2,0.5937,42643.0,0.346,29.3,10.4,49.5,18.9,0,1244.0,1,2,10,5,0.2092,1
SEG-0164,2025-10-17,10.37,1361.0,1,0.5382,50668.0,0.111,27.4,36.2,102.2,16.3,1,2063.8,2,2,13,5,0.2422,1
SEG-0165,2025-10-17,5.71,189.1,2,0.7129,45984.0,0.061,33.9,23.5,90.0,18.5,1,1196.6,1,1,6,2,0.1673,0
SEG-0166,2025-10-17,2.6,475.1,4,0.8005,40435.0,0.332,32.9,11.2,68.8,19.5,1,656.5,1,1,8,4,0.0759,0
SEG-0167,2025-10-17,2.06,343.1,4,0.8421,4040.0,0.328,59.9,10.8,49.7,19.8,0,441.5,0,1,0,3,0.0854,0
SEG-0168,2025-10-17,4.31,1198.6,6,0.7194,6595.0,0.241,49.9,12.1,65.8,15.3,0,954.5,2,0,5,3,0.1086,0
SEG-0169,2025-10-17,4.41,417.6,2,0.826,16039.0,0.306,45.1,5.0,22.9,18.1,0,784.5,1,0,6,4,0.1103,0
SEG-0170,2025-10-17,8.89,1379.4,2,0.5304,22620.0,0.082,42.7,8.4,36.3,20.7,0,1523.8,1,2,9,4,0.1869,1
SEG-0171,2025-10-17,14.65,1036.0,1,0.3018,5608.0,0.171,56.3,5.8,37.4,17.4,0,2715.8,4,3,6,7,0.3149,1
SEG-0172,2025-10-17,5.35,198.8,2,0.7226,42889.0,0.342,34.1,6.6,33.5,20.2,0,760.7,2,1,7,0,0.0957,0
SEG-0173,2025-10-17,10.15,157.3,6,0.465,24378.0,0.147,41.1,15.0,51.1,17.1,0,479.7,1,1,12,7,0.2575,0
SEG-0174,2025-10-17,13.54,219.7,4,0.327,23720.0,0.282,44.8,8.0,46.2,21.1,0,2684.0,3,1,13,6,0.3693,1
SEG-0175,2025-10-17,10.84,968.0,2,0.394,9293.0,0.19,43.0,12.0,48.2,21.2,0,542.1,1,1,14,7,0.359,1
SEG-0176,2025-10-17,15.73,1232.0,2,0.1849,12209.0,0.265,42.4,21.1,84.4,20.2,0,3263.3,5,3,18,7,0.4189,1
SEG-0177,2025-10-17,7.54,472.0,4,0.6781,7952.0,0.18,52.3,84.4,191.7,16.6,0,351.1,1,0,8,3,0.197,0
SEG-0178,2025-10-17,6.05,1296.7,2,0.6999,35203.0,0.138,27.5,22.5,96.3,16.6,0,801.6,0,2,5,2,0.175,0
SEG-0179,2025-10-17,14.9,227.3,1,0.4372,25043.0,0.137,38.6,3.1,14.8,16.8,0,2916.5,3,2,14,8,0.328,1
SEG-0180,2025-10-17,9.82,1231.3,2,0.4958,33925.0,0.093,34.5,62.2,138.5,22.3,0,1676.0,2,2,11,7,0.2734,0
SEG-0181,2025-10-17,10.65,1402.5,1,0.5218,15464.0,0.286,46.2,9.1,32.4,17.1,1,1198.3,3,1,10,2,0.2504,0
SEG-0182,2025-10-17,14.9,1192.3,2,0.2736,19790.0,0.112,42.6,17.2,57.3,21.0,0,1061.3,5,1,15,10,0.4338,1
SEG-0183,2025-10-17,14.9,1092.5,1,0.2779,17768.0,0.026,42.3,36.6,171.3,17.2,0,3916.6,3,1,9,6,0.3636,1
SEG-0184,2025-10-17,13.95,1281.3,2,0.2667,39266.0,0.08,33.3,10.8,26.4,21.3,0,3886.0,3,3,15,7,0.3407,1
SEG-0185,2025-10-17,10.19,204.2,2,0.4978,36019.0,0.11,31.7,5.3,33.8,21.0,0,1300.4,1,0,10,1,0.2332,0
SEG-0186,2025-10-17,4.73,422.4,2,0.7356,10447.0,0.349,47.0,3.6,10.0,21.2,0,1091.1,1,0,3,1,0.097,0
SEG-0187,2025-10-17,10.84,318.6,2,0.4028,42605.0,0.183,25.7,11.0,42.8,13.8,0,1240.8,3,3,13,6,0.2931,0
SEG-0188,2025-10-17,15.02,831.1,6,0.1756,6534.0,0.386,48.0,22.0,136.8,20.4,1,1305.3,4,2,18,10,0.4406,0
SEG-0189,2025-10-17,11.29,1156.0,4,0.418,46230.0,0.087,35.5,27.4,142.7,20.6,0,1268.9,1,2,14,7,0.3228,0
SEG-0190,2025-10-17,6.77,1000.5,2,0.6204,4682.0,0.286,51.4,45.3,202.1,20.8,0,1662.9,1,0,12,7,0.1569,0
SEG-0191,2025-10-17,12.49,1299.0,2,0.4376,12622.0,0.156,51.9,2.6,6.0,21.8,0,2082.7,4,1,8,8,0.2885,1
SEG-0192,2025-10-17,12.2,359.5,4,0.414,40522.0,0.182,35.6,20.0,90.4,22.9,0,3399.6,2,3,7,5,0.3414,1
SEG-0193,2025-10-17,13.12,1141.7,2,0.3983,8552.0,0.355,50.1,14.5,43.3,15.3,0,1518.4,2,1,12,7,0.3309,1
SEG-0194,2025-10-17,4.08,410.6,2,0.7103,19311.0,0.355,41.3,25.7,64.9,19.9,0,400.9,1,1,3,2,0.1306,0
SEG-0195,2025-10-17,14.61,515.5,4,0.2437,17974.0,0.328,43.8,13.7,30.7,23.4,0,1820.7,2,3,13,10,0.3785,1
SEG-0196,2025-10-17,3.69,1108.4,2,0.8752,12441.0,0.152,45.5,26.9,106.0,17.0,0,1046.3,0,0,3,1,0.0222,0
SEG-0197,2025-10-17,2.61,1473.3,4,0.7758,28527.0,0.125,37.9,6.8,27.8,23.6,0,780.2,1,0,4,1,0.0422,0
SEG-0198,2025-10-17,13.31,975.6,2,0.251,36531.0,0.235,27.6,16.1,51.3,19.8,0,944.8,2,2,9,8,0.3623,1
SEG-0199,2025-10-17,4.66,223.6,2,0.7727,42263.0,0.125,36.4,9.6,55.0,24.8,1,458.7,0,0,13,4,0.0909,0
SEG-0200,2025-10-17,1.79,982.0,2,0.8323,13936.0,0.313,48.4,32.5,74.1,21.0,0,534.4,0,0,4,0,0.0312,0
SEG-0201,2025-10-17,9.78,207.2,2,0.3962,22254.0,0.226,44.7,54.6,144.7,22.8,0,2748.9,3,2,15,10,0.2563,1
SEG-0202,2025-10-17,7.72,1343.6,2,0.637,12792.0,0.222,49.2,15.2,40.4,20.3,1,526.2,1,2,4,4,0.1845,0
SEG-0203,2025-10-17,9.5,1107.9,2,0.5774,12087.0,0.307,46.5,11.0,45.4,20.6,0,2199.8,3,2,4,5,0.2115,0
SEG-0204,2025-10-17,3.57,383.7,4,0.7558,6896.0,0.305,48.2,43.9,101.0,16.3,0,559.3,0,1,10,2,0.0721,0
SEG-0205,2025-10-17,6.87,273.8,2,0.5913,39187.0,0.062,29.2,19.8,80.2,18.8,0,1462.4,0,1,12,6,0.2032,0
SEG-0206,2025-10-17,4.72,397.8,2,0.7351,35534.0,0.065,31.0,12.5,57.7,25.7,1,931.8,0,0,11,1,0.1098,0
SEG-0207,2025-10-17,14.74,1473.0,4,0.2827,38381.0,0.259,30.1,37.9,100.8,25.3,0,816.7,4,3,16,8,0.3542,1
SEG-0208,2025-10-17,6.89,769.1,4,0.6025,22772.0,0.234,41.4,21.1,73.3,22.7,0,365.4,1,0,12,2,0.1977,0
SEG-0209,2025-10-17,11.43,1208.5,2,0.3803,20161.0,0.118,40.9,18.8,59.4,20.2,0,2524.4,2,3,7,4,0.3344,1
SEG-0210,2025-10-17,3.52,1009.2,2,0.8397,26014.0,0.179,41.4,15.4,38.1,19.4,0,497.9,1,1,3,0,0.0584,0
SEG-0211,2025-10-17,13.86,922.8,6,0.3566,22292.0,0.28,45.9,19.5,118.1,24.4,0,3892.5,4,1,16,6,0.3345,1
SEG-0212,2025-10-17,2.86,345.9,2,0.8716,20832.0,0.304,47.1,19.0,55.9,19.2,0,771.9,0,1,2,1,0.0166,0
SEG-0213,2025-10-17,6.65,1427.1,4,0.6044,5946.0,0.257,61.0,126.9,289.4,23.9,0,1610.2,1,0,7,3,0.2003,1
SEG-0214,2025-10-17,4.28,556.8,4,0.8128,6627.0,0.18,51.5,9.4,59.3,19.9,0,674.4,1,0,2,3,0.048,0
SEG-0215,2025-10-17,6.63,930.3,4,0.6287,38200.0,0.173,35.3,26.9,102.9,20.1,0,768.4,1,1,13,5,0.1451,0
SEG-0216,2025-10-17,15.77,1094.7,2,0.1982,19471.0,0.222,47.0,5.7,23.3,17.6,0,770.4,4,3,21,8,0.3941,1
SEG-0217,2025-10-17,15.58,1026.5,2,0.173,37943.0,0.17,36.7,11.4,48.3,18.6,0,1864.6,5,3,18,8,0.4352,1
SEG-0218,2025-10-17,8.74,1419.8,1,0.5997,8643.0,0.212,52.5,6.6,17.2,17.5,0,2212.9,3,1,2,2,0.223,0
SEG-0219,2025-10-17,5.27,350.4,2,0.7339,23651.0,0.27,44.3,2.7,13.2,17.6,0,485.4,2,1,8,2,0.0803,0
SEG-0220,2025-10-17,10.83,836.3,6,0.4353,9078.0,0.099,55.8,23.4,56.2,19.1,1,2449.1,1,2,8,7,0.2829,1
SEG-0221,2025-10-17,15.25,695.4,2,0.3456,12922.0,0.042,46.8,8.6,28.0,21.5,0,4019.5,4,3,10,6,0.401,1
SEG-0222,2025-10-17,12.93,790.1,2,0.4424,2553.0,0.117,52.6,11.5,42.8,24.4,0,2996.5,4,2,4,8,0.3285,1
SEG-0223,2025-10-17,8.33,310.9,1,0.5921,6414.0,0.316,61.4,45.9,143.9,18.9,0,2293.9,2,0,8,2,0.2292,0
SEG-0224,2025-10-17,10.21,331.0,6,0.5081,38068.0,0.263,34.8,26.4,83.7,18.4,0,2378.4,1,2,16,3,0.2197,0
SEG-0225,2025-10-17,7.71,525.4,1,0.6239,14172.0,0.084,40.0,42.8,113.1,20.7,0,2192.9,1,0,7,3,0.2182,0
SEG-0226,2025-10-17,11.51,561.4,1,0.3358,26189.0,0.36,44.2,26.3,69.5,18.0,0,1968.2,4,1,11,6,0.3357,1
SEG-0227,2025-10-17,7.98,727.7,2,0.6689,19975.0,0.21,46.9,21.9,52.0,19.0,0,1193.4,2,1,7,4,0.1662,0
SEG-0228,2025-10-17,11.83,974.8,1,0.3072,19382.0,0.225,40.1,4.7,26.1,23.6,0,1508.8,3,1,4,3,0.3622,0
SEG-0229,2025-10-17,15.37,1006.7,2,0.3057,23824.0,0.376,48.7,4.9,17.3,16.3,0,3480.2,4,2,8,5,0.3516,1
SEG-0230,2025-10-17,13.56,705.9,2,0.3614,8338.0,0.048,47.9,6.7,33.9,14.4,0,786.6,2,1,7,8,0.3137,1
SEG-0231,2025-10-17,8.55,701.9,2,0.497,51048.0,0.126,30.0,36.4,154.1,17.2,0,945.2,3,0,9,4,0.2563,0
SEG-0232,2025-10-17,15.23,443.8,1,0.2692,37325.0,0.24,25.5,63.1,181.7,19.8,0,3966.5,4,1,16,8,0.3772,1
SEG-0233,2025-10-17,5.87,944.2,1,0.6538,36181.0,0.108,26.8,28.8,107.3,20.5,1,1591.9,2,0,6,2,0.1546,0
SEG-0234,2025-10-17,5.59,578.0,2,0.6606,21861.0,0.244,40.1,1.8,6.2,19.9,0,1454.5,2,0,13,2,0.1629,0
SEG-0235,2025-10-17,4.37,198.7,1,0.764,6840.0,0.12,49.3,10.0,37.3,16.0,0,724.1,0,0,6,1,0.1492,0
SEG-0236,2025-10-17,15.0,714.8,2,0.2538,44203.0,0.043,39.6,11.6,26.2,18.5,0,3325.8,3,3,16,9,0.4148,1
SEG-0237,2025-10-17,9.14,790.1,2,0.5321,15313.0,0.114,44.5,11.6,41.2,19.1,1,1989.2,1,2,6,5,0.2087,1
SEG-0238,2025-10-17,13.98,454.6,2,0.3155,2981.0,0.177,60.1,21.8,50.3,21.3,0,2050.4,2,1,5,4,0.3437,0
SEG-0239,2025-10-17,9.25,922.8,2,0.5525,17557.0,0.091,42.9,6.0,32.3,17.3,0,632.7,3,0,8,6,0.2329,0
SEG-0240,2025-10-17,12.93,913.8,2,0.4109,35875.0,0.075,34.1,58.8,140.7,16.1,0,1917.9,4,3,16,10,0.3298,1
SEG-0241,2025-10-17,14.54,1097.7,1,0.1204,29393.0,0.326,39.8,14.2,61.7,19.0,0,1344.4,2,3,17,12,0.4695,1
SEG-0242,2025-10-17,13.3,1024.7,1,0.3933,29909.0,0.161,43.1,21.6,68.0,20.7,0,2161.9,3,3,16,9,0.3517,1
SEG-0243,2025-10-17,4.26,1030.8,4,0.7241,41126.0,0.164,26.0,14.0,42.8,18.3,0,474.6,0,0,5,1,0.0834,0
SEG-0244,2025-10-17,2.62,576.9,1,0.8705,9267.0,0.071,52.1,19.4,47.8,19.6,0,466.5,0,1,2,0,0.0951,0
SEG-0245,2025-10-17,4.73,1213.0,2,0.7614,35760.0,0.162,46.4,8.9,21.9,18.1,0,491.3,2,0,6,2,0.0677,0
SEG-0246,2025-10-17,5.14,891.3,2,0.7635,22449.0,0.112,37.2,4.8,24.3,16.3,0,481.2,0,0,6,4,0.0872,0
SEG-0247,2025-10-17,10.09,732.4,2,0.499,27540.0,0.25,34.3,37.1,135.8,21.5,0,2785.5,3,1,13,3,0.3216,1
SEG-0248,2025-10-17,10.96,995.1,2,0.411,1169.0,0.113,52.5,31.9,144.1,19.7,0,1911.0,3,3,7,5,0.2561,1
SEG-0249,2025-10-17,2.5,636.9,4,0.7413,50789.0,0.316,22.3,23.6,79.1,20.0,0,639.7,1,0,6,0,0.1705,0
SEG-0250,2025-10-17,6.19,842.2,4,0.6565,12476.0,0.342,51.1,35.6,127.9,18.2,0,1239.7,2,1,10,5,0.1794,0
SEG-0001,2025-11-01,3.23,1030.1,4,0.7357,11581.0,0.056,48.4,40.2,103.4,18.3,0,408.0,0,0,4,2,0.1762,0
SEG-0002,2025-11-01,8.77,1321.1,4,0.4985,17331.0,0.188,46.7,42.8,156.1,21.6,0,1097.7,2,2,8,5,0.2111,1
SEG-0003,2025-11-01,12.35,762.8,4,0.408,12768.0,0.052,44.6,37.1,106.3,16.8,1,2646.1,4,3,11,7,0.319,1
SEG-0004,2025-11-01,8.39,484.6,2,0.5566,23519.0,0.117,38.5,58.5,147.1,19.4,0,813.7,3,1,3,1,0.2262,0
SEG-0005,2025-11-01,5.67,469.5,2,0.7356,33901.0,0.25,35.3,11.2,66.5,21.5,0,1340.9,0,1,4,0,0.1664,0
SEG-0006,2025-11-01,7.98,1157.1,4,0.5487,10313.0,0.17,51.5,6.7,18.1,20.3,0,2044.1,1,0,7,6,0.2498,0
SEG-0007,2025-11-01,5.88,1252.4,2,0.7463,13467.0,0.382,51.2,12.1,48.7,18.3,0,344.2,2,1,1,0,0.0772,0
SEG-0008,2025-11-01,3.71,292.1,4,0.8059,41176.0,0.116,33.8,12.2,38.6,20.0,0,401.0,1,0,4,0,0.0366,0
SEG-0009,2025-11-01,5.43,239.9,2,0.7606,3071.0,0.27,54.4,7.3,22.7,15.3,0,548.3,0,0,3,1,0.0695,0
SEG-0010,2025-11-01,11.61,952.5,1,0.4114,18142.0,0.232,47.1,12.3,29.9,15.9,0,1302.8,4,3,8,6,0.3293,1
SEG-0011,2025-11-01,11.16,347.3,1,0.418,30849.0,0.231,36.4,5.1,28.9,18.4,0,1876.4,1,3,9,8,0.3262,1
SEG-0012,2025-11-01,10.78,1263.3,4,0.447,7225.0,0.252,48.2,34.1,90.4,16.2,0,689.7,2,2,11,6,0.2851,0
SEG-0013,2025-11-01,9.08,569.0,1,0.5245,2909.0,0.19,66.6,12.0,51.1,18.0,0,1812.1,3,1,3,6,0.2489,0
SEG-0014,2025-11-01,9.52,344.2,2,0.5473,6492.0,0.38,50.4,13.6,34.7,15.0,0,416.8,1,1,5,3,0.1975,0
SEG-0015,2025-11-01,15.42,1393.3,2,0.1973,40350.0,0.129,30.2,11.7,43.5,17.3,0,1442.3,4,1,22,7,0.4506,1
SEG-0016,2025-11-01,2.86,373.5,2,0.8284,1300.0,0.102,51.0,6.4,26.3,13.4,0,362.1,0,0,6,2,0.054,0
SEG-0017,2025-11-01,2.52,534.4,2,0.8835,9086.0,0.28,56.5,10.4,50.7,19.3,0,735.4,0,0,4,1,0.0818,0
SEG-0018,2025-11-01,14.67,357.4,4,0.2034,2219.0,0.327,54.6,42.4,148.2,19.3,0,3361.7,3,1,13,5,0.4405,1
SEG-0019,2025-11-01,9.94,305.9,1,0.5244,5715.0,0.02,50.6,10.8,43.5,17.0,0,1772.0,3,0,5,6,0.2196,0
SEG-0020,2025-11-01,10.34,178.5,4,0.4647,31419.0,0.173,38.2,1.9,5.8,16.6,0,2523.7,3,1,10,6,0.2615,0
SEG-0021,2025-11-01,4.9,224.8,4,0.7086,11208.0,0.32,48.0,12.9,49.9,17.9,0,816.2,0,0,6,2,0.1392,0
SEG-0022,2025-11-01,5.91,385.8,2,0.6223,22623.0,0.299,38.9,16.3,39.3,17.3,0,652.6,0,1,5,4,0.1578,0
SEG-0023,2025-11-01,4.37,222.1,2,0.77,22936.0,0.414,45.4,16.8,48.7,16.8,0,521.9,0,1,4,2,0.095,0
SEG-0024,2025-11-01,6.98,948.0,2,0.648,42733.0,0.199,32.2,11.3,58.6,19.8,0,738.4,2,1,12,4,0.1654,0
SEG-0025,2025-11-01,2.92,1069.0,1,0.7624,1308.0,0.25,53.5,26.7,68.1,20.9,0,765.9,0,0,3,1,0.1243,0
SEG-0026,2025-11-01,5.11,681.4,2,0.7291,36029.0,0.126,32.4,9.4,52.7,16.4,0,779.1,2,0,5,3,0.1477,0
SEG-0027,2025-11-01,4.93,579.3,6,0.7448,24039.0,0.39,32.9,12.7,51.5,19.1,0,1394.2,1,0,4,3,0.0801,0
SEG-0028,2025-11-01,14.1,831.1,6,0.4444,6961.0,0.148,52.3,29.9,69.0,15.7,0,1933.7,3,2,11,9,0.2606,1
SEG-0029,2025-11-01,15.36,1331.3,4,0.2535,39447.0,0.28,26.4,19.0,55.1,21.9,0,1273.6,3,2,16,8,0.3562,1
SEG-0030,2025-11-01,10.07,1299.0,2,0.4654,40505.0,0.201,33.1,12.3,33.8,19.0,0,843.4,1,1,15,4,0.2371,0
SEG-0031,2025-11-01,10.34,208.7,2,0.4613,10750.0,0.236,50.4,12.2,68.4,21.1,0,912.0,1,1,12,5,0.3257,1
SEG-0032,2025-11-01,15.22,395.0,4,0.2864,42293.0,0.264,29.0,3.6,15.5,15.3,0,1168.3,3,3,17,5,0.4112,1
SEG-0033,2025-11-01,5.26,469.6,2,0.7428,23543.0,0.233,35.3,17.3,46.0,16.6,0,1198.4,2,0,8,3,0.163,0
SEG-0034,2025-11-01,12.55,486.7,2,0.2798,27431.0,0.347,41.4,9.4,49.7,21.6,0,2323.0,2,2,12,7,0.3605,1
SEG-0035,2025-11-01,3.04,921.2,1,0.7707,38469.0,0.184,33.7,3.4,10.9,20.6,0,426.0,1,0,6,0,0.0627,0
SEG-0036,2025-11-01,14.86,712.0,2,0.2496,16408.0,0.241,47.0,21.6,60.3,12.7,2,3203.9,5,1,9,10,0.3804,1
SEG-0037,2025-11-01,15.47,216.5,2,0.1363,35886.0,0.158,33.4,13.4,61.4,18.2,0,1233.7,4,2,13,10,0.4706,1
SEG-0038,2025-11-01,8.76,654.4,2,0.4885,14094.0,0.164,48.7,25.7,117.0,23.3,0,1959.9,3,0,4,4,0.2806,0
SEG-0039,2025-11-01,6.83,857.1,2,0.5942,32030.0,0.174,39.0,13.5,40.1,17.6,0,1285.4,2,0,5,3,0.1902,0
SEG-0040,2025-11-01,7.06,287.3,4,0.7634,24882.0,0.093,39.3,28.1,87.9,22.6,1,1244.6,0,1,8,2,0.1223,0
SEG-0041,2025-11-01,7.77,1275.2,6,0.6018,10443.0,0.058,48.4,34.9,81.2,20.6,0,1183.5,0,1,6,4,0.2364,0
SEG-0042,2025-11-01,8.53,220.1,2,0.5327,19418.0,0.277,41.1,26.8,60.6,20.6,1,1363.2,3,0,8,4,0.2317,1
SEG-0043,2025-11-01,2.21,1398.5,4,0.8023,15372.0,0.253,50.0,9.6,33.7,18.2,0,564.9,0,0,2,1,0.1055,0
SEG-0044,2025-11-01,3.78,283.8,6,0.7621,4852.0,0.301,57.7,30.2,89.2,16.8,0,348.3,1,0,4,4,0.1287,0
SEG-0045,2025-11-01,8.51,1288.8,1,0.545,2613.0,0.02,56.6,11.4,32.3,21.3,0,2009.2,3,1,5,5,0.2891,1
SEG-0046,2025-11-01,4.8,1368.6,2,0.7459,15527.0,0.155,53.2,6.9,23.3,18.9,0,414.3,1,0,5,0,0.1298,0
SEG-0047,2025-11-01,7.47,1472.4,2,0.5938,1989.0,0.076,53.0,12.2,45.7,22.5,0,2084.4,2,1,9,4,0.236,0
SEG-0048,2025-11-01,10.11,1232.7,1,0.5165,7633.0,0.315,55.6,30.6,95.7,21.2,0,1557.4,1,2,11,6,0.2134,0
SEG-0049,2025-11-01,11.67,1202.3,4,0.4099,35392.0,0.317,33.6,24.2,61.5,18.0,0,1911.7,4,3,17,5,0.2645,1
SEG-0050,2025-11-01,15.47,1017.4,2,0.1973,36561.0,0.126,33.3,8.0,43.4,18.0,0,1625.4,4,3,12,8,0.4151,1
SEG-0051,2025-11-01,7.36,1201.6,2,0.6564,37603.0,0.291,34.0,32.8,78.7,22.8,0,855.9,2,1,7,3,0.1651,0
SEG-0052,2025-11-01,15.04,331.6,2,0.219,15697.0,0.103,48.7,12.8,51.0,17.2,0,1415.1,5,2,17,10,0.4107,1
SEG-0053,2025-11-01,7.87,873.7,2,0.5701,41192.0,0.117,34.4,22.5,75.7,18.1,0,751.8,2,2,10,3,0.2415,1
SEG-0054,2025-11-01,2.99,844.2,4,0.8731,25181.0,0.109,43.6,9.3,45.9,22.1,0,851.6,0,0,7,1,0.0386,0
SEG-0055,2025-11-01,5.55,1307.7,1,0.7323,5874.0,0.144,55.2,5.0,20.4,21.8,0,1133.9,1,0,7,3,0.187,0
SEG-0056,2025-11-01,5.54,774.8,2,0.6495,6363.0,0.249,53.1,49.6,199.5,21.1,0,738.8,2,0,11,7,0.1183,0
SEG-0057,2025-11-01,11.3,669.9,2,0.3996,30313.0,0.376,37.2,6.8,25.2,21.7,0,613.6,2,2,10,3,0.3055,1
SEG-0058,2025-11-01,5.93,1013.4,2,0.6437,9646.0,0.087,42.9,16.7,82.6,13.1,0,805.7,0,2,5,3,0.1473,0
SEG-0059,2025-11-01,9.99,509.7,2,0.4923,20427.0,0.233,45.8,5.4,19.7,17.3,0,377.6,3,1,9,3,0.2279,0
SEG-0060,2025-11-01,4.44,338.7,2,0.7763,44848.0,0.26,24.3,6.4,21.4,17.5,0,1004.8,1,0,7,0,0.1334,0
SEG-0061,2025-11-01,14.2,795.1,1,0.2695,1308.0,0.347,53.3,24.9,55.5,18.1,0,587.0,4,1,7,5,0.3735,0
SEG-0062,2025-11-01,9.02,712.8,2,0.5997,1755.0,0.211,50.2,6.5,20.2,17.7,0,381.2,3,0,5,1,0.2242,0
SEG-0063,2025-11-01,15.45,464.0,4,0.2135,46764.0,0.13,27.8,8.0,43.1,18.6,0,1744.5,5,2,24,7,0.3652,1
SEG-0064,2025-11-01,14.28,646.1,2,0.3403,28741.0,0.241,34.1,8.7,34.2,12.7,0,2914.9,3,3,7,5,0.332,0
SEG-0065,2025-11-01,3.67,644.6,2,0.7984,6069.0,0.175,48.9,22.3,96.7,22.3,0,614.0,0,0,3,3,0.0993,0
SEG-0066,2025-11-01,11.58,592.1,2,0.4797,40621.0,0.335,31.4,22.2,61.4,18.3,0,1554.3,3,3,16,4,0.3016,1
SEG-0067,2025-11-01,6.83,662.3,4,0.5628,40936.0,0.168,37.8,34.9,91.8,22.0,0,526.2,0,1,9,6,0.2195,1
SEG-0068,2025-11-01,8.3,1075.8,1,0.4891,21484.0,0.267,49.6,29.3,79.4,16.8,0,1773.9,1,2,11,7,0.2648,0
SEG-0069,2025-11-01,15.63,550.8,2,0.244,31297.0,0.02,33.8,13.3,64.5,19.2,0,2613.2,3,3,11,10,0.3846,1
SEG-0070,2025-11-01,14.47,1431.0,2,0.3211,14875.0,0.159,40.0,15.1,65.8,21.8,0,3833.0,3,1,17,8,0.3391,1
SEG-0071,2025-11-01,7.66,1387.1,2,0.6936,3050.0,0.329,60.8,13.9,57.8,22.7,0,581.2,2,0,1,0,0.1838,0
SEG-0072,2025-11-01,10.25,799.2,4,0.4452,28586.0,0.269,45.6,5.2,27.9,22.2,0,598.1,1,1,11,7,0.2898,0
SEG-0073,2025-11-01,12.1,593.3,2,0.4283,14880.0,0.185,49.5,61.9,147.8,17.4,0,1744.8,2,3,11,6,0.3029,1
SEG-0074,2025-11-01,3.29,872.8,4,0.7839,29396.0,0.35,34.2,11.0,35.4,14.1,0,774.7,0,0,8,2,0.1153,0
SEG-0075,2025-11-01,4.36,1295.6,4,0.7251,37317.0,0.301,34.9,24.7,60.1,19.4,0,728.5,2,0,7,2,0.1512,0
SEG-0076,2025-11-01,15.56,1031.0,2,0.2658,1880.0,0.142,55.4,15.8,55.4,17.9,0,2688.9,4,2,17,9,0.368,1
SEG-0077,2025-11-01,8.12,1235.9,4,0.5141,25203.0,0.258,39.7,15.4,37.3,15.3,0,701.3,1,1,8,6,0.271,1
SEG-0078,2025-11-01,5.55,869.2,2,0.7142,12741.0,0.185,50.1,10.1,65.1,19.0,0,568.8,2,0,4,4,0.0957,0
SEG-0079,2025-11-01,14.51,1004.4,4,0.2987,40703.0,0.244,32.0,16.6,47.7,20.2,0,2142.7,3,1,9,8,0.3508,1
SEG-0080,2025-11-01,1.97,539.0,2,0.8153,12596.0,0.154,46.4,4.2,13.5,20.9,0,497.4,0,0,6,5,0.0447,0
SEG-0081,2025-11-01,9.49,1142.1,2,0.5569,29070.0,0.13,36.6,9.6,24.8,18.2,0,2021.4,3,2,8,5,0.1999,0
SEG-0082,2025-11-01,10.11,423.2,2,0.3889,23343.0,0.377,41.0,7.2,32.0,15.9,0,653.3,3,1,16,8,0.3276,0
SEG-0083,2025-11-01,14.63,1088.0,1,0.3027,18120.0,0.338,44.7,30.2,75.4,19.0,0,723.0,3,1,12,11,0.381,0
SEG-0084,2025-11-01,5.29,1312.0,2,0.63,29175.0,0.288,33.3,13.5,38.7,15.4,0,1122.0,1,0,10,4,0.2165,0
SEG-0085,2025-11-01,1.94,328.3,4,0.8997,30417.0,0.395,38.8,7.8,24.7,15.6,0,582.1,0,0,6,0,0.0921,0
SEG-0086,2025-11-01,2.33,979.4,2,0.8455,26032.0,0.266,43.0,16.3,106.1,23.0,0,526.0,1,0,3,0,0.0592,0
SEG-0087,2025-11-01,10.48,278.4,2,0.4719,36346.0,0.284,33.6,11.2,52.2,22.8,0,405.6,2,0,12,3,0.3129,0
SEG-0088,2025-11-01,14.71,1129.7,2,0.2361,47818.0,0.31,31.1,32.9,98.6,17.4,0,3520.1,2,3,17,10,0.4026,1
SEG-0089,2025-11-01,9.76,264.1,2,0.4297,20686.0,0.201,38.9,21.0,91.9,24.0,0,2630.8,3,2,16,7,0.2871,1
SEG-0090,2025-11-01,14.02,1413.5,1,0.2569,24022.0,0.191,48.5,12.8,30.5,20.8,0,399.9,3,2,8,5,0.3869,0
SEG-0091,2025-11-01,2.38,335.5,4,0.8567,1651.0,0.158,65.0,4.8,25.8,15.3,0,666.7,0,0,0,0,0.0025,0
SEG-0092,2025-11-01,4.19,1444.5,2,0.8478,35893.0,0.273,31.7,21.4,63.4,18.3,0,703.8,0,1,6,0,0.0334,0
SEG-0093,2025-11-01,5.17,1231.2,2,0.7249,24106.0,0.153,44.6,8.3,34.2,21.7,0,381.5,2,0,6,3,0.1091,0
SEG-0094,2025-11-01,9.9,951.5,2,0.5454,21051.0,0.14,42.3,4.5,14.9,24.1,0,1187.5,1,1,8,2,0.2671,0
SEG-0095,2025-11-01,10.51,1206.5,1,0.5596,4525.0,0.257,53.4,6.2,15.2,19.3,1,1013.9,1,1,11,5,0.2526,0
SEG-0096,2025-11-01,15.13,1223.4,2,0.2421,45521.0,0.151,32.1,30.3,75.6,19.8,1,1792.9,4,1,18,8,0.4345,0
SEG-0097,2025-11-01,5.54,1427.1,4,0.6664,18018.0,0.118,48.4,5.0,12.8,17.4,0,1138.5,2,0,7,2,0.122,0
SEG-0098,2025-11-01,3.82,492.1,2,0.7753,29137.0,0.336,39.2,22.7,56.7,18.2,0,662.1,0,0,8,3,0.073,0
SEG-0099,2025-11-01,9.07,946.6,6,0.5498,6527.0,0.343,47.2,6.0,24.8,18.8,0,2168.4,3,2,8,3,0.1971,0
SEG-0100,2025-11-01,12.7,278.3,2,0.3449,36923.0,0.106,35.4,8.5,43.9,13.7,2,572.4,4,1,12,7,0.317,1
SEG-0101,2025-11-01,7.64,981.8,2,0.6357,9463.0,0.058,43.2,14.2,52.5,21.5,0,1118.6,0,0,6,3,0.202,0
SEG-0102,2025-11-01,7.58,381.2,4,0.5501,9687.0,0.149,47.5,8.2,44.7,18.3,0,1694.8,2,1,6,5,0.1745,1
SEG-0103,2025-11-01,10.93,912.7,4,0.4846,40062.0,0.294,32.5,15.8,62.4,17.2,0,2028.8,2,1,13,4,0.2582,0
SEG-0104,2025-11-01,10.97,922.8,4,0.434,42299.0,0.326,34.2,10.4,25.8,17.1,0,2492.1,1,3,10,6,0.2803,0
SEG-0105,2025-11-01,15.45,779.1,6,0.2992,9907.0,0.109,47.2,29.8,101.3,20.5,0,3571.3,5,2,11,9,0.3514,1
SEG-0106,2025-11-01,15.08,855.6,4,0.2671,23862.0,0.331,44.5,20.7,78.6,20.8,0,3579.9,5,2,21,11,0.3647,1
SEG-0107,2025-11-01,8.83,1181.3,4,0.4289,37920.0,0.09,34.7,17.3,42.2,19.4,0,1194.7,1,1,16,7,0.3126,0
SEG-0108,2025-11-01,6.57,1229.0,1,0.5993,45457.0,0.123,34.1,16.4,51.9,19.9,0,386.0,1,1,15,3,0.2274,0
SEG-0109,2025-11-01,9.12,814.4,4,0.4742,17313.0,0.345,40.1,6.0,17.9,17.5,0,1095.0,2,2,1,1,0.2278,0
SEG-0110,2025-11-01,3.2,959.5,2,0.7083,20283.0,0.046,47.8,4.6,29.2,22.9,0,860.2,1,0,5,1,0.1681,0
SEG-0111,2025-11-01,6.74,1407.2,2,0.5908,35240.0,0.083,38.7,13.2,33.5,24.3,0,1306.5,0,0,9,3,0.2269,0
SEG-0112,2025-11-01,7.18,311.6,2,0.6141,32783.0,0.17,33.7,2.5,14.1,15.3,0,1736.3,0,2,12,4,0.1602,0
SEG-0113,2025-11-01,12.36,308.1,6,0.3532,38541.0,0.229,33.1,18.7,70.3,23.1,0,3409.9,4,3,17,7,0.3603,1
SEG-0114,2025-11-01,7.85,268.4,6,0.6222,24476.0,0.363,47.4,18.5,43.8,24.7,0,1383.6,3,0,5,0,0.2067,0
SEG-0115,2025-11-01,14.57,1038.1,2,0.3203,5562.0,0.419,46.9,15.0,49.0,20.5,0,3396.9,4,2,6,6,0.3923,1
SEG-0116,2025-11-01,5.79,715.1,4,0.6516,38426.0,0.106,35.4,20.3,45.6,21.6,0,483.7,2,0,9,3,0.1709,0
SEG-0117,2025-11-01,6.39,1195.3,4,0.6638,41881.0,0.087,28.6,11.7,43.1,16.8,0,1664.2,2,0,7,1,0.1784,0
SEG-0118,2025-11-01,12.95,1056.2,2,0.3384,31074.0,0.296,35.0,16.1,38.6,19.4,0,3420.8,2,3,13,5,0.3658,1
SEG-0119,2025-11-01,9.07,600.4,1,0.5116,5950.0,0.147,45.0,18.7,50.8,21.2,0,2559.7,2,0,4,6,0.2874,0
SEG-0120,2025-11-01,3.67,1362.8,1,0.7503,11069.0,0.348,49.1,3.8,19.3,17.1,0,434.0,0,1,5,0,0.1398,0
SEG-0121,2025-11-01,9.85,1179.4,4,0.5594,35559.0,0.255,39.5,7.8,37.2,14.3,0,718.3,1,1,7,5,0.2741,0
SEG-0122,2025-11-01,7.19,515.2,2,0.6241,2232.0,0.034,47.6,32.8,80.3,24.4,0,1121.8,1,1,4,5,0.1712,0
SEG-0123,2025-11-01,11.43,641.7,6,0.4794,45104.0,0.319,30.2,6.7,36.2,22.7,0,1571.6,3,1,13,7,0.2761,0
SEG-0124,2025-11-01,4.25,574.5,2,0.7531,15461.0,0.121,46.1,10.0,50.2,21.1,0,627.9,0,0,5,2,0.0842,0
SEG-0125,2025-11-01,9.45,362.8,6,0.5084,33415.0,0.203,33.5,23.2,100.5,17.1,0,1909.4,2,1,5,4,0.2448,1
SEG-0126,2025-11-01,15.43,349.5,2,0.2158,39977.0,0.214,33.0,19.9,67.2,18.4,0,910.4,5,2,15,11,0.372,1
SEG-0127,2025-11-01,6.15,1413.8,4,0.6587,19244.0,0.224,41.3,9.6,23.5,22.0,0,724.6,2,1,8,4,0.1632,0
SEG-0128,2025-11-01,6.27,741.2,1,0.691,15199.0,0.278,45.6,9.2,37.0,15.8,0,358.0,0,1,5,3,0.1585,0
SEG-0129,2025-11-01,5.9,667.5,2,0.6368,23952.0,0.241,41.2,21.3,53.2,20.7,0,1575.1,0,0,7,6,0.2312,0
SEG-0130,2025-11-01,5.54,1135.1,4,0.7133,29731.0,0.378,34.9,21.5,83.6,19.2,0,1205.8,1,0,5,2,0.1252,0
SEG-0131,2025-11-01,3.6,896.5,4,0.809,20223.0,0.378,47.9,2.9,19.3,19.2,0,1068.1,0,0,4,1,0.1152,0
SEG-0132,2025-11-01,14.2,1413.8,4,0.397,29653.0,0.208,35.9,9.5,28.4,18.8,0,3725.4,4,2,12,5,0.311,1
SEG-0133,2025-11-01,3.9,1203.4,1,0.7461,40060.0,0.089,30.6,5.0,14.0,15.8,0,753.3,0,0,10,4,0.1401,0
SEG-0134,2025-11-01,9.69,797.1,2,0.4315,18777.0,0.313,47.7,9.1,29.0,17.7,0,2450.0,1,0,12,6,0.286,1
SEG-0135,2025-11-01,14.63,658.1,1,0.2981,8891.0,0.378,52.9,7.0,44.5,21.9,0,3018.5,2,1,5,7,0.2954,1
SEG-0136,2025-11-01,4.27,1482.0,1,0.6714,17876.0,0.131,45.1,34.3,103.4,16.9,0,637.3,0,0,7,0,0.1556,0
SEG-0137,2025-11-01,3.34,1119.0,2,0.7538,20560.0,0.212,43.8,1.6,9.6,20.7,0,832.8,0,0,5,0,0.1281,0
SEG-0138,2025-11-01,15.46,1434.1,4,0.4238,7217.0,0.208,50.0,12.0,34.1,13.6,0,407.9,5,2,8,8,0.2681,0
SEG-0139,2025-11-01,4.84,309.9,4,0.7951,8419.0,0.035,49.7,19.2,118.8,18.8,0,1179.9,0,0,1,3,0.0695,0
SEG-0140,2025-11-01,6.31,1298.2,4,0.7164,31965.0,0.272,35.4,27.6,75.3,18.9,0,709.2,2,2,8,5,0.1058,1
SEG-0141,2025-11-01,14.33,1010.0,4,0.2869,15475.0,0.148,51.7,7.8,19.7,16.8,0,2279.2,3,3,10,5,0.3344,1
SEG-0142,2025-11-01,12.34,314.6,4,0.4365,45922.0,0.317,24.4,23.9,65.6,17.0,0,1844.4,4,2,13,9,0.2755,1
SEG-0143,2025-11-01,10.51,944.1,1,0.4106,10664.0,0.338,48.4,17.9,49.3,24.7,0,1439.4,3,0,10,5,0.3336,1
SEG-0144,2025-11-01,12.12,1076.2,2,0.4682,5981.0,0.35,56.9,40.8,96.9,19.4,0,805.7,4,3,8,5,0.2587,1
SEG-0145,2025-11-01,13.81,166.6,2,0.3535,30925.0,0.162,32.5,17.6,42.1,16.5,0,1521.9,2,3,10,4,0.3418,0
SEG-0146,2025-11-01,9.46,763.3,4,0.5119,37701.0,0.154,31.7,5.9,35.0,19.2,0,2692.0,3,0,11,1,0.2457,0
SEG-0147,2025-11-01,12.78,1264.3,1,0.4177,12840.0,0.28,41.0,4.9,28.6,19.2,0,1754.0,2,2,7,3,0.2923,0
SEG-0148,2025-11-01,4.14,548.7,2,0.7265,10253.0,0.299,46.7,26.9,64.7,18.5,1,759.9,0,0,5,4,0.1462,0
SEG-0149,2025-11-01,12.52,769.0,2,0.3652,10529.0,0.177,54.2,6.8,23.4,16.5,0,1015.2,3,2,5,7,0.2996,0
SEG-0150,2025-11-01,14.28,747.1,1,0.3211,24849.0,0.335,37.5,23.2,77.3,20.6,0,3924.1,2,1,11,8,0.3193,1
SEG-0151,2025-11-01,8.12,557.6,2,0.5822,24765.0,0.134,42.0,18.9,69.2,16.1,0,1059.9,2,1,6,3,0.2212,0
SEG-0152,2025-11-01,14.17,1389.9,4,0.3399,11594.0,0.339,48.7,7.8,35.5,20.8,0,2194.9,3,2,9,6,0.3171,1
SEG-0153,2025-11-01,15.29,1204.7,2,0.3074,3183.0,0.059,44.9,4.5,15.7,14.5,0,4214.1,5,1,6,5,0.3728,1
SEG-0154,2025-11-01,12.73,299.3,2,0.4116,21661.0,0.13,42.5,7.5,42.1,19.6,0,723.7,3,1,9,7,0.2971,0
SEG-0155,2025-11-01,2.39,1496.0,4,0.847,45614.0,0.233,18.0,17.1,70.5,15.1,0,569.4,1,0,6,0,0.0282,0
SEG-0156,2025-11-01,12.56,1336.9,2,0.3742,26499.0,0.042,42.5,6.5,31.6,13.9,0,1299.7,2,3,10,6,0.3835,0
SEG-0157,2025-11-01,8.75,533.3,4,0.6283,25364.0,0.031,45.6,10.4,24.5,22.5,0,2096.5,2,0,7,5,0.2144,1
SEG-0158,2025-11-01,4.7,1279.8,2,0.7544,6484.0,0.086,45.6,14.4,64.5,15.9,0,716.1,0,0,3,0,0.0921,0
SEG-0159,2025-11-01,4.8,293.7,2,0.6499,12306.0,0.192,50.4,8.9,55.9,19.8,0,894.9,0,1,2,3,0.1387,0
SEG-0160,2025-11-01,12.51,1498.8,2,0.3551,11935.0,0.294,48.2,9.4,32.3,20.8,0,3453.5,4,1,6,6,0.3826,1
SEG-0161,2025-11-01,3.96,1048.7,2,0.7778,38383.0,0.049,30.8,12.5,29.3,21.1,0,821.8,0,0,5,0,0.0787,0
SEG-0162,2025-11-01,5.99,1027.7,4,0.6833,44963.0,0.247,33.0,41.4,98.1,17.8,0,1266.7,0,1,4,2,0.1314,0
SEG-0163,2025-11-01,8.12,272.1,2,0.5835,46145.0,0.279,26.9,11.1,25.5,14.9,0,1259.0,1,2,8,5,0.2368,0
SEG-0164,2025-11-01,10.41,1361.0,1,0.4737,46422.0,0.094,24.7,19.8,44.5,21.7,0,2078.8,2,2,10,6,0.2551,1
SEG-0165,2025-11-01,5.75,189.1,2,0.6877,46348.0,0.117,31.9,1.9,11.0,23.1,0,1211.6,1,1,10,0,0.1695,0
SEG-0166,2025-11-01,2.64,475.1,4,0.7993,47968.0,0.332,30.0,33.2,78.8,23.5,0,671.5,1,1,8,3,0.0775,0
SEG-0167,2025-11-01,2.1,343.1,4,0.8932,4386.0,0.323,46.3,36.0,82.2,18.5,0,456.5,0,1,1,1,0.0556,0
SEG-0168,2025-11-01,4.35,1198.6,6,0.7279,7440.0,0.212,55.7,8.4,34.8,17.4,1,969.5,2,0,4,3,0.0939,0
SEG-0169,2025-11-01,4.45,417.6,2,0.8117,15642.0,0.316,51.1,11.0,48.9,12.9,0,799.5,1,0,4,2,0.1162,0
SEG-0170,2025-11-01,8.93,1379.4,2,0.5164,23183.0,0.039,39.7,28.1,104.4,17.9,0,1538.8,1,2,9,4,0.1995,1
SEG-0171,2025-11-01,14.69,1036.0,1,0.341,4542.0,0.158,45.5,10.6,29.7,19.1,0,2730.8,4,3,9,5,0.289,1
SEG-0172,2025-11-01,5.39,198.8,2,0.7544,40256.0,0.314,31.6,19.5,64.4,15.7,0,775.7,2,1,7,1,0.1025,0
SEG-0173,2025-11-01,10.19,157.3,6,0.4878,28405.0,0.089,41.4,16.0,98.4,14.1,0,494.7,1,1,16,7,0.2531,0
SEG-0174,2025-11-01,13.58,219.7,4,0.3176,23644.0,0.304,50.3,1.3,5.1,16.7,0,2699.0,3,1,7,6,0.3731,1
SEG-0175,2025-11-01,10.88,968.0,2,0.4098,7241.0,0.198,49.3,28.0,64.3,14.8,0,557.1,1,1,9,6,0.3265,0
SEG-0176,2025-11-01,15.77,1232.0,2,0.1937,10597.0,0.301,52.0,9.5,29.5,20.8,0,3278.3,5,3,14,6,0.4589,1
SEG-0177,2025-11-01,7.59,472.0,4,0.6942,7906.0,0.214,48.2,11.6,29.5,18.2,0,366.1,1,0,5,2,0.1853,0
SEG-0178,2025-11-01,6.09,1296.7,2,0.7157,34659.0,0.143,40.9,12.8,35.9,23.2,0,816.6,0,2,6,0,0.1924,0
SEG-0179,2025-11-01,14.94,227.3,1,0.3774,30254.0,0.083,38.5,12.2,29.4,16.7,0,2931.5,3,2,17,7,0.3554,1
SEG-0180,2025-11-01,9.87,1231.3,2,0.4485,38166.0,0.078,37.1,16.4,37.4,18.0,0,1691.0,2,2,19,7,0.2621,0
SEG-0181,2025-11-01,10.7,1402.5,1,0.4958,14708.0,0.313,44.1,34.5,100.4,15.5,0,1213.3,3,1,9,5,0.231,0
SEG-0182,2025-11-01,14.94,1192.3,2,0.2663,15563.0,0.073,45.3,12.0,40.5,21.9,0,1076.3,5,1,17,8,0.4276,1
SEG-0183,2025-11-01,14.95,1092.5,1,0.3165,19632.0,0.063,37.5,9.4,27.2,16.9,0,3931.6,3,1,5,7,0.3476,1
SEG-0184,2025-11-01,13.99,1281.3,2,0.2659,29398.0,0.091,36.7,43.3,127.7,19.4,1,3901.0,3,3,14,6,0.371,1
SEG-0185,2025-11-01,10.24,204.2,2,0.5292,38145.0,0.102,33.8,15.5,62.6,16.9,0,1315.4,1,0,11,1,0.2228,0
SEG-0186,2025-11-01,4.77,422.4,2,0.7348,11055.0,0.325,45.9,2.3,5.7,19.2,0,1106.1,1,0,3,0,0.1238,0
SEG-0187,2025-11-01,10.88,318.6,2,0.3986,43721.0,0.146,34.3,23.5,52.9,14.0,0,1255.8,3,3,11,7,0.2656,1
SEG-0188,2025-11-01,15.06,831.1,6,0.2137,5866.0,0.38,53.2,14.3,65.1,17.9,0,1320.3,4,2,10,12,0.4168,1
SEG-0189,2025-11-01,11.33,1156.0,4,0.4181,34532.0,0.086,35.4,2.9,9.3,17.3,0,1283.9,1,2,14,8,0.34,1
SEG-0190,2025-11-01,6.81,1000.5,2,0.6956,5461.0,0.266,47.7,18.3,44.3,19.2,0,1677.9,1,0,5,5,0.1284,0
SEG-0191,2025-11-01,12.53,1299.0,2,0.3884,13866.0,0.198,47.5,7.8,51.1,16.7,0,2097.7,4,1,15,8,0.2946,0
SEG-0192,2025-11-01,12.24,359.5,4,0.4168,35971.0,0.168,33.0,9.7,26.7,16.8,1,3414.6,2,3,10,8,0.3005,1
SEG-0193,2025-11-01,13.16,1141.7,2,0.4094,9862.0,0.349,49.7,14.5,62.0,24.9,0,1533.4,2,1,14,4,0.3603,1
SEG-0194,2025-11-01,4.12,410.6,2,0.6661,17889.0,0.351,37.4,1.1,6.1,18.6,0,415.9,1,1,9,1,0.1649,0
SEG-0195,2025-11-01,14.65,515.5,4,0.2387,20866.0,0.326,40.3,15.0,44.2,19.0,0,1835.7,2,3,21,11,0.4162,1
SEG-0196,2025-11-01,3.73,1108.4,2,0.8577,13090.0,0.093,50.9,2.1,12.8,24.3,1,1061.3,0,0,1,1,0.0435,0
SEG-0197,2025-11-01,2.65,1473.3,4,0.8114,31085.0,0.098,38.7,13.9,36.4,19.7,0,795.2,1,0,7,1,0.0262,0
SEG-0198,2025-11-01,13.35,975.6,2,0.2385,33883.0,0.287,34.9,28.0,71.1,20.9,0,959.8,2,2,20,8,0.39,1
SEG-0199,2025-11-01,4.71,223.6,2,0.7557,36446.0,0.143,29.8,11.0,30.4,14.4,0,473.7,0,0,8,3,0.0912,0
SEG-0200,2025-11-01,1.83,982.0,2,0.8512,15351.0,0.321,41.9,5.1,20.2,19.6,0,549.4,0,0,2,1,0.0525,0
SEG-0201,2025-11-01,9.83,207.2,2,0.3649,25219.0,0.221,50.5,14.4,54.0,23.0,0,2763.9,3,2,9,7,0.2951,1
SEG-0202,2025-11-01,7.76,1343.6,2,0.6092,10718.0,0.252,46.8,13.8,36.0,21.3,0,541.2,1,2,8,6,0.2034,0
SEG-0203,2025-11-01,9.54,1107.9,2,0.5736,11518.0,0.315,46.8,15.2,40.3,17.4,0,2214.8,3,2,8,6,0.2275,0
SEG-0204,2025-11-01,3.61,383.7,4,0.7959,7122.0,0.272,49.3,8.9,22.7,20.2,0,574.3,0,1,2,0,0.0727,0
SEG-0205,2025-11-01,6.91,273.8,2,0.663,44956.0,0.066,29.5,23.2,52.4,17.9,1,1477.4,0,1,15,6,0.2015,0
SEG-0206,2025-11-01,4.76,397.8,2,0.7707,45808.0,0.043,29.8,25.8,92.8,17.2,0,946.8,0,0,6,2,0.0911,0
SEG-0207,2025-11-01,14.78,1473.0,4,0.2384,33301.0,0.258,36.0,9.8,27.6,20.2,0,831.7,4,3,18,10,0.3791,1
SEG-0208,2025-11-01,6.93,769.1,4,0.5351,24674.0,0.174,40.3,31.4,92.4,18.9,0,380.4,1,0,2,4,0.207,0
SEG-0209,2025-11-01,11.47,1208.5,2,0.3322,20535.0,0.141,45.1,2.9,10.7,15.8,0,2539.4,2,3,14,5,0.3038,1
SEG-0210,2025-11-01,3.56,1009.2,2,0.8475,23912.0,0.185,37.6,5.6,19.4,17.7,0,512.9,1,1,6,1,0.0823,0
SEG-0211,2025-11-01,13.91,922.8,6,0.3161,22008.0,0.27,39.4,6.3,20.8,18.3,0,3907.5,4,1,15,7,0.3514,1
SEG-0212,2025-11-01,2.9,345.9,2,0.8861,19184.0,0.34,45.0,5.5,20.3,13.6,0,786.9,0,1,5,2,0.0045,0
SEG-0213,2025-11-01,6.69,1427.1,4,0.5973,6719.0,0.227,50.3,12.1,66.7,16.8,0,1625.2,1,0,9,6,0.1646,0
SEG-0214,2025-11-01,4.32,556.8,4,0.8099,6202.0,0.166,51.0,12.8,37.2,20.0,0,689.4,1,0,2,3,0.0869,0
SEG-0215,2025-11-01,6.67,930.3,4,0.6057,42935.0,0.125,27.3,8.3,20.3,18.2,0,783.4,1,1,17,4,0.1521,0
SEG-0216,2025-11-01,15.81,1094.7,2,0.1851,22388.0,0.259,43.4,7.9,24.8,19.2,0,785.4,4,3,10,6,0.3964,0
SEG-0217,2025-11-01,15.62,1026.5,2,0.2082,48964.0,0.139,30.9,9.2,28.0,18.7,0,1879.6,5,3,21,9,0.4641,1
SEG-0218,2025-11-01,8.79,1419.8,1,0.6074,7817.0,0.254,58.6,27.8,64.1,20.4,0,2227.9,3,1,7,2,0.2484,0
SEG-0219,2025-11-01,5.31,350.4,2,0.7337,29002.0,0.287,42.7,19.1,50.5,18.8,0,500.4,2,1,4,2,0.0826,0
SEG-0220,2025-11-01,10.87,836.3,6,0.4603,11235.0,0.098,49.0,18.0,40.3,17.5,0,2464.1,1,2,7,7,0.2743,1
SEG-0221,2025-11-01,15.29,695.4,2,0.3564,11192.0,0.047,51.2,36.1,113.3,21.3,0,4034.5,4,3,10,8,0.3824,1
SEG-0222,2025-11-01,12.97,790.1,2,0.425,2208.0,0.114,53.2,3.3,15.8,19.7,0,3011.5,4,2,12,8,0.3201,1
SEG-0223,2025-11-01,8.38,310.9,1,0.5875,6435.0,0.36,46.9,10.4,43.8,20.5,0,2308.9,2,0,6,1,0.2033,1
SEG-0224,2025-11-01,10.25,331.0,6,0.5077,35408.0,0.246,29.4,23.0,105.8,16.1,0,2393.4,1,2,9,5,0.2249,0
SEG-0225,2025-11-01,7.75,525.4,1,0.633,14438.0,0.136,46.9,1.2,6.5,21.5,0,2207.9,1,0,12,6,0.2142,0
SEG-0226,2025-11-01,11.55,561.4,1,0.3186,27557.0,0.38,33.6,20.1,48.4,22.3,0,1983.2,4,1,17,6,0.3162,1
SEG-0227,2025-11-01,8.02,727.7,2,0.6258,18738.0,0.196,48.5,3.4,9.4,18.8,0,1208.4,2,1,9,3,0.1993,0
SEG-0228,2025-11-01,11.87,974.8,1,0.3462,20152.0,0.148,49.6,17.1,111.6,22.7,0,1523.8,3,1,14,5,0.3433,1
SEG-0229,2025-11-01,15.41,1006.7,2,0.325,27653.0,0.369,37.5,34.9,90.9,17.3,0,3495.2,4,2,16,7,0.3372,1
SEG-0230,2025-11-01,13.6,705.9,2,0.3624,8022.0,0.038,48.7,21.1,83.8,18.4,0,801.6,2,1,11,7,0.3369,0
SEG-0231,2025-11-01,8.6,701.9,2,0.5393,40144.0,0.087,37.8,16.9,63.8,19.7,0,960.2,3,0,21,5,0.2531,1
SEG-0232,2025-11-01,15.27,443.8,1,0.2579,33634.0,0.246,34.7,9.7,35.4,20.1,0,3981.5,4,1,10,10,0.421,1
SEG-0233,2025-11-01,5.91,944.2,1,0.6461,30829.0,0.088,41.2,36.3,92.5,17.1,0,1606.9,2,0,7,0,0.1954,0
SEG-0234,2025-11-01,5.63,578.0,2,0.6941,20125.0,0.281,39.6,12.4,34.3,19.9,0,1469.5,2,0,5,3,0.1591,0
SEG-0235,2025-11-01,4.42,198.7,1,0.7912,8741.0,0.086,48.3,8.5,37.7,15.7,0,739.1,0,0,2,0,0.1192,0
SEG-0236,2025-11-01,15.05,714.8,2,0.2206,40443.0,0.049,26.8,30.9,78.5,22.4,0,3340.8,3,3,15,6,0.4173,1
SEG-0237,2025-11-01,9.18,790.1,2,0.5842,15306.0,0.091,52.7,7.8,25.1,20.3,0,2004.2,1,2,4,2,0.1588,1
SEG-0238,2025-11-01,14.02,454.6,2,0.332,3046.0,0.208,57.3,12.5,62.2,21.8,0,2065.4,2,1,11,6,0.3646,0
SEG-0239,2025-11-01,9.3,922.8,2,0.5384,16949.0,0.089,44.5,4.6,21.6,16.6,0,647.7,3,0,4,6,0.1989,1
SEG-0240,2025-11-01,12.98,913.8,2,0.3907,37688.0,0.093,33.6,15.9,49.4,19.2,0,1932.9,4,3,19,10,0.3232,0
SEG-0241,2025-11-01,14.58,1097.7,1,0.1368,27570.0,0.306,40.6,5.0,27.6,15.9,1,1359.4,2,3,16,10,0.4642,1
SEG-0242,2025-11-01,13.34,1024.7,1,0.3884,38671.0,0.163,38.7,8.8,35.7,23.2,0,2176.9,3,3,17,8,0.3178,1
SEG-0243,2025-11-01,4.3,1030.8,4,0.7386,32088.0,0.157,41.0,11.7,41.8,21.9,0,489.6,0,0,6,4,0.0925,0
SEG-0244,2025-11-01,2.66,576.9,1,0.8815,9791.0,0.074,51.6,16.3,50.3,22.4,0,481.5,0,1,2,0,0.0701,0
SEG-0245,2025-11-01,4.77,1213.0,2,0.7897,36693.0,0.148,29.6,9.5,24.5,25.2,0,506.3,2,0,9,0,0.0642,0
SEG-0246,2025-11-01,5.18,891.3,2,0.7426,18446.0,0.137,51.2,22.1,72.9,22.2,0,496.2,0,0,3,1,0.0838,0
SEG-0247,2025-11-01,10.13,732.4,2,0.444,30405.0,0.251,41.4,29.2,101.2,22.2,0,2800.5,3,1,10,3,0.3179,1
SEG-0248,2025-11-01,11.01,995.1,2,0.4214,1208.0,0.08,53.9,18.5,46.8,20.8,0,1926.0,3,3,7,3,0.2851,0
SEG-0249,2025-11-01,2.54,636.9,4,0.7676,42514.0,0.323,32.7,20.5,110.5,20.1,0,654.7,1,0,5,0,0.1473,0
SEG-0250,2025-11-01,6.23,842.2,4,0.6547,13970.0,0.377,52.1,17.3,53.7,20.1,0,1254.7,2,1,9,6,0.1845,0
SEG-0001,2025-11-16,3.27,1030.1,4,0.7075,11437.0,0.069,53.0,21.7,51.1,21.0,0,423.0,0,0,8,1,0.1712,0
SEG-0002,2025-11-16,8.81,1321.1,4,0.5221,17182.0,0.2,47.9,5.6,24.5,20.0,0,1112.7,2,2,9,5,0.2107,1
SEG-0003,2025-11-16,12.39,762.8,4,0.3482,13052.0,0.101,42.4,6.7,29.8,15.9,0,2661.1,4,3,9,6,0.3306,1
SEG-0004,2025-11-16,8.43,484.6,2,0.5418,22783.0,0.079,46.1,22.1,50.4,18.6,0,828.7,3,1,9,3,0.2145,1
SEG-0005,2025-11-16,5.71,469.5,2,0.7132,27176.0,0.262,39.6,12.1,49.8,20.3,0,1355.9,0,1,5,0,0.1743,0
SEG-0006,2025-11-16,8.02,1157.1,4,0.5213,10001.0,0.161,52.4,4.9,17.3,20.6,0,2059.1,1,0,3,4,0.283,1
SEG-0007,2025-11-16,5.92,1252.4,2,0.7372,15383.0,0.334,48.7,16.4,38.6,20.8,0,359.2,2,1,4,1,0.0883,0
SEG-0008,2025-11-16,3.75,292.1,4,0.8147,46151.0,0.14,18.9,7.0,21.9,16.2,1,416.0,1,0,4,1,0.0403,0
SEG-0009,2025-11-16,5.48,239.9,2,0.7531,3014.0,0.288,49.0,18.9,50.2,18.8,0,563.3,0,0,1,0,0.0853,0
SEG-0010,2025-11-16,11.65,952.5,1,0.4068,21876.0,0.191,41.3,6.2,17.8,14.7,0,1317.8,4,3,4,5,0.3022,0
SEG-0011,2025-11-16,11.2,347.3,1,0.423,35849.0,0.291,27.7,26.6,80.7,11.5,0,1891.4,1,3,13,8,0.3068,0
SEG-0012,2025-11-16,10.83,1263.3,4,0.4644,7927.0,0.225,44.0,3.8,21.0,18.2,0,704.7,2,2,7,8,0.2768,0
SEG-0013,2025-11-16,9.12,569.0,1,0.5291,2817.0,0.204,60.6,12.7,45.5,17.1,0,1827.1,3,1,7,5,0.2703,0
SEG-0014,2025-11-16,9.57,344.2,2,0.5064,6556.0,0.399,54.0,20.5,59.4,17.0,0,431.8,1,1,8,5,0.2095,0
SEG-0015,2025-11-16,15.46,1393.3,2,0.1706,38945.0,0.123,35.0,10.2,22.9,18.4,0,1457.3,4,1,19,8,0.4601,1
SEG-0016,2025-11-16,2.9,373.5,2,0.8265,1197.0,0.138,46.5,23.3,71.8,13.7,0,377.1,0,0,1,0,0.0415,0
SEG-0017,2025-11-16,2.56,534.4,2,0.8677,9799.0,0.267,48.2,23.5,65.6,17.3,0,750.4,0,0,6,1,0.068,0
SEG-0018,2025-11-16,14.71,357.4,4,0.2359,2163.0,0.317,56.3,7.2,31.2,17.8,1,3376.7,3,1,6,7,0.4217,1
SEG-0019,2025-11-16,9.98,305.9,1,0.4905,5501.0,0.059,53.4,25.5,85.0,19.7,0,1787.0,3,0,4,4,0.2431,0
SEG-0020,2025-11-16,10.38,178.5,4,0.3862,24070.0,0.158,37.9,19.1,88.1,13.8,0,2538.7,3,1,11,8,0.3111,1
SEG-0021,2025-11-16,4.94,224.8,4,0.6753,13132.0,0.353,49.7,14.5,50.0,21.4,0,831.2,0,0,3,0,0.1444,0
SEG-0022,2025-11-16,5.95,385.8,2,0.618,22741.0,0.334,45.8,5.0,28.1,21.0,0,667.6,0,1,12,4,0.1957,1
SEG-0023,2025-11-16,4.41,222.1,2,0.8003,24347.0,0.361,45.8,16.7,45.8,18.2,0,536.9,0,1,9,2,0.0965,0
SEG-0024,2025-11-16,7.02,948.0,2,0.676,38757.0,0.235,25.1,15.8,44.8,20.4,0,753.4,2,1,5,2,0.1402,0
SEG-0025,2025-11-16,2.96,1069.0,1,0.715,1083.0,0.268,55.1,6.8,30.9,19.3,0,780.9,0,0,1,0,0.1081,0
SEG-0026,2025-11-16,5.15,681.4,2,0.769,43217.0,0.158,23.9,11.1,41.4,17.7,0,794.1,2,0,13,2,0.1362,0
SEG-0027,2025-11-16,4.97,579.3,6,0.7835,27941.0,0.373,37.1,24.1,128.7,19.1,0,1409.2,1,0,7,5,0.1137,0
SEG-0028,2025-11-16,14.14,831.1,6,0.4671,9160.0,0.185,50.1,4.9,22.1,23.0,0,1948.7,3,2,15,6,0.2614,1
SEG-0029,2025-11-16,15.4,1331.3,4,0.2627,32399.0,0.287,32.0,3.0,6.8,20.4,0,1288.6,3,2,13,8,0.323,1
SEG-0030,2025-11-16,10.11,1299.0,2,0.4868,38776.0,0.187,34.4,9.5,34.8,15.5,0,858.4,1,1,17,2,0.2401,0
SEG-0031,2025-11-16,10.38,208.7,2,0.4637,13661.0,0.186,44.9,6.1,27.1,20.6,1,927.0,1,1,5,5,0.3148,0
SEG-0032,2025-11-16,15.26,395.0,4,0.2962,45165.0,0.278,35.6,10.5,31.2,21.4,0,1183.3,3,3,13,6,0.3961,1
SEG-0033,2025-11-16,5.3,469.6,2,0.7358,18458.0,0.181,48.2,9.9,26.7,15.2,0,1213.4,2,0,3,1,0.135,0
SEG-0034,2025-11-16,12.59,486.7,2,0.2901,29831.0,0.361,41.6,6.4,35.6,16.3,0,2338.0,2,2,14,9,0.3835,1
SEG-0035,2025-11-16,3.09,921.2,1,0.7802,43727.0,0.186,30.7,14.4,95.8,17.8,0,441.0,1,0,8,1,0.077,0
SEG-0036,2025-11-16,14.91,712.0,2,0.2445,17592.0,0.268,48.1,3.7,18.6,18.4,0,3218.9,5,1,14,12,0.3517,1
SEG-0037,2025-11-16,15.52,216.5,2,0.153,35115.0,0.184,32.4,27.9,76.1,15.3,0,1248.7,4,2,19,9,0.4675,1
SEG-0038,2025-11-16,8.8,654.4,2,0.5124,15752.0,0.23,43.2,19.2,45.0,17.9,0,1974.9,3,0,9,4,0.2964,1
SEG-0039,2025-11-16,6.87,857.1,2,0.6215,32121.0,0.167,37.4,4.8,19.5,20.2,1,1300.4,2,0,12,3,0.2107,0
SEG-0040,2025-11-16,7.1,287.3,4,0.7382,31366.0,0.1,35.0,2.5,9.9,17.4,0,1259.6,0,1,7,1,0.1508,0
SEG-0041,2025-11-16,7.81,1275.2,6,0.6027,11933.0,0.097,45.0,30.0,68.4,20.9,0,1198.5,0,1,5,5,0.2092,0
SEG-0042,2025-11-16,8.57,220.1,2,0.555,19275.0,0.317,42.9,4.9,23.1,10.8,1,1378.2,3,0,12,4,0.2243,0
SEG-0043,2025-11-16,2.25,1398.5,4,0.8442,14657.0,0.255,44.3,9.3,23.1,18.3,0,579.9,0,0,4,2,0.1142,0
SEG-0044,2025-11-16,3.82,283.8,6,0.7578,4950.0,0.292,52.9,4.2,12.0,17.6,0,363.3,1,0,6,4,0.1227,0
SEG-0045,2025-11-16,8.55,1288.8,1,0.5164,2037.0,0.02,54.0,6.6,23.8,16.9,0,2024.2,3,1,6,5,0.2759,1
SEG-0046,2025-11-16,4.84,1368.6,2,0.7509,13944.0,0.145,46.6,11.6,40.0,20.4,0,429.3,1,0,8,2,0.1297,0
SEG-0047,2025-11-16,7.51,1472.4,2,0.5738,1982.0,0.098,52.1,1.6,9.3,18.0,1,2099.4,2,1,6,4,0.2273,0
SEG-0048,2025-11-16,10.15,1232.7,1,0.5281,9140.0,0.326,43.2,6.8,15.9,22.2,0,1572.4,1,2,8,5,0.2288,0
SEG-0049,2025-11-16,11.71,1202.3,4,0.434,29698.0,0.345,40.7,21.1,55.4,18.7,0,1926.7,4,3,8,6,0.2472,0
SEG-0050,2025-11-16,15.51,1017.4,2,0.2055,33781.0,0.154,31.9,7.2,41.1,17.1,0,1640.4,4,3,8,6,0.3733,1
SEG-0051,2025-11-16,7.4,1201.6,2,0.6872,35994.0,0.27,28.7,12.8,38.0,19.1,1,870.9,2,1,7,4,0.1293,0
SEG-0052,2025-11-16,15.08,331.6,2,0.2083,16586.0,0.077,52.7,7.5,38.4,24.1,0,1430.1,5,2,12,12,0.4238,1
SEG-0053,2025-11-16,7.91,873.7,2,0.5342,38811.0,0.099,36.8,23.9,53.8,15.3,0,766.8,2,2,13,3,0.2557,0
SEG-0054,2025-11-16,3.03,844.2,4,0.8426,30861.0,0.098,34.5,6.6,42.7,16.4,0,866.6,0,0,4,0,0.0405,0
SEG-0055,2025-11-16,5.59,1307.7,1,0.6744,5901.0,0.134,50.1,9.7,51.2,17.9,0,1148.9,1,0,6,1,0.1887,0
SEG-0056,2025-11-16,5.58,774.8,2,0.6579,8090.0,0.267,46.1,1.3,4.5,15.1,0,753.8,2,0,8,4,0.1309,0
SEG-0057,2025-11-16,11.35,669.9,2,0.4081,28410.0,0.342,40.3,28.8,78.9,19.5,0,628.6,2,2,10,3,0.3049,1
SEG-0058,2025-11-16,5.98,1013.4,2,0.6591,7576.0,0.084,57.0,6.8,16.2,15.4,0,820.7,0,2,2,1,0.142,0
SEG-0059,2025-11-16,10.03,509.7,2,0.4955,22275.0,0.235,41.1,17.1,49.3,22.4,0,392.6,3,1,7,3,0.2537,0
SEG-0060,2025-11-16,4.48,338.7,2,0.7596,49771.0,0.241,25.8,2.3,11.8,19.4,0,1019.8,1,0,6,3,0.1518,0
SEG-0061,2025-11-16,14.24,795.1,1,0.2706,1061.0,0.367,53.9,16.9,48.7,21.0,0,602.0,4,1,7,5,0.3709,0
SEG-0062,2025-11-16,9.06,712.8,2,0.5887,1476.0,0.249,46.5,9.2,26.1,17.0,0,396.2,3,0,4,3,0.1891,0
SEG-0063,2025-11-16,15.49,464.0,4,0.2334,45131.0,0.138,31.5,12.1,61.8,17.9,0,1759.5,5,2,17,5,0.3661,1
SEG-0064,2025-11-16,14.32,646.1,2,0.2918,23546.0,0.293,40.4,16.5,53.8,19.0,0,2929.9,3,3,10,7,0.353,1
SEG-0065,2025-11-16,3.71,644.6,2,0.834,5933.0,0.099,53.2,13.8,42.7,18.3,0,629.0,0,0,3,3,0.094,0
SEG-0066,2025-11-16,11.62,592.1,2,0.4524,40069.0,0.365,28.7,3.5,14.0,21.6,0,1569.3,3,3,18,5,0.295,1
SEG-0067,2025-11-16,6.87,662.3,4,0.6117,34133.0,0.187,31.4,8.0,32.9,18.3,0,541.2,0,1,10,5,0.1906,0
SEG-0068,2025-11-16,8.34,1075.8,1,0.5184,25507.0,0.247,47.5,6.1,33.3,17.6,0,1788.9,1,2,6,4,0.3009,1
SEG-0069,2025-11-16,15.67,550.8,2,0.225,28371.0,0.098,33.4,22.9,60.7,17.4,0,2628.2,3,3,14,10,0.3532,1
SEG-0070,2025-11-16,14.51,1431.0,2,0.3257,11816.0,0.185,50.7,9.3,55.0,22.2,0,3848.0,3,1,7,6,0.3179,1
SEG-0071,2025-11-16,7.7,1387.1,2,0.7043,3186.0,0.333,48.0,6.7,39.8,15.1,0,596.2,2,0,6,0,0.1895,0
SEG-0072,2025-11-16,10.3,799.2,4,0.4535,23349.0,0.228,45.4,5.6,13.1,17.0,0,613.1,1,1,7,9,0.2526,0
SEG-0073,2025-11-16,12.14,593.3,2,0.4267,12581.0,0.202,46.3,7.0,21.8,20.0,0,1759.8,2,3,14,7,0.2898,1
SEG-0074,2025-11-16,3.33,872.8,4,0.7817,29774.0,0.317,31.1,2.8,10.0,17.7,0,789.7,0,0,7,3,0.1096,0
SEG-0075,2025-11-16,4.4,1295.6,4,0.7355,36285.0,0.335,33.4,5.1,31.7,19.3,2,743.5,2,0,10,4,0.158,0
SEG-0076,2025-11-16,15.6,1031.0,2,0.2463,1617.0,0.162,55.2,4.5,16.7,20.1,0,2703.9,4,2,13,8,0.3456,1
SEG-0077,2025-11-16,8.17,1235.9,4,0.4874,23343.0,0.216,44.9,6.5,22.4,22.1,0,716.3,1,1,20,3,0.2655,0
SEG-0078,2025-11-16,5.59,869.2,2,0.7233,10250.0,0.225,49.1,7.8,41.6,20.7,0,583.8,2,0,6,6,0.0821,0
SEG-0079,2025-11-16,14.56,1004.4,4,0.3066,36716.0,0.254,32.2,15.6,44.8,15.0,0,2157.7,3,1,15,6,0.3521,1
SEG-0080,2025-11-16,2.01,539.0,2,0.8286,11357.0,0.151,55.8,18.6,42.2,21.5,0,512.4,0,0,2,4,0.0298,0
SEG-0081,2025-11-16,9.54,1142.1,2,0.5525,28616.0,0.142,40.4,2.7,17.1,20.7,0,2036.4,3,2,7,5,0.1999,0
SEG-0082,2025-11-16,10.15,423.2,2,0.3804,25912.0,0.327,42.2,3.4,17.0,19.5,0,668.3,3,1,11,5,0.3272,1
SEG-0083,2025-11-16,14.67,1088.0,1,0.2996,15710.0,0.359,41.6,26.3,70.4,13.7,0,738.0,3,1,14,10,0.3746,1
SEG-0084,2025-11-16,5.34,1312.0,2,0.6633,27963.0,0.346,33.1,12.1,33.6,18.0,0,1137.0,1,0,14,7,0.1977,0
SEG-0085,2025-11-16,1.99,328.3,4,0.8441,33667.0,0.37,33.3,10.9,32.6,17.7,0,597.1,0,0,9,0,0.061,0
SEG-0086,2025-11-16,2.37,979.4,2,0.819,27465.0,0.3,32.6,10.4,25.3,17.9,0,541.0,1,0,8,2,0.0678,0
SEG-0087,2025-11-16,10.52,278.4,2,0.4502,32263.0,0.305,32.9,14.8,44.3,15.5,0,420.6,2,0,11,4,0.3029,0
SEG-0088,2025-11-16,14.75,1129.7,2,0.2467,40110.0,0.304,30.6,4.5,11.5,20.3,0,3535.1,2,3,14,8,0.3932,1
SEG-0089,2025-11-16,9.8,264.1,2,0.4445,16586.0,0.185,44.1,24.4,65.0,19.5,0,2645.8,3,2,11,7,0.3185,1
SEG-0090,2025-11-16,14.06,1413.5,1,0.308,21137.0,0.213,39.4,5.9,16.4,18.8,0,414.9,3,2,10,7,0.3619,1
SEG-0091,2025-11-16,2.42,335.5,4,0.8454,1419.0,0.116,51.0,4.2,10.7,14.5,0,681.7,0,0,1,0,0.0106,0
SEG-0092,2025-11-16,4.23,1444.5,2,0.8505,35933.0,0.266,44.7,2.9,9.1,19.3,0,718.8,0,1,8,1,0.061,0
SEG-0093,2025-11-16,5.21,1231.2,2,0.7189,20550.0,0.192,43.5,3.6,14.4,20.5,0,396.5,2,0,5,6,0.1113,0
SEG-0094,2025-11-16,9.94,951.5,2,0.5018,18537.0,0.105,47.9,5.7,29.8,18.2,0,1202.5,1,1,7,5,0.235,1
SEG-0095,2025-11-16,10.55,1206.5,1,0.5625,4961.0,0.247,54.7,20.2,61.4,19.4,0,1028.9,1,1,4,5,0.214,0
SEG-0096,2025-11-16,15.18,1223.4,2,0.2553,35064.0,0.171,35.7,12.7,48.5,17.4,0,1807.9,4,1,16,9,0.4497,0
SEG-0097,2025-11-16,5.59,1427.1,4,0.6719,18335.0,0.102,50.9,6.0,28.4,16.9,0,1153.5,2,0,7,4,0.1441,1
SEG-0098,2025-11-16,3.86,492.1,2,0.7731,33047.0,0.337,28.6,7.5,24.5,18.0,0,677.1,0,0,7,3,0.0448,0
SEG-0099,2025-11-16,9.11,946.6,6,0.5597,6549.0,0.35,58.9,9.3,24.8,17.0,0,2183.4,3,2,4,4,0.2174,0
SEG-0100,2025-11-16,12.74,278.3,2,0.356,37112.0,0.105,28.0,9.0,40.5,17.8,0,587.4,4,1,14,5,0.3072,0
SEG-0101,2025-11-16,7.68,981.8,2,0.5954,8132.0,0.036,55.6,9.3,61.0,17.9,0,1133.6,0,0,6,0,0.243,0
SEG-0102,2025-11-16,7.62,381.2,4,0.5366,10615.0,0.181,53.4,14.0,33.6,14.5,0,1709.8,2,1,5,2,0.2052,0
SEG-0103,2025-11-16,10.97,912.7,4,0.4405,39692.0,0.268,29.6,8.7,52.0,17.7,0,2043.8,2,1,15,4,0.2662,1
SEG-0104,2025-11-16,11.01,922.8,4,0.3976,37243.0,0.289,31.0,4.4,14.6,19.8,0,2507.1,1,3,13,8,0.2746,1
SEG-0105,2025-11-16,15.49,779.1,6,0.2894,10263.0,0.058,49.2,1.2,4.2,21.1,0,3586.3,5,2,13,8,0.3518,1
SEG-0106,2025-11-16,15.12,855.6,4,0.3128,22252.0,0.292,42.9,8.1,26.8,16.4,0,3594.9,5,2,12,9,0.3719,1
SEG-0107,2025-11-16,8.87,1181.3,4,0.439,35224.0,0.065,35.1,19.4,45.5,15.0,0,1209.7,1,1,11,4,0.3016,1
SEG-0108,2025-11-16,6.61,1229.0,1,0.5932,34390.0,0.169,36.1,9.0,25.1,17.0,0,401.0,1,1,8,1,0.198,0
SEG-0109,2025-11-16,9.16,814.4,4,0.5064,17803.0,0.384,43.6,13.0,38.8,17.9,0,1110.0,2,2,7,2,0.2167,0
SEG-0110,2025-11-16,3.24,959.5,2,0.6911,24169.0,0.102,44.6,2.7,16.2,16.3,0,875.2,1,0,4,3,0.1552,0
SEG-0111,2025-11-16,6.78,1407.2,2,0.5671,36814.0,0.112,41.2,18.7,42.6,15.9,0,1321.5,0,0,12,1,0.2386,0
SEG-0112,2025-11-16,7.22,311.6,2,0.5855,31275.0,0.184,35.0,16.8,45.0,16.2,0,1751.3,0,2,5,4,0.183,0
SEG-0113,2025-11-16,12.4,308.1,6,0.3356,38579.0,0.279,34.8,10.9,26.1,21.7,0,3424.9,4,3,17,6,0.3718,1
SEG-0114,2025-11-16,7.9,268.4,6,0.6055,25976.0,0.388,40.4,18.5,66.0,18.2,1,1398.6,3,0,9,3,0.2188,1
SEG-0115,2025-11-16,14.61,1038.1,2,0.3439,4997.0,0.358,51.0,2.8,17.4,15.5,0,3411.9,4,2,15,5,0.3657,1
SEG-0116,2025-11-16,5.83,715.1,4,0.6473,45443.0,0.069,31.5,15.4,57.3,15.6,0,498.7,2,0,6,1,0.1855,0
SEG-0117,2025-11-16,6.43,1195.3,4,0.6664,35497.0,0.098,36.4,14.5,32.6,19.0,0,1679.2,2,0,6,0,0.1621,0
SEG-0118,2025-11-16,12.99,1056.2,2,0.3212,37866.0,0.301,29.2,25.1,64.8,17.9,1,3435.8,2,3,16,4,0.334,1
SEG-0119,2025-11-16,9.11,600.4,1,0.4762,4585.0,0.132,50.7,9.1,43.1,16.4,0,2574.7,2,0,10,6,0.3066,0
SEG-0120,2025-11-16,3.71,1362.8,1,0.7461,8708.0,0.348,51.7,1.6,4.6,16.1,0,449.0,0,1,5,1,0.1374,0
SEG-0121,2025-11-16,9.89,1179.4,4,0.4922,29697.0,0.246,34.7,21.1,56.9,14.1,0,733.3,1,1,9,4,0.2705,0
SEG-0122,2025-11-16,7.23,515.2,2,0.6176,1923.0,0.077,57.3,15.2,67.5,13.4,0,1136.8,1,1,6,3,0.2198,0
SEG-0123,2025-11-16,11.47,641.7,6,0.453,50473.0,0.331,25.1,27.3,83.4,16.3,0,1586.6,3,1,9,7,0.2967,1
SEG-0124,2025-11-16,4.29,574.5,2,0.7513,15611.0,0.102,44.0,6.7,38.4,17.4,0,642.9,0,0,4,1,0.1138,0
SEG-0125,2025-11-16,9.49,362.8,6,0.4438,34598.0,0.194,44.3,8.5,21.0,18.2,0,1924.4,2,1,13,5,0.2382,1
SEG-0126,2025-11-16,15.47,349.5,2,0.17,42006.0,0.262,28.7,4.1,16.3,20.2,0,925.4,5,2,20,11,0.3671,1
SEG-0127,2025-11-16,6.19,1413.8,4,0.6513,19370.0,0.252,48.0,12.9,50.3,20.0,0,739.6,2,1,12,3,0.1798,0
SEG-0128,2025-11-16,6.32,741.2,1,0.6699,16765.0,0.268,52.9,9.8,35.6,17.8,0,373.0,0,1,5,1,0.1655,0
SEG-0129,2025-11-16,5.94,667.5,2,0.6703,28999.0,0.253,35.1,15.1,42.0,27.2,0,1590.1,0,0,8,6,0.214,0
SEG-0130,2025-11-16,5.58,1135.1,4,0.6727,25585.0,0.343,37.7,15.9,37.4,21.6,0,1220.8,1,0,7,5,0.1176,0
SEG-0131,2025-11-16,3.64,896.5,4,0.8203,18722.0,0.396,46.3,5.3,20.6,16.0,0,1083.1,0,0,4,1,0.112,0
SEG-0132,2025-11-16,14.24,1413.8,4,0.3669,26123.0,0.207,42.2,7.8,24.5,16.1,0,3740.4,4,2,9,8,0.2958,1
SEG-0133,2025-11-16,3.94,1203.4,1,0.6966,46561.0,0.09,31.0,20.6,64.4,24.2,0,768.3,0,0,9,4,0.156,0
SEG-0134,2025-11-16,9.73,797.1,2,0.4516,20090.0,0.316,42.6,13.4,55.6,20.2,0,2465.0,1,0,13,8,0.2858,1
SEG-0135,2025-11-16,14.67,658.1,1,0.339,8987.0,0.361,44.2,17.2,52.1,20.4,0,3033.5,2,1,7,8,0.317,1
SEG-0136,2025-11-16,4.31,1482.0,1,0.6773,20151.0,0.131,44.4,4.4,13.0,17.5,0,652.3,0,0,5,2,0.2022,0
SEG-0137,2025-11-16,3.38,1119.0,2,0.7778,16305.0,0.183,45.2,14.0,77.3,16.6,0,847.8,0,0,4,3,0.1418,0
SEG-0138,2025-11-16,15.5,1434.1,4,0.3692,6365.0,0.204,50.3,15.9,50.6,17.2,0,422.9,5,2,10,9,0.271,0
SEG-0139,2025-11-16,4.88,309.9,4,0.8296,7349.0,0.056,51.2,7.0,27.5,21.4,0,1194.9,0,0,5,3,0.0621,0
SEG-0140,2025-11-16,6.35,1298.2,4,0.7292,34508.0,0.267,34.4,4.1,10.9,24.7,0,724.2,2,2,6,5,0.0849,1
SEG-0141,2025-11-16,14.37,1010.0,4,0.3433,14047.0,0.158,48.5,7.5,18.4,20.7,1,2294.2,3,3,9,6,0.3257,0
SEG-0142,2025-11-16,12.39,314.6,4,0.4133,40802.0,0.309,30.2,4.3,22.1,22.1,0,1859.4,4,2,16,7,0.2438,1
SEG-0143,2025-11-16,10.55,944.1,1,0.4519,11712.0,0.31,53.2,10.6,27.8,15.9,0,1454.4,3,0,8,4,0.3181,1
SEG-0144,2025-11-16,12.16,1076.2,2,0.4655,4737.0,0.317,55.4,14.5,74.2,17.1,0,820.7,4,3,2,4,0.2748,1
SEG-0145,2025-11-16,13.85,166.6,2,0.3368,34560.0,0.172,33.9,5.9,35.9,18.5,0,1536.9,2,3,16,3,0.3664,1
SEG-0146,2025-11-16,9.5,763.3,4,0.56,39649.0,0.171,37.6,10.5,27.0,21.0,0,2707.0,3,0,12,1,0.2498,0
SEG-0147,2025-11-16,12.82,1264.3,1,0.3875,13824.0,0.276,52.2,11.1,28.9,13.7,0,1769.0,2,2,11,5,0.3319,1
SEG-0148,2025-11-16,4.18,548.7,2,0.7199,10292.0,0.321,49.8,10.2,25.8,16.7,0,774.9,0,0,5,4,0.1128,0
SEG-0149,2025-11-16,12.56,769.0,2,0.3871,9057.0,0.178,51.9,6.7,24.1,18.2,0,1030.2,3,2,7,8,0.3082,1
SEG-0150,2025-11-16,14.32,747.1,1,0.297,27070.0,0.319,39.1,14.2,36.2,16.3,0,3939.1,2,1,18,7,0.3263,1
SEG-0151,2025-11-16,8.16,557.6,2,0.603,23157.0,0.112,41.7,7.9,41.4,13.1,0,1074.9,2,1,9,3,0.1947,0
SEG-0152,2025-11-16,14.21,1389.9,4,0.4058,13125.0,0.323,43.6,4.6,18.8,18.1,0,2209.9,3,2,9,8,0.272,1
SEG-0153,2025-11-16,15.33,1204.7,2,0.2782,2917.0,0.059,48.4,3.8,17.5,20.8,0,4229.1,5,1,9,7,0.4045,1
SEG-0154,2025-11-16,12.77,299.3,2,0.3774,20722.0,0.088,45.1,8.1,26.8,18.3,0,738.7,3,1,12,6,0.3262,1
SEG-0155,2025-11-16,2.43,1496.0,4,0.9082,47394.0,0.229,34.0,6.2,17.0,17.9,0,584.4,1,0,7,0,0.014,0
SEG-0156,2025-11-16,12.6,1336.9,2,0.3433,32390.0,0.059,39.3,8.8,32.5,16.5,0,1314.7,2,3,10,5,0.3633,1
SEG-0157,2025-11-16,8.79,533.3,4,0.6589,22293.0,0.03,42.2,6.1,28.8,19.3,0,2111.5,2,0,8,7,0.2167,0
SEG-0158,2025-11-16,4.74,1279.8,2,0.7184,6203.0,0.033,54.7,10.7,28.2,16.8,0,731.1,0,0,3,2,0.0947,0
SEG-0159,2025-11-16,4.84,293.7,2,0.6657,11850.0,0.173,46.7,10.9,28.0,20.7,0,909.9,0,1,4,0,0.1569,0
SEG-0160,2025-11-16,12.55,1498.8,2,0.3377,15926.0,0.319,57.0,5.8,17.6,17.4,0,3468.5,4,1,12,5,0.3782,1
SEG-0161,2025-11-16,4.0,1048.7,2,0.806,35271.0,0.055,30.0,28.2,64.9,16.0,0,836.8,0,0,8,2,0.0896,0
SEG-0162,2025-11-16,6.03,1027.7,4,0.6846,35795.0,0.25,30.4,28.4,65.3,17.8,0,1281.7,0,1,11,3,0.1262,0
SEG-0163,2025-11-16,8.17,272.1,2,0.5871,44239.0,0.307,31.0,5.1,22.3,15.6,0,1274.0,1,2,13,6,0.1973,1
SEG-0164,2025-11-16,10.45,1361.0,1,0.505,50916.0,0.083,25.8,7.9,29.2,22.2,0,2093.8,2,2,7,5,0.2373,1
SEG-0165,2025-11-16,5.79,189.1,2,0.7018,43413.0,0.068,27.6,20.9,53.4,16.7,0,1226.6,1,1,8,1,0.1744,0
SEG-0166,2025-11-16,2.68,475.1,4,0.8205,47978.0,0.311,33.2,0.7,3.9,17.3,0,686.5,1,1,7,2,0.0854,0
SEG-0167,2025-11-16,2.14,343.1,4,0.8295,4222.0,0.323,54.4,15.0,43.6,18.0,0,471.5,0,1,1,0,0.0795,0
SEG-0168,2025-11-16,4.4,1198.6,6,0.711,7163.0,0.217,45.1,12.8,71.1,14.7,0,984.5,2,0,5,4,0.0834,0
SEG-0169,2025-11-16,4.49,417.6,2,0.8125,14960.0,0.35,46.0,16.3,47.3,19.8,1,814.5,1,0,3,3,0.1154,0
SEG-0170,2025-11-16,8.98,1379.4,2,0.5003,26677.0,0.09,41.4,13.8,75.5,19.4,0,1553.8,1,2,8,6,0.2268,0
SEG-0171,2025-11-16,14.73,1036.0,1,0.3082,5787.0,0.179,60.1,18.6,58.2,19.4,0,2745.8,4,3,7,5,0.3369,1
SEG-0172,2025-11-16,5.44,198.8,2,0.7539,40447.0,0.323,26.5,25.2,58.4,19.9,0,790.7,2,1,9,1,0.0944,0
SEG-0173,2025-11-16,10.23,157.3,6,0.4853,26000.0,0.11,42.1,9.1,24.2,15.0,0,509.7,1,1,12,9,0.2534,1
SEG-0174,2025-11-16,13.62,219.7,4,0.3476,23324.0,0.296,39.8,49.7,119.4,19.0,0,2714.0,3,1,10,8,0.3384,1
SEG-0175,2025-11-16,10.92,968.0,2,0.3917,7406.0,0.206,48.9,9.9,53.6,18.2,2,572.1,1,1,11,6,0.3277,0
SEG-0176,2025-11-16,15.82,1232.0,2,0.1431,12212.0,0.274,47.2,7.9,43.8,16.9,0,3293.3,5,3,19,8,0.4335,1
SEG-0177,2025-11-16,7.63,472.0,4,0.6557,8974.0,0.221,56.8,7.0,23.5,17.7,0,381.1,1,0,8,4,0.2145,1
SEG-0178,2025-11-16,6.13,1296.7,2,0.7198,41951.0,0.178,28.0,3.8,21.3,23.5,0,831.6,0,2,15,2,0.1783,0
SEG-0179,2025-11-16,14.98,227.3,1,0.3768,25848.0,0.073,39.8,11.6,42.1,17.0,0,2946.5,3,2,15,7,0.3367,1
SEG-0180,2025-11-16,9.91,1231.3,2,0.4844,31542.0,0.097,39.3,7.1,35.5,18.5,0,1706.0,2,2,11,5,0.2704,0
SEG-0181,2025-11-16,10.74,1402.5,1,0.5317,15651.0,0.299,43.0,1.7,5.0,18.5,0,1228.3,3,1,15,5,0.2336,1
SEG-0182,2025-11-16,14.98,1192.3,2,0.2274,17581.0,0.089,38.0,14.7,36.7,19.2,0,1091.3,5,1,13,7,0.4385,1
SEG-0183,2025-11-16,14.99,1092.5,1,0.3196,18116.0,0.094,46.2,13.7,72.4,16.6,0,3946.6,3,1,7,4,0.3687,1
SEG-0184,2025-11-16,14.03,1281.3,2,0.2574,30226.0,0.084,38.2,12.4,33.6,17.2,0,3916.0,3,3,16,8,0.3699,1
SEG-0185,2025-11-16,10.28,204.2,2,0.5466,30405.0,0.13,45.8,8.1,44.8,19.9,0,1330.4,1,0,6,2,0.2498,0
SEG-0186,2025-11-16,4.81,422.4,2,0.7671,10238.0,0.318,45.3,12.3,64.1,22.9,0,1121.1,1,0,3,3,0.1231,0
SEG-0187,2025-11-16,10.92,318.6,2,0.3871,42214.0,0.144,34.4,17.4,49.1,17.9,0,1270.8,3,3,16,7,0.2982,0
SEG-0188,2025-11-16,15.1,831.1,6,0.1875,5413.0,0.372,55.8,2.4,6.1,17.9,0,1335.3,4,2,10,11,0.4291,1
SEG-0189,2025-11-16,11.37,1156.0,4,0.4062,38033.0,0.109,33.6,10.9,41.2,19.6,0,1298.9,1,2,12,6,0.3406,1
SEG-0190,2025-11-16,6.85,1000.5,2,0.6416,4935.0,0.243,57.0,12.0,33.9,17.9,0,1692.9,1,0,14,7,0.1662,0
SEG-0191,2025-11-16,12.57,1299.0,2,0.3385,12328.0,0.221,53.3,18.5,91.3,17.4,0,2112.7,4,1,13,7,0.286,0
SEG-0192,2025-11-16,12.28,359.5,4,0.4198,33247.0,0.201,34.8,32.4,95.1,17.9,0,3429.6,2,3,12,8,0.3092,1
SEG-0193,2025-11-16,13.2,1141.7,2,0.3707,7710.0,0.35,54.6,5.8,26.7,20.0,0,1548.4,2,1,7,4,0.3767,1
SEG-0194,2025-11-16,4.17,410.6,2,0.6823,16617.0,0.371,43.5,67.5,192.0,20.8,0,430.9,1,1,4,0,0.1572,0
SEG-0195,2025-11-16,14.69,515.5,4,0.2327,19965.0,0.301,48.2,4.3,10.9,17.9,1,1850.7,2,3,14,10,0.3988,1
SEG-0196,2025-11-16,3.77,1108.4,2,0.8455,11563.0,0.104,45.6,21.0,88.4,10.8,1,1076.3,0,0,3,2,0.0308,0
SEG-0197,2025-11-16,2.69,1473.3,4,0.8097,32965.0,0.162,32.0,5.5,17.5,14.7,0,810.2,1,0,5,2,0.027,0
SEG-0198,2025-11-16,13.39,975.6,2,0.2358,39766.0,0.254,40.4,31.0,91.0,17.8,0,974.8,2,2,13,6,0.3775,1
SEG-0199,2025-11-16,4.75,223.6,2,0.7979,44877.0,0.134,28.5,11.5,50.7,16.7,0,488.7,0,0,8,2,0.0472,0
SEG-0200,2025-11-16,1.88,982.0,2,0.8382,14738.0,0.312,43.5,15.9,54.2,17.0,0,564.4,0,0,5,1,0.0324,0
SEG-0201,2025-11-16,9.87,207.2,2,0.3909,25698.0,0.211,43.1,10.6,68.0,18.0,0,2778.9,3,2,11,10,0.2861,0
SEG-0202,2025-11-16,7.8,1343.6,2,0.6519,13483.0,0.226,46.5,16.6,46.5,14.9,1,556.2,1,2,7,5,0.1798,0
SEG-0203,2025-11-16,9.58,1107.9,2,0.5493,11644.0,0.336,39.2,6.1,15.9,20.6,0,2229.8,3,2,8,3,0.2106,0
SEG-0204,2025-11-16,3.65,383.7,4,0.7901,6969.0,0.286,51.2,6.7,33.8,15.5,0,589.3,0,1,5,1,0.0989,0
SEG-0205,2025-11-16,6.95,273.8,2,0.5812,42745.0,0.077,34.6,26.4,87.0,17.7,0,1492.4,0,1,12,5,0.2245,0
SEG-0206,2025-11-16,4.8,397.8,2,0.7769,41428.0,0.032,35.3,6.1,20.6,23.1,0,961.8,0,0,9,0,0.1044,0
SEG-0207,2025-11-16,14.82,1473.0,4,0.2059,35465.0,0.227,34.1,19.1,102.1,21.4,0,846.7,4,3,11,9,0.3455,1
SEG-0208,2025-11-16,6.97,769.1,4,0.5471,24934.0,0.196,40.0,3.3,16.6,15.9,0,395.4,1,0,8,3,0.2386,0
SEG-0209,2025-11-16,11.52,1208.5,2,0.3591,19357.0,0.11,49.0,2.9,14.1,22.1,0,2554.4,2,3,15,3,0.2923,1
SEG-0210,2025-11-16,3.6,1009.2,2,0.8138,22649.0,0.175,40.9,8.4,20.4,21.9,0,527.9,1,1,2,0,0.0574,0
SEG-0211,2025-11-16,13.95,922.8,6,0.3604,24756.0,0.338,42.3,9.3,27.7,18.4,0,3922.5,4,1,8,6,0.3572,1
SEG-0212,2025-11-16,2.94,345.9,2,0.8531,23022.0,0.295,37.8,1.6,7.9,18.9,0,801.9,0,1,7,0,0.0422,0
SEG-0213,2025-11-16,6.74,1427.1,4,0.5766,6799.0,0.236,53.4,34.0,85.6,13.5,0,1640.2,1,0,9,4,0.1817,0
SEG-0214,2025-11-16,4.36,556.8,4,0.7951,5745.0,0.201,49.9,7.0,17.8,21.2,1,704.4,1,0,4,4,0.0862,1
SEG-0215,2025-11-16,6.71,930.3,4,0.6167,48189.0,0.132,30.7,6.3,33.2,19.5,0,798.4,1,1,14,7,0.135,0
SEG-0216,2025-11-16,15.85,1094.7,2,0.1439,18910.0,0.242,45.1,10.3,64.0,19.6,0,800.4,4,3,6,5,0.4145,1
SEG-0217,2025-11-16,15.66,1026.5,2,0.1501,46515.0,0.149,31.7,10.5,36.5,19.2,0,1894.6,5,3,21,8,0.4568,1
SEG-0218,2025-11-16,8.83,1419.8,1,0.5723,8658.0,0.236,50.7,14.8,56.1,21.6,0,2242.9,3,1,8,5,0.2513,0
SEG-0219,2025-11-16,5.35,350.4,2,0.71,28512.0,0.271,42.3,1.6,3.7,26.1,0,515.4,2,1,9,2,0.0912,0
SEG-0220,2025-11-16,10.91,836.3,6,0.4268,8882.0,0.093,46.5,3.2,7.8,18.0,0,2479.1,1,2,8,7,0.2844,0
SEG-0221,2025-11-16,15.33,695.4,2,0.369,13343.0,0.066,47.0,5.9,18.0,21.0,0,4049.5,4,3,10,8,0.3785,1
SEG-0222,2025-11-16,13.01,790.1,2,0.3739,2478.0,0.134,48.4,11.6,26.4,17.1,0,3026.5,4,2,13,8,0.3432,1
SEG-0223,2025-11-16,8.42,310.9,1,0.5868,6561.0,0.348,54.8,19.4,71.0,17.7,0,2323.9,2,0,3,4,0.1993,1
SEG-0224,2025-11-16,10.29,331.0,6,0.5023,46611.0,0.238,27.8,18.7,46.8,14.1,0,2408.4,1,2,14,4,0.2227,1
SEG-0225,2025-11-16,7.8,525.4,1,0.6284,15315.0,0.108,50.0,13.1,37.0,18.3,0,2222.9,1,0,13,4,0.2109,0
SEG-0226,2025-11-16,11.59,561.4,1,0.3556,31334.0,0.339,40.9,10.4,40.1,15.2,0,1998.2,4,1,10,4,0.3275,0
SEG-0227,2025-11-16,8.06,727.7,2,0.6409,24612.0,0.185,37.8,6.3,19.2,17.1,0,1223.4,2,1,9,3,0.2007,0
SEG-0228,2025-11-16,11.91,974.8,1,0.2952,20963.0,0.214,36.4,19.6,52.0,17.6,0,1538.8,3,1,15,4,0.3512,1
SEG-0229,2025-11-16,15.45,1006.7,2,0.3077,25335.0,0.387,39.4,4.7,25.4,17.1,0,3510.2,4,2,7,4,0.3475,1
SEG-0230,2025-11-16,13.64,705.9,2,0.3264,9572.0,0.03,49.0,7.5,39.6,17.1,0,816.6,2,1,7,9,0.3191,0
SEG-0231,2025-11-16,8.64,701.9,2,0.4984,41112.0,0.093,30.4,2.5,10.6,16.9,0,975.2,3,0,10,3,0.2562,0
SEG-0232,2025-11-16,15.31,443.8,1,0.2523,36417.0,0.272,36.8,12.7,31.7,17.5,0,3996.5,4,1,14,11,0.3851,1
SEG-0233,2025-11-16,5.95,944.2,1,0.6759,36855.0,0.099,33.2,16.8,39.0,19.7,0,1621.9,2,0,3,1,0.1636,0
SEG-0234,2025-11-16,5.67,578.0,2,0.6726,23723.0,0.273,46.3,6.8,44.0,18.9,0,1484.5,2,0,4,2,0.1413,0
SEG-0235,2025-11-16,4.46,198.7,1,0.7692,7082.0,0.123,50.4,8.6,34.3,17.3,1,754.1,0,0,3,1,0.1143,0
SEG-0236,2025-11-16,15.09,714.8,2,0.2124,37022.0,0.036,26.4,17.7,66.6,16.6,0,3355.8,3,3,14,6,0.4451,1
SEG-0237,2025-11-16,9.22,790.1,2,0.5892,15944.0,0.078,44.6,6.0,21.5,13.9,0,2019.2,1,2,5,5,0.1728,1
SEG-0238,2025-11-16,14.06,454.6,2,0.3089,2805.0,0.163,53.5,7.6,19.6,12.6,0,2080.4,2,1,7,5,0.3844,0
SEG-0239,2025-11-16,9.34,922.8,2,0.5185,14840.0,0.116,45.8,23.9,124.6,20.6,0,662.7,3,0,8,4,0.2392,0
SEG-0240,2025-11-16,13.02,913.8,2,0.4031,32556.0,0.105,32.0,10.2,22.8,17.4,0,1947.9,4,3,12,9,0.3318,0
SEG-0241,2025-11-16,14.62,1097.7,1,0.1449,29855.0,0.316,28.9,3.8,22.0,17.0,0,1374.4,2,3,24,12,0.473,0
SEG-0242,2025-11-16,13.38,1024.7,1,0.3316,34227.0,0.145,39.0,2.2,10.4,16.4,0,2191.9,3,3,9,9,0.3408,1
SEG-0243,2025-11-16,4.35,1030.8,4,0.7416,34781.0,0.181,40.6,9.6,55.9,18.2,1,504.6,0,0,11,4,0.1035,0
SEG-0244,2025-11-16,2.7,576.9,1,0.8319,10363.0,0.081,50.8,8.8,31.9,22.2,0,496.5,0,1,3,2,0.1083,0
SEG-0245,2025-11-16,4.81,1213.0,2,0.7732,41364.0,0.122,28.1,22.7,50.9,14.7,0,521.3,2,0,11,2,0.104,0
SEG-0246,2025-11-16,5.22,891.3,2,0.7476,18990.0,0.076,40.1,8.9,29.8,19.0,0,511.2,0,0,4,2,0.0671,0
SEG-0247,2025-11-16,10.17,732.4,2,0.4171,29436.0,0.267,27.4,6.2,14.5,19.9,0,2815.5,3,1,16,2,0.3277,0
SEG-0248,2025-11-16,11.05,995.1,2,0.3965,1089.0,0.101,58.6,2.7,6.7,16.2,0,1941.0,3,3,7,4,0.2978,1
SEG-0249,2025-11-16,2.58,636.9,4,0.7542,41330.0,0.367,36.6,3.9,20.1,18.8,0,669.7,1,0,13,2,0.1487,0
SEG-0250,2025-11-16,6.27,842.2,4,0.66,12631.0,0.319,47.4,6.6,15.0,17.3,0,1269.7,2,1,5,4,0.1405,0
SEG-0001,2025-12-01,3.31,1030.1,4,0.7405,13527.0,0.051,52.6,1.9,6.4,20.9,0,438.0,0,0,11,3,0.1622,0
SEG-0002,2025-12-01,8.85,1321.1,4,0.5221,13778.0,0.203,47.6,3.2,12.6,15.3,0,1127.7,2,2,9,7,0.1832,0
SEG-0003,2025-12-01,12.44,762.8,4,0.3742,12907.0,0.088,45.6,14.5,38.8,16.3,0,2676.1,4,3,8,7,0.3413,1
SEG-0004,2025-12-01,8.47,484.6,2,0.5687,23620.0,0.108,43.0,4.8,23.9,18.6,0,843.7,3,1,8,2,0.208,1
SEG-0005,2025-12-01,5.75,469.5,2,0.7268,34588.0,0.282,43.0,16.3,68.2,16.0,0,1370.9,0,1,5,0,0.1295,1
SEG-0006,2025-12-01,8.06,1157.1,4,0.5419,11813.0,0.178,44.4,12.9,40.8,17.8,1,2074.1,1,0,10,5,0.2891,1
SEG-0007,2025-12-01,5.96,1252.4,2,0.7379,14807.0,0.366,43.8,19.6,60.5,19.2,0,374.2,2,1,2,0,0.0814,0
SEG-0008,2025-12-01,3.79,292.1,4,0.7711,40869.0,0.157,25.1,1.6,6.5,13.9,1,431.0,1,0,5,1,0.0392,0
SEG-0009,2025-12-01,5.52,239.9,2,0.754,2832.0,0.283,53.3,7.6,32.3,15.0,0,578.3,0,0,3,2,0.0718,0
SEG-0010,2025-12-01,11.69,952.5,1,0.4133,22174.0,0.206,44.0,9.1,31.6,17.0,0,1332.8,4,3,7,6,0.2888,1
SEG-0011,2025-12-01,11.24,347.3,1,0.401,30729.0,0.256,42.0,8.4,22.4,18.1,0,1906.4,1,3,19,8,0.3264,1
SEG-0012,2025-12-01,10.87,1263.3,4,0.4415,6605.0,0.242,47.7,0.6,1.3,17.3,0,719.7,2,2,12,8,0.2968,0
SEG-0013,2025-12-01,9.16,569.0,1,0.5184,2767.0,0.232,59.0,1.7,7.2,17.8,0,1842.1,3,1,8,4,0.2461,0
SEG-0014,2025-12-01,9.61,344.2,2,0.5176,6246.0,0.355,51.7,1.4,6.1,19.6,0,446.8,1,1,7,3,0.2356,0
SEG-0015,2025-12-01,15.5,1393.3,2,0.2004,44953.0,0.176,33.7,14.4,52.6,16.8,0,1472.3,4,1,18,7,0.4145,1
SEG-0016,2025-12-01,2.94,373.5,2,0.8173,1470.0,0.077,56.1,9.4,54.4,17.1,0,392.1,0,0,3,2,0.0359,0
SEG-0017,2025-12-01,2.6,534.4,2,0.8578,10449.0,0.265,48.8,3.2,20.6,14.3,0,765.4,0,0,3,4,0.0514,0
SEG-0018,2025-12-01,14.75,357.4,4,0.2178,2708.0,0.297,45.4,4.8,12.8,21.5,0,3391.7,3,1,12,7,0.4035,1
SEG-0019,2025-12-01,10.03,305.9,1,0.4579,5844.0,0.07,49.6,3.1,20.6,21.4,0,1802.0,3,0,6,5,0.2096,0
SEG-0020,2025-12-01,10.42,178.5,4,0.4135,30125.0,0.189,31.4,13.8,41.8,16.6,0,2553.7,3,1,18,9,0.2821,1
SEG-0021,2025-12-01,4.98,224.8,4,0.7117,11057.0,0.345,44.9,7.7,27.9,19.7,0,846.2,0,0,3,0,0.122,0
SEG-0022,2025-12-01,5.99,385.8,2,0.595,22223.0,0.317,43.7,12.8,39.4,17.6,0,682.6,0,1,4,7,0.1614,0
SEG-0023,2025-12-01,4.45,222.1,2,0.7569,28132.0,0.388,42.3,27.8,61.8,21.0,0,551.9,0,1,8,3,0.1341,0
SEG-0024,2025-12-01,7.06,948.0,2,0.6949,38254.0,0.195,34.2,7.5,21.1,20.5,0,768.4,2,1,8,1,0.139,0
SEG-0025,2025-12-01,3.0,1069.0,1,0.7634,1263.0,0.253,52.0,3.4,8.2,19.5,0,795.9,0,0,4,0,0.1323,0
SEG-0026,2025-12-01,5.19,681.4,2,0.7096,35157.0,0.167,37.9,3.5,10.0,16.8,0,809.1,2,0,8,2,0.1322,0
SEG-0027,2025-12-01,5.02,579.3,6,0.7535,29222.0,0.349,40.3,1.7,4.7,17.5,0,1424.2,1,0,13,4,0.1109,0
SEG-0028,2025-12-01,14.18,831.1,6,0.4265,8760.0,0.162,51.7,9.3,33.4,20.2,0,1963.7,3,2,10,7,0.2638,0
SEG-0029,2025-12-01,15.44,1331.3,4,0.2313,39762.0,0.308,30.1,19.0,91.1,20.2,0,1303.6,3,2,19,10,0.3334,1
SEG-0030,2025-12-01,10.15,1299.0,2,0.441,40090.0,0.194,32.7,3.9,25.1,18.4,0,873.4,1,1,6,4,0.2613,0
SEG-0031,2025-12-01,10.42,208.7,2,0.4211,10640.0,0.264,41.4,4.7,28.4,15.4,0,942.0,1,1,6,6,0.3251,0
SEG-0032,2025-12-01,15.3,395.0,4,0.3073,47390.0,0.283,32.9,3.6,12.3,18.1,0,1198.3,3,3,16,6,0.3767,1
SEG-0033,2025-12-01,5.34,469.6,2,0.7218,22774.0,0.177,37.0,11.3,43.7,18.7,0,1228.4,2,0,14,4,0.1594,0
SEG-0034,2025-12-01,12.63,486.7,2,0.2648,30632.0,0.316,37.2,4.1,9.8,15.2,0,2353.0,2,2,21,7,0.3797,1
SEG-0035,2025-12-01,3.13,921.2,1,0.7457,41341.0,0.214,33.9,12.4,29.4,17.4,0,456.0,1,0,11,1,0.0803,0
SEG-0036,2025-12-01,14.95,712.0,2,0.2458,14531.0,0.261,47.1,3.3,12.7,17.6,0,3233.9,5,1,11,11,0.3382,1
SEG-0037,2025-12-01,15.56,216.5,2,0.1334,42070.0,0.164,28.2,23.0,75.8,19.4,0,1263.7,4,2,16,9,0.4611,1
SEG-0038,2025-12-01,8.85,654.4,2,0.4917,14251.0,0.173,41.6,5.6,36.0,14.8,0,1989.9,3,0,10,6,0.2751,0
SEG-0039,2025-12-01,6.91,857.1,2,0.6075,34682.0,0.21,35.4,9.1,22.5,20.5,0,1315.4,2,0,10,2,0.2273,0
SEG-0040,2025-12-01,7.15,287.3,4,0.7118,25632.0,0.11,41.0,6.1,21.8,18.1,0,1274.6,0,1,6,3,0.1215,0
SEG-0041,2025-12-01,7.85,1275.2,6,0.5756,9158.0,0.107,49.4,10.4,68.3,18.6,0,1213.5,0,1,9,3,0.1974,0
SEG-0042,2025-12-01,8.61,220.1,2,0.5168,18066.0,0.242,43.3,11.6,27.3,18.5,0,1393.2,3,0,15,5,0.2733,0
SEG-0043,2025-12-01,2.29,1398.5,4,0.8281,13101.0,0.305,51.5,3.8,13.8,19.3,0,594.9,0,0,4,1,0.112,0
SEG-0044,2025-12-01,3.86,283.8,6,0.7224,4632.0,0.244,53.4,2.7,11.7,17.6,0,378.3,1,0,5,3,0.1569,0
SEG-0045,2025-12-01,8.59,1288.8,1,0.5517,2128.0,0.047,47.7,11.5,47.8,14.6,0,2039.2,3,1,9,6,0.2775,0
SEG-0046,2025-12-01,4.88,1368.6,2,0.7493,18029.0,0.156,49.9,8.2,23.9,15.3,0,444.3,1,0,2,1,0.1297,0
SEG-0047,2025-12-01,7.55,1472.4,2,0.5489,1607.0,0.124,52.4,7.9,26.0,17.6,0,2114.4,2,1,4,2,0.2462,0
SEG-0048,2025-12-01,10.2,1232.7,1,0.5347,7700.0,0.307,52.2,9.7,26.5,22.0,0,1587.4,1,2,6,8,0.2266,0
SEG-0049,2025-12-01,11.75,1202.3,4,0.4407,33003.0,0.306,46.5,14.1,61.5,15.9,0,1941.7,4,3,14,8,0.2493,1
SEG-0050,2025-12-01,15.55,1017.4,2,0.1943,34575.0,0.147,32.3,16.6,53.6,18.1,0,1655.4,4,3,12,6,0.4088,1
SEG-0051,2025-12-01,7.44,1201.6,2,0.6569,28543.0,0.258,43.5,2.2,12.6,15.1,0,885.9,2,1,3,5,0.1697,1
SEG-0052,2025-12-01,15.13,331.6,2,0.2186,16987.0,0.094,39.6,4.2,26.8,17.2,0,1445.1,5,2,6,12,0.3832,1
SEG-0053,2025-12-01,7.95,873.7,2,0.5555,44308.0,0.155,22.6,6.1,38.6,17.5,0,781.8,2,2,13,4,0.2511,0
SEG-0054,2025-12-01,3.07,844.2,4,0.8561,28859.0,0.116,34.5,11.6,42.8,23.1,0,881.6,0,0,4,2,0.0509,0
SEG-0055,2025-12-01,5.63,1307.7,1,0.6829,7088.0,0.14,49.3,2.0,6.5,19.9,0,1163.9,1,0,9,2,0.1598,0
SEG-0056,2025-12-01,5.62,774.8,2,0.6777,6786.0,0.289,51.0,8.8,23.7,22.6,0,768.8,2,0,2,6,0.1619,0
SEG-0057,2025-12-01,11.39,669.9,2,0.4249,27557.0,0.345,43.0,5.4,15.0,18.4,0,643.6,2,2,10,5,0.311,0
SEG-0058,2025-12-01,6.02,1013.4,2,0.6467,9713.0,0.123,53.3,13.0,40.1,19.8,0,835.7,0,2,7,0,0.151,0
SEG-0059,2025-12-01,10.07,509.7,2,0.5314,23015.0,0.226,36.0,1.5,7.4,18.3,0,407.6,3,1,7,4,0.2628,0
SEG-0060,2025-12-01,4.52,338.7,2,0.8145,46934.0,0.299,28.2,8.2,19.2,19.2,0,1034.8,1,0,11,1,0.1254,0
SEG-0061,2025-12-01,14.28,795.1,1,0.2865,1229.0,0.331,56.9,6.3,15.1,21.0,0,617.0,4,1,14,7,0.3799,1
SEG-0062,2025-12-01,9.1,712.8,2,0.5817,1673.0,0.258,63.6,3.9,18.9,14.3,0,411.2,3,0,4,2,0.2069,0
SEG-0063,2025-12-01,15.53,464.0,4,0.1961,42987.0,0.15,33.3,10.7,33.1,17.4,0,1774.5,5,2,12,5,0.3914,1
SEG-0064,2025-12-01,14.36,646.1,2,0.3158,29087.0,0.28,41.9,0.7,2.1,22.1,0,2944.9,3,3,13,7,0.362,1
SEG-0065,2025-12-01,3.75,644.6,2,0.8041,5975.0,0.182,52.4,6.8,25.3,20.3,0,644.0,0,0,3,5,0.095,0
SEG-0066,2025-12-01,11.67,592.1,2,0.4925,35674.0,0.362,32.5,1.9,9.4,22.5,0,1584.3,3,3,11,5,0.3169,1
SEG-0067,2025-12-01,6.91,662.3,4,0.6314,35146.0,0.172,38.9,18.7,43.7,18.5,0,556.2,0,1,9,6,0.2141,0
SEG-0068,2025-12-01,8.38,1075.8,1,0.5008,21853.0,0.236,42.3,25.0,56.5,19.8,0,1803.9,1,2,12,5,0.2615,0
SEG-0069,2025-12-01,15.71,550.8,2,0.2175,31775.0,0.047,37.2,11.2,39.0,19.7,0,2643.2,3,3,12,10,0.3614,1
SEG-0070,2025-12-01,14.56,1431.0,2,0.3072,11699.0,0.177,51.3,9.9,27.0,20.0,0,3863.0,3,1,5,7,0.3361,1
SEG-0071,2025-12-01,7.74,1387.1,2,0.7242,3352.0,0.344,59.3,13.1,37.3,16.8,0,611.2,2,0,4,1,0.1638,0
SEG-0072,2025-12-01,10.34,799.2,4,0.496,28277.0,0.25,36.2,8.9,27.3,17.6,0,628.1,1,1,16,9,0.2745,1
SEG-0073,2025-12-01,12.18,593.3,2,0.4275,12840.0,0.214,48.8,14.8,33.4,18.5,0,1774.8,2,3,14,7,0.263,1
SEG-0074,2025-12-01,3.38,872.8,4,0.7602,26273.0,0.38,41.2,6.4,23.9,17.2,0,804.7,0,0,8,4,0.1139,1
SEG-0075,2025-12-01,4.44,1295.6,4,0.7138,32388.0,0.331,32.6,10.1,23.4,15.4,0,758.5,2,0,11,4,0.1692,0
SEG-0076,2025-12-01,15.64,1031.0,2,0.1907,1729.0,0.111,52.5,1.2,5.1,16.9,0,2718.9,4,2,15,8,0.3739,1
SEG-0077,2025-12-01,8.21,1235.9,4,0.5051,31265.0,0.229,34.7,6.5,19.2,16.4,0,731.3,1,1,10,5,0.2797,0
SEG-0078,2025-12-01,5.64,869.2,2,0.7172,12772.0,0.2,46.9,3.5,20.9,18.9,0,598.8,2,0,6,6,0.1171,0
SEG-0079,2025-12-01,14.6,1004.4,4,0.2699,36166.0,0.257,33.1,4.8,15.5,18.8,0,2172.7,3,1,10,5,0.3774,1
SEG-0080,2025-12-01,2.05,539.0,2,0.8366,12127.0,0.136,43.6,2.9,7.4,19.4,0,527.4,0,0,6,2,0.0668,0
SEG-0081,2025-12-01,9.58,1142.1,2,0.5729,31053.0,0.113,43.6,4.7,13.7,15.9,0,2051.4,3,2,5,4,0.1667,0
SEG-0082,2025-12-01,10.19,423.2,2,0.3401,25440.0,0.362,42.2,12.2,31.7,14.5,0,683.3,3,1,10,8,0.318,0
SEG-0083,2025-12-01,14.71,1088.0,1,0.26,17914.0,0.376,39.5,14.3,40.0,20.4,0,753.0,3,1,19,11,0.3894,1
SEG-0084,2025-12-01,5.38,1312.0,2,0.6292,33587.0,0.312,36.5,1.1,6.2,16.5,0,1152.0,1,0,12,5,0.233,0
SEG-0085,2025-12-01,2.03,328.3,4,0.8923,31168.0,0.348,29.9,0.2,1.1,15.2,0,612.1,0,0,6,0,0.0587,0
SEG-0086,2025-12-01,2.41,979.4,2,0.8538,26220.0,0.319,35.5,5.9,34.5,14.2,0,556.0,1,0,3,0,0.037,0
SEG-0087,2025-12-01,10.56,278.4,2,0.4195,38954.0,0.31,33.1,4.5,18.1,16.8,0,435.6,2,0,12,3,0.2876,0
SEG-0088,2025-12-01,14.8,1129.7,2,0.294,41580.0,0.315,26.5,17.6,46.1,20.5,0,3550.1,2,3,21,8,0.4078,1
SEG-0089,2025-12-01,9.85,264.1,2,0.4573,21518.0,0.213,47.5,2.6,15.7,20.4,0,2660.8,3,2,14,6,0.286,1
SEG-0090,2025-12-01,14.1,1413.5,1,0.2748,25232.0,0.207,40.2,7.9,27.2,17.0,0,429.9,3,2,14,6,0.3712,1
SEG-0091,2025-12-01,2.46,335.5,4,0.8282,1709.0,0.116,57.5,3.0,15.4,17.2,0,696.7,0,0,0,0,0.0198,0
SEG-0092,2025-12-01,4.27,1444.5,2,0.8561,32001.0,0.246,39.5,6.6,38.3,17.0,0,733.8,0,1,4,0,0.0501,0
SEG-0093,2025-12-01,5.25,1231.2,2,0.6852,22539.0,0.162,41.0,4.9,11.4,20.2,0,411.5,2,0,6,4,0.1241,1
SEG-0094,2025-12-01,9.98,951.5,2,0.5222,21671.0,0.153,49.4,5.5,20.4,17.8,0,1217.5,1,1,5,3,0.2316,0
SEG-0095,2025-12-01,10.59,1206.5,1,0.5649,4680.0,0.237,50.5,8.5,24.2,18.8,1,1043.9,1,1,12,7,0.2156,1
SEG-0096,2025-12-01,15.22,1223.4,2,0.2321,39599.0,0.164,29.7,7.6,17.2,21.6,1,1822.9,4,1,19,6,0.4457,1
SEG-0097,2025-12-01,5.63,1427.1,4,0.6652,15680.0,0.091,39.3,10.2,36.9,14.3,0,1168.5,2,0,4,1,0.1462,1
SEG-0098,2025-12-01,3.9,492.1,2,0.7705,35295.0,0.285,36.3,10.0,23.7,15.4,0,692.1,0,0,7,3,0.0702,0
SEG-0099,2025-12-01,9.15,946.6,6,0.5466,6823.0,0.335,50.0,7.4,29.2,17.4,1,2198.4,3,2,5,3,0.2044,1
SEG-0100,2025-12-01,12.78,278.3,2,0.3435,44185.0,0.123,28.6,18.3,42.6,15.8,0,602.4,4,1,13,7,0.304,1
SEG-0101,2025-12-01,7.72,981.8,2,0.6082,8498.0,0.051,58.5,3.8,12.4,18.3,0,1148.6,0,0,3,0,0.2107,0
SEG-0102,2025-12-01,7.66,381.2,4,0.5642,10178.0,0.132,53.0,2.9,17.9,21.1,0,1724.8,2,1,5,4,0.1687,0
SEG-0103,2025-12-01,11.01,912.7,4,0.4367,36950.0,0.286,39.7,8.0,24.5,16.9,0,2058.8,2,1,9,4,0.2728,1
SEG-0104,2025-12-01,11.05,922.8,4,0.3729,47155.0,0.353,29.5,3.0,10.1,19.9,0,2522.1,1,3,11,6,0.2838,0
SEG-0105,2025-12-01,15.53,779.1,6,0.264,10471.0,0.064,46.4,0.6,2.9,15.4,0,3601.3,5,2,17,9,0.3565,1
SEG-0106,2025-12-01,15.16,855.6,4,0.2635,18522.0,0.303,43.1,12.6,39.1,20.5,0,3609.9,5,2,15,10,0.3538,1
SEG-0107,2025-12-01,8.91,1181.3,4,0.4361,33282.0,0.081,30.0,1.1,3.8,15.4,0,1224.7,1,1,6,7,0.3371,0
SEG-0108,2025-12-01,6.65,1229.0,1,0.6249,35823.0,0.156,43.1,12.1,35.6,20.4,0,416.0,1,1,11,4,0.225,1
SEG-0109,2025-12-01,9.2,814.4,4,0.5281,19664.0,0.369,51.0,7.8,32.3,19.1,0,1125.0,2,2,8,3,0.1934,0
SEG-0110,2025-12-01,3.28,959.5,2,0.6876,25970.0,0.116,38.1,11.7,29.5,15.6,0,890.2,1,0,6,0,0.1759,0
SEG-0111,2025-12-01,6.82,1407.2,2,0.5988,36135.0,0.088,37.8,1.7,9.8,14.9,0,1336.5,0,0,8,0,0.2542,0
SEG-0112,2025-12-01,7.26,311.6,2,0.624,28246.0,0.199,43.2,4.2,21.3,19.3,0,1766.3,0,2,11,7,0.1979,0
SEG-0113,2025-12-01,12.44,308.1,6,0.3246,37881.0,0.271,33.2,17.4,41.4,13.5,0,3439.9,4,3,17,5,0.3604,1
SEG-0114,2025-12-01,7.94,268.4,6,0.5861,27698.0,0.324,46.5,7.4,19.9,18.6,0,1413.6,3,0,9,1,0.231,1
SEG-0115,2025-12-01,14.65,1038.1,2,0.3278,5977.0,0.376,57.8,3.5,10.2,11.2,0,3426.9,4,2,12,5,0.3677,1
SEG-0116,2025-12-01,5.87,715.1,4,0.6505,36435.0,0.075,33.9,9.0,21.6,14.5,0,513.7,2,0,8,0,0.2066,0
SEG-0117,2025-12-01,6.47,1195.3,4,0.6482,34752.0,0.105,35.9,8.4,19.1,18.7,0,1694.2,2,0,9,1,0.1638,0
SEG-0118,2025-12-01,13.03,1056.2,2,0.3085,35101.0,0.343,36.2,10.6,28.9,18.0,0,3450.8,2,3,16,5,0.3725,1
SEG-0119,2025-12-01,9.15,600.4,1,0.483,5552.0,0.117,45.2,6.7,32.3,18.8,0,2589.7,2,0,7,7,0.2838,0
SEG-0120,2025-12-01,3.75,1362.8,1,0.7636,9535.0,0.313,54.9,6.1,19.1,16.8,1,464.0,0,1,4,2,0.1051,0
SEG-0121,2025-12-01,9.93,1179.4,4,0.4958,37505.0,0.268,30.5,12.3,28.9,18.6,0,748.3,1,1,3,7,0.2539,0
SEG-0122,2025-12-01,7.28,515.2,2,0.5917,1817.0,0.079,54.2,2.2,11.8,17.1,0,1151.8,1,1,7,5,0.1852,0
SEG-0123,2025-12-01,11.51,641.7,6,0.4582,39116.0,0.355,35.5,16.8,37.5,17.6,0,1601.6,3,1,9,7,0.2631,0
SEG-0124,2025-12-01,4.33,574.5,2,0.7543,16846.0,0.108,41.4,3.3,13.0,15.1,0,657.9,0,0,7,2,0.0993,0
SEG-0125,2025-12-01,9.53,362.8,6,0.4477,29010.0,0.178,34.5,11.8,62.0,16.8,0,1939.4,2,1,4,4,0.2456,1
SEG-0126,2025-12-01,15.51,349.5,2,0.2006,42583.0,0.221,33.8,12.9,29.4,19.1,1,940.4,5,2,11,11,0.4045,1
SEG-0127,2025-12-01,6.23,1413.8,4,0.6754,16827.0,0.187,47.1,6.4,14.4,17.2,0,754.6,2,1,6,3,0.1751,0
SEG-0128,2025-12-01,6.36,741.2,1,0.7062,16951.0,0.289,44.0,15.6,43.5,20.4,0,388.0,0,1,9,3,0.1185,0
SEG-0129,2025-12-01,5.98,667.5,2,0.6785,25880.0,0.284,44.1,2.8,8.7,15.6,0,1605.1,0,0,8,3,0.1794,0
SEG-0130,2025-12-01,5.62,1135.1,4,0.6879,25486.0,0.367,41.7,3.1,18.0,16.9,0,1235.8,1,0,6,3,0.1018,0
SEG-0131,2025-12-01,3.68,896.5,4,0.8036,20951.0,0.377,49.4,12.8,34.7,15.7,0,1098.1,0,0,4,0,0.0726,0
SEG-0132,2025-12-01,14.28,1413.8,4,0.3748,25849.0,0.221,37.4,3.5,8.7,17.6,0,3755.4,4,2,11,8,0.296,1
SEG-0133,2025-12-01,3.98,1203.4,1,0.7143,45996.0,0.07,28.6,14.9,52.3,15.6,0,783.3,0,0,10,3,0.1383,0
SEG-0134,2025-12-01,9.77,797.1,2,0.4072,21010.0,0.27,38.6,2.3,14.9,17.3,0,2480.0,1,0,8,7,0.3028,1
SEG-0135,2025-12-01,14.71,658.1,1,0.303,10325.0,0.345,47.1,2.1,10.7,19.5,0,3048.5,2,1,17,8,0.2922,1
SEG-0136,2025-12-01,4.35,1482.0,1,0.7201,20230.0,0.156,44.9,15.5,39.8,22.4,0,667.3,0,0,8,0,0.1539,0
SEG-0137,2025-12-01,3.42,1119.0,2,0.7371,17489.0,0.192,49.5,17.8,62.9,16.4,0,862.8,0,0,4,2,0.1394,0
SEG-0138,2025-12-01,15.54,1434.1,4,0.3785,7149.0,0.214,56.8,7.2,23.4,16.1,0,437.9,5,2,14,6,0.3003,1
SEG-0139,2025-12-01,4.92,309.9,4,0.8163,7346.0,0.078,48.3,22.2,72.0,18.5,0,1209.9,0,0,1,1,0.0637,0
SEG-0140,2025-12-01,6.39,1298.2,4,0.7429,28856.0,0.24,41.4,9.9,51.3,16.9,0,739.2,2,2,8,4,0.1247,0
SEG-0141,2025-12-01,14.41,1010.0,4,0.3167,17717.0,0.205,49.1,17.8,60.2,16.2,0,2309.2,3,3,10,7,0.315,1
SEG-0142,2025-12-01,12.43,314.6,4,0.3989,45861.0,0.316,26.8,13.4,34.0,14.9,0,1874.4,4,2,16,6,0.2807,0
SEG-0143,2025-12-01,10.59,944.1,1,0.4551,12210.0,0.319,54.6,2.6,9.3,15.1,0,1469.4,3,0,6,6,0.3247,0
SEG-0144,2025-12-01,12.2,1076.2,2,0.4165,4592.0,0.344,57.2,6.4,17.8,20.8,0,835.7,4,3,8,3,0.3125,0
SEG-0145,2025-12-01,13.89,166.6,2,0.365,33332.0,0.184,29.0,24.4,67.9,17.6,0,1551.9,2,3,17,6,0.3667,1
SEG-0146,2025-12-01,9.54,763.3,4,0.5457,39161.0,0.153,30.3,7.7,21.6,17.0,0,2722.0,3,0,5,3,0.2568,0
SEG-0147,2025-12-01,12.86,1264.3,1,0.3505,14978.0,0.281,47.2,5.3,26.2,17.7,0,1784.0,2,2,5,4,0.3135,0
SEG-0148,2025-12-01,4.22,548.7,2,0.6713,8953.0,0.32,43.1,5.7,18.4,19.1,0,789.9,0,0,4,4,0.1493,0
SEG-0149,2025-12-01,12.6,769.0,2,0.3873,8549.0,0.202,51.7,27.4,67.8,13.6,0,1045.2,3,2,5,10,0.3207,0
SEG-0150,2025-12-01,14.36,747.1,1,0.2834,26930.0,0.342,35.9,13.8,33.7,20.6,0,3954.1,2,1,14,7,0.3117,1
SEG-0151,2025-12-01,8.2,557.6,2,0.6051,19581.0,0.133,50.1,15.3,54.6,16.7,0,1089.9,2,1,10,4,0.2368,0
SEG-0152,2025-12-01,14.25,1389.9,4,0.3741,11125.0,0.365,51.3,16.1,41.0,14.9,0,2224.9,3,2,13,8,0.2961,1
SEG-0153,2025-12-01,15.37,1204.7,2,0.2885,3319.0,0.056,52.5,2.8,16.9,18.5,0,4244.1,5,1,9,5,0.3919,1
SEG-0154,2025-12-01,12.81,299.3,2,0.381,21416.0,0.097,41.6,11.4,28.3,16.8,0,753.7,3,1,12,9,0.3239,1
SEG-0155,2025-12-01,2.48,1496.0,4,0.8966,45552.0,0.216,34.4,11.5,35.2,16.1,0,599.4,1,0,8,2,0.024,0
SEG-0156,2025-12-01,12.64,1336.9,2,0.3334,30535.0,0.046,35.4,3.5,8.5,16.6,0,1329.7,2,3,11,5,0.3939,1
SEG-0157,2025-12-01,8.83,533.3,4,0.6372,25113.0,0.086,36.9,14.3,37.4,18.6,0,2126.5,2,0,14,7,0.1809,0
SEG-0158,2025-12-01,4.79,1279.8,2,0.699,5066.0,0.06,59.4,4.5,25.2,15.8,0,746.1,0,0,7,0,0.1373,0
SEG-0159,2025-12-01,4.88,293.7,2,0.7231,12132.0,0.193,56.8,4.1,23.3,21.0,0,924.9,0,1,7,2,0.1595,0
SEG-0160,2025-12-01,12.59,1498.8,2,0.3586,13675.0,0.314,53.0,3.3,10.3,17.1,0,3483.5,4,1,10,5,0.3804,1
SEG-0161,2025-12-01,4.04,1048.7,2,0.7644,33428.0,0.046,44.9,5.0,31.3,15.9,1,851.8,0,0,8,0,0.054,0
SEG-0162,2025-12-01,6.08,1027.7,4,0.6796,33761.0,0.216,29.7,11.6,36.8,19.6,0,1296.7,0,1,7,1,0.1178,0
SEG-0163,2025-12-01,8.21,272.1,2,0.5898,46421.0,0.334,22.1,3.6,8.0,16.2,0,1289.0,1,2,9,4,0.1921,0
SEG-0164,2025-12-01,10.49,1361.0,1,0.5157,39320.0,0.118,29.2,3.8,23.0,19.3,0,2108.8,2,2,8,7,0.2255,0
SEG-0165,2025-12-01,5.83,189.1,2,0.6776,44438.0,0.131,30.8,6.5,16.2,21.0,0,1241.6,1,1,11,1,0.1625,0
SEG-0166,2025-12-01,2.72,475.1,4,0.8183,40030.0,0.323,36.7,4.2,15.8,15.0,0,701.5,1,1,14,4,0.1045,0
SEG-0167,2025-12-01,2.19,343.1,4,0.835,3761.0,0.295,59.9,4.6,25.9,17.5,0,486.5,0,1,4,3,0.0547,0
SEG-0168,2025-12-01,4.44,1198.6,6,0.7089,6118.0,0.187,48.9,4.7,21.1,18.1,0,999.5,2,0,9,6,0.1238,0
SEG-0169,2025-12-01,4.53,417.6,2,0.7833,14447.0,0.352,45.8,9.4,34.4,20.2,0,829.5,1,0,12,4,0.1322,0
SEG-0170,2025-12-01,9.02,1379.4,2,0.4971,23458.0,0.077,49.2,10.3,25.2,17.7,0,1568.8,1,2,13,4,0.23,1
SEG-0171,2025-12-01,14.78,1036.0,1,0.3509,5830.0,0.182,46.9,7.5,26.3,18.6,0,2760.8,4,3,7,4,0.332,0
SEG-0172,2025-12-01,5.48,198.8,2,0.7313,39004.0,0.321,32.3,7.9,23.1,20.0,0,805.7,2,1,13,2,0.0768,0
SEG-0173,2025-12-01,10.27,157.3,6,0.5002,26873.0,0.15,41.3,12.6,47.0,17.6,0,524.7,1,1,15,7,0.2798,0
SEG-0174,2025-12-01,13.66,219.7,4,0.3351,23139.0,0.313,41.2,5.8,28.5,14.1,0,2729.0,3,1,9,6,0.348,0
SEG-0175,2025-12-01,10.96,968.0,2,0.3872,8927.0,0.189,45.9,4.8,20.8,19.4,0,587.1,1,1,13,6,0.3562,0
SEG-0176,2025-12-01,15.86,1232.0,2,0.1429,12133.0,0.293,43.0,4.2,26.2,15.9,0,3308.3,5,3,9,6,0.4648,1
SEG-0177,2025-12-01,7.67,472.0,4,0.6863,8565.0,0.211,50.0,7.7,49.1,19.7,0,396.1,1,0,9,2,0.2035,0
SEG-0178,2025-12-01,6.17,1296.7,2,0.7172,35495.0,0.151,33.2,1.2,4.6,21.0,0,846.6,0,2,7,2,0.1459,0
SEG-0179,2025-12-01,15.02,227.3,1,0.3443,26121.0,0.108,35.6,20.0,49.9,17.6,0,2961.5,3,2,18,7,0.3552,1
SEG-0180,2025-12-01,9.95,1231.3,2,0.4766,31278.0,0.093,34.7,3.4,9.3,14.4,0,1721.0,2,2,6,5,0.2529,0
SEG-0181,2025-12-01,10.78,1402.5,1,0.5159,15126.0,0.333,47.7,21.7,71.9,14.8,1,1243.3,3,1,7,5,0.2767,1
SEG-0182,2025-12-01,15.02,1192.3,2,0.2926,15507.0,0.072,41.7,9.6,21.8,16.4,0,1106.3,5,1,19,8,0.4327,1
SEG-0183,2025-12-01,15.03,1092.5,1,0.2859,21153.0,0.059,49.7,7.4,18.3,18.0,0,3961.6,3,1,13,6,0.3736,1
SEG-0184,2025-12-01,14.08,1281.3,2,0.1931,30262.0,0.073,37.8,7.1,17.8,18.7,0,3931.0,3,3,7,5,0.346,1
SEG-0185,2025-12-01,10.32,204.2,2,0.4801,31612.0,0.107,44.7,11.1,43.6,20.2,0,1345.4,1,0,11,3,0.2391,0
SEG-0186,2025-12-01,4.85,422.4,2,0.7397,8737.0,0.308,54.3,17.1,53.9,19.6,0,1136.1,1,0,3,1,0.1037,0
SEG-0187,2025-12-01,10.96,318.6,2,0.3767,38263.0,0.166,33.9,14.1,35.3,18.2,0,1285.8,3,3,16,6,0.2694,0
SEG-0188,2025-12-01,15.14,831.1,6,0.1906,6047.0,0.388,54.1,2.0,9.5,21.5,0,1350.3,4,2,19,10,0.419,1
SEG-0189,2025-12-01,11.41,1156.0,4,0.4435,43880.0,0.085,28.0,5.0,17.7,20.7,0,1313.9,1,2,11,5,0.2943,0
SEG-0190,2025-12-01,6.89,1000.5,2,0.6443,4966.0,0.227,48.8,2.5,8.2,20.0,0,1707.9,1,0,6,7,0.1758,0
SEG-0191,2025-12-01,12.62,1299.0,2,0.3715,12182.0,0.183,45.4,2.8,15.2,17.8,0,2127.7,4,1,13,8,0.2859,1
SEG-0192,2025-12-01,12.33,359.5,4,0.4114,40108.0,0.175,39.7,10.7,24.6,18.1,0,3444.6,2,3,19,6,0.31,1
SEG-0193,2025-12-01,13.24,1141.7,2,0.3552,8220.0,0.333,45.4,2.9,10.8,11.9,0,1563.4,2,1,8,6,0.342,1
SEG-0194,2025-12-01,4.21,410.6,2,0.6829,16642.0,0.356,40.3,13.1,30.5,15.6,0,445.9,1,1,5,1,0.1388,0
SEG-0195,2025-12-01,14.73,515.5,4,0.2173,18763.0,0.34,48.2,12.4,30.6,14.1,0,1865.7,2,3,19,12,0.4056,1
SEG-0196,2025-12-01,3.81,1108.4,2,0.8671,10506.0,0.105,54.4,9.4,21.3,17.4,0,1091.3,0,0,4,2,0.0005,0
SEG-0197,2025-12-01,2.73,1473.3,4,0.8142,27972.0,0.112,31.9,2.2,6.0,15.8,0,825.2,1,0,5,2,0.0445,0
SEG-0198,2025-12-01,13.43,975.6,2,0.2725,41708.0,0.25,33.3,1.9,10.3,17.2,0,989.8,2,2,17,6,0.3909,1
SEG-0199,2025-12-01,4.79,223.6,2,0.7666,41537.0,0.122,30.4,10.4,66.0,20.1,0,503.7,0,0,8,3,0.0819,0
SEG-0200,2025-12-01,1.92,982.0,2,0.8432,14538.0,0.287,51.4,7.9,23.3,18.8,0,579.4,0,0,3,2,0.0298,0
SEG-0201,2025-12-01,9.91,207.2,2,0.4075,22600.0,0.212,44.1,7.3,21.4,22.0,0,2793.9,3,2,11,8,0.2638,0
SEG-0202,2025-12-01,7.84,1343.6,2,0.6049,13511.0,0.245,49.3,2.3,7.1,13.8,0,571.2,1,2,12,4,0.1867,0
SEG-0203,2025-12-01,9.62,1107.9,2,0.588,10908.0,0.337,44.3,7.8,17.9,20.0,0,2244.8,3,2,6,3,0.2155,0
SEG-0204,2025-12-01,3.69,383.7,4,0.7767,7444.0,0.29,47.0,3.2,16.1,19.6,0,604.3,0,1,1,0,0.0882,0
SEG-0205,2025-12-01,6.99,273.8,2,0.6413,41688.0,0.083,28.3,11.8,31.0,20.6,0,1507.4,0,1,17,6,0.2247,1
SEG-0206,2025-12-01,4.84,397.8,2,0.7536,37851.0,0.044,30.7,5.5,19.7,20.4,1,976.8,0,0,9,2,0.1006,0
SEG-0207,2025-12-01,14.87,1473.0,4,0.2333,36978.0,0.262,33.8,11.5,32.7,19.0,0,861.7,4,3,13,11,0.3769,1
SEG-0208,2025-12-01,7.01,769.1,4,0.5782,20409.0,0.206,47.3,2.6,13.8,16.0,0,410.4,1,0,9,1,0.2099,0
SEG-0209,2025-12-01,11.56,1208.5,2,0.3907,21333.0,0.131,39.8,5.6,13.9,16.0,0,2569.4,2,3,5,3,0.3166,1
SEG-0210,2025-12-01,3.64,1009.2,2,0.7844,23047.0,0.216,43.5,31.2,82.5,22.0,0,542.9,1,1,4,0,0.1089,0
SEG-0211,2025-12-01,13.99,922.8,6,0.3123,24517.0,0.321,41.8,7.2,41.4,17.4,0,3937.5,4,1,16,6,0.3761,1
SEG-0212,2025-12-01,2.98,345.9,2,0.8771,20090.0,0.297,42.4,4.2,12.5,12.8,0,816.9,0,1,5,0,0.0061,0
SEG-0213,2025-12-01,6.78,1427.1,4,0.6023,7278.0,0.181,48.8,2.7,10.6,18.4,0,1655.2,1,0,6,4,0.1826,0
SEG-0214,2025-12-01,4.4,556.8,4,0.7965,5772.0,0.186,52.2,7.9,24.4,18.8,0,719.4,1,0,3,1,0.0698,0
SEG-0215,2025-12-01,6.75,930.3,4,0.586,41036.0,0.149,28.2,9.2,45.2,17.0,0,813.4,1,1,4,7,0.1386,0
SEG-0216,2025-12-01,15.89,1094.7,2,0.1771,19737.0,0.218,42.3,11.1,30.1,16.2,1,815.4,4,3,16,8,0.3971,1
SEG-0217,2025-12-01,15.71,1026.5,2,0.1646,45833.0,0.181,28.3,6.7,41.4,18.5,1,1909.6,5,3,24,8,0.4517,1
SEG-0218,2025-12-01,8.87,1419.8,1,0.5455,8667.0,0.238,44.8,4.0,11.6,14.5,2,2257.9,3,1,7,2,0.2244,0
SEG-0219,2025-12-01,5.4,350.4,2,0.6979,27584.0,0.279,38.8,8.8,30.4,11.3,0,530.4,2,1,5,2,0.1012,0
SEG-0220,2025-12-01,10.95,836.3,6,0.4026,11214.0,0.058,48.9,7.2,42.6,17.4,0,2494.1,1,2,9,7,0.2677,1
SEG-0221,2025-12-01,15.38,695.4,2,0.3669,10719.0,0.024,52.8,15.4,64.6,22.0,0,4064.5,4,3,15,7,0.3774,1
SEG-0222,2025-12-01,13.05,790.1,2,0.415,2018.0,0.103,53.2,7.1,39.4,16.9,0,3041.5,4,2,4,6,0.3514,1
SEG-0223,2025-12-01,8.46,310.9,1,0.5958,5482.0,0.366,54.7,7.9,18.8,16.9,0,2338.9,2,0,6,2,0.2085,0
SEG-0224,2025-12-01,10.33,331.0,6,0.5131,40885.0,0.255,31.5,6.5,15.9,17.0,1,2423.4,1,2,13,2,0.2293,0
SEG-0225,2025-12-01,7.84,525.4,1,0.5889,13993.0,0.064,45.8,1.0,5.0,14.2,0,2237.9,1,0,5,3,0.194,0
SEG-0226,2025-12-01,11.63,561.4,1,0.3161,26547.0,0.341,47.9,11.7,35.6,16.4,0,2013.2,4,1,5,7,0.3376,0
SEG-0227,2025-12-01,8.1,727.7,2,0.6268,18734.0,0.212,43.9,4.3,15.8,16.9,0,1238.4,2,1,6,3,0.201,0
SEG-0228,2025-12-01,11.96,974.8,1,0.327,20116.0,0.18,38.9,9.1,35.5,16.4,0,1553.8,3,1,10,6,0.3143,0
SEG-0229,2025-12-01,15.49,1006.7,2,0.2788,27285.0,0.324,40.1,10.5,25.6,21.8,0,3525.2,4,2,13,5,0.368,1
SEG-0230,2025-12-01,13.69,705.9,2,0.3501,10032.0,0.05,55.0,5.7,32.2,16.9,1,831.6,2,1,15,7,0.3394,1
SEG-0231,2025-12-01,8.68,701.9,2,0.4855,46220.0,0.085,27.5,2.4,7.6,14.6,0,990.2,3,0,15,5,0.2412,0
SEG-0232,2025-12-01,15.35,443.8,1,0.236,42250.0,0.234,33.8,5.2,19.8,21.1,0,4011.5,4,1,9,8,0.4189,1
SEG-0233,2025-12-01,5.99,944.2,1,0.6872,37312.0,0.073,31.8,7.0,21.3,22.3,0,1636.9,2,0,7,1,0.1689,0
SEG-0234,2025-12-01,5.71,578.0,2,0.6625,19720.0,0.244,44.7,8.3,18.6,18.2,0,1499.5,2,0,5,4,0.1685,0
SEG-0235,2025-12-01,4.5,198.7,1,0.7561,7055.0,0.1,50.3,8.5,23.2,15.0,0,769.1,0,0,7,0,0.1272,0
SEG-0236,2025-12-01,15.13,714.8,2,0.2215,45553.0,0.058,35.2,7.2,41.5,17.8,0,3370.8,3,3,24,9,0.4145,1
SEG-0237,2025-12-01,9.26,790.1,2,0.5607,16626.0,0.085,51.9,7.1,39.9,16.8,0,2034.2,1,2,7,3,0.1779,0
SEG-0238,2025-12-01,14.1,454.6,2,0.2848,3147.0,0.211,49.3,2.0,12.8,18.1,0,2095.4,2,1,11,5,0.38,1
SEG-0239,2025-12-01,9.38,922.8,2,0.5542,14760.0,0.11,52.2,3.1,13.9,16.8,0,677.7,3,0,12,6,0.2361,0
SEG-0240,2025-12-01,13.06,913.8,2,0.3814,36342.0,0.082,41.6,9.0,32.5,17.6,0,1962.9,4,3,16,10,0.3216,0
SEG-0241,2025-12-01,14.67,1097.7,1,0.1764,29284.0,0.319,40.1,16.7,41.1,22.0,0,1389.4,2,3,20,12,0.4774,1
SEG-0242,2025-12-01,13.42,1024.7,1,0.347,35691.0,0.168,38.1,25.5,58.3,13.4,0,2206.9,3,3,23,7,0.3634,1
SEG-0243,2025-12-01,4.39,1030.8,4,0.759,37548.0,0.163,32.2,2.6,8.7,18.9,0,519.6,0,0,10,4,0.0782,0
SEG-0244,2025-12-01,2.74,576.9,1,0.8576,9460.0,0.056,49.9,3.5,23.6,18.5,0,511.5,0,1,2,1,0.0771,0
SEG-0245,2025-12-01,4.85,1213.0,2,0.7682,45709.0,0.167,25.2,6.2,16.9,17.5,1,536.3,2,0,5,0,0.087,0
SEG-0246,2025-12-01,5.26,891.3,2,0.7102,21960.0,0.12,38.4,3.2,18.8,16.2,0,526.2,0,0,4,1,0.0947,0
SEG-0247,2025-12-01,10.21,732.4,2,0.4706,25579.0,0.232,43.9,16.2,58.0,16.7,0,2830.5,3,1,10,3,0.297,1
SEG-0248,2025-12-01,11.09,995.1,2,0.3932,1165.0,0.092,57.0,21.4,63.5,16.2,0,1956.0,3,3,2,4,0.2986,1
SEG-0249,2025-12-01,2.62,636.9,4,0.7302,51315.0,0.319,24.6,5.3,14.4,18.7,0,684.7,1,0,9,2,0.1676,0
SEG-0250,2025-12-01,6.31,842.2,4,0.6195,14373.0,0.332,48.8,16.7,45.4,20.5,1,1284.7,2,1,8,4,0.1821,0
SEG-0001,2025-12-17,3.36,1030.1,4,0.7446,11713.0,0.056,42.0,5.6,21.0,14.4,0,454.0,0,0,1,2,0.1691,0
SEG-0002,2025-12-17,8.9,1321.1,4,0.492,14105.0,0.196,46.3,1.9,8.6,18.8,0,1143.7,2,2,12,5,0.2125,0
SEG-0003,2025-12-17,12.48,762.8,4,0.3698,10499.0,0.108,47.9,3.4,8.2,21.2,0,2692.1,4,3,11,8,0.3394,1
SEG-0004,2025-12-17,8.52,484.6,2,0.5719,19523.0,0.07,49.2,6.1,22.2,18.5,0,859.7,3,1,4,1,0.2457,0
SEG-0005,2025-12-17,5.8,469.5,2,0.701,31459.0,0.254,40.1,6.6,41.1,14.3,0,1386.9,0,1,6,1,0.132,0
SEG-0006,2025-12-17,8.1,1157.1,4,0.544,9488.0,0.147,44.4,3.3,10.5,21.7,0,2090.1,1,0,14,5,0.2933,1
SEG-0007,2025-12-17,6.01,1252.4,2,0.6791,17216.0,0.36,41.8,8.6,23.3,19.2,0,390.2,2,1,7,0,0.1189,0
SEG-0008,2025-12-17,3.83,292.1,4,0.7911,35687.0,0.128,38.4,5.5,17.8,17.4,0,447.0,1,0,10,2,0.0311,0
SEG-0009,2025-12-17,5.56,239.9,2,0.7359,3494.0,0.293,55.0,2.6,7.5,16.7,0,594.3,0,0,2,1,0.0742,0
SEG-0010,2025-12-17,11.73,952.5,1,0.3764,20544.0,0.181,42.9,16.0,67.8,15.6,0,1348.8,4,3,8,6,0.342,0
SEG-0011,2025-12-17,11.28,347.3,1,0.4348,36373.0,0.261,38.2,8.9,29.7,19.7,0,1922.4,1,3,21,8,0.2925,1
SEG-0012,2025-12-17,10.91,1263.3,4,0.4032,8098.0,0.236,49.4,13.7,65.1,22.8,1,735.7,2,2,6,8,0.2647,0
SEG-0013,2025-12-17,9.2,569.0,1,0.5011,3118.0,0.226,51.0,4.9,11.5,20.9,0,1858.1,3,1,5,3,0.2773,1
SEG-0014,2025-12-17,9.65,344.2,2,0.5018,6410.0,0.355,48.4,6.2,32.8,15.2,0,462.8,1,1,3,2,0.205,0
SEG-0015,2025-12-17,15.55,1393.3,2,0.2103,36584.0,0.148,35.2,12.6,29.5,14.9,0,1488.3,4,1,14,8,0.4091,1
SEG-0016,2025-12-17,2.98,373.5,2,0.8065,1463.0,0.116,56.9,6.7,19.7,14.2,0,408.1,0,0,2,0,0.0589,0
SEG-0017,2025-12-17,2.65,534.4,2,0.7995,9032.0,0.241,52.1,1.7,7.0,14.3,0,781.4,0,0,5,2,0.0917,0
SEG-0018,2025-12-17,14.79,357.4,4,0.2252,2134.0,0.303,48.4,5.8,13.9,16.0,0,3407.7,3,1,12,7,0.4004,1
SEG-0019,2025-12-17,10.07,305.9,1,0.449,6721.0,0.03,52.1,23.8,76.9,20.8,0,1818.0,3,0,3,5,0.2462,1
SEG-0020,2025-12-17,10.46,178.5,4,0.4135,28046.0,0.183,48.4,2.2,7.5,16.2,0,2569.7,3,1,14,9,0.2963,1
SEG-0021,2025-12-17,5.02,224.8,4,0.6653,11713.0,0.353,47.6,1.4,8.9,16.7,1,862.2,0,0,5,2,0.1201,0
SEG-0022,2025-12-17,6.03,385.8,2,0.6612,27545.0,0.285,35.9,3.1,7.6,19.2,0,698.6,0,1,7,6,0.173,0
SEG-0023,2025-12-17,4.5,222.1,2,0.7719,30392.0,0.381,38.6,8.6,37.4,15.4,0,567.9,0,1,6,3,0.1242,0
SEG-0024,2025-12-17,7.11,948.0,2,0.6477,43228.0,0.178,28.7,1.8,8.5,17.0,1,784.4,2,1,10,3,0.1323,0
SEG-0025,2025-12-17,3.04,1069.0,1,0.7054,1336.0,0.245,50.3,6.6,20.3,16.4,0,811.9,0,0,1,0,0.1045,0
SEG-0026,2025-12-17,5.23,681.4,2,0.7162,40823.0,0.134,30.6,3.9,10.7,19.2,0,825.1,2,0,8,1,0.1329,0
SEG-0027,2025-12-17,5.06,579.3,6,0.757,31964.0,0.35,40.8,2.3,12.9,20.0,0,1440.2,1,0,9,4,0.0947,0
SEG-0028,2025-12-17,14.23,831.1,6,0.4205,9355.0,0.175,57.1,7.5,17.6,17.2,0,1979.7,3,2,13,6,0.2566,0
SEG-0029,2025-12-17,15.48,1331.3,4,0.254,37383.0,0.281,33.7,4.6,11.1,18.9,0,1319.6,3,2,14,8,0.3652,1
SEG-0030,2025-12-17,10.2,1299.0,2,0.471,34973.0,0.185,41.2,8.0,20.1,18.9,0,889.4,1,1,13,4,0.2362,0
SEG-0031,2025-12-17,10.46,208.7,2,0.4125,12797.0,0.226,42.2,2.4,14.8,22.8,0,958.0,1,1,8,6,0.3142,1
SEG-0032,2025-12-17,15.34,395.0,4,0.3352,47100.0,0.312,27.1,3.4,10.4,17.2,0,1214.3,3,3,8,5,0.3708,0
SEG-0033,2025-12-17,5.39,469.6,2,0.7309,24056.0,0.214,48.0,2.9,12.9,21.1,0,1244.4,2,0,6,4,0.1553,0
SEG-0034,2025-12-17,12.68,486.7,2,0.3346,28507.0,0.369,42.7,11.5,32.6,19.6,0,2369.0,2,2,13,6,0.3513,0
SEG-0035,2025-12-17,3.17,921.2,1,0.77,38054.0,0.167,34.8,1.7,5.5,23.2,0,472.0,1,0,6,0,0.0919,0
SEG-0036,2025-12-17,14.99,712.0,2,0.2152,18436.0,0.262,47.2,7.5,27.0,17.4,0,3249.9,5,1,11,10,0.3394,1
SEG-0037,2025-12-17,15.6,216.5,2,0.141,41826.0,0.177,28.9,6.9,27.9,18.1,0,1279.7,4,2,22,10,0.4933,1
SEG-0038,2025-12-17,8.89,654.4,2,0.4867,13610.0,0.189,50.3,0.3,1.2,17.5,0,2005.9,3,0,14,7,0.276,0
SEG-0039,2025-12-17,6.95,857.1,2,0.6349,34097.0,0.186,41.7,9.8,25.5,19.6,0,1331.4,2,0,17,4,0.2116,1
SEG-0040,2025-12-17,7.19,287.3,4,0.7188,30736.0,0.07,31.9,2.1,13.1,18.6,0,1290.6,0,1,7,2,0.1434,0
SEG-0041,2025-12-17,7.89,1275.2,6,0.5862,9053.0,0.093,51.9,9.5,25.2,18.4,0,1229.5,0,1,12,5,0.2415,0
SEG-0042,2025-12-17,8.66,220.1,2,0.5353,21350.0,0.256,38.8,1.1,6.2,16.6,0,1409.2,3,0,5,3,0.2614,0
SEG-0043,2025-12-17,2.34,1398.5,4,0.8358,13131.0,0.257,51.0,0.8,3.7,18.8,0,610.9,0,0,4,0,0.1227,0
SEG-0044,2025-12-17,3.9,283.8,6,0.7176,4758.0,0.268,53.3,5.0,20.7,17.5,0,394.3,1,0,3,3,0.125,0
SEG-0045,2025-12-17,8.64,1288.8,1,0.5186,2062.0,0.042,63.8,3.4,20.9,15.6,0,2055.2,3,1,5,5,0.2853,0
SEG-0046,2025-12-17,4.92,1368.6,2,0.722,14780.0,0.144,51.9,5.0,18.1,22.7,0,460.3,1,0,4,0,0.1488,0
SEG-0047,2025-12-17,7.6,1472.4,2,0.5725,1695.0,0.123,55.9,6.9,38.4,23.7,0,2130.4,2,1,7,5,0.2478,0
SEG-0048,2025-12-17,10.24,1232.7,1,0.5002,8658.0,0.288,52.5,6.0,18.4,17.4,0,1603.4,1,2,10,7,0.2128,0
SEG-0049,2025-12-17,11.8,1202.3,4,0.443,28276.0,0.343,42.6,8.3,27.7,18.7,0,1957.7,4,3,13,6,0.2496,1
SEG-0050,2025-12-17,15.59,1017.4,2,0.2235,33425.0,0.116,36.0,1.6,4.6,18.6,0,1671.4,4,3,15,6,0.3833,0
SEG-0051,2025-12-17,7.49,1201.6,2,0.695,35568.0,0.277,26.7,5.1,12.7,20.3,0,901.9,2,1,3,4,0.1469,0
SEG-0052,2025-12-17,15.17,331.6,2,0.2002,16217.0,0.113,40.1,1.4,8.5,18.8,0,1461.1,5,2,17,11,0.4253,1
SEG-0053,2025-12-17,8.0,873.7,2,0.5602,41913.0,0.126,36.0,3.6,15.6,20.8,0,797.8,2,2,15,4,0.2525,0
SEG-0054,2025-12-17,3.11,844.2,4,0.8704,30002.0,0.129,27.4,8.4,23.8,17.3,1,897.6,0,0,8,2,0.071,0
SEG-0055,2025-12-17,5.67,1307.7,1,0.6773,7445.0,0.164,51.7,0.9,4.4,15.2,0,1179.9,1,0,7,3,0.1871,0
SEG-0056,2025-12-17,5.66,774.8,2,0.6492,8389.0,0.292,58.9,6.7,23.9,22.2,0,784.8,2,0,9,6,0.1348,0
SEG-0057,2025-12-17,11.43,669.9,2,0.4106,28712.0,0.332,35.7,4.1,24.4,13.8,0,659.6,2,2,13,5,0.3086,0
SEG-0058,2025-12-17,6.06,1013.4,2,0.6566,9055.0,0.109,52.2,3.8,16.0,18.5,0,851.7,0,2,8,3,0.1736,0
SEG-0059,2025-12-17,10.12,509.7,2,0.5357,25792.0,0.2,37.5,6.9,22.7,21.8,0,423.6,3,1,11,5,0.2245,0
SEG-0060,2025-12-17,4.56,338.7,2,0.7408,50752.0,0.292,32.5,3.2,9.5,18.8,0,1050.8,1,0,7,0,0.1477,0
SEG-0061,2025-12-17,14.33,795.1,1,0.2457,1112.0,0.352,54.4,10.2,28.2,15.2,0,633.0,4,1,13,8,0.4053,1
SEG-0062,2025-12-17,9.14,712.8,2,0.5767,1552.0,0.232,55.0,2.2,14.7,23.6,0,427.2,3,0,7,0,0.206,0
SEG-0063,2025-12-17,15.58,464.0,4,0.2073,40883.0,0.12,34.6,6.9,22.1,17.4,0,1790.5,5,2,19,8,0.3843,1
SEG-0064,2025-12-17,14.41,646.1,2,0.2876,23750.0,0.221,44.7,5.4,18.7,16.5,0,2960.9,3,3,10,6,0.3378,1
SEG-0065,2025-12-17,3.79,644.6,2,0.8165,6737.0,0.174,59.8,4.2,18.6,18.8,0,660.0,0,0,4,2,0.1258,0
SEG-0066,2025-12-17,11.71,592.1,2,0.4808,37248.0,0.38,26.7,10.2,23.3,20.4,0,1600.3,3,3,18,5,0.3132,1
SEG-0067,2025-12-17,6.95,662.3,4,0.5889,41427.0,0.177,28.6,1.2,6.0,14.3,0,572.2,0,1,8,6,0.2271,0
SEG-0068,2025-12-17,8.43,1075.8,1,0.4889,23788.0,0.289,38.2,3.6,18.1,19.4,0,1819.9,1,2,8,7,0.3042,0
SEG-0069,2025-12-17,15.76,550.8,2,0.2123,28465.0,0.069,40.4,10.8,48.8,16.6,1,2659.2,3,3,13,9,0.3865,1
SEG-0070,2025-12-17,14.6,1431.0,2,0.3344,12990.0,0.179,46.1,11.2,32.0,14.8,0,3879.0,3,1,12,9,0.3511,1
SEG-0071,2025-12-17,7.79,1387.1,2,0.6479,3651.0,0.329,55.9,5.5,25.6,22.3,0,627.2,2,0,4,0,0.1965,0
SEG-0072,2025-12-17,10.38,799.2,4,0.4564,27461.0,0.245,38.5,18.4,60.8,17.5,0,644.1,1,1,14,8,0.2679,0
SEG-0073,2025-12-17,12.23,593.3,2,0.4258,14479.0,0.184,49.0,8.2,19.2,19.4,0,1790.8,2,3,4,6,0.2738,0
SEG-0074,2025-12-17,3.42,872.8,4,0.8028,30953.0,0.341,36.2,6.2,19.7,21.7,0,820.7,0,0,7,3,0.1334,0
SEG-0075,2025-12-17,4.48,1295.6,4,0.6962,36943.0,0.345,29.8,19.6,52.4,20.4,0,774.5,2,0,9,4,0.1559,0
SEG-0076,2025-12-17,15.69,1031.0,2,0.2271,1865.0,0.167,65.0,1.0,4.6,21.0,0,2734.9,4,2,17,8,0.3889,0
SEG-0077,2025-12-17,8.25,1235.9,4,0.5187,23513.0,0.225,45.3,5.9,31.0,15.1,0,747.3,1,1,12,3,0.2746,0
SEG-0078,2025-12-17,5.68,869.2,2,0.7034,10966.0,0.214,50.0,17.1,41.0,15.7,0,614.8,2,0,10,5,0.0846,0
SEG-0079,2025-12-17,14.64,1004.4,4,0.309,42825.0,0.272,32.8,4.6,11.4,20.0,1,2188.7,3,1,18,7,0.3759,1
SEG-0080,2025-12-17,2.1,539.0,2,0.8367,11883.0,0.142,44.2,6.6,18.4,19.0,0,543.4,0,0,7,2,0.0751,0
SEG-0081,2025-12-17,9.62,1142.1,2,0.5279,28296.0,0.109,34.9,4.4,14.5,18.6,0,2067.4,3,2,6,4,0.2022,0
SEG-0082,2025-12-17,10.23,423.2,2,0.3801,23841.0,0.37,44.7,2.1,8.3,18.0,0,699.3,3,1,10,7,0.2971,1
SEG-0083,2025-12-17,14.75,1088.0,1,0.2505,19610.0,0.375,38.5,2.0,12.8,17.9,0,769.0,3,1,18,9,0.359,1
SEG-0084,2025-12-17,5.42,1312.0,2,0.5939,34518.0,0.305,32.0,2.1,10.1,17.0,0,1168.0,1,0,10,6,0.2393,0
SEG-0085,2025-12-17,2.07,328.3,4,0.87,29787.0,0.364,45.3,2.5,8.8,16.5,0,628.1,0,0,6,3,0.0555,0
SEG-0086,2025-12-17,2.46,979.4,2,0.8114,27899.0,0.286,35.8,4.1,13.1,18.3,0,572.0,1,0,4,2,0.0684,0
SEG-0087,2025-12-17,10.6,278.4,2,0.4534,37935.0,0.294,26.8,5.9,15.3,17.9,0,451.6,2,0,11,6,0.285,0
SEG-0088,2025-12-17,14.84,1129.7,2,0.2531,48765.0,0.291,25.1,3.3,20.4,24.3,0,3566.1,2,3,18,8,0.4118,1
SEG-0089,2025-12-17,9.89,264.1,2,0.4486,22050.0,0.134,51.5,7.0,27.6,19.9,0,2676.8,3,2,13,8,0.2737,0
SEG-0090,2025-12-17,14.14,1413.5,1,0.2503,21031.0,0.176,45.4,2.7,7.5,18.2,1,445.9,3,2,9,7,0.3698,0
SEG-0091,2025-12-17,2.51,335.5,4,0.8357,1603.0,0.139,47.9,9.6,24.9,18.0,0,712.7,0,0,1,1,0.0356,0
SEG-0092,2025-12-17,4.32,1444.5,2,0.8185,39984.0,0.239,28.3,11.4,31.6,15.0,0,749.8,0,1,5,2,0.0446,0
SEG-0093,2025-12-17,5.3,1231.2,2,0.6951,22992.0,0.159,39.3,4.6,29.9,20.2,0,427.5,2,0,7,4,0.1374,1
SEG-0094,2025-12-17,10.02,951.5,2,0.5001,18858.0,0.149,48.0,12.9,30.3,22.0,0,1233.5,1,1,12,2,0.2428,0
SEG-0095,2025-12-17,10.64,1206.5,1,0.5597,4738.0,0.219,56.2,1.9,9.2,17.6,0,1059.9,1,1,8,7,0.2261,0
SEG-0096,2025-12-17,15.26,1223.4,2,0.2797,34503.0,0.166,34.8,9.4,23.3,19.2,0,1838.9,4,1,8,6,0.4031,1
SEG-0097,2025-12-17,5.67,1427.1,4,0.6113,18664.0,0.111,50.2,6.0,13.7,18.0,0,1184.5,2,0,5,2,0.1532,0
SEG-0098,2025-12-17,3.94,492.1,2,0.7611,32651.0,0.351,38.6,2.1,11.9,17.1,0,708.1,0,0,6,5,0.0739,0
SEG-0099,2025-12-17,9.2,946.6,6,0.5853,7794.0,0.341,53.8,16.0,40.5,17.5,1,2214.4,3,2,6,3,0.235,0
SEG-0100,2025-12-17,12.83,278.3,2,0.3318,48581.0,0.112,21.9,2.4,11.9,20.2,0,618.4,4,1,12,5,0.2856,1
SEG-0101,2025-12-17,7.76,981.8,2,0.595,8373.0,0.06,55.2,6.8,25.0,17.9,0,1164.6,0,0,4,0,0.208,0
SEG-0102,2025-12-17,7.71,381.2,4,0.5506,11146.0,0.168,56.8,1.3,2.9,16.1,0,1740.8,2,1,5,5,0.1853,0
SEG-0103,2025-12-17,11.06,912.7,4,0.4499,41371.0,0.295,28.3,9.7,24.8,15.2,0,2074.8,2,1,13,5,0.2676,1
SEG-0104,2025-12-17,11.09,922.8,4,0.3945,40555.0,0.346,27.8,16.1,41.1,19.5,2,2538.1,1,3,17,7,0.2738,1
SEG-0105,2025-12-17,15.58,779.1,6,0.2723,9799.0,0.062,40.7,2.2,5.5,18.0,0,3617.3,5,2,14,9,0.3855,1
SEG-0106,2025-12-17,15.2,855.6,4,0.2339,21574.0,0.305,35.4,2.0,12.0,20.8,0,3625.9,5,2,9,9,0.3412,1
SEG-0107,2025-12-17,8.95,1181.3,4,0.4171,30978.0,0.091,39.0,5.4,26.9,19.9,0,1240.7,1,1,8,7,0.3134,0
SEG-0108,2025-12-17,6.69,1229.0,1,0.6028,43544.0,0.16,37.2,4.0,11.4,20.0,0,432.0,1,1,6,1,0.2077,0
SEG-0109,2025-12-17,9.25,814.4,4,0.4957,18168.0,0.369,44.3,4.7,13.2,22.2,0,1141.0,2,2,5,2,0.1944,0
SEG-0110,2025-12-17,3.33,959.5,2,0.7207,23175.0,0.122,46.7,7.8,22.1,16.1,0,906.2,1,0,6,0,0.1575,0
SEG-0111,2025-12-17,6.87,1407.2,2,0.596,37833.0,0.099,25.4,5.6,16.3,19.2,0,1352.5,0,0,10,3,0.2295,0
SEG-0112,2025-12-17,7.3,311.6,2,0.6039,37787.0,0.176,24.3,4.9,16.1,17.0,0,1782.3,0,2,12,5,0.1969,1
SEG-0113,2025-12-17,12.49,308.1,6,0.3541,34069.0,0.256,33.4,7.5,19.0,21.3,0,3455.9,4,3,6,5,0.3295,1
SEG-0114,2025-12-17,7.98,268.4,6,0.5673,26526.0,0.364,37.4,3.5,7.7,18.8,0,1429.6,3,0,6,1,0.2408,0
SEG-0115,2025-12-17,14.69,1038.1,2,0.35,5637.0,0.369,56.3,11.3,31.6,21.4,0,3442.9,4,2,10,6,0.3881,1
SEG-0116,2025-12-17,5.92,715.1,4,0.6677,38794.0,0.073,35.7,3.8,12.4,19.2,0,529.7,2,0,3,2,0.1647,0
SEG-0117,2025-12-17,6.51,1195.3,4,0.6471,42895.0,0.068,33.3,7.1,26.6,18.5,0,1710.2,2,0,10,1,0.1817,1
SEG-0118,2025-12-17,13.08,1056.2,2,0.3031,33197.0,0.321,37.4,9.4,21.2,14.7,0,3466.8,2,3,19,7,0.3357,1
SEG-0119,2025-12-17,9.19,600.4,1,0.4712,6058.0,0.092,46.6,2.8,15.5,16.0,0,2605.7,2,0,7,7,0.3091,1
SEG-0120,2025-12-17,3.8,1362.8,1,0.7839,11326.0,0.358,53.3,3.8,10.9,20.8,0,480.0,0,1,3,0,0.0898,0
SEG-0121,2025-12-17,9.97,1179.4,4,0.4717,30040.0,0.251,33.2,8.0,31.3,18.8,0,764.3,1,1,14,7,0.2494,0
SEG-0122,2025-12-17,7.32,515.2,2,0.6012,1735.0,0.051,54.8,6.2,26.0,10.2,0,1167.8,1,1,9,3,0.1908,0
SEG-0123,2025-12-17,11.55,641.7,6,0.4556,47853.0,0.323,30.2,5.3,19.1,21.3,0,1617.6,3,1,15,5,0.2787,0
SEG-0124,2025-12-17,4.37,574.5,2,0.7373,18509.0,0.067,50.9,6.9,18.1,14.6,0,673.9,0,0,4,0,0.1057,0
SEG-0125,2025-12-17,9.58,362.8,6,0.4503,37006.0,0.216,37.2,2.5,13.7,18.5,0,1955.4,2,1,10,4,0.2549,0
SEG-0126,2025-12-17,15.55,349.5,2,0.2196,36965.0,0.229,34.3,2.7,8.6,21.9,0,956.4,5,2,24,12,0.3692,1
SEG-0127,2025-12-17,6.28,1413.8,4,0.6498,18952.0,0.217,41.7,2.4,7.8,16.1,0,770.6,2,1,12,5,0.158,0
SEG-0128,2025-12-17,6.4,741.2,1,0.672,16783.0,0.269,44.2,8.9,20.9,21.4,0,404.0,0,1,7,1,0.155,1
SEG-0129,2025-12-17,6.03,667.5,2,0.654,25079.0,0.273,42.9,5.0,11.8,21.8,0,1621.1,0,0,9,3,0.1896,0
SEG-0130,2025-12-17,5.66,1135.1,4,0.6971,24952.0,0.362,40.0,8.1,33.3,16.6,0,1251.8,1,0,8,5,0.1314,0
SEG-0131,2025-12-17,3.72,896.5,4,0.8207,16405.0,0.403,37.4,2.5,8.3,18.9,0,1114.1,0,0,3,0,0.0734,0
SEG-0132,2025-12-17,14.32,1413.8,4,0.3651,28331.0,0.224,38.9,4.5,16.3,19.8,0,3771.4,4,2,8,8,0.3198,1
SEG-0133,2025-12-17,4.02,1203.4,1,0.7223,47329.0,0.06,26.7,6.1,26.4,20.2,0,799.3,0,0,7,4,0.1562,0
SEG-0134,2025-12-17,9.82,797.1,2,0.4301,24025.0,0.294,41.9,2.2,7.7,16.4,0,2496.0,1,0,7,8,0.3023,1
SEG-0135,2025-12-17,14.75,658.1,1,0.3648,10533.0,0.333,50.1,7.2,16.8,21.0,0,3064.5,2,1,10,7,0.3028,1
SEG-0136,2025-12-17,4.39,1482.0,1,0.6746,16746.0,0.163,50.7,2.6,8.2,15.8,0,683.3,0,0,4,2,0.1798,0
SEG-0137,2025-12-17,3.46,1119.0,2,0.7491,20815.0,0.16,43.2,18.7,44.2,20.5,0,878.8,0,0,5,3,0.1451,0
SEG-0138,2025-12-17,15.59,1434.1,4,0.3582,7634.0,0.193,51.5,3.4,9.1,16.3,0,453.9,5,2,7,7,0.2883,1
SEG-0139,2025-12-17,4.97,309.9,4,0.8078,7527.0,0.067,55.9,10.8,28.8,18.3,0,1225.9,0,0,3,2,0.056,1
SEG-0140,2025-12-17,6.44,1298.2,4,0.7028,29044.0,0.287,43.3,3.8,9.4,19.9,0,755.2,2,2,8,2,0.1039,0
SEG-0141,2025-12-17,14.46,1010.0,4,0.2992,17005.0,0.133,49.6,3.7,13.8,16.3,0,2325.2,3,3,7,6,0.3193,1
SEG-0142,2025-12-17,12.47,314.6,4,0.4485,41132.0,0.307,24.1,7.2,40.8,17.6,0,1890.4,4,2,12,8,0.2662,1
SEG-0143,2025-12-17,10.64,944.1,1,0.3887,11924.0,0.325,42.4,5.7,13.6,18.6,0,1485.4,3,0,11,5,0.36,1
SEG-0144,2025-12-17,12.25,1076.2,2,0.4245,5731.0,0.309,51.3,4.7,14.7,20.3,0,851.7,4,3,3,4,0.2827,0
SEG-0145,2025-12-17,13.93,166.6,2,0.3528,30389.0,0.193,35.9,3.3,21.7,19.6,1,1567.9,2,3,15,3,0.3591,1
SEG-0146,2025-12-17,9.59,763.3,4,0.4885,40655.0,0.135,34.3,5.6,19.7,18.5,0,2738.0,3,0,15,4,0.2718,1
SEG-0147,2025-12-17,12.9,1264.3,1,0.3823,14971.0,0.313,44.1,8.7,23.1,19.8,0,1800.0,2,2,12,4,0.2982,1
SEG-0148,2025-12-17,4.26,548.7,2,0.7151,10404.0,0.294,52.1,7.8,31.0,21.7,0,805.9,0,0,5,2,0.1099,0
SEG-0149,2025-12-17,12.64,769.0,2,0.339,9531.0,0.185,52.2,6.6,22.0,19.2,0,1061.2,3,2,10,8,0.2835,1
SEG-0150,2025-12-17,14.41,747.1,1,0.2664,23556.0,0.326,41.4,3.9,11.2,14.2,0,3970.1,2,1,13,9,0.3172,1
SEG-0151,2025-12-17,8.25,557.6,2,0.6119,22158.0,0.069,36.1,3.0,19.7,19.6,0,1105.9,2,1,4,4,0.2187,0
SEG-0152,2025-12-17,14.29,1389.9,4,0.3738,11748.0,0.336,47.4,11.3,27.7,24.8,0,2240.9,3,2,10,8,0.2941,1
SEG-0153,2025-12-17,15.42,1204.7,2,0.311,3050.0,0.071,48.8,4.0,9.5,19.0,0,4260.1,5,1,9,6,0.3918,1
SEG-0154,2025-12-17,12.85,299.3,2,0.4105,22455.0,0.063,43.2,3.9,16.1,19.8,0,769.7,3,1,12,7,0.3112,0
SEG-0155,2025-12-17,2.52,1496.0,4,0.8878,40527.0,0.243,29.6,3.2,8.9,11.3,0,615.4,1,0,10,2,0.0293,0
SEG-0156,2025-12-17,12.69,1336.9,2,0.3321,34067.0,0.044,31.5,3.0,7.0,20.4,0,1345.7,2,3,15,4,0.3602,0
SEG-0157,2025-12-17,8.88,533.3,4,0.5924,23761.0,0.072,40.2,2.4,7.8,17.2,0,2142.5,2,0,10,4,0.2114,0
SEG-0158,2025-12-17,4.83,1279.8,2,0.6938,6212.0,0.025,53.2,1.9,12.1,20.3,0,762.1,0,0,2,0,0.1174,0
SEG-0159,2025-12-17,4.93,293.7,2,0.6498,12955.0,0.159,40.3,4.0,16.6,17.0,0,940.9,0,1,9,3,0.1517,0
SEG-0160,2025-12-17,12.63,1498.8,2,0.2926,15000.0,0.247,42.8,4.0,11.6,19.3,0,3499.5,4,1,17,8,0.3895,1
SEG-0161,2025-12-17,4.09,1048.7,2,0.729,29888.0,0.053,42.6,1.8,5.4,18.1,0,867.8,0,0,6,1,0.0967,0
SEG-0162,2025-12-17,6.12,1027.7,4,0.6923,38432.0,0.279,37.5,11.1,35.6,22.2,1,1312.7,0,1,8,3,0.1113,0
SEG-0163,2025-12-17,8.25,272.1,2,0.5594,44890.0,0.325,31.9,6.0,21.2,20.3,0,1305.0,1,2,7,3,0.2039,0
SEG-0164,2025-12-17,10.54,1361.0,1,0.4924,49699.0,0.085,26.1,1.4,3.3,15.7,0,2124.8,2,2,13,4,0.2296,1
SEG-0165,2025-12-17,5.87,189.1,2,0.6348,44097.0,0.094,30.2,2.9,18.3,19.9,0,1257.6,1,1,9,1,0.1517,1
SEG-0166,2025-12-17,2.77,475.1,4,0.809,39892.0,0.313,44.0,9.4,23.4,19.1,0,717.5,1,1,6,1,0.0748,0
SEG-0167,2025-12-17,2.23,343.1,4,0.8424,4268.0,0.313,52.9,20.0,77.9,18.9,0,502.5,0,1,1,0,0.0615,0
SEG-0168,2025-12-17,4.48,1198.6,6,0.7077,7583.0,0.195,48.5,4.2,11.9,16.7,0,1015.5,2,0,4,4,0.1147,0
SEG-0169,2025-12-17,4.58,417.6,2,0.8278,16094.0,0.309,45.8,8.7,28.6,23.1,0,845.5,1,0,10,5,0.124,0
SEG-0170,2025-12-17,9.06,1379.4,2,0.4528,27220.0,0.081,39.4,13.4,33.6,20.4,0,1584.8,1,2,9,6,0.2144,0
SEG-0171,2025-12-17,14.82,1036.0,1,0.3269,4784.0,0.177,52.9,2.5,12.3,14.1,0,2776.8,4,3,10,5,0.3252,1
SEG-0172,2025-12-17,5.52,198.8,2,0.7396,34528.0,0.266,35.7,12.3,28.0,18.5,0,821.7,2,1,8,1,0.1053,1
SEG-0173,2025-12-17,10.31,157.3,6,0.491,28244.0,0.091,39.5,5.9,15.6,16.6,0,540.7,1,1,19,6,0.2535,1
SEG-0174,2025-12-17,13.71,219.7,4,0.3316,27912.0,0.283,46.0,9.8,37.1,17.3,1,2745.0,3,1,11,6,0.3562,1
SEG-0175,2025-12-17,11.01,968.0,2,0.3932,8972.0,0.228,59.5,7.9,21.8,24.2,0,603.1,1,1,10,5,0.3223,0
SEG-0176,2025-12-17,15.9,1232.0,2,0.1508,12507.0,0.295,46.1,0.8,3.8,16.9,0,3324.3,5,3,10,5,0.4232,1
SEG-0177,2025-12-17,7.71,472.0,4,0.6292,7529.0,0.187,48.9,15.7,55.6,18.5,0,412.1,1,0,6,2,0.206,0
SEG-0178,2025-12-17,6.21,1296.7,2,0.7099,37455.0,0.139,38.0,19.1,45.2,21.5,0,862.6,0,2,4,1,0.1853,0
SEG-0179,2025-12-17,15.06,227.3,1,0.4114,26437.0,0.077,39.3,2.4,13.6,22.2,0,2977.5,3,2,16,10,0.3441,1
SEG-0180,2025-12-17,9.99,1231.3,2,0.4766,34467.0,0.087,39.4,3.8,12.9,21.1,0,1737.0,2,2,12,7,0.2999,0
SEG-0181,2025-12-17,10.82,1402.5,1,0.501,14089.0,0.346,50.9,1.1,3.6,17.1,0,1259.3,3,1,7,3,0.2763,0
SEG-0182,2025-12-17,15.06,1192.3,2,0.2362,15870.0,0.115,48.5,5.1,18.9,18.1,0,1122.3,5,1,15,8,0.4139,1
SEG-0183,2025-12-17,15.07,1092.5,1,0.2959,21126.0,0.055,51.3,3.2,9.3,20.1,0,3977.6,3,1,16,6,0.3497,1
SEG-0184,2025-12-17,14.12,1281.3,2,0.2551,31949.0,0.107,39.3,1.6,10.3,18.2,0,3947.0,3,3,10,5,0.361,1
SEG-0185,2025-12-17,10.36,204.2,2,0.5059,36312.0,0.1,29.9,6.0,15.5,17.3,0,1361.4,1,0,12,2,0.2244,1
SEG-0186,2025-12-17,4.89,422.4,2,0.7252,11511.0,0.338,50.2,4.0,17.0,20.2,0,1152.1,1,0,5,1,0.1232,1
SEG-0187,2025-12-17,11.0,318.6,2,0.3992,37221.0,0.172,30.6,20.5,57.9,15.8,0,1301.8,3,3,10,6,0.2575,1
SEG-0188,2025-12-17,15.18,831.1,6,0.1839,6414.0,0.356,43.3,5.8,24.1,17.5,0,1366.3,4,2,15,11,0.4225,1
SEG-0189,2025-12-17,11.45,1156.0,4,0.3941,35982.0,0.072,35.0,7.5,19.7,17.8,0,1329.9,1,2,11,8,0.3079,1
SEG-0190,2025-12-17,6.94,1000.5,2,0.6231,4957.0,0.284,54.2,0.9,3.7,16.1,0,1723.9,1,0,11,4,0.1827,0
SEG-0191,2025-12-17,12.66,1299.0,2,0.3704,14329.0,0.207,46.1,6.0,13.3,21.3,0,2143.7,4,1,12,8,0.2886,1
SEG-0192,2025-12-17,12.37,359.5,4,0.3615,39276.0,0.176,27.6,1.6,5.6,16.4,0,3460.6,2,3,14,7,0.3444,1
SEG-0193,2025-12-17,13.29,1141.7,2,0.3478,8247.0,0.389,55.9,3.9,15.5,16.7,0,1579.4,2,1,11,5,0.3556,1
SEG-0194,2025-12-17,4.25,410.6,2,0.6782,20344.0,0.344,43.7,7.4,24.8,15.1,0,461.9,1,1,2,0,0.1217,0
SEG-0195,2025-12-17,14.78,515.5,4,0.2192,18037.0,0.343,45.3,2.2,8.8,15.7,0,1881.7,2,3,15,11,0.3959,1
SEG-0196,2025-12-17,3.86,1108.4,2,0.8535,11602.0,0.145,47.0,1.5,3.4,18.7,0,1107.3,0,0,5,1,0.0108,0
SEG-0197,2025-12-17,2.77,1473.3,4,0.7807,31799.0,0.105,38.7,3.3,18.3,21.8,0,841.2,1,0,4,2,0.0525,0
SEG-0198,2025-12-17,13.48,975.6,2,0.2308,38885.0,0.256,33.8,4.6,11.9,23.2,0,1005.8,2,2,21,9,0.4084,1
SEG-0199,2025-12-17,4.83,223.6,2,0.7582,45159.0,0.177,28.9,0.7,1.7,18.6,0,519.7,0,0,7,4,0.0643,0
SEG-0200,2025-12-17,1.96,982.0,2,0.7963,17345.0,0.265,46.4,3.6,18.2,20.2,0,595.4,0,0,3,1,0.0375,0
SEG-0201,2025-12-17,9.95,207.2,2,0.3903,22860.0,0.249,32.9,10.6,29.9,22.0,0,2809.9,3,2,14,9,0.2584,1
SEG-0202,2025-12-17,7.88,1343.6,2,0.6232,10542.0,0.22,45.8,8.3,19.5,22.4,0,587.2,1,2,10,7,0.1784,0
SEG-0203,2025-12-17,9.67,1107.9,2,0.5765,11877.0,0.327,48.4,6.5,15.6,17.5,0,2260.8,3,2,10,6,0.2327,0
SEG-0204,2025-12-17,3.74,383.7,4,0.7866,7285.0,0.257,48.0,3.8,12.0,17.5,0,620.3,0,1,2,2,0.0748,0
SEG-0205,2025-12-17,7.04,273.8,2,0.5862,38244.0,0.03,27.3,4.0,14.7,17.0,0,1523.4,0,1,12,5,0.2259,0
SEG-0206,2025-12-17,4.88,397.8,2,0.7348,40018.0,0.074,40.2,4.8,15.0,20.5,1,992.8,0,0,3,0,0.1051,0
SEG-0207,2025-12-17,14.91,1473.0,4,0.2259,36930.0,0.233,32.9,15.3,38.5,17.9,0,877.7,4,3,21,11,0.3553,0
SEG-0208,2025-12-17,7.06,769.1,4,0.5945,21087.0,0.228,43.4,2.1,4.9,23.1,0,426.4,1,0,9,4,0.2102,0
SEG-0209,2025-12-17,11.6,1208.5,2,0.3866,20688.0,0.105,38.3,11.8,43.6,18.9,0,2585.4,2,3,8,3,0.3202,0
SEG-0210,2025-12-17,3.69,1009.2,2,0.7799,24945.0,0.172,45.0,6.5,35.5,17.3,0,558.9,1,1,6,1,0.0709,0
SEG-0211,2025-12-17,14.03,922.8,6,0.3066,22213.0,0.283,47.5,3.4,7.9,19.0,0,3953.5,4,1,14,6,0.3373,1
SEG-0212,2025-12-17,3.02,345.9,2,0.8385,17150.0,0.369,44.9,11.2,29.3,16.6,0,832.9,0,1,5,2,0.0261,0
SEG-0213,2025-12-17,6.82,1427.1,4,0.6031,7312.0,0.182,47.0,2.6,10.0,15.1,0,1671.2,1,0,6,6,0.1929,0
SEG-0214,2025-12-17,4.45,556.8,4,0.8115,7500.0,0.166,53.4,3.8,16.2,19.1,0,735.4,1,0,6,3,0.0637,0
SEG-0215,2025-12-17,6.79,930.3,4,0.6031,42450.0,0.128,30.6,3.5,15.3,15.4,0,829.4,1,1,12,6,0.1365,0
SEG-0216,2025-12-17,15.93,1094.7,2,0.1375,19032.0,0.24,44.8,2.2,6.8,19.7,0,831.4,4,3,13,8,0.4378,1
SEG-0217,2025-12-17,15.75,1026.5,2,0.1811,47893.0,0.153,34.4,6.3,19.9,17.3,0,1925.6,5,3,17,9,0.4632,1
SEG-0218,2025-12-17,8.91,1419.8,1,0.5847,9359.0,0.242,54.3,3.7,18.6,16.9,0,2273.9,3,1,9,2,0.2463,0
SEG-0219,2025-12-17,5.44,350.4,2,0.7356,26583.0,0.291,49.9,12.4,30.2,18.3,0,546.4,2,1,8,5,0.1026,0
SEG-0220,2025-12-17,11.0,836.3,6,0.3769,9594.0,0.052,49.7,7.7,18.0,19.4,0,2510.1,1,2,11,9,0.2959,0
SEG-0221,2025-12-17,15.42,695.4,2,0.3599,10401.0,0.06,51.7,2.0,9.0,17.4,0,4080.5,4,3,16,6,0.3807,1
SEG-0222,2025-12-17,13.09,790.1,2,0.413,2360.0,0.117,55.8,4.1,13.9,16.6,0,3057.5,4,2,5,9,0.3393,1
SEG-0223,2025-12-17,8.5,310.9,1,0.6237,6027.0,0.314,51.9,5.8,15.4,21.7,0,2354.9,2,0,6,4,0.2007,0
SEG-0224,2025-12-17,10.37,331.0,6,0.4674,44088.0,0.256,27.1,18.7,47.1,17.8,0,2439.4,1,2,9,2,0.221,0
SEG-0225,2025-12-17,7.88,525.4,1,0.6093,14799.0,0.102,47.2,10.4,24.9,18.8,0,2253.9,1,0,9,5,0.1825,0
SEG-0226,2025-12-17,11.68,561.4,1,0.3397,24073.0,0.349,42.2,3.2,12.8,18.8,0,2029.2,4,1,15,4,0.3075,1
SEG-0227,2025-12-17,8.15,727.7,2,0.6183,19328.0,0.176,38.8,7.7,20.4,14.9,0,1254.4,2,1,7,4,0.1729,0
SEG-0228,2025-12-17,12.0,974.8,1,0.3037,17652.0,0.22,50.1,6.9,34.5,17.4,0,1569.8,3,1,10,3,0.3352,1
SEG-0229,2025-12-17,15.53,1006.7,2,0.2893,23676.0,0.357,41.6,23.5,52.6,16.5,0,3541.2,4,2,16,6,0.3336,1
SEG-0230,2025-12-17,13.73,705.9,2,0.3526,9353.0,0.02,51.1,7.9,23.0,15.2,0,847.6,2,1,16,7,0.3092,0
SEG-0231,2025-12-17,8.72,701.9,2,0.5229,39032.0,0.086,35.8,27.7,68.1,15.2,0,1006.2,3,0,12,3,0.2595,0
SEG-0232,2025-12-17,15.4,443.8,1,0.2778,40075.0,0.256,41.7,8.5,22.3,20.3,0,4027.5,4,1,13,8,0.4018,1
SEG-0233,2025-12-17,6.03,944.2,1,0.6211,30836.0,0.138,43.8,6.3,15.1,18.4,0,1652.9,2,0,8,2,0.1837,0
SEG-0234,2025-12-17,5.76,578.0,2,0.6731,21508.0,0.26,49.1,3.9,22.3,16.9,0,1515.5,2,0,11,5,0.1726,0
SEG-0235,2025-12-17,4.54,198.7,1,0.757,8348.0,0.119,40.4,6.9,20.6,15.6,0,785.1,0,0,4,0,0.1483,0
SEG-0236,2025-12-17,15.17,714.8,2,0.2102,46791.0,0.068,33.5,6.3,17.0,16.8,0,3386.8,3,3,18,6,0.4509,1
SEG-0237,2025-12-17,9.3,790.1,2,0.5949,16163.0,0.12,45.2,6.8,24.8,20.5,0,2050.2,1,2,4,5,0.1807,1
SEG-0238,2025-12-17,14.14,454.6,2,0.2718,3098.0,0.181,53.4,10.8,30.8,20.1,0,2111.4,2,1,2,4,0.3769,1
SEG-0239,2025-12-17,9.42,922.8,2,0.5104,14073.0,0.108,50.1,0.5,1.6,14.3,0,693.7,3,0,7,3,0.2138,1
SEG-0240,2025-12-17,13.1,913.8,2,0.4282,32705.0,0.07,38.2,9.6,27.3,18.7,0,1978.9,4,3,16,7,0.3145,1
SEG-0241,2025-12-17,14.71,1097.7,1,0.1181,30140.0,0.285,39.3,1.2,4.2,21.6,0,1405.4,2,3,18,10,0.4983,1
SEG-0242,2025-12-17,13.46,1024.7,1,0.3064,35036.0,0.143,38.3,7.3,18.1,19.1,0,2222.9,3,3,12,6,0.3594,1
SEG-0243,2025-12-17,4.43,1030.8,4,0.7627,37839.0,0.186,32.1,8.3,19.8,21.3,0,535.6,0,0,8,2,0.0778,0
SEG-0244,2025-12-17,2.79,576.9,1,0.8767,11626.0,0.035,59.1,1.9,4.9,21.1,1,527.5,0,1,4,0,0.1041,0
SEG-0245,2025-12-17,4.9,1213.0,2,0.7531,42374.0,0.146,31.9,3.4,7.6,20.0,0,552.3,2,0,9,2,0.0717,0
SEG-0246,2025-12-17,5.31,891.3,2,0.7423,19496.0,0.135,44.7,2.8,8.7,20.2,0,542.2,0,0,6,4,0.0979,0
SEG-0247,2025-12-17,10.26,732.4,2,0.4728,32497.0,0.226,40.2,4.1,11.0,16.6,0,2846.5,3,1,13,4,0.319,1
SEG-0248,2025-12-17,11.13,995.1,2,0.3823,1239.0,0.137,54.3,9.9,27.8,23.8,0,1972.0,3,3,5,2,0.2835,0
SEG-0249,2025-12-17,2.66,636.9,4,0.7296,38318.0,0.327,34.6,9.5,27.3,18.2,0,700.7,1,0,3,0,0.1565,0
SEG-0250,2025-12-17,6.36,842.2,4,0.6341,15310.0,0.349,50.3,2.3,9.0,17.7,0,1300.7,2,1,6,6,0.1572,0
